"dataset","target","shift","method","phi_source","sampler","batch","seed","top1_acc","balanced_acc","csmf_acc"
"PHMRC","AP","mild","bfl_mix","LCVA","gibbs_dir","batch1",1001,0.22508038585209,0.253140142318082,0.414569879037365
"PHMRC","AP","mild","bfl_mix","LCVA","gibbs_dir","batch1",1002,0.270096463022508,0.286143543956044,0.445593546737602
"PHMRC","AP","mild","bfl_mix","LCVA","gibbs_dir","batch1",1003,0.32475884244373,0.288784655579479,0.559428944552717
"PHMRC","AP","mild","bfl_mix","LCVA","gibbs_dir","batch1",1004,0.237942122186495,0.261664106502816,0.413424229457208
"PHMRC","AP","mild","bfl_mix","LCVA","gibbs_dir","batch1",1005,0.282958199356913,0.273378103378103,0.542914000792538
"PHMRC","AP","mild","bfl_mix","LCVA","gibbs_dir","batch1",1006,0.260450160771704,0.241749572425124,0.464819617352316
"PHMRC","AP","mild","bfl_mix","LCVA","gibbs_dir","batch1",1007,0.254019292604502,0.272490170592637,0.454746089874107
"PHMRC","AP","mild","bfl_mix","LCVA","gibbs_dir","batch1",1008,0.327974276527331,0.277279158995214,0.575855990679529
"PHMRC","AP","mild","bfl_mix","LCVA","gibbs_dir","batch1",1009,0.302250803858521,0.294035467893091,0.560902873114564
"PHMRC","AP","mild","bfl_mix","LCVA","gibbs_dir","batch1",1010,0.318327974276527,0.239129180985987,0.574293729016993
"PHMRC","AP","mild","bfl_mix","LCVA","gibbs_dir","batch1",1011,0.347266881028939,0.23531684345797,0.552441967020581
"PHMRC","AP","mild","bfl_mix","LCVA","gibbs_dir","batch1",1012,0.154340836012862,0.246219755556519,0.397908942586877
"PHMRC","AP","mild","bfl_mix","LCVA","gibbs_dir","batch1",1013,0.212218649517685,0.260220538324979,0.420112245899572
"PHMRC","AP","mild","bfl_mix","LCVA","gibbs_dir","batch1",1014,0.241157556270096,0.256152001030297,0.478949558734873
"PHMRC","AP","mild","bfl_mix","LCVA","gibbs_dir","batch1",1015,0.205787781350482,0.250472164001576,0.416215201459106
"PHMRC","AP","mild","bfl_mix","LCVA","gibbs_dir","batch1",1016,0.244372990353698,0.298718722775773,0.453483441520697
"PHMRC","AP","mild","bfl_mix","LCVA","gibbs_dir","batch1",1017,0.186495176848875,0.302215826023392,0.421067926627099
"PHMRC","AP","mild","bfl_mix","LCVA","gibbs_dir","batch1",1018,0.2508038585209,0.339201657674564,0.42730856001754
"PHMRC","AP","mild","bfl_mix","LCVA","gibbs_dir","batch1",1019,0.234726688102894,0.281391344931243,0.440034659485503
"PHMRC","AP","mild","bfl_mix","LCVA","gibbs_dir","batch1",1020,0.318327974276527,0.241582291403932,0.539912137586291
"PHMRC","AP","mild","bfl_mix","LCVA","gibbs_dir","batch1",1021,0.273311897106109,0.25012890335471,0.537122687797827
"PHMRC","AP","mild","bfl_mix","LCVA","gibbs_dir","batch1",1022,0.231511254019293,0.281849415204678,0.484283451639956
"PHMRC","AP","mild","bfl_mix","LCVA","gibbs_dir","batch1",1023,0.331189710610932,0.293215386763774,0.476141311238501
"PHMRC","AP","mild","bfl_mix","LCVA","gibbs_dir","batch1",1024,0.42443729903537,0.321110952159339,0.659672385560036
"PHMRC","AP","mild","bfl_mix","LCVA","gibbs_dir","batch1",1025,0.118971061093248,0.209904527495898,0.329799725004929
"PHMRC","AP","mild","bfl_mix","LCVA","gibbs_dir","batch1",1026,0.19935691318328,0.210900594288752,0.42799549768221
"PHMRC","AP","mild","bfl_mix","LCVA","gibbs_dir","batch1",1027,0.254019292604502,0.230942395910427,0.442218671004459
"PHMRC","AP","mild","bfl_mix","LCVA","gibbs_dir","batch1",1028,0.22508038585209,0.31248092671412,0.439559126835771
"PHMRC","AP","mild","bfl_mix","LCVA","gibbs_dir","batch1",1029,0.260450160771704,0.327155668327145,0.445010297162333
"PHMRC","AP","mild","bfl_mix","LCVA","gibbs_dir","batch1",1030,0.279742765273312,0.304597757414369,0.487783796938188
"PHMRC","Bohol","mild","bfl_mix","LCVA","gibbs_dir","batch1",1001,0.23015873015873,0.205686032074921,0.507469139782009
"PHMRC","Bohol","mild","bfl_mix","LCVA","gibbs_dir","batch1",1002,0.158730158730159,0.166482426303855,0.403282966724301
"PHMRC","Bohol","mild","bfl_mix","LCVA","gibbs_dir","batch1",1003,0.25,0.208535781856195,0.420044163761112
"PHMRC","Bohol","mild","bfl_mix","LCVA","gibbs_dir","batch1",1004,0.119047619047619,0.205928853754941,0.293080881657611
"PHMRC","Bohol","mild","bfl_mix","LCVA","gibbs_dir","batch1",1005,0.198412698412698,0.276905393302154,0.403207084947731
"PHMRC","Bohol","mild","bfl_mix","LCVA","gibbs_dir","batch1",1006,0.281746031746032,0.213109372536894,0.521708070492069
"PHMRC","Bohol","mild","bfl_mix","LCVA","gibbs_dir","batch1",1007,0.166666666666667,0.181572871572872,0.474664613229036
"PHMRC","Bohol","mild","bfl_mix","LCVA","gibbs_dir","batch1",1008,0.293650793650794,0.288217096912749,0.583845150456993
"PHMRC","Bohol","mild","bfl_mix","LCVA","gibbs_dir","batch1",1009,0.23015873015873,0.223308783415166,0.47645842816601
"PHMRC","Bohol","mild","bfl_mix","LCVA","gibbs_dir","batch1",1010,0.222222222222222,0.162267839687195,0.402744180996036
"PHMRC","Bohol","mild","bfl_mix","LCVA","gibbs_dir","batch1",1011,0.150793650793651,0.194475986975987,0.352003521532368
"PHMRC","Bohol","mild","bfl_mix","LCVA","gibbs_dir","batch1",1012,0.21031746031746,0.19500239097729,0.561412165111266
"PHMRC","Bohol","mild","bfl_mix","LCVA","gibbs_dir","batch1",1013,0.253968253968254,0.222948846205149,0.451489691553928
"PHMRC","Bohol","mild","bfl_mix","LCVA","gibbs_dir","batch1",1014,0.23015873015873,0.18992673992674,0.412646010372582
"PHMRC","Bohol","mild","bfl_mix","LCVA","gibbs_dir","batch1",1015,0.154761904761905,0.145501861221942,0.429201651904319
"PHMRC","Bohol","mild","bfl_mix","LCVA","gibbs_dir","batch1",1016,0.257936507936508,0.203628762110905,0.522976016545732
"PHMRC","Bohol","mild","bfl_mix","LCVA","gibbs_dir","batch1",1017,0.150793650793651,0.143367003367003,0.405663615371477
"PHMRC","Bohol","mild","bfl_mix","LCVA","gibbs_dir","batch1",1018,0.162698412698413,0.200761853727371,0.386845810793923
"PHMRC","Bohol","mild","bfl_mix","LCVA","gibbs_dir","batch1",1019,0.198412698412698,0.2122931161712,0.413484106398333
"PHMRC","Bohol","mild","bfl_mix","LCVA","gibbs_dir","batch1",1020,0.25,0.193743333960725,0.462650120895034
"PHMRC","Bohol","mild","bfl_mix","LCVA","gibbs_dir","batch1",1021,0.107142857142857,0.194152661064426,0.343035778015604
"PHMRC","Bohol","mild","bfl_mix","LCVA","gibbs_dir","batch1",1022,0.301587301587302,0.178567906452522,0.555061528498664
"PHMRC","Bohol","mild","bfl_mix","LCVA","gibbs_dir","batch1",1023,0.238095238095238,0.205255102040816,0.494751309167261
"PHMRC","Bohol","mild","bfl_mix","LCVA","gibbs_dir","batch1",1024,0.0952380952380952,0.267705627705628,0.259733965892624
"PHMRC","Bohol","mild","bfl_mix","LCVA","gibbs_dir","batch1",1025,0.126984126984127,0.148955627705628,0.36966679240837
"PHMRC","Bohol","mild","bfl_mix","LCVA","gibbs_dir","batch1",1026,0.19047619047619,0.182786031112603,0.374747447166805
"PHMRC","Bohol","mild","bfl_mix","LCVA","gibbs_dir","batch1",1027,0.186507936507937,0.242155858097887,0.442069651819448
"PHMRC","Bohol","mild","bfl_mix","LCVA","gibbs_dir","batch1",1028,0.26984126984127,0.224197521055141,0.537260098599599
"PHMRC","Bohol","mild","bfl_mix","LCVA","gibbs_dir","batch1",1029,0.154761904761905,0.173046996576408,0.344489331480091
"PHMRC","Bohol","mild","bfl_mix","LCVA","gibbs_dir","batch1",1030,0.162698412698413,0.154801535999015,0.367416735053853
"PHMRC","Dar","mild","bfl_mix","LCVA","gibbs_dir","batch1",1001,0.150724637681159,0.202676484338476,0.391435585923599
"PHMRC","Dar","mild","bfl_mix","LCVA","gibbs_dir","batch1",1002,0.139130434782609,0.153406272546898,0.368908541059496
"PHMRC","Dar","mild","bfl_mix","LCVA","gibbs_dir","batch1",1003,0.23768115942029,0.229402034280083,0.406749836085698
"PHMRC","Dar","mild","bfl_mix","LCVA","gibbs_dir","batch1",1004,0.130434782608696,0.228041218041218,0.312370613686869
"PHMRC","Dar","mild","bfl_mix","LCVA","gibbs_dir","batch1",1005,0.150724637681159,0.190121086642826,0.371865103549104
"PHMRC","Dar","mild","bfl_mix","LCVA","gibbs_dir","batch1",1006,0.127536231884058,0.206042913443293,0.313379306368311
"PHMRC","Dar","mild","bfl_mix","LCVA","gibbs_dir","batch1",1007,0.246376811594203,0.190687567640693,0.542948713935755
"PHMRC","Dar","mild","bfl_mix","LCVA","gibbs_dir","batch1",1008,0.171014492753623,0.17176939934377,0.401781138536222
"PHMRC","Dar","mild","bfl_mix","LCVA","gibbs_dir","batch1",1009,0.2,0.227652635755403,0.368000271838687
"PHMRC","Dar","mild","bfl_mix","LCVA","gibbs_dir","batch1",1010,0.115942028985507,0.241579861111111,0.285026816887198
"PHMRC","Dar","mild","bfl_mix","LCVA","gibbs_dir","batch1",1011,0.194202898550725,0.230742357446143,0.438212288887506
"PHMRC","Dar","mild","bfl_mix","LCVA","gibbs_dir","batch1",1012,0.197101449275362,0.222511632048799,0.425087188187414
"PHMRC","Dar","mild","bfl_mix","LCVA","gibbs_dir","batch1",1013,0.0898550724637681,0.19982076585695,0.293849675627748
"PHMRC","Dar","mild","bfl_mix","LCVA","gibbs_dir","batch1",1014,0.197101449275362,0.287140200907949,0.392628849816324
"PHMRC","Dar","mild","bfl_mix","LCVA","gibbs_dir","batch1",1015,0.165217391304348,0.174631771737035,0.388607517950183
"PHMRC","Dar","mild","bfl_mix","LCVA","gibbs_dir","batch1",1016,0.110144927536232,0.1480120371642,0.360833248683895
"PHMRC","Dar","mild","bfl_mix","LCVA","gibbs_dir","batch1",1017,0.231884057971014,0.241072152999131,0.455648627062219
"PHMRC","Dar","mild","bfl_mix","LCVA","gibbs_dir","batch1",1018,0.072463768115942,0.251512376512377,0.285884474423974
"PHMRC","Dar","mild","bfl_mix","LCVA","gibbs_dir","batch1",1019,0.344927536231884,0.301812818513186,0.58050788370033
"PHMRC","Dar","mild","bfl_mix","LCVA","gibbs_dir","batch1",1020,0.278260869565217,0.212998706274568,0.49167162431643
"PHMRC","Dar","mild","bfl_mix","LCVA","gibbs_dir","batch1",1021,0.12463768115942,0.165019367605575,0.315501898559319
"PHMRC","Dar","mild","bfl_mix","LCVA","gibbs_dir","batch1",1022,0.191304347826087,0.25514763014763,0.434791011737457
"PHMRC","Dar","mild","bfl_mix","LCVA","gibbs_dir","batch1",1023,0.211594202898551,0.217377860235003,0.382921687712016
"PHMRC","Dar","mild","bfl_mix","LCVA","gibbs_dir","batch1",1024,0.278260869565217,0.222853535353535,0.515472737075347
"PHMRC","Dar","mild","bfl_mix","LCVA","gibbs_dir","batch1",1025,0.214492753623188,0.229873586295488,0.367630531161961
"PHMRC","Dar","mild","bfl_mix","LCVA","gibbs_dir","batch1",1026,0.211594202898551,0.193819084141665,0.434011721094894
"PHMRC","Dar","mild","bfl_mix","LCVA","gibbs_dir","batch1",1027,0.2,0.304657257427931,0.427352722868986
"PHMRC","Dar","mild","bfl_mix","LCVA","gibbs_dir","batch1",1028,0.23768115942029,0.239290759016854,0.440658925748292
"PHMRC","Dar","mild","bfl_mix","LCVA","gibbs_dir","batch1",1029,0.139130434782609,0.187854275186399,0.344777530543095
"PHMRC","Dar","mild","bfl_mix","LCVA","gibbs_dir","batch1",1030,0.194202898550725,0.260301509267675,0.355592748130783
"PHMRC","Mexico","mild","bfl_mix","LCVA","gibbs_dir","batch1",1001,0.230283911671924,0.225468344029354,0.50786429350434
"PHMRC","Mexico","mild","bfl_mix","LCVA","gibbs_dir","batch1",1002,0.217665615141956,0.214834576781964,0.492116450877885
"PHMRC","Mexico","mild","bfl_mix","LCVA","gibbs_dir","batch1",1003,0.249211356466877,0.287142128058277,0.480972455828502
"PHMRC","Mexico","mild","bfl_mix","LCVA","gibbs_dir","batch1",1004,0.315457413249211,0.246412425416738,0.627348452885552
"PHMRC","Mexico","mild","bfl_mix","LCVA","gibbs_dir","batch1",1005,0.195583596214511,0.251195601707658,0.491703057340663
"PHMRC","Mexico","mild","bfl_mix","LCVA","gibbs_dir","batch1",1006,0.167192429022082,0.268965230172127,0.40478090031889
"PHMRC","Mexico","mild","bfl_mix","LCVA","gibbs_dir","batch1",1007,0.186119873817035,0.245351683678422,0.480572308182942
"PHMRC","Mexico","mild","bfl_mix","LCVA","gibbs_dir","batch1",1008,0.375394321766562,0.241552197802198,0.671534373110523
"PHMRC","Mexico","mild","bfl_mix","LCVA","gibbs_dir","batch1",1009,0.20820189274448,0.286872056514914,0.421527665573882
"PHMRC","Mexico","mild","bfl_mix","LCVA","gibbs_dir","batch1",1010,0.233438485804416,0.22328421828047,0.50696076474321
"PHMRC","Mexico","mild","bfl_mix","LCVA","gibbs_dir","batch1",1011,0.249211356466877,0.248444079118742,0.55957226135301
"PHMRC","Mexico","mild","bfl_mix","LCVA","gibbs_dir","batch1",1012,0.350157728706625,0.281966949272441,0.615932904149935
"PHMRC","Mexico","mild","bfl_mix","LCVA","gibbs_dir","batch1",1013,0.151419558359621,0.192470512926064,0.443222863155281
"PHMRC","Mexico","mild","bfl_mix","LCVA","gibbs_dir","batch1",1014,0.192429022082019,0.233498086910065,0.510304993809232
"PHMRC","Mexico","mild","bfl_mix","LCVA","gibbs_dir","batch1",1015,0.26813880126183,0.29766081871345,0.578189785159811
"PHMRC","Mexico","mild","bfl_mix","LCVA","gibbs_dir","batch1",1016,0.312302839116719,0.260830602067015,0.623674053493982
"PHMRC","Mexico","mild","bfl_mix","LCVA","gibbs_dir","batch1",1017,0.170347003154574,0.189496766552182,0.437496113748259
"PHMRC","Mexico","mild","bfl_mix","LCVA","gibbs_dir","batch1",1018,0.157728706624606,0.235781752617452,0.439468515694182
"PHMRC","Mexico","mild","bfl_mix","LCVA","gibbs_dir","batch1",1019,0.331230283911672,0.240098837943666,0.634208218589117
"PHMRC","Mexico","mild","bfl_mix","LCVA","gibbs_dir","batch1",1020,0.287066246056782,0.279665420946934,0.539152362546814
"PHMRC","Mexico","mild","bfl_mix","LCVA","gibbs_dir","batch1",1021,0.20820189274448,0.284484509388724,0.440300506880501
"PHMRC","Mexico","mild","bfl_mix","LCVA","gibbs_dir","batch1",1022,0.227129337539432,0.27704024370691,0.558551398814668
"PHMRC","Mexico","mild","bfl_mix","LCVA","gibbs_dir","batch1",1023,0.151419558359621,0.217700545564761,0.373931035913326
"PHMRC","Mexico","mild","bfl_mix","LCVA","gibbs_dir","batch1",1024,0.198738170347003,0.324635457384784,0.4628512083435
"PHMRC","Mexico","mild","bfl_mix","LCVA","gibbs_dir","batch1",1025,0.217665615141956,0.271310602759077,0.429881131308799
"PHMRC","Mexico","mild","bfl_mix","LCVA","gibbs_dir","batch1",1026,0.271293375394322,0.236891656429472,0.589828056583462
"PHMRC","Mexico","mild","bfl_mix","LCVA","gibbs_dir","batch1",1027,0.261829652996845,0.210116203381923,0.525791135113454
"PHMRC","Mexico","mild","bfl_mix","LCVA","gibbs_dir","batch1",1028,0.189274447949527,0.207573487386831,0.478205561291278
"PHMRC","Mexico","mild","bfl_mix","LCVA","gibbs_dir","batch1",1029,0.230283911671924,0.2941360803819,0.461414993412812
"PHMRC","Mexico","mild","bfl_mix","LCVA","gibbs_dir","batch1",1030,0.261829652996845,0.293211910284017,0.547479895199016
"PHMRC","Pemba","mild","bfl_mix","LCVA","gibbs_dir","batch1",1001,0.491525423728814,0.453174603174603,0.519672668481191
"PHMRC","Pemba","mild","bfl_mix","LCVA","gibbs_dir","batch1",1002,0.322033898305085,0.386446886446886,0.558301557303317
"PHMRC","Pemba","mild","bfl_mix","LCVA","gibbs_dir","batch1",1003,0.322033898305085,0.264785214785215,0.407627742368938
"PHMRC","Pemba","mild","bfl_mix","LCVA","gibbs_dir","batch1",1004,0.389830508474576,0.605555555555556,0.409557868750532
"PHMRC","Pemba","mild","bfl_mix","LCVA","gibbs_dir","batch1",1005,0.372881355932203,0.365967365967366,0.473398148637132
"PHMRC","Pemba","mild","bfl_mix","LCVA","gibbs_dir","batch1",1006,0.457627118644068,0.4671875,0.588345125317937
"PHMRC","Pemba","mild","bfl_mix","LCVA","gibbs_dir","batch1",1007,0.372881355932203,0.349206349206349,0.485732203407228
"PHMRC","Pemba","mild","bfl_mix","LCVA","gibbs_dir","batch1",1008,0.322033898305085,0.714285714285714,0.321426028523674
"PHMRC","Pemba","mild","bfl_mix","LCVA","gibbs_dir","batch1",1009,0.423728813559322,0.454342532467532,0.600306125864253
"PHMRC","Pemba","mild","bfl_mix","LCVA","gibbs_dir","batch1",1010,0.389830508474576,0.384157509157509,0.492726567603214
"PHMRC","Pemba","mild","bfl_mix","LCVA","gibbs_dir","batch1",1011,0.169491525423729,0.3,0.392203544039688
"PHMRC","Pemba","mild","bfl_mix","LCVA","gibbs_dir","batch1",1012,0.457627118644068,0.390966051492367,0.473008379146282
"PHMRC","Pemba","mild","bfl_mix","LCVA","gibbs_dir","batch1",1013,0.305084745762712,0.363461538461538,0.549242414686781
"PHMRC","Pemba","mild","bfl_mix","LCVA","gibbs_dir","batch1",1014,0.322033898305085,0.417159763313609,0.524478528837237
"PHMRC","Pemba","mild","bfl_mix","LCVA","gibbs_dir","batch1",1015,0.338983050847458,0.578703703703704,0.460446639739357
"PHMRC","Pemba","mild","bfl_mix","LCVA","gibbs_dir","batch1",1016,0.457627118644068,0.603896103896104,0.524202531637996
"PHMRC","Pemba","mild","bfl_mix","LCVA","gibbs_dir","batch1",1017,0.254237288135593,0.357142857142857,0.485916349435375
"PHMRC","Pemba","mild","bfl_mix","LCVA","gibbs_dir","batch1",1018,0.101694915254237,0.358333333333333,0.292044562312242
"PHMRC","Pemba","mild","bfl_mix","LCVA","gibbs_dir","batch1",1019,0.338983050847458,0.38452380952381,0.483995390493671
"PHMRC","Pemba","mild","bfl_mix","LCVA","gibbs_dir","batch1",1020,0.186440677966102,0.472222222222222,0.322301369723292
"PHMRC","Pemba","mild","bfl_mix","LCVA","gibbs_dir","batch1",1021,0.338983050847458,0.457792207792208,0.463589122436621
"PHMRC","Pemba","mild","bfl_mix","LCVA","gibbs_dir","batch1",1022,0.322033898305085,0.421130952380952,0.510828384824249
"PHMRC","Pemba","mild","bfl_mix","LCVA","gibbs_dir","batch1",1023,0.389830508474576,0.474188311688312,0.507863956979148
"PHMRC","Pemba","mild","bfl_mix","LCVA","gibbs_dir","batch1",1024,0.23728813559322,0.416666666666667,0.385000553203482
"PHMRC","Pemba","mild","bfl_mix","LCVA","gibbs_dir","batch1",1025,0.474576271186441,0.358585858585859,0.48156824866532
"PHMRC","Pemba","mild","bfl_mix","LCVA","gibbs_dir","batch1",1026,0.423728813559322,0.431818181818182,0.534806422986933
"PHMRC","Pemba","mild","bfl_mix","LCVA","gibbs_dir","batch1",1027,0.288135593220339,0.425,0.442814575990063
"PHMRC","Pemba","mild","bfl_mix","LCVA","gibbs_dir","batch1",1028,0.440677966101695,0.473333333333333,0.523838301715031
"PHMRC","Pemba","mild","bfl_mix","LCVA","gibbs_dir","batch1",1029,0.372881355932203,0.395,0.377033076014583
"PHMRC","Pemba","mild","bfl_mix","LCVA","gibbs_dir","batch1",1030,0.23728813559322,0.255555555555556,0.477461933906153
"PHMRC","UP","mild","bfl_mix","LCVA","gibbs_dir","batch1",1001,0.309859154929577,0.378632406139713,0.55905124165047
"PHMRC","UP","mild","bfl_mix","LCVA","gibbs_dir","batch1",1003,0.211267605633803,0.294004144004144,0.417042359713275
"PHMRC","UP","mild","bfl_mix","LCVA","gibbs_dir","batch1",1004,0.193661971830986,0.304094778007821,0.391785093963751
"PHMRC","UP","mild","bfl_mix","LCVA","gibbs_dir","batch1",1005,0.359154929577465,0.37717845453779,0.52529444005312
"PHMRC","UP","mild","bfl_mix","LCVA","gibbs_dir","batch1",1006,0.376760563380282,0.358944911712607,0.628301778115478
"PHMRC","UP","mild","bfl_mix","LCVA","gibbs_dir","batch1",1007,0.447183098591549,0.354788832092419,0.724496570824721
"PHMRC","UP","mild","bfl_mix","LCVA","gibbs_dir","batch1",1008,0.345070422535211,0.294341757022112,0.562577261895303
"PHMRC","UP","mild","bfl_mix","LCVA","gibbs_dir","batch1",1009,0.394366197183099,0.327346639013867,0.542680929267211
"PHMRC","UP","mild","bfl_mix","LCVA","gibbs_dir","batch1",1010,0.214788732394366,0.268228291052178,0.417968934209923
"PHMRC","UP","mild","bfl_mix","LCVA","gibbs_dir","batch1",1011,0.313380281690141,0.410179295049337,0.461414094232909
"PHMRC","UP","mild","bfl_mix","LCVA","gibbs_dir","batch1",1012,0.23943661971831,0.350027390981338,0.470574040734433
"PHMRC","UP","mild","bfl_mix","LCVA","gibbs_dir","batch1",1013,0.221830985915493,0.394428007889546,0.393406985537529
"PHMRC","UP","mild","bfl_mix","LCVA","gibbs_dir","batch1",1014,0.23943661971831,0.255812269152982,0.479129342292702
"PHMRC","UP","mild","bfl_mix","LCVA","gibbs_dir","batch1",1015,0.390845070422535,0.43049416285776,0.579654606477455
"PHMRC","UP","mild","bfl_mix","LCVA","gibbs_dir","batch1",1016,0.338028169014085,0.40669208046309,0.542908090454491
"PHMRC","UP","mild","bfl_mix","LCVA","gibbs_dir","batch1",1017,0.355633802816901,0.38278916154856,0.546336041955185
"PHMRC","UP","mild","bfl_mix","LCVA","gibbs_dir","batch1",1018,0.313380281690141,0.314632770833681,0.508464942827807
"PHMRC","UP","mild","bfl_mix","LCVA","gibbs_dir","batch1",1019,0.257042253521127,0.321344771393504,0.5049882424773
"PHMRC","UP","mild","bfl_mix","LCVA","gibbs_dir","batch1",1020,0.22887323943662,0.370661665920287,0.401359347257084
"PHMRC","UP","mild","bfl_mix","LCVA","gibbs_dir","batch1",1021,0.383802816901408,0.363706153618434,0.526303677223325
"PHMRC","UP","mild","bfl_mix","LCVA","gibbs_dir","batch1",1022,0.380281690140845,0.404639457232168,0.580108203592323
"PHMRC","UP","mild","bfl_mix","LCVA","gibbs_dir","batch1",1023,0.22887323943662,0.322752324835658,0.410130319597317
"PHMRC","UP","mild","bfl_mix","LCVA","gibbs_dir","batch1",1024,0.366197183098592,0.350448139025725,0.576149652652794
"PHMRC","UP","mild","bfl_mix","LCVA","gibbs_dir","batch1",1025,0.235915492957746,0.386721478714943,0.421194989840392
"PHMRC","UP","mild","bfl_mix","LCVA","gibbs_dir","batch1",1026,0.274647887323944,0.361631772166889,0.530018017680616
"PHMRC","UP","mild","bfl_mix","LCVA","gibbs_dir","batch1",1027,0.292253521126761,0.376108175723993,0.505678303345719
"PHMRC","UP","mild","bfl_mix","LCVA","gibbs_dir","batch1",1028,0.338028169014085,0.357923736273409,0.518184316522893
"PHMRC","UP","mild","bfl_mix","LCVA","gibbs_dir","batch1",1029,0.46830985915493,0.408629982543395,0.713770895087311
"PHMRC","UP","mild","bfl_mix","LCVA","gibbs_dir","batch1",1030,0.288732394366197,0.430514141691312,0.461644520308584
"PHMRC","AP","mild","bfl_partial","LCVA","gibbs_dir","batch1",1001,0.237942122186495,0.230608697565404,0.458599929601823
"PHMRC","AP","mild","bfl_partial","LCVA","gibbs_dir","batch1",1002,0.221864951768489,0.2317253470214,0.456256139644151
"PHMRC","AP","mild","bfl_partial","LCVA","gibbs_dir","batch1",1003,0.270096463022508,0.235413533407275,0.47283859617059
"PHMRC","AP","mild","bfl_partial","LCVA","gibbs_dir","batch1",1004,0.241157556270096,0.243211800849372,0.419195343708775
"PHMRC","AP","mild","bfl_partial","LCVA","gibbs_dir","batch1",1005,0.254019292604502,0.213240077153121,0.523166706887661
"PHMRC","AP","mild","bfl_partial","LCVA","gibbs_dir","batch1",1007,0.279742765273312,0.29485793214446,0.499425578148878
"PHMRC","AP","mild","bfl_partial","LCVA","gibbs_dir","batch1",1008,0.237942122186495,0.241555532590015,0.499017907209121
"PHMRC","AP","mild","bfl_partial","LCVA","gibbs_dir","batch1",1009,0.234726688102894,0.259580719158443,0.484535429072651
"PHMRC","AP","mild","bfl_partial","LCVA","gibbs_dir","batch1",1010,0.221864951768489,0.140913138352163,0.607205309907591
"PHMRC","AP","mild","bfl_partial","LCVA","gibbs_dir","batch1",1011,0.237942122186495,0.170028008871381,0.492217010545921
"PHMRC","AP","mild","bfl_partial","LCVA","gibbs_dir","batch1",1012,0.141479099678457,0.235321891370278,0.374458149275954
"PHMRC","AP","mild","bfl_partial","LCVA","gibbs_dir","batch1",1013,0.15112540192926,0.212343006956494,0.351966725818821
"PHMRC","AP","mild","bfl_partial","LCVA","gibbs_dir","batch1",1014,0.257234726688103,0.245245251794264,0.588886715998464
"PHMRC","AP","mild","bfl_partial","LCVA","gibbs_dir","batch1",1015,0.163987138263666,0.18541741482918,0.362453136808267
"PHMRC","AP","mild","bfl_partial","LCVA","gibbs_dir","batch1",1016,0.257234726688103,0.209185695656237,0.520075410024055
"PHMRC","AP","mild","bfl_partial","LCVA","gibbs_dir","batch1",1017,0.112540192926045,0.220915570175439,0.321002482838476
"PHMRC","AP","mild","bfl_partial","LCVA","gibbs_dir","batch1",1018,0.315112540192926,0.220494317824976,0.518289054867942
"PHMRC","AP","mild","bfl_partial","LCVA","gibbs_dir","batch1",1019,0.144694533762058,0.166535841068948,0.37805762859359
"PHMRC","AP","mild","bfl_partial","LCVA","gibbs_dir","batch1",1020,0.234726688102894,0.163788452094299,0.42684095633089
"PHMRC","AP","mild","bfl_partial","LCVA","gibbs_dir","batch1",1021,0.247588424437299,0.246059675091933,0.491940028965258
"PHMRC","AP","mild","bfl_partial","LCVA","gibbs_dir","batch1",1022,0.257234726688103,0.204073957775368,0.506888123193814
"PHMRC","AP","mild","bfl_partial","LCVA","gibbs_dir","batch1",1023,0.372990353697749,0.260432712448841,0.517939307384022
"PHMRC","AP","mild","bfl_partial","LCVA","gibbs_dir","batch1",1024,0.35048231511254,0.243217729911278,0.537601869708772
"PHMRC","AP","mild","bfl_partial","LCVA","gibbs_dir","batch1",1025,0.141479099678457,0.213148850938225,0.379858980599905
"PHMRC","AP","mild","bfl_partial","LCVA","gibbs_dir","batch1",1026,0.19935691318328,0.233484160211134,0.438528358597861
"PHMRC","AP","mild","bfl_partial","LCVA","gibbs_dir","batch1",1027,0.234726688102894,0.173743776155328,0.448346335201555
"PHMRC","AP","mild","bfl_partial","LCVA","gibbs_dir","batch1",1028,0.215434083601286,0.271238587055678,0.41235225412405
"PHMRC","AP","mild","bfl_partial","LCVA","gibbs_dir","batch1",1029,0.260450160771704,0.239198492509189,0.472001405208921
"PHMRC","AP","mild","bfl_partial","LCVA","gibbs_dir","batch1",1030,0.221864951768489,0.244612381798606,0.460513271631038
"PHMRC","Bohol","mild","bfl_partial","LCVA","gibbs_dir","batch1",1001,0.253968253968254,0.235930269293702,0.625850765646641
"PHMRC","Bohol","mild","bfl_partial","LCVA","gibbs_dir","batch1",1002,0.19047619047619,0.207495590828924,0.566262802102391
"PHMRC","Bohol","mild","bfl_partial","LCVA","gibbs_dir","batch1",1003,0.297619047619048,0.245248080780281,0.520429032258641
"PHMRC","Bohol","mild","bfl_partial","LCVA","gibbs_dir","batch1",1004,0.119047619047619,0.168349206349206,0.435182466223183
"PHMRC","Bohol","mild","bfl_partial","LCVA","gibbs_dir","batch1",1005,0.222222222222222,0.244001831501831,0.482125500580834
"PHMRC","Bohol","mild","bfl_partial","LCVA","gibbs_dir","batch1",1006,0.333333333333333,0.282098416289593,0.627931294821607
"PHMRC","Bohol","mild","bfl_partial","LCVA","gibbs_dir","batch1",1007,0.202380952380952,0.200177596427596,0.505911828553933
"PHMRC","Bohol","mild","bfl_partial","LCVA","gibbs_dir","batch1",1008,0.238095238095238,0.255771783771784,0.605300807001644
"PHMRC","Bohol","mild","bfl_partial","LCVA","gibbs_dir","batch1",1009,0.154761904761905,0.258766233766234,0.452959050080248
"PHMRC","Bohol","mild","bfl_partial","LCVA","gibbs_dir","batch1",1010,0.226190476190476,0.212568077084206,0.511486515474395
"PHMRC","Bohol","mild","bfl_partial","LCVA","gibbs_dir","batch1",1011,0.202380952380952,0.20717032967033,0.495980715774775
"PHMRC","Bohol","mild","bfl_partial","LCVA","gibbs_dir","batch1",1012,0.226190476190476,0.20074611690991,0.558730703031938
"PHMRC","Bohol","mild","bfl_partial","LCVA","gibbs_dir","batch1",1013,0.253968253968254,0.207704810319189,0.518056243554782
"PHMRC","Bohol","mild","bfl_partial","LCVA","gibbs_dir","batch1",1014,0.206349206349206,0.214909781576448,0.531305078148048
"PHMRC","Bohol","mild","bfl_partial","LCVA","gibbs_dir","batch1",1015,0.218253968253968,0.194552336288365,0.577517397209879
"PHMRC","Bohol","mild","bfl_partial","LCVA","gibbs_dir","batch1",1016,0.30952380952381,0.230350056689342,0.620609373533846
"PHMRC","Bohol","mild","bfl_partial","LCVA","gibbs_dir","batch1",1017,0.242063492063492,0.230824445280967,0.572843454404965
"PHMRC","Bohol","mild","bfl_partial","LCVA","gibbs_dir","batch1",1018,0.285714285714286,0.271752997959894,0.556568465543644
"PHMRC","Bohol","mild","bfl_partial","LCVA","gibbs_dir","batch1",1019,0.206349206349206,0.204987801572242,0.488897613005091
"PHMRC","Bohol","mild","bfl_partial","LCVA","gibbs_dir","batch1",1020,0.313492063492063,0.233737889095032,0.586439944344373
"PHMRC","Bohol","mild","bfl_partial","LCVA","gibbs_dir","batch1",1021,0.134920634920635,0.238690476190476,0.474247798830957
"PHMRC","Bohol","mild","bfl_partial","LCVA","gibbs_dir","batch1",1022,0.273809523809524,0.192211169867699,0.609031059179958
"PHMRC","Bohol","mild","bfl_partial","LCVA","gibbs_dir","batch1",1023,0.257936507936508,0.267828974971832,0.634383344337724
"PHMRC","Bohol","mild","bfl_partial","LCVA","gibbs_dir","batch1",1024,0.134920634920635,0.21011544011544,0.386777892847993
"PHMRC","Bohol","mild","bfl_partial","LCVA","gibbs_dir","batch1",1025,0.19047619047619,0.167759491466388,0.54435589428522
"PHMRC","Bohol","mild","bfl_partial","LCVA","gibbs_dir","batch1",1026,0.198412698412698,0.201577971836593,0.503434936614459
"PHMRC","Bohol","mild","bfl_partial","LCVA","gibbs_dir","batch1",1027,0.19047619047619,0.190771756978654,0.49318917779374
"PHMRC","Bohol","mild","bfl_partial","LCVA","gibbs_dir","batch1",1028,0.257936507936508,0.241611932129174,0.630597279636966
"PHMRC","Bohol","mild","bfl_partial","LCVA","gibbs_dir","batch1",1029,0.234126984126984,0.238994071556561,0.493301192312823
"PHMRC","Bohol","mild","bfl_partial","LCVA","gibbs_dir","batch1",1030,0.119047619047619,0.153173645526587,0.456188400913981
"PHMRC","Dar","mild","bfl_partial","LCVA","gibbs_dir","batch1",1001,0.139130434782609,0.173058706526448,0.431436703212993
"PHMRC","Dar","mild","bfl_partial","LCVA","gibbs_dir","batch1",1002,0.12463768115942,0.184469696969697,0.452786300749376
"PHMRC","Dar","mild","bfl_partial","LCVA","gibbs_dir","batch1",1003,0.211594202898551,0.222824448483678,0.437377340997403
"PHMRC","Dar","mild","bfl_partial","LCVA","gibbs_dir","batch1",1004,0.121739130434783,0.161247947454844,0.45460067178261
"PHMRC","Dar","mild","bfl_partial","LCVA","gibbs_dir","batch1",1005,0.159420289855072,0.17146809496664,0.444434509288113
"PHMRC","Dar","mild","bfl_partial","LCVA","gibbs_dir","batch1",1006,0.223188405797101,0.176098806594163,0.55202510905537
"PHMRC","Dar","mild","bfl_partial","LCVA","gibbs_dir","batch1",1007,0.281159420289855,0.151087948509824,0.667042511853168
"PHMRC","Dar","mild","bfl_partial","LCVA","gibbs_dir","batch1",1008,0.150724637681159,0.13957649792101,0.45692464803323
"PHMRC","Dar","mild","bfl_partial","LCVA","gibbs_dir","batch1",1009,0.220289855072464,0.162509262805705,0.447593061614323
"PHMRC","Dar","mild","bfl_partial","LCVA","gibbs_dir","batch1",1010,0.11304347826087,0.161091696293902,0.409802147053063
"PHMRC","Dar","mild","bfl_partial","LCVA","gibbs_dir","batch1",1011,0.101449275362319,0.195647593734206,0.355278297128559
"PHMRC","Dar","mild","bfl_partial","LCVA","gibbs_dir","batch1",1012,0.144927536231884,0.155191798941799,0.351512403621321
"PHMRC","Dar","mild","bfl_partial","LCVA","gibbs_dir","batch1",1013,0.101449275362319,0.15449631691408,0.360020660486601
"PHMRC","Dar","mild","bfl_partial","LCVA","gibbs_dir","batch1",1014,0.144927536231884,0.191666666666667,0.414450172602399
"PHMRC","Dar","mild","bfl_partial","LCVA","gibbs_dir","batch1",1015,0.147826086956522,0.174501993104934,0.409666366522928
"PHMRC","Dar","mild","bfl_partial","LCVA","gibbs_dir","batch1",1016,0.139130434782609,0.141219868840837,0.412335484486613
"PHMRC","Dar","mild","bfl_partial","LCVA","gibbs_dir","batch1",1017,0.226086956521739,0.184588744588745,0.495560053162201
"PHMRC","Dar","mild","bfl_partial","LCVA","gibbs_dir","batch1",1018,0.115942028985507,0.16387885581434,0.357575160338534
"PHMRC","Dar","mild","bfl_partial","LCVA","gibbs_dir","batch1",1019,0.272463768115942,0.164200557275206,0.603331776962436
"PHMRC","Dar","mild","bfl_partial","LCVA","gibbs_dir","batch1",1020,0.188405797101449,0.159845099146174,0.500325580357614
"PHMRC","Dar","mild","bfl_partial","LCVA","gibbs_dir","batch1",1021,0.101449275362319,0.178213548903204,0.355367078898018
"PHMRC","Dar","mild","bfl_partial","LCVA","gibbs_dir","batch1",1022,0.144927536231884,0.155895374572174,0.413257242022944
"PHMRC","Dar","mild","bfl_partial","LCVA","gibbs_dir","batch1",1023,0.234782608695652,0.184027094672875,0.393086979061122
"PHMRC","Dar","mild","bfl_partial","LCVA","gibbs_dir","batch1",1024,0.228985507246377,0.140938552188552,0.587593709486134
"PHMRC","Dar","mild","bfl_partial","LCVA","gibbs_dir","batch1",1025,0.171014492753623,0.169733901583015,0.386032385143394
"PHMRC","Dar","mild","bfl_partial","LCVA","gibbs_dir","batch1",1026,0.173913043478261,0.143823364135864,0.451417857720784
"PHMRC","Dar","mild","bfl_partial","LCVA","gibbs_dir","batch1",1027,0.159420289855072,0.177957559681698,0.431442451899824
"PHMRC","Dar","mild","bfl_partial","LCVA","gibbs_dir","batch1",1028,0.197101449275362,0.204005561168749,0.429445706263434
"PHMRC","Dar","mild","bfl_partial","LCVA","gibbs_dir","batch1",1029,0.168115942028985,0.161501231917637,0.540383248299425
"PHMRC","Dar","mild","bfl_partial","LCVA","gibbs_dir","batch1",1030,0.16231884057971,0.198336959615155,0.414218821364992
"PHMRC","Mexico","mild","bfl_partial","LCVA","gibbs_dir","batch1",1001,0.192429022082019,0.186807687030127,0.507881255801135
"PHMRC","Mexico","mild","bfl_partial","LCVA","gibbs_dir","batch1",1002,0.211356466876972,0.22475293015757,0.540087700182227
"PHMRC","Mexico","mild","bfl_partial","LCVA","gibbs_dir","batch1",1003,0.230283911671924,0.220462631312787,0.566512452224352
"PHMRC","Mexico","mild","bfl_partial","LCVA","gibbs_dir","batch1",1004,0.236593059936909,0.204915113425605,0.596423257659597
"PHMRC","Mexico","mild","bfl_partial","LCVA","gibbs_dir","batch1",1005,0.195583596214511,0.234924591846308,0.521934230643107
"PHMRC","Mexico","mild","bfl_partial","LCVA","gibbs_dir","batch1",1006,0.195583596214511,0.193966952587642,0.468100241010824
"PHMRC","Mexico","mild","bfl_partial","LCVA","gibbs_dir","batch1",1007,0.113564668769716,0.146702585865147,0.538078156075213
"PHMRC","Mexico","mild","bfl_partial","LCVA","gibbs_dir","batch1",1008,0.28391167192429,0.227847619127449,0.68082490863619
"PHMRC","Mexico","mild","bfl_partial","LCVA","gibbs_dir","batch1",1009,0.182965299684543,0.215094114568904,0.483373115112497
"PHMRC","Mexico","mild","bfl_partial","LCVA","gibbs_dir","batch1",1010,0.205047318611987,0.189992909389461,0.492166627312537
"PHMRC","Mexico","mild","bfl_partial","LCVA","gibbs_dir","batch1",1011,0.189274447949527,0.223098770756192,0.585757288812458
"PHMRC","Mexico","mild","bfl_partial","LCVA","gibbs_dir","batch1",1012,0.195583596214511,0.200286288966373,0.536575210611676
"PHMRC","Mexico","mild","bfl_partial","LCVA","gibbs_dir","batch1",1013,0.17981072555205,0.236668290182602,0.500201909178014
"PHMRC","Mexico","mild","bfl_partial","LCVA","gibbs_dir","batch1",1014,0.141955835962145,0.193901732171723,0.456285516885271
"PHMRC","Mexico","mild","bfl_partial","LCVA","gibbs_dir","batch1",1015,0.182965299684543,0.164918414918415,0.520355744338814
"PHMRC","Mexico","mild","bfl_partial","LCVA","gibbs_dir","batch1",1016,0.242902208201893,0.246991524860188,0.54365461376277
"PHMRC","Mexico","mild","bfl_partial","LCVA","gibbs_dir","batch1",1017,0.182965299684543,0.163117057025186,0.5155685542916
"PHMRC","Mexico","mild","bfl_partial","LCVA","gibbs_dir","batch1",1018,0.132492113564669,0.199118711588947,0.409265604767264
"PHMRC","Mexico","mild","bfl_partial","LCVA","gibbs_dir","batch1",1019,0.227129337539432,0.181852869352869,0.590922978246091
"PHMRC","Mexico","mild","bfl_partial","LCVA","gibbs_dir","batch1",1020,0.205047318611987,0.163071884120021,0.60820448853687
"PHMRC","Mexico","mild","bfl_partial","LCVA","gibbs_dir","batch1",1021,0.173501577287066,0.144977483127526,0.466863238441115
"PHMRC","Mexico","mild","bfl_partial","LCVA","gibbs_dir","batch1",1022,0.157728706624606,0.165414414924219,0.517019661100163
"PHMRC","Mexico","mild","bfl_partial","LCVA","gibbs_dir","batch1",1023,0.296529968454259,0.258402959807776,0.534120557062808
"PHMRC","Mexico","mild","bfl_partial","LCVA","gibbs_dir","batch1",1024,0.145110410094637,0.195859745413317,0.478676121167974
"PHMRC","Mexico","mild","bfl_partial","LCVA","gibbs_dir","batch1",1025,0.205047318611987,0.201827793134184,0.446160346061525
"PHMRC","Mexico","mild","bfl_partial","LCVA","gibbs_dir","batch1",1026,0.249211356466877,0.195809392567602,0.632987704177201
"PHMRC","Mexico","mild","bfl_partial","LCVA","gibbs_dir","batch1",1027,0.26813880126183,0.233626496334407,0.587745315253494
"PHMRC","Mexico","mild","bfl_partial","LCVA","gibbs_dir","batch1",1028,0.170347003154574,0.168138366657309,0.541128334231701
"PHMRC","Mexico","mild","bfl_partial","LCVA","gibbs_dir","batch1",1029,0.167192429022082,0.213976509320639,0.455029897447394
"PHMRC","Mexico","mild","bfl_partial","LCVA","gibbs_dir","batch1",1030,0.211356466876972,0.234272669776679,0.532214826771845
"PHMRC","Pemba","mild","bfl_partial","LCVA","gibbs_dir","batch1",1001,0.423728813559322,0.460193652501345,0.483017797063676
"PHMRC","Pemba","mild","bfl_partial","LCVA","gibbs_dir","batch1",1002,0.271186440677966,0.384615384615385,0.475602753121685
"PHMRC","Pemba","mild","bfl_partial","LCVA","gibbs_dir","batch1",1003,0.355932203389831,0.435185185185185,0.455953042006757
"PHMRC","Pemba","mild","bfl_partial","LCVA","gibbs_dir","batch1",1004,0.474576271186441,0.575,0.472782488705189
"PHMRC","Pemba","mild","bfl_partial","LCVA","gibbs_dir","batch1",1005,0.338983050847458,0.322485207100592,0.472160731383162
"PHMRC","Pemba","mild","bfl_partial","LCVA","gibbs_dir","batch1",1006,0.440677966101695,0.465,0.567438704714599
"PHMRC","Pemba","mild","bfl_partial","LCVA","gibbs_dir","batch1",1007,0.271186440677966,0.307692307692308,0.490160267655495
"PHMRC","Pemba","mild","bfl_partial","LCVA","gibbs_dir","batch1",1008,0.338983050847458,0.518518518518518,0.414895778430533
"PHMRC","Pemba","mild","bfl_partial","LCVA","gibbs_dir","batch1",1009,0.355932203389831,0.406351461038961,0.524043039085786
"PHMRC","Pemba","mild","bfl_partial","LCVA","gibbs_dir","batch1",1010,0.355932203389831,0.356060606060606,0.44522645825765
"PHMRC","Pemba","mild","bfl_partial","LCVA","gibbs_dir","batch1",1011,0.203389830508475,0.290674603174603,0.452956502897735
"PHMRC","Pemba","mild","bfl_partial","LCVA","gibbs_dir","batch1",1012,0.406779661016949,0.379385964912281,0.44677275881549
"PHMRC","Pemba","mild","bfl_partial","LCVA","gibbs_dir","batch1",1013,0.23728813559322,0.256944444444444,0.57133168673477
"PHMRC","Pemba","mild","bfl_partial","LCVA","gibbs_dir","batch1",1014,0.288135593220339,0.375,0.536673470329303
"PHMRC","Pemba","mild","bfl_partial","LCVA","gibbs_dir","batch1",1015,0.254237288135593,0.461428571428571,0.412852273768053
"PHMRC","Pemba","mild","bfl_partial","LCVA","gibbs_dir","batch1",1016,0.423728813559322,0.503968253968254,0.549431009721771
"PHMRC","Pemba","mild","bfl_partial","LCVA","gibbs_dir","batch1",1017,0.220338983050847,0.383333333333333,0.487035790165051
"PHMRC","Pemba","mild","bfl_partial","LCVA","gibbs_dir","batch1",1018,0.169491525423729,0.327777777777778,0.443076810345541
"PHMRC","Pemba","mild","bfl_partial","LCVA","gibbs_dir","batch1",1019,0.389830508474576,0.4375,0.464416290379487
"PHMRC","Pemba","mild","bfl_partial","LCVA","gibbs_dir","batch1",1020,0.203389830508475,0.435897435897436,0.369666786253192
"PHMRC","Pemba","mild","bfl_partial","LCVA","gibbs_dir","batch1",1021,0.355932203389831,0.521825396825397,0.488876963939543
"PHMRC","Pemba","mild","bfl_partial","LCVA","gibbs_dir","batch1",1022,0.338983050847458,0.504464285714286,0.515369375119827
"PHMRC","Pemba","mild","bfl_partial","LCVA","gibbs_dir","batch1",1023,0.288135593220339,0.413961038961039,0.421264718260102
"PHMRC","Pemba","mild","bfl_partial","LCVA","gibbs_dir","batch1",1024,0.254237288135593,0.505555555555556,0.429650161397672
"PHMRC","Pemba","mild","bfl_partial","LCVA","gibbs_dir","batch1",1025,0.542372881355932,0.467171717171717,0.5771954690439
"PHMRC","Pemba","mild","bfl_partial","LCVA","gibbs_dir","batch1",1026,0.406779661016949,0.433333333333333,0.497511707894803
"PHMRC","Pemba","mild","bfl_partial","LCVA","gibbs_dir","batch1",1027,0.288135593220339,0.293333333333333,0.438254785601112
"PHMRC","Pemba","mild","bfl_partial","LCVA","gibbs_dir","batch1",1028,0.406779661016949,0.445238095238095,0.495973924081293
"PHMRC","Pemba","mild","bfl_partial","LCVA","gibbs_dir","batch1",1029,0.271186440677966,0.365196078431373,0.335702971569049
"PHMRC","Pemba","mild","bfl_partial","LCVA","gibbs_dir","batch1",1030,0.305084745762712,0.297777777777778,0.567129135473626
"PHMRC","UP","mild","bfl_partial","LCVA","gibbs_dir","batch1",1001,0.211267605633803,0.301999779845048,0.459408274723127
"PHMRC","UP","mild","bfl_partial","LCVA","gibbs_dir","batch1",1002,0.235915492957746,0.238710652385394,0.541758943095525
"PHMRC","UP","mild","bfl_partial","LCVA","gibbs_dir","batch1",1003,0.179577464788732,0.251955580838396,0.373641300076065
"PHMRC","UP","mild","bfl_partial","LCVA","gibbs_dir","batch1",1004,0.225352112676056,0.290241336763076,0.4847992416699
"PHMRC","UP","mild","bfl_partial","LCVA","gibbs_dir","batch1",1005,0.316901408450704,0.285687651813645,0.555139052155937
"PHMRC","UP","mild","bfl_partial","LCVA","gibbs_dir","batch1",1006,0.267605633802817,0.204386001845167,0.551409659561265
"PHMRC","UP","mild","bfl_partial","LCVA","gibbs_dir","batch1",1007,0.373239436619718,0.258802143130501,0.598574014319452
"PHMRC","UP","mild","bfl_partial","LCVA","gibbs_dir","batch1",1008,0.313380281690141,0.23918776484953,0.61106035426728
"PHMRC","UP","mild","bfl_partial","LCVA","gibbs_dir","batch1",1009,0.362676056338028,0.205469109121789,0.634417861523192
"PHMRC","UP","mild","bfl_partial","LCVA","gibbs_dir","batch1",1010,0.285211267605634,0.231339561456521,0.51140458417428
"PHMRC","UP","mild","bfl_partial","LCVA","gibbs_dir","batch1",1011,0.25,0.334940028643036,0.430951981505013
"PHMRC","UP","mild","bfl_partial","LCVA","gibbs_dir","batch1",1012,0.334507042253521,0.317186748436748,0.570668101848336
"PHMRC","UP","mild","bfl_partial","LCVA","gibbs_dir","batch1",1013,0.207746478873239,0.330953178992395,0.428795704812427
"PHMRC","UP","mild","bfl_partial","LCVA","gibbs_dir","batch1",1014,0.299295774647887,0.253670731896538,0.522240451229149
"PHMRC","UP","mild","bfl_partial","LCVA","gibbs_dir","batch1",1015,0.26056338028169,0.28875478386348,0.55062782375243
"PHMRC","UP","mild","bfl_partial","LCVA","gibbs_dir","batch1",1016,0.292253521126761,0.257882432935696,0.538423595865699
"PHMRC","UP","mild","bfl_partial","LCVA","gibbs_dir","batch1",1017,0.246478873239437,0.246981292517007,0.50337247447141
"PHMRC","UP","mild","bfl_partial","LCVA","gibbs_dir","batch1",1018,0.285211267605634,0.27872517634343,0.529829697915686
"PHMRC","UP","mild","bfl_partial","LCVA","gibbs_dir","batch1",1019,0.295774647887324,0.248732732504662,0.504751877185226
"PHMRC","UP","mild","bfl_partial","LCVA","gibbs_dir","batch1",1020,0.253521126760563,0.326974747474747,0.415013566041731
"PHMRC","UP","mild","bfl_partial","LCVA","gibbs_dir","batch1",1021,0.288732394366197,0.346936584617744,0.459170833596876
"PHMRC","UP","mild","bfl_partial","LCVA","gibbs_dir","batch1",1022,0.390845070422535,0.262996031746032,0.617723771138916
"PHMRC","UP","mild","bfl_partial","LCVA","gibbs_dir","batch1",1023,0.320422535211268,0.247258230452675,0.443405307556261
"PHMRC","UP","mild","bfl_partial","LCVA","gibbs_dir","batch1",1024,0.327464788732394,0.288700738916256,0.529280050542352
"PHMRC","UP","mild","bfl_partial","LCVA","gibbs_dir","batch1",1025,0.214788732394366,0.26867672995124,0.452146234812189
"PHMRC","UP","mild","bfl_partial","LCVA","gibbs_dir","batch1",1026,0.214788732394366,0.225282943552174,0.508284111832729
"PHMRC","UP","mild","bfl_partial","LCVA","gibbs_dir","batch1",1027,0.214788732394366,0.264235888825603,0.500533974887009
"PHMRC","UP","mild","bfl_partial","LCVA","gibbs_dir","batch1",1028,0.288732394366197,0.243905440964265,0.518535503149363
"PHMRC","UP","mild","bfl_partial","LCVA","gibbs_dir","batch1",1029,0.348591549295775,0.307603101587256,0.583948209906021
"PHMRC","UP","mild","bfl_partial","LCVA","gibbs_dir","batch1",1030,0.306338028169014,0.260506853431943,0.488585160399495
"PHMRC","AP","mild","gbql_0.5","LCVA",NA,"batch1",1001,NA,NA,0.393882014932049
"PHMRC","AP","mild","gbql_0.5","LCVA",NA,"batch1",1002,NA,NA,0.51542026548997
"PHMRC","AP","mild","gbql_0.5","LCVA",NA,"batch1",1003,NA,NA,0.440998717986975
"PHMRC","AP","mild","gbql_0.5","LCVA",NA,"batch1",1004,NA,NA,0.390418915557697
"PHMRC","AP","mild","gbql_0.5","LCVA",NA,"batch1",1005,NA,NA,0.45474864654364
"PHMRC","AP","mild","gbql_0.5","LCVA",NA,"batch1",1006,NA,NA,0.472647353304232
"PHMRC","AP","mild","gbql_0.5","LCVA",NA,"batch1",1007,NA,NA,0.510345180596419
"PHMRC","AP","mild","gbql_0.5","LCVA",NA,"batch1",1008,NA,NA,0.428838375087608
"PHMRC","AP","mild","gbql_0.5","LCVA",NA,"batch1",1009,NA,NA,0.523536179717592
"PHMRC","AP","mild","gbql_0.5","LCVA",NA,"batch1",1010,NA,NA,0.464552510517527
"PHMRC","AP","mild","gbql_0.5","LCVA",NA,"batch1",1011,NA,NA,0.56365026419132
"PHMRC","AP","mild","gbql_0.5","LCVA",NA,"batch1",1012,NA,NA,0.530247460789091
"PHMRC","AP","mild","gbql_0.5","LCVA",NA,"batch1",1013,NA,NA,0.386924462213381
"PHMRC","AP","mild","gbql_0.5","LCVA",NA,"batch1",1014,NA,NA,0.327008366234718
"PHMRC","AP","mild","gbql_0.5","LCVA",NA,"batch1",1015,NA,NA,0.373363365938268
"PHMRC","AP","mild","gbql_0.5","LCVA",NA,"batch1",1016,NA,NA,0.487093042359235
"PHMRC","AP","mild","gbql_0.5","LCVA",NA,"batch1",1017,NA,NA,0.472641111096792
"PHMRC","AP","mild","gbql_0.5","LCVA",NA,"batch1",1018,NA,NA,0.21187000280433
"PHMRC","AP","mild","gbql_0.5","LCVA",NA,"batch1",1019,NA,NA,0.446299064747302
"PHMRC","AP","mild","gbql_0.5","LCVA",NA,"batch1",1020,NA,NA,0.354151961421544
"PHMRC","AP","mild","gbql_0.5","LCVA",NA,"batch1",1021,NA,NA,0.394662349076584
"PHMRC","AP","mild","gbql_0.5","LCVA",NA,"batch1",1022,NA,NA,0.410713560320471
"PHMRC","AP","mild","gbql_0.5","LCVA",NA,"batch1",1023,NA,NA,0.352688426173335
"PHMRC","AP","mild","gbql_0.5","LCVA",NA,"batch1",1024,NA,NA,0.525124670436352
"PHMRC","AP","mild","gbql_0.5","LCVA",NA,"batch1",1025,NA,NA,0.403614230742761
"PHMRC","AP","mild","gbql_0.5","LCVA",NA,"batch1",1026,NA,NA,0.4350906640424
"PHMRC","AP","mild","gbql_0.5","LCVA",NA,"batch1",1027,NA,NA,0.43623777208128
"PHMRC","AP","mild","gbql_0.5","LCVA",NA,"batch1",1028,NA,NA,0.395317553236488
"PHMRC","AP","mild","gbql_0.5","LCVA",NA,"batch1",1029,NA,NA,0.477537004082603
"PHMRC","AP","mild","gbql_0.5","LCVA",NA,"batch1",1030,NA,NA,0.502026786706261
"PHMRC","Bohol","mild","gbql_0.5","LCVA",NA,"batch1",1001,NA,NA,0.356664912337403
"PHMRC","Bohol","mild","gbql_0.5","LCVA",NA,"batch1",1002,NA,NA,0.492576453546994
"PHMRC","Bohol","mild","gbql_0.5","LCVA",NA,"batch1",1003,NA,NA,0.503743006533275
"PHMRC","Bohol","mild","gbql_0.5","LCVA",NA,"batch1",1004,NA,NA,0.307857026055722
"PHMRC","Bohol","mild","gbql_0.5","LCVA",NA,"batch1",1005,NA,NA,0.551149916230935
"PHMRC","Bohol","mild","gbql_0.5","LCVA",NA,"batch1",1006,NA,NA,0.599647557254011
"PHMRC","Bohol","mild","gbql_0.5","LCVA",NA,"batch1",1007,NA,NA,0.417136918600624
"PHMRC","Bohol","mild","gbql_0.5","LCVA",NA,"batch1",1008,NA,NA,0.476788553459438
"PHMRC","Bohol","mild","gbql_0.5","LCVA",NA,"batch1",1009,NA,NA,0.331541586002359
"PHMRC","Bohol","mild","gbql_0.5","LCVA",NA,"batch1",1010,NA,NA,0.472509849156226
"PHMRC","Bohol","mild","gbql_0.5","LCVA",NA,"batch1",1011,NA,NA,0.507226607673444
"PHMRC","Bohol","mild","gbql_0.5","LCVA",NA,"batch1",1012,NA,NA,0.461006711770754
"PHMRC","Bohol","mild","gbql_0.5","LCVA",NA,"batch1",1013,NA,NA,0.393232764052089
"PHMRC","Bohol","mild","gbql_0.5","LCVA",NA,"batch1",1014,NA,NA,0.438110620242555
"PHMRC","Bohol","mild","gbql_0.5","LCVA",NA,"batch1",1015,NA,NA,0.462540144426539
"PHMRC","Bohol","mild","gbql_0.5","LCVA",NA,"batch1",1016,NA,NA,0.502547394840669
"PHMRC","Bohol","mild","gbql_0.5","LCVA",NA,"batch1",1017,NA,NA,0.436795652159581
"PHMRC","Bohol","mild","gbql_0.5","LCVA",NA,"batch1",1018,NA,NA,0.416319782817024
"PHMRC","Bohol","mild","gbql_0.5","LCVA",NA,"batch1",1019,NA,NA,0.446364040972422
"PHMRC","Bohol","mild","gbql_0.5","LCVA",NA,"batch1",1020,NA,NA,0.363211800855527
"PHMRC","Bohol","mild","gbql_0.5","LCVA",NA,"batch1",1021,NA,NA,0.291714879327231
"PHMRC","Bohol","mild","gbql_0.5","LCVA",NA,"batch1",1022,NA,NA,0.542099896707511
"PHMRC","Bohol","mild","gbql_0.5","LCVA",NA,"batch1",1023,NA,NA,0.735077845591331
"PHMRC","Bohol","mild","gbql_0.5","LCVA",NA,"batch1",1024,NA,NA,0.394429063811055
"PHMRC","Bohol","mild","gbql_0.5","LCVA",NA,"batch1",1025,NA,NA,0.527323048915937
"PHMRC","Bohol","mild","gbql_0.5","LCVA",NA,"batch1",1026,NA,NA,0.440624595829877
"PHMRC","Bohol","mild","gbql_0.5","LCVA",NA,"batch1",1027,NA,NA,0.416592057322271
"PHMRC","Bohol","mild","gbql_0.5","LCVA",NA,"batch1",1028,NA,NA,0.591598838167696
"PHMRC","Bohol","mild","gbql_0.5","LCVA",NA,"batch1",1029,NA,NA,0.355161282367073
"PHMRC","Bohol","mild","gbql_0.5","LCVA",NA,"batch1",1030,NA,NA,0.41212330996994
"PHMRC","Dar","mild","gbql_0.5","LCVA",NA,"batch1",1001,NA,NA,0.352608025726333
"PHMRC","Dar","mild","gbql_0.5","LCVA",NA,"batch1",1002,NA,NA,0.309181080458011
"PHMRC","Dar","mild","gbql_0.5","LCVA",NA,"batch1",1003,NA,NA,0.429666449723943
"PHMRC","Dar","mild","gbql_0.5","LCVA",NA,"batch1",1004,NA,NA,0.39410698501609
"PHMRC","Dar","mild","gbql_0.5","LCVA",NA,"batch1",1005,NA,NA,0.430472873350221
"PHMRC","Dar","mild","gbql_0.5","LCVA",NA,"batch1",1006,NA,NA,0.549123991844479
"PHMRC","Dar","mild","gbql_0.5","LCVA",NA,"batch1",1007,NA,NA,0.469753192835285
"PHMRC","Dar","mild","gbql_0.5","LCVA",NA,"batch1",1008,NA,NA,0.388211635968642
"PHMRC","Dar","mild","gbql_0.5","LCVA",NA,"batch1",1009,NA,NA,0.471029745752647
"PHMRC","Dar","mild","gbql_0.5","LCVA",NA,"batch1",1010,NA,NA,0.500843235030427
"PHMRC","Dar","mild","gbql_0.5","LCVA",NA,"batch1",1011,NA,NA,0.4007896107406
"PHMRC","Dar","mild","gbql_0.5","LCVA",NA,"batch1",1012,NA,NA,0.238912512755624
"PHMRC","Dar","mild","gbql_0.5","LCVA",NA,"batch1",1013,NA,NA,0.306975359642219
"PHMRC","Dar","mild","gbql_0.5","LCVA",NA,"batch1",1014,NA,NA,0.259394677536327
"PHMRC","Dar","mild","gbql_0.5","LCVA",NA,"batch1",1015,NA,NA,0.509415345506
"PHMRC","Dar","mild","gbql_0.5","LCVA",NA,"batch1",1016,NA,NA,0.464424691604315
"PHMRC","Dar","mild","gbql_0.5","LCVA",NA,"batch1",1017,NA,NA,0.388279073761315
"PHMRC","Dar","mild","gbql_0.5","LCVA",NA,"batch1",1018,NA,NA,0.296208080114107
"PHMRC","Dar","mild","gbql_0.5","LCVA",NA,"batch1",1019,NA,NA,0.484466684327186
"PHMRC","Dar","mild","gbql_0.5","LCVA",NA,"batch1",1020,NA,NA,0.512132013592383
"PHMRC","Dar","mild","gbql_0.5","LCVA",NA,"batch1",1021,NA,NA,0.255114604543149
"PHMRC","Dar","mild","gbql_0.5","LCVA",NA,"batch1",1022,NA,NA,0.351738775394353
"PHMRC","Dar","mild","gbql_0.5","LCVA",NA,"batch1",1023,NA,NA,0.459477370306786
"PHMRC","Dar","mild","gbql_0.5","LCVA",NA,"batch1",1024,NA,NA,0.447522931747272
"PHMRC","Dar","mild","gbql_0.5","LCVA",NA,"batch1",1025,NA,NA,0.430878810395038
"PHMRC","Dar","mild","gbql_0.5","LCVA",NA,"batch1",1026,NA,NA,0.307559889236826
"PHMRC","Dar","mild","gbql_0.5","LCVA",NA,"batch1",1027,NA,NA,0.325066336779933
"PHMRC","Dar","mild","gbql_0.5","LCVA",NA,"batch1",1028,NA,NA,0.356234692581551
"PHMRC","Dar","mild","gbql_0.5","LCVA",NA,"batch1",1029,NA,NA,0.529132623479599
"PHMRC","Dar","mild","gbql_0.5","LCVA",NA,"batch1",1030,NA,NA,0.369508354230155
"PHMRC","Mexico","mild","gbql_0.5","LCVA",NA,"batch1",1001,NA,NA,0.396811842390188
"PHMRC","Mexico","mild","gbql_0.5","LCVA",NA,"batch1",1002,NA,NA,0.424727366876234
"PHMRC","Mexico","mild","gbql_0.5","LCVA",NA,"batch1",1003,NA,NA,0.728648563929865
"PHMRC","Mexico","mild","gbql_0.5","LCVA",NA,"batch1",1004,NA,NA,0.420386422417262
"PHMRC","Mexico","mild","gbql_0.5","LCVA",NA,"batch1",1005,NA,NA,0.447610936354958
"PHMRC","Mexico","mild","gbql_0.5","LCVA",NA,"batch1",1006,NA,NA,0.411014467329445
"PHMRC","Mexico","mild","gbql_0.5","LCVA",NA,"batch1",1007,NA,NA,0.504368846275624
"PHMRC","Mexico","mild","gbql_0.5","LCVA",NA,"batch1",1008,NA,NA,0.548343554315836
"PHMRC","Mexico","mild","gbql_0.5","LCVA",NA,"batch1",1009,NA,NA,0.40670225778425
"PHMRC","Mexico","mild","gbql_0.5","LCVA",NA,"batch1",1010,NA,NA,0.45014649245137
"PHMRC","Mexico","mild","gbql_0.5","LCVA",NA,"batch1",1011,NA,NA,0.469992208408223
"PHMRC","Mexico","mild","gbql_0.5","LCVA",NA,"batch1",1012,NA,NA,0.391780406454753
"PHMRC","Mexico","mild","gbql_0.5","LCVA",NA,"batch1",1013,NA,NA,0.420317145225549
"PHMRC","Mexico","mild","gbql_0.5","LCVA",NA,"batch1",1014,NA,NA,0.424360352050028
"PHMRC","Mexico","mild","gbql_0.5","LCVA",NA,"batch1",1015,NA,NA,0.492123974555131
"PHMRC","Mexico","mild","gbql_0.5","LCVA",NA,"batch1",1016,NA,NA,0.564871466659237
"PHMRC","Mexico","mild","gbql_0.5","LCVA",NA,"batch1",1017,NA,NA,0.436418674860633
"PHMRC","Mexico","mild","gbql_0.5","LCVA",NA,"batch1",1018,NA,NA,0.368220457851644
"PHMRC","Mexico","mild","gbql_0.5","LCVA",NA,"batch1",1019,NA,NA,0.527323432349755
"PHMRC","Mexico","mild","gbql_0.5","LCVA",NA,"batch1",1020,NA,NA,0.574493109969303
"PHMRC","Mexico","mild","gbql_0.5","LCVA",NA,"batch1",1021,NA,NA,0.542130006941676
"PHMRC","Mexico","mild","gbql_0.5","LCVA",NA,"batch1",1022,NA,NA,0.362146641147285
"PHMRC","Mexico","mild","gbql_0.5","LCVA",NA,"batch1",1023,NA,NA,0.45837173894389
"PHMRC","Mexico","mild","gbql_0.5","LCVA",NA,"batch1",1024,NA,NA,0.381046282808454
"PHMRC","Mexico","mild","gbql_0.5","LCVA",NA,"batch1",1025,NA,NA,0.355471753552277
"PHMRC","Mexico","mild","gbql_0.5","LCVA",NA,"batch1",1026,NA,NA,0.477474335644278
"PHMRC","Mexico","mild","gbql_0.5","LCVA",NA,"batch1",1027,NA,NA,0.481934807695801
"PHMRC","Mexico","mild","gbql_0.5","LCVA",NA,"batch1",1028,NA,NA,0.50148201660627
"PHMRC","Mexico","mild","gbql_0.5","LCVA",NA,"batch1",1029,NA,NA,0.393534516959679
"PHMRC","Mexico","mild","gbql_0.5","LCVA",NA,"batch1",1030,NA,NA,0.507991489035236
"PHMRC","Pemba","mild","gbql_0.5","LCVA",NA,"batch1",1001,NA,NA,0.677523953641569
"PHMRC","Pemba","mild","gbql_0.5","LCVA",NA,"batch1",1002,NA,NA,0.49333492866866
"PHMRC","Pemba","mild","gbql_0.5","LCVA",NA,"batch1",1003,NA,NA,0.517243753708158
"PHMRC","Pemba","mild","gbql_0.5","LCVA",NA,"batch1",1004,NA,NA,0.455820137644758
"PHMRC","Pemba","mild","gbql_0.5","LCVA",NA,"batch1",1005,NA,NA,0.602324407564425
"PHMRC","Pemba","mild","gbql_0.5","LCVA",NA,"batch1",1006,NA,NA,0.582986069550183
"PHMRC","Pemba","mild","gbql_0.5","LCVA",NA,"batch1",1007,NA,NA,0.578639172135412
"PHMRC","Pemba","mild","gbql_0.5","LCVA",NA,"batch1",1008,NA,NA,0.386496679412848
"PHMRC","Pemba","mild","gbql_0.5","LCVA",NA,"batch1",1009,NA,NA,0.708805522962303
"PHMRC","Pemba","mild","gbql_0.5","LCVA",NA,"batch1",1010,NA,NA,0.492323662911998
"PHMRC","Pemba","mild","gbql_0.5","LCVA",NA,"batch1",1011,NA,NA,0.462721024562517
"PHMRC","Pemba","mild","gbql_0.5","LCVA",NA,"batch1",1012,NA,NA,0.442184716297348
"PHMRC","Pemba","mild","gbql_0.5","LCVA",NA,"batch1",1013,NA,NA,0.629482983593454
"PHMRC","Pemba","mild","gbql_0.5","LCVA",NA,"batch1",1014,NA,NA,0.609639776829681
"PHMRC","Pemba","mild","gbql_0.5","LCVA",NA,"batch1",1015,NA,NA,0.41459538441579
"PHMRC","Pemba","mild","gbql_0.5","LCVA",NA,"batch1",1016,NA,NA,0.740813094495737
"PHMRC","Pemba","mild","gbql_0.5","LCVA",NA,"batch1",1017,NA,NA,0.566310850559259
"PHMRC","Pemba","mild","gbql_0.5","LCVA",NA,"batch1",1018,NA,NA,0.515908158655554
"PHMRC","Pemba","mild","gbql_0.5","LCVA",NA,"batch1",1019,NA,NA,0.559785374962105
"PHMRC","Pemba","mild","gbql_0.5","LCVA",NA,"batch1",1020,NA,NA,0.448743887732364
"PHMRC","Pemba","mild","gbql_0.5","LCVA",NA,"batch1",1021,NA,NA,0.498967779125938
"PHMRC","Pemba","mild","gbql_0.5","LCVA",NA,"batch1",1022,NA,NA,0.565830343644791
"PHMRC","Pemba","mild","gbql_0.5","LCVA",NA,"batch1",1023,NA,NA,0.609358195866132
"PHMRC","Pemba","mild","gbql_0.5","LCVA",NA,"batch1",1024,NA,NA,0.528780367656723
"PHMRC","Pemba","mild","gbql_0.5","LCVA",NA,"batch1",1025,NA,NA,0.528605688349517
"PHMRC","Pemba","mild","gbql_0.5","LCVA",NA,"batch1",1026,NA,NA,0.392242070311561
"PHMRC","Pemba","mild","gbql_0.5","LCVA",NA,"batch1",1027,NA,NA,0.55338845893367
"PHMRC","Pemba","mild","gbql_0.5","LCVA",NA,"batch1",1028,NA,NA,0.619688915738758
"PHMRC","Pemba","mild","gbql_0.5","LCVA",NA,"batch1",1029,NA,NA,0.510266267520881
"PHMRC","Pemba","mild","gbql_0.5","LCVA",NA,"batch1",1030,NA,NA,0.545254393082244
"PHMRC","UP","mild","gbql_0.5","LCVA",NA,"batch1",1001,NA,NA,0.404752156852325
"PHMRC","UP","mild","gbql_0.5","LCVA",NA,"batch1",1002,NA,NA,0.515446498842541
"PHMRC","UP","mild","gbql_0.5","LCVA",NA,"batch1",1003,NA,NA,0.506797578984397
"PHMRC","UP","mild","gbql_0.5","LCVA",NA,"batch1",1004,NA,NA,0.376065021714413
"PHMRC","UP","mild","gbql_0.5","LCVA",NA,"batch1",1005,NA,NA,0.582367674557138
"PHMRC","UP","mild","gbql_0.5","LCVA",NA,"batch1",1006,NA,NA,0.550684877152997
"PHMRC","UP","mild","gbql_0.5","LCVA",NA,"batch1",1007,NA,NA,0.75734509215585
"PHMRC","UP","mild","gbql_0.5","LCVA",NA,"batch1",1008,NA,NA,0.457875641172991
"PHMRC","UP","mild","gbql_0.5","LCVA",NA,"batch1",1009,NA,NA,0.569033270593659
"PHMRC","UP","mild","gbql_0.5","LCVA",NA,"batch1",1010,NA,NA,0.342924961349593
"PHMRC","UP","mild","gbql_0.5","LCVA",NA,"batch1",1011,NA,NA,0.478018409481483
"PHMRC","UP","mild","gbql_0.5","LCVA",NA,"batch1",1012,NA,NA,0.574191585044145
"PHMRC","UP","mild","gbql_0.5","LCVA",NA,"batch1",1013,NA,NA,0.633750441503461
"PHMRC","UP","mild","gbql_0.5","LCVA",NA,"batch1",1014,NA,NA,0.475640716909292
"PHMRC","UP","mild","gbql_0.5","LCVA",NA,"batch1",1015,NA,NA,0.488581184874982
"PHMRC","UP","mild","gbql_0.5","LCVA",NA,"batch1",1016,NA,NA,0.543867516308485
"PHMRC","UP","mild","gbql_0.5","LCVA",NA,"batch1",1017,NA,NA,0.387812590955576
"PHMRC","UP","mild","gbql_0.5","LCVA",NA,"batch1",1018,NA,NA,0.55853863451214
"PHMRC","UP","mild","gbql_0.5","LCVA",NA,"batch1",1019,NA,NA,0.401467005061181
"PHMRC","UP","mild","gbql_0.5","LCVA",NA,"batch1",1020,NA,NA,0.374292209776358
"PHMRC","UP","mild","gbql_0.5","LCVA",NA,"batch1",1021,NA,NA,0.379899992109015
"PHMRC","UP","mild","gbql_0.5","LCVA",NA,"batch1",1022,NA,NA,0.414297930937154
"PHMRC","UP","mild","gbql_0.5","LCVA",NA,"batch1",1023,NA,NA,0.384820822647243
"PHMRC","UP","mild","gbql_0.5","LCVA",NA,"batch1",1024,NA,NA,0.595082149806435
"PHMRC","UP","mild","gbql_0.5","LCVA",NA,"batch1",1025,NA,NA,0.526510338539159
"PHMRC","UP","mild","gbql_0.5","LCVA",NA,"batch1",1026,NA,NA,0.590594355314246
"PHMRC","UP","mild","gbql_0.5","LCVA",NA,"batch1",1027,NA,NA,0.461782723905759
"PHMRC","UP","mild","gbql_0.5","LCVA",NA,"batch1",1028,NA,NA,0.512837987217507
"PHMRC","UP","mild","gbql_0.5","LCVA",NA,"batch1",1029,NA,NA,0.430383654925097
"PHMRC","UP","mild","gbql_0.5","LCVA",NA,"batch1",1030,NA,NA,0.470541142590776
"PHMRC","AP","mild","gbql_50","LCVA",NA,"batch1",1001,NA,NA,0.665197443556781
"PHMRC","AP","mild","gbql_50","LCVA",NA,"batch1",1002,NA,NA,0.756801578193058
"PHMRC","AP","mild","gbql_50","LCVA",NA,"batch1",1003,NA,NA,0.668139764845767
"PHMRC","AP","mild","gbql_50","LCVA",NA,"batch1",1004,NA,NA,0.716004956630375
"PHMRC","AP","mild","gbql_50","LCVA",NA,"batch1",1005,NA,NA,0.696707206938799
"PHMRC","AP","mild","gbql_50","LCVA",NA,"batch1",1006,NA,NA,0.674733786250248
"PHMRC","AP","mild","gbql_50","LCVA",NA,"batch1",1007,NA,NA,0.709877440699089
"PHMRC","AP","mild","gbql_50","LCVA",NA,"batch1",1008,NA,NA,0.748304940897203
"PHMRC","AP","mild","gbql_50","LCVA",NA,"batch1",1009,NA,NA,0.764846781656977
"PHMRC","AP","mild","gbql_50","LCVA",NA,"batch1",1010,NA,NA,0.77070483242768
"PHMRC","AP","mild","gbql_50","LCVA",NA,"batch1",1011,NA,NA,0.75493858779853
"PHMRC","AP","mild","gbql_50","LCVA",NA,"batch1",1012,NA,NA,0.646944537624614
"PHMRC","AP","mild","gbql_50","LCVA",NA,"batch1",1013,NA,NA,0.647431472229989
"PHMRC","AP","mild","gbql_50","LCVA",NA,"batch1",1014,NA,NA,0.699797405160083
"PHMRC","AP","mild","gbql_50","LCVA",NA,"batch1",1015,NA,NA,0.730871199665084
"PHMRC","AP","mild","gbql_50","LCVA",NA,"batch1",1016,NA,NA,0.761746056131029
"PHMRC","AP","mild","gbql_50","LCVA",NA,"batch1",1017,NA,NA,0.727425148867888
"PHMRC","AP","mild","gbql_50","LCVA",NA,"batch1",1018,NA,NA,0.753165899627621
"PHMRC","AP","mild","gbql_50","LCVA",NA,"batch1",1019,NA,NA,0.671041978632831
"PHMRC","AP","mild","gbql_50","LCVA",NA,"batch1",1020,NA,NA,0.766988971982454
"PHMRC","AP","mild","gbql_50","LCVA",NA,"batch1",1021,NA,NA,0.796431690470018
"PHMRC","AP","mild","gbql_50","LCVA",NA,"batch1",1022,NA,NA,0.646832797344553
"PHMRC","AP","mild","gbql_50","LCVA",NA,"batch1",1023,NA,NA,0.686386054716669
"PHMRC","AP","mild","gbql_50","LCVA",NA,"batch1",1024,NA,NA,0.741377220819592
"PHMRC","AP","mild","gbql_50","LCVA",NA,"batch1",1025,NA,NA,0.713682535225225
"PHMRC","AP","mild","gbql_50","LCVA",NA,"batch1",1026,NA,NA,0.655776045626105
"PHMRC","AP","mild","gbql_50","LCVA",NA,"batch1",1027,NA,NA,0.770561491317412
"PHMRC","AP","mild","gbql_50","LCVA",NA,"batch1",1028,NA,NA,0.678234261180292
"PHMRC","AP","mild","gbql_50","LCVA",NA,"batch1",1029,NA,NA,0.747275334049494
"PHMRC","AP","mild","gbql_50","LCVA",NA,"batch1",1030,NA,NA,0.697619941603202
"PHMRC","Bohol","mild","gbql_50","LCVA",NA,"batch1",1001,NA,NA,0.621673079029686
"PHMRC","Bohol","mild","gbql_50","LCVA",NA,"batch1",1002,NA,NA,0.76678366899891
"PHMRC","Bohol","mild","gbql_50","LCVA",NA,"batch1",1003,NA,NA,0.704126040169691
"PHMRC","Bohol","mild","gbql_50","LCVA",NA,"batch1",1004,NA,NA,0.663167348069625
"PHMRC","Bohol","mild","gbql_50","LCVA",NA,"batch1",1005,NA,NA,0.779491949776601
"PHMRC","Bohol","mild","gbql_50","LCVA",NA,"batch1",1006,NA,NA,0.710866698897795
"PHMRC","Bohol","mild","gbql_50","LCVA",NA,"batch1",1007,NA,NA,0.758010717879035
"PHMRC","Bohol","mild","gbql_50","LCVA",NA,"batch1",1008,NA,NA,0.685868986329555
"PHMRC","Bohol","mild","gbql_50","LCVA",NA,"batch1",1009,NA,NA,0.586220528562971
"PHMRC","Bohol","mild","gbql_50","LCVA",NA,"batch1",1010,NA,NA,0.711484861441571
"PHMRC","Bohol","mild","gbql_50","LCVA",NA,"batch1",1011,NA,NA,0.77818170617086
"PHMRC","Bohol","mild","gbql_50","LCVA",NA,"batch1",1012,NA,NA,0.661590802714905
"PHMRC","Bohol","mild","gbql_50","LCVA",NA,"batch1",1013,NA,NA,0.745845149548122
"PHMRC","Bohol","mild","gbql_50","LCVA",NA,"batch1",1014,NA,NA,0.707897337339598
"PHMRC","Bohol","mild","gbql_50","LCVA",NA,"batch1",1015,NA,NA,0.698155297551449
"PHMRC","Bohol","mild","gbql_50","LCVA",NA,"batch1",1016,NA,NA,0.739265195353302
"PHMRC","Bohol","mild","gbql_50","LCVA",NA,"batch1",1017,NA,NA,0.725039635951833
"PHMRC","Bohol","mild","gbql_50","LCVA",NA,"batch1",1018,NA,NA,0.759062762566383
"PHMRC","Bohol","mild","gbql_50","LCVA",NA,"batch1",1019,NA,NA,0.739159583420698
"PHMRC","Bohol","mild","gbql_50","LCVA",NA,"batch1",1020,NA,NA,0.774203001392013
"PHMRC","Bohol","mild","gbql_50","LCVA",NA,"batch1",1021,NA,NA,0.609916230523187
"PHMRC","Bohol","mild","gbql_50","LCVA",NA,"batch1",1022,NA,NA,0.681476542359543
"PHMRC","Bohol","mild","gbql_50","LCVA",NA,"batch1",1023,NA,NA,0.713674837123736
"PHMRC","Bohol","mild","gbql_50","LCVA",NA,"batch1",1024,NA,NA,0.613238470115798
"PHMRC","Bohol","mild","gbql_50","LCVA",NA,"batch1",1025,NA,NA,0.763335250125093
"PHMRC","Bohol","mild","gbql_50","LCVA",NA,"batch1",1026,NA,NA,0.728324481508073
"PHMRC","Bohol","mild","gbql_50","LCVA",NA,"batch1",1027,NA,NA,0.688690687491176
"PHMRC","Bohol","mild","gbql_50","LCVA",NA,"batch1",1028,NA,NA,0.734420026985756
"PHMRC","Bohol","mild","gbql_50","LCVA",NA,"batch1",1029,NA,NA,0.681802153116646
"PHMRC","Bohol","mild","gbql_50","LCVA",NA,"batch1",1030,NA,NA,0.708738287446867
"PHMRC","Dar","mild","gbql_50","LCVA",NA,"batch1",1001,NA,NA,0.692208985679188
"PHMRC","Dar","mild","gbql_50","LCVA",NA,"batch1",1002,NA,NA,0.659366689704073
"PHMRC","Dar","mild","gbql_50","LCVA",NA,"batch1",1003,NA,NA,0.767319455322388
"PHMRC","Dar","mild","gbql_50","LCVA",NA,"batch1",1004,NA,NA,0.680931494852328
"PHMRC","Dar","mild","gbql_50","LCVA",NA,"batch1",1005,NA,NA,0.708921031042448
"PHMRC","Dar","mild","gbql_50","LCVA",NA,"batch1",1006,NA,NA,0.72740014294905
"PHMRC","Dar","mild","gbql_50","LCVA",NA,"batch1",1007,NA,NA,0.747638756619602
"PHMRC","Dar","mild","gbql_50","LCVA",NA,"batch1",1008,NA,NA,0.714151260193369
"PHMRC","Dar","mild","gbql_50","LCVA",NA,"batch1",1009,NA,NA,0.773834930242085
"PHMRC","Dar","mild","gbql_50","LCVA",NA,"batch1",1010,NA,NA,0.703384247134873
"PHMRC","Dar","mild","gbql_50","LCVA",NA,"batch1",1011,NA,NA,0.695959211788648
"PHMRC","Dar","mild","gbql_50","LCVA",NA,"batch1",1012,NA,NA,0.586552683587974
"PHMRC","Dar","mild","gbql_50","LCVA",NA,"batch1",1013,NA,NA,0.640024235808433
"PHMRC","Dar","mild","gbql_50","LCVA",NA,"batch1",1014,NA,NA,0.671257824113752
"PHMRC","Dar","mild","gbql_50","LCVA",NA,"batch1",1015,NA,NA,0.704061493755491
"PHMRC","Dar","mild","gbql_50","LCVA",NA,"batch1",1016,NA,NA,0.680656337331294
"PHMRC","Dar","mild","gbql_50","LCVA",NA,"batch1",1017,NA,NA,0.674780079344356
"PHMRC","Dar","mild","gbql_50","LCVA",NA,"batch1",1018,NA,NA,0.628150234932972
"PHMRC","Dar","mild","gbql_50","LCVA",NA,"batch1",1019,NA,NA,0.701871424209625
"PHMRC","Dar","mild","gbql_50","LCVA",NA,"batch1",1020,NA,NA,0.75311867824648
"PHMRC","Dar","mild","gbql_50","LCVA",NA,"batch1",1021,NA,NA,0.653418212887777
"PHMRC","Dar","mild","gbql_50","LCVA",NA,"batch1",1022,NA,NA,0.627974210137687
"PHMRC","Dar","mild","gbql_50","LCVA",NA,"batch1",1023,NA,NA,0.740664163938069
"PHMRC","Dar","mild","gbql_50","LCVA",NA,"batch1",1024,NA,NA,0.727823272675999
"PHMRC","Dar","mild","gbql_50","LCVA",NA,"batch1",1025,NA,NA,0.715892447542576
"PHMRC","Dar","mild","gbql_50","LCVA",NA,"batch1",1026,NA,NA,0.74864886278951
"PHMRC","Dar","mild","gbql_50","LCVA",NA,"batch1",1027,NA,NA,0.688218217725527
"PHMRC","Dar","mild","gbql_50","LCVA",NA,"batch1",1028,NA,NA,0.705173594107847
"PHMRC","Dar","mild","gbql_50","LCVA",NA,"batch1",1029,NA,NA,0.751561435960867
"PHMRC","Dar","mild","gbql_50","LCVA",NA,"batch1",1030,NA,NA,0.64235975210445
"PHMRC","Mexico","mild","gbql_50","LCVA",NA,"batch1",1001,NA,NA,0.611320057176404
"PHMRC","Mexico","mild","gbql_50","LCVA",NA,"batch1",1002,NA,NA,0.707273121746212
"PHMRC","Mexico","mild","gbql_50","LCVA",NA,"batch1",1003,NA,NA,0.742643767861898
"PHMRC","Mexico","mild","gbql_50","LCVA",NA,"batch1",1004,NA,NA,0.712693536958436
"PHMRC","Mexico","mild","gbql_50","LCVA",NA,"batch1",1005,NA,NA,0.761039228832591
"PHMRC","Mexico","mild","gbql_50","LCVA",NA,"batch1",1006,NA,NA,0.717516118666204
"PHMRC","Mexico","mild","gbql_50","LCVA",NA,"batch1",1007,NA,NA,0.70586808584026
"PHMRC","Mexico","mild","gbql_50","LCVA",NA,"batch1",1008,NA,NA,0.751393078893103
"PHMRC","Mexico","mild","gbql_50","LCVA",NA,"batch1",1009,NA,NA,0.703837477589837
"PHMRC","Mexico","mild","gbql_50","LCVA",NA,"batch1",1010,NA,NA,0.695605297690124
"PHMRC","Mexico","mild","gbql_50","LCVA",NA,"batch1",1011,NA,NA,0.662537982123675
"PHMRC","Mexico","mild","gbql_50","LCVA",NA,"batch1",1012,NA,NA,0.661203547571545
"PHMRC","Mexico","mild","gbql_50","LCVA",NA,"batch1",1013,NA,NA,0.689977560324361
"PHMRC","Mexico","mild","gbql_50","LCVA",NA,"batch1",1014,NA,NA,0.709005295098025
"PHMRC","Mexico","mild","gbql_50","LCVA",NA,"batch1",1015,NA,NA,0.725470368004217
"PHMRC","Mexico","mild","gbql_50","LCVA",NA,"batch1",1016,NA,NA,0.735654314180504
"PHMRC","Mexico","mild","gbql_50","LCVA",NA,"batch1",1017,NA,NA,0.67901490328399
"PHMRC","Mexico","mild","gbql_50","LCVA",NA,"batch1",1018,NA,NA,0.714898887530949
"PHMRC","Mexico","mild","gbql_50","LCVA",NA,"batch1",1019,NA,NA,0.688326465179373
"PHMRC","Mexico","mild","gbql_50","LCVA",NA,"batch1",1020,NA,NA,0.730677151130114
"PHMRC","Mexico","mild","gbql_50","LCVA",NA,"batch1",1021,NA,NA,0.772167980893759
"PHMRC","Mexico","mild","gbql_50","LCVA",NA,"batch1",1022,NA,NA,0.605011585799743
"PHMRC","Mexico","mild","gbql_50","LCVA",NA,"batch1",1023,NA,NA,0.627657510845726
"PHMRC","Mexico","mild","gbql_50","LCVA",NA,"batch1",1024,NA,NA,0.602555107463425
"PHMRC","Mexico","mild","gbql_50","LCVA",NA,"batch1",1025,NA,NA,0.673637802372716
"PHMRC","Mexico","mild","gbql_50","LCVA",NA,"batch1",1026,NA,NA,0.751144303553103
"PHMRC","Mexico","mild","gbql_50","LCVA",NA,"batch1",1027,NA,NA,0.725260010426067
"PHMRC","Mexico","mild","gbql_50","LCVA",NA,"batch1",1028,NA,NA,0.727217781322014
"PHMRC","Mexico","mild","gbql_50","LCVA",NA,"batch1",1029,NA,NA,0.704185591435864
"PHMRC","Mexico","mild","gbql_50","LCVA",NA,"batch1",1030,NA,NA,0.732392191921727
"PHMRC","Pemba","mild","gbql_50","LCVA",NA,"batch1",1001,NA,NA,0.720202868866336
"PHMRC","Pemba","mild","gbql_50","LCVA",NA,"batch1",1002,NA,NA,0.637287825233291
"PHMRC","Pemba","mild","gbql_50","LCVA",NA,"batch1",1003,NA,NA,0.707244027056333
"PHMRC","Pemba","mild","gbql_50","LCVA",NA,"batch1",1004,NA,NA,0.633905372145886
"PHMRC","Pemba","mild","gbql_50","LCVA",NA,"batch1",1005,NA,NA,0.75257147993529
"PHMRC","Pemba","mild","gbql_50","LCVA",NA,"batch1",1006,NA,NA,0.705122468732141
"PHMRC","Pemba","mild","gbql_50","LCVA",NA,"batch1",1007,NA,NA,0.718279843558456
"PHMRC","Pemba","mild","gbql_50","LCVA",NA,"batch1",1008,NA,NA,0.625983075216508
"PHMRC","Pemba","mild","gbql_50","LCVA",NA,"batch1",1009,NA,NA,0.704105408048792
"PHMRC","Pemba","mild","gbql_50","LCVA",NA,"batch1",1010,NA,NA,0.641721296485316
"PHMRC","Pemba","mild","gbql_50","LCVA",NA,"batch1",1011,NA,NA,0.68116820792422
"PHMRC","Pemba","mild","gbql_50","LCVA",NA,"batch1",1012,NA,NA,0.613756336575083
"PHMRC","Pemba","mild","gbql_50","LCVA",NA,"batch1",1013,NA,NA,0.686747081826921
"PHMRC","Pemba","mild","gbql_50","LCVA",NA,"batch1",1014,NA,NA,0.644472569169787
"PHMRC","Pemba","mild","gbql_50","LCVA",NA,"batch1",1015,NA,NA,0.608380638726262
"PHMRC","Pemba","mild","gbql_50","LCVA",NA,"batch1",1016,NA,NA,0.773796702651649
"PHMRC","Pemba","mild","gbql_50","LCVA",NA,"batch1",1017,NA,NA,0.757451643327907
"PHMRC","Pemba","mild","gbql_50","LCVA",NA,"batch1",1018,NA,NA,0.580450179545609
"PHMRC","Pemba","mild","gbql_50","LCVA",NA,"batch1",1019,NA,NA,0.694982908888726
"PHMRC","Pemba","mild","gbql_50","LCVA",NA,"batch1",1020,NA,NA,0.693747470621971
"PHMRC","Pemba","mild","gbql_50","LCVA",NA,"batch1",1021,NA,NA,0.636720318531281
"PHMRC","Pemba","mild","gbql_50","LCVA",NA,"batch1",1022,NA,NA,0.660121208056132
"PHMRC","Pemba","mild","gbql_50","LCVA",NA,"batch1",1023,NA,NA,0.699142910703409
"PHMRC","Pemba","mild","gbql_50","LCVA",NA,"batch1",1024,NA,NA,0.68363606730977
"PHMRC","Pemba","mild","gbql_50","LCVA",NA,"batch1",1025,NA,NA,0.639818094116791
"PHMRC","Pemba","mild","gbql_50","LCVA",NA,"batch1",1026,NA,NA,0.562139759076323
"PHMRC","Pemba","mild","gbql_50","LCVA",NA,"batch1",1027,NA,NA,0.648305239053743
"PHMRC","Pemba","mild","gbql_50","LCVA",NA,"batch1",1028,NA,NA,0.784398674082116
"PHMRC","Pemba","mild","gbql_50","LCVA",NA,"batch1",1029,NA,NA,0.667725205672193
"PHMRC","Pemba","mild","gbql_50","LCVA",NA,"batch1",1030,NA,NA,0.66371814354872
"PHMRC","UP","mild","gbql_50","LCVA",NA,"batch1",1001,NA,NA,0.673193306634987
"PHMRC","UP","mild","gbql_50","LCVA",NA,"batch1",1002,NA,NA,0.707224424388991
"PHMRC","UP","mild","gbql_50","LCVA",NA,"batch1",1003,NA,NA,0.740418986646935
"PHMRC","UP","mild","gbql_50","LCVA",NA,"batch1",1004,NA,NA,0.693762584107868
"PHMRC","UP","mild","gbql_50","LCVA",NA,"batch1",1005,NA,NA,0.766586819864561
"PHMRC","UP","mild","gbql_50","LCVA",NA,"batch1",1006,NA,NA,0.75396888934843
"PHMRC","UP","mild","gbql_50","LCVA",NA,"batch1",1007,NA,NA,0.801921026339458
"PHMRC","UP","mild","gbql_50","LCVA",NA,"batch1",1008,NA,NA,0.727919252152017
"PHMRC","UP","mild","gbql_50","LCVA",NA,"batch1",1009,NA,NA,0.694869893339077
"PHMRC","UP","mild","gbql_50","LCVA",NA,"batch1",1010,NA,NA,0.76864044831744
"PHMRC","UP","mild","gbql_50","LCVA",NA,"batch1",1011,NA,NA,0.74934340231573
"PHMRC","UP","mild","gbql_50","LCVA",NA,"batch1",1012,NA,NA,0.709886140554864
"PHMRC","UP","mild","gbql_50","LCVA",NA,"batch1",1013,NA,NA,0.768523067632265
"PHMRC","UP","mild","gbql_50","LCVA",NA,"batch1",1014,NA,NA,0.743103296470216
"PHMRC","UP","mild","gbql_50","LCVA",NA,"batch1",1015,NA,NA,0.777113383593217
"PHMRC","UP","mild","gbql_50","LCVA",NA,"batch1",1016,NA,NA,0.772947197957167
"PHMRC","UP","mild","gbql_50","LCVA",NA,"batch1",1017,NA,NA,0.755165389651441
"PHMRC","UP","mild","gbql_50","LCVA",NA,"batch1",1018,NA,NA,0.737072532652515
"PHMRC","UP","mild","gbql_50","LCVA",NA,"batch1",1019,NA,NA,0.662690305104405
"PHMRC","UP","mild","gbql_50","LCVA",NA,"batch1",1020,NA,NA,0.656325911851629
"PHMRC","UP","mild","gbql_50","LCVA",NA,"batch1",1021,NA,NA,0.664814050896454
"PHMRC","UP","mild","gbql_50","LCVA",NA,"batch1",1022,NA,NA,0.757098623219408
"PHMRC","UP","mild","gbql_50","LCVA",NA,"batch1",1023,NA,NA,0.687907138078629
"PHMRC","UP","mild","gbql_50","LCVA",NA,"batch1",1024,NA,NA,0.778127796496374
"PHMRC","UP","mild","gbql_50","LCVA",NA,"batch1",1025,NA,NA,0.769101480120412
"PHMRC","UP","mild","gbql_50","LCVA",NA,"batch1",1026,NA,NA,0.785389610435483
"PHMRC","UP","mild","gbql_50","LCVA",NA,"batch1",1027,NA,NA,0.761800828480626
"PHMRC","UP","mild","gbql_50","LCVA",NA,"batch1",1028,NA,NA,0.769484429289102
"PHMRC","UP","mild","gbql_50","LCVA",NA,"batch1",1029,NA,NA,0.701214708110753
"PHMRC","UP","mild","gbql_50","LCVA",NA,"batch1",1030,NA,NA,0.728008323138989
"PHMRC","AP","mild","local_avg","LCVA",NA,"batch1",1001,0.163344051446945,0.206960787370311,0.39262757979853
"PHMRC","AP","mild","local_avg","LCVA",NA,"batch1",1002,0.214147909967846,0.205288125160658,0.503981757247205
"PHMRC","AP","mild","local_avg","LCVA",NA,"batch1",1003,0.208360128617363,0.181100382893627,0.432219005145884
"PHMRC","AP","mild","local_avg","LCVA",NA,"batch1",1004,0.192926045016077,0.185668594319448,0.400899495462503
"PHMRC","AP","mild","local_avg","LCVA",NA,"batch1",1005,0.209646302250804,0.18523275999363,0.543697576216237
"PHMRC","AP","mild","local_avg","LCVA",NA,"batch1",1006,0.143408360128617,0.172889244640164,0.366941921396109
"PHMRC","AP","mild","local_avg","LCVA",NA,"batch1",1007,0.179421221864952,0.182558545186629,0.484082273842227
"PHMRC","AP","mild","local_avg","LCVA",NA,"batch1",1008,0.177491961414791,0.192351109668714,0.516089139626821
"PHMRC","AP","mild","local_avg","LCVA",NA,"batch1",1009,0.178778135048232,0.177988170243913,0.484094270764693
"PHMRC","AP","mild","local_avg","LCVA",NA,"batch1",1010,0.160771704180064,0.169611602765439,0.379464580007061
"PHMRC","AP","mild","local_avg","LCVA",NA,"batch1",1011,0.22379421221865,0.168887624203216,0.49645712497562
"PHMRC","AP","mild","local_avg","LCVA",NA,"batch1",1012,0.138263665594855,0.168956839196609,0.393251084322192
"PHMRC","AP","mild","local_avg","LCVA",NA,"batch1",1013,0.143408360128617,0.187754929320456,0.37775909885951
"PHMRC","AP","mild","local_avg","LCVA",NA,"batch1",1014,0.162057877813505,0.205950448015463,0.404371227503295
"PHMRC","AP","mild","local_avg","LCVA",NA,"batch1",1015,0.144694533762058,0.163130026835909,0.387581526919507
"PHMRC","AP","mild","local_avg","LCVA",NA,"batch1",1016,0.197427652733119,0.188485944549182,0.480246664065749
"PHMRC","AP","mild","local_avg","LCVA",NA,"batch1",1017,0.133762057877814,0.20470062466773,0.417182919563769
"PHMRC","AP","mild","local_avg","LCVA",NA,"batch1",1018,0.142765273311897,0.167414474060369,0.335703206244645
"PHMRC","AP","mild","local_avg","LCVA",NA,"batch1",1019,0.17491961414791,0.182309419668109,0.490208254484912
"PHMRC","AP","mild","local_avg","LCVA",NA,"batch1",1020,0.156270096463023,0.184213783088107,0.384073669582252
"PHMRC","AP","mild","local_avg","LCVA",NA,"batch1",1021,0.185209003215434,0.211293742100194,0.492097401474515
"PHMRC","AP","mild","local_avg","LCVA",NA,"batch1",1022,0.197427652733119,0.203740813127747,0.447702718614021
"PHMRC","AP","mild","local_avg","LCVA",NA,"batch1",1023,0.22508038585209,0.202003471680891,0.369234958185723
"PHMRC","AP","mild","local_avg","LCVA",NA,"batch1",1024,0.227652733118971,0.194763271577788,0.496747642921627
"PHMRC","AP","mild","local_avg","LCVA",NA,"batch1",1025,0.090032154340836,0.146079662251039,0.350743970249991
"PHMRC","AP","mild","local_avg","LCVA",NA,"batch1",1026,0.171704180064309,0.177398153290423,0.478592417931549
"PHMRC","AP","mild","local_avg","LCVA",NA,"batch1",1027,0.222508038585209,0.169782454986206,0.460632795857416
"PHMRC","AP","mild","local_avg","LCVA",NA,"batch1",1028,0.15112540192926,0.169176259443757,0.457200045075098
"PHMRC","AP","mild","local_avg","LCVA",NA,"batch1",1029,0.194855305466238,0.215153951877212,0.401553253397671
"PHMRC","AP","mild","local_avg","LCVA",NA,"batch1",1030,0.183922829581994,0.175445328929364,0.521752553470309
"PHMRC","Bohol","mild","local_avg","LCVA",NA,"batch1",1001,0.196825396825397,0.157234360289916,0.481169392371857
"PHMRC","Bohol","mild","local_avg","LCVA",NA,"batch1",1002,0.16984126984127,0.174584930942074,0.423165713090011
"PHMRC","Bohol","mild","local_avg","LCVA",NA,"batch1",1003,0.19047619047619,0.205156196660073,0.316779966049272
"PHMRC","Bohol","mild","local_avg","LCVA",NA,"batch1",1004,0.11984126984127,0.129806195266722,0.27598748270905
"PHMRC","Bohol","mild","local_avg","LCVA",NA,"batch1",1005,0.171428571428571,0.168088375492511,0.432831053136878
"PHMRC","Bohol","mild","local_avg","LCVA",NA,"batch1",1006,0.227777777777778,0.190285267268963,0.450707923423615
"PHMRC","Bohol","mild","local_avg","LCVA",NA,"batch1",1007,0.131746031746032,0.171634370734371,0.407307916173504
"PHMRC","Bohol","mild","local_avg","LCVA",NA,"batch1",1008,0.192857142857143,0.180193474197999,0.51222603445968
"PHMRC","Bohol","mild","local_avg","LCVA",NA,"batch1",1009,0.132539682539683,0.199151413429529,0.415380745645478
"PHMRC","Bohol","mild","local_avg","LCVA",NA,"batch1",1010,0.191269841269841,0.17316063864451,0.325980229290895
"PHMRC","Bohol","mild","local_avg","LCVA",NA,"batch1",1011,0.173809523809524,0.1662035002035,0.360478545326832
"PHMRC","Bohol","mild","local_avg","LCVA",NA,"batch1",1012,0.158730158730159,0.174984254251496,0.405738925583369
"PHMRC","Bohol","mild","local_avg","LCVA",NA,"batch1",1013,0.183333333333333,0.160563180983349,0.347448176160842
"PHMRC","Bohol","mild","local_avg","LCVA",NA,"batch1",1014,0.187301587301587,0.183768484601818,0.389684229353487
"PHMRC","Bohol","mild","local_avg","LCVA",NA,"batch1",1015,0.193650793650794,0.152360028409724,0.458033691118201
"PHMRC","Bohol","mild","local_avg","LCVA",NA,"batch1",1016,0.19047619047619,0.169501710940787,0.418959711644097
"PHMRC","Bohol","mild","local_avg","LCVA",NA,"batch1",1017,0.169047619047619,0.150580327080327,0.447531048261522
"PHMRC","Bohol","mild","local_avg","LCVA",NA,"batch1",1018,0.216666666666667,0.194998354519044,0.328061726853094
"PHMRC","Bohol","mild","local_avg","LCVA",NA,"batch1",1019,0.182539682539683,0.175081223823343,0.465711941440041
"PHMRC","Bohol","mild","local_avg","LCVA",NA,"batch1",1020,0.203174603174603,0.164165508232278,0.394501328375169
"PHMRC","Bohol","mild","local_avg","LCVA",NA,"batch1",1021,0.118253968253968,0.164810225360562,0.389655169914407
"PHMRC","Bohol","mild","local_avg","LCVA",NA,"batch1",1022,0.184126984126984,0.1865426445982,0.416552903875641
"PHMRC","Bohol","mild","local_avg","LCVA",NA,"batch1",1023,0.243650793650794,0.183769199987687,0.449936079120306
"PHMRC","Bohol","mild","local_avg","LCVA",NA,"batch1",1024,0.107142857142857,0.148820827320827,0.257179075212392
"PHMRC","Bohol","mild","local_avg","LCVA",NA,"batch1",1025,0.15952380952381,0.143787434787435,0.407059749422716
"PHMRC","Bohol","mild","local_avg","LCVA",NA,"batch1",1026,0.176190476190476,0.171305165873117,0.385221734098249
"PHMRC","Bohol","mild","local_avg","LCVA",NA,"batch1",1027,0.13015873015873,0.164144499178982,0.337175106424688
"PHMRC","Bohol","mild","local_avg","LCVA",NA,"batch1",1028,0.203968253968254,0.194829017296671,0.458337752997195
"PHMRC","Bohol","mild","local_avg","LCVA",NA,"batch1",1029,0.141269841269841,0.166718163919581,0.335347973560205
"PHMRC","Bohol","mild","local_avg","LCVA",NA,"batch1",1030,0.148412698412698,0.134486813373368,0.38464391496495
"PHMRC","Dar","mild","local_avg","LCVA",NA,"batch1",1001,0.136811594202899,0.128711088791734,0.402369008583422
"PHMRC","Dar","mild","local_avg","LCVA",NA,"batch1",1002,0.100869565217391,0.147137501570067,0.370243213646213
"PHMRC","Dar","mild","local_avg","LCVA",NA,"batch1",1003,0.164057971014493,0.160904861422103,0.359983938099838
"PHMRC","Dar","mild","local_avg","LCVA",NA,"batch1",1004,0.0881159420289855,0.13767647244199,0.31504221453017
"PHMRC","Dar","mild","local_avg","LCVA",NA,"batch1",1005,0.16695652173913,0.151370827741275,0.474643188292901
"PHMRC","Dar","mild","local_avg","LCVA",NA,"batch1",1006,0.171014492753623,0.149577591865617,0.403808410305391
"PHMRC","Dar","mild","local_avg","LCVA",NA,"batch1",1007,0.236521739130435,0.156612066752692,0.538420186219207
"PHMRC","Dar","mild","local_avg","LCVA",NA,"batch1",1008,0.146086956521739,0.123269663398725,0.435160228364392
"PHMRC","Dar","mild","local_avg","LCVA",NA,"batch1",1009,0.140289855072464,0.124952741593058,0.365199458404067
"PHMRC","Dar","mild","local_avg","LCVA",NA,"batch1",1010,0.11536231884058,0.170248801443654,0.329785683747468
"PHMRC","Dar","mild","local_avg","LCVA",NA,"batch1",1011,0.137391304347826,0.153820032010335,0.408075087736807
"PHMRC","Dar","mild","local_avg","LCVA",NA,"batch1",1012,0.0904347826086957,0.0890423543816177,0.377504756154587
"PHMRC","Dar","mild","local_avg","LCVA",NA,"batch1",1013,0.154782608695652,0.165381234455987,0.276407659015818
"PHMRC","Dar","mild","local_avg","LCVA",NA,"batch1",1014,0.127536231884058,0.158389318592158,0.396332038449139
"PHMRC","Dar","mild","local_avg","LCVA",NA,"batch1",1015,0.139130434782609,0.119118023553507,0.404155753230843
"PHMRC","Dar","mild","local_avg","LCVA",NA,"batch1",1016,0.131594202898551,0.13718637313743,0.397929997043807
"PHMRC","Dar","mild","local_avg","LCVA",NA,"batch1",1017,0.188985507246377,0.177876250186595,0.379248288821466
"PHMRC","Dar","mild","local_avg","LCVA",NA,"batch1",1018,0.133913043478261,0.159623438711961,0.339329437602906
"PHMRC","Dar","mild","local_avg","LCVA",NA,"batch1",1019,0.209855072463768,0.168867452808629,0.527062303023245
"PHMRC","Dar","mild","local_avg","LCVA",NA,"batch1",1020,0.171594202898551,0.150045755011272,0.474640922215219
"PHMRC","Dar","mild","local_avg","LCVA",NA,"batch1",1021,0.110724637681159,0.144355225578882,0.441143246229578
"PHMRC","Dar","mild","local_avg","LCVA",NA,"batch1",1022,0.127536231884058,0.174789394734455,0.415678334833695
"PHMRC","Dar","mild","local_avg","LCVA",NA,"batch1",1023,0.217971014492754,0.150057483211969,0.316642211004251
"PHMRC","Dar","mild","local_avg","LCVA",NA,"batch1",1024,0.222028985507246,0.156437764744216,0.496084457806503
"PHMRC","Dar","mild","local_avg","LCVA",NA,"batch1",1025,0.171014492753623,0.159904599153376,0.379500879882974
"PHMRC","Dar","mild","local_avg","LCVA",NA,"batch1",1026,0.171594202898551,0.17339600503663,0.400349985882198
"PHMRC","Dar","mild","local_avg","LCVA",NA,"batch1",1027,0.143188405797101,0.123489584797551,0.374798843740311
"PHMRC","Dar","mild","local_avg","LCVA",NA,"batch1",1028,0.153623188405797,0.159653128026463,0.420268351813486
"PHMRC","Dar","mild","local_avg","LCVA",NA,"batch1",1029,0.130434782608696,0.166615243151198,0.392664188408658
"PHMRC","Dar","mild","local_avg","LCVA",NA,"batch1",1030,0.139710144927536,0.184066232430894,0.429883258957417
"PHMRC","Mexico","mild","local_avg","LCVA",NA,"batch1",1001,0.173501577287066,0.135070043429057,0.38354824723682
"PHMRC","Mexico","mild","local_avg","LCVA",NA,"batch1",1002,0.187381703470032,0.177818439816118,0.474334169782208
"PHMRC","Mexico","mild","local_avg","LCVA",NA,"batch1",1003,0.159621451104101,0.18681170537537,0.434425276132544
"PHMRC","Mexico","mild","local_avg","LCVA",NA,"batch1",1004,0.20820189274448,0.164828779665467,0.503262090495501
"PHMRC","Mexico","mild","local_avg","LCVA",NA,"batch1",1005,0.148895899053628,0.151377791148357,0.472819460036119
"PHMRC","Mexico","mild","local_avg","LCVA",NA,"batch1",1006,0.145741324921136,0.174229948550435,0.416470006843867
"PHMRC","Mexico","mild","local_avg","LCVA",NA,"batch1",1007,0.113564668769716,0.126602975609774,0.476619384705715
"PHMRC","Mexico","mild","local_avg","LCVA",NA,"batch1",1008,0.225867507886435,0.178473264345077,0.539469956796453
"PHMRC","Mexico","mild","local_avg","LCVA",NA,"batch1",1009,0.138801261829653,0.177264263926705,0.329999528365604
"PHMRC","Mexico","mild","local_avg","LCVA",NA,"batch1",1010,0.173501577287066,0.160785897635598,0.428764783563931
"PHMRC","Mexico","mild","local_avg","LCVA",NA,"batch1",1011,0.158990536277603,0.192408421273528,0.518220482894997
"PHMRC","Mexico","mild","local_avg","LCVA",NA,"batch1",1012,0.189274447949527,0.157905001309607,0.479029169959997
"PHMRC","Mexico","mild","local_avg","LCVA",NA,"batch1",1013,0.112933753943218,0.145086860248158,0.372243396197079
"PHMRC","Mexico","mild","local_avg","LCVA",NA,"batch1",1014,0.114826498422713,0.165853672382444,0.444786998395026
"PHMRC","Mexico","mild","local_avg","LCVA",NA,"batch1",1015,0.158359621451104,0.159103968219353,0.478186449844549
"PHMRC","Mexico","mild","local_avg","LCVA",NA,"batch1",1016,0.177287066246057,0.182878000407115,0.411133744419737
"PHMRC","Mexico","mild","local_avg","LCVA",NA,"batch1",1017,0.141955835962145,0.153907198550363,0.458715649264732
"PHMRC","Mexico","mild","local_avg","LCVA",NA,"batch1",1018,0.106624605678233,0.158609832871908,0.401405338513233
"PHMRC","Mexico","mild","local_avg","LCVA",NA,"batch1",1019,0.21198738170347,0.150456401835712,0.52936628347455
"PHMRC","Mexico","mild","local_avg","LCVA",NA,"batch1",1020,0.205047318611987,0.147619939700822,0.495441529784629
"PHMRC","Mexico","mild","local_avg","LCVA",NA,"batch1",1021,0.170347003154574,0.163659052050676,0.41342357648286
"PHMRC","Mexico","mild","local_avg","LCVA",NA,"batch1",1022,0.125552050473186,0.15651598029307,0.431823325199402
"PHMRC","Mexico","mild","local_avg","LCVA",NA,"batch1",1023,0.159621451104101,0.166974206349206,0.350136354986291
"PHMRC","Mexico","mild","local_avg","LCVA",NA,"batch1",1024,0.14384858044164,0.183228397276578,0.423701226079534
"PHMRC","Mexico","mild","local_avg","LCVA",NA,"batch1",1025,0.112933753943218,0.143277640801137,0.37447691064942
"PHMRC","Mexico","mild","local_avg","LCVA",NA,"batch1",1026,0.160252365930599,0.15097604268878,0.469766658925055
"PHMRC","Mexico","mild","local_avg","LCVA",NA,"batch1",1027,0.177917981072555,0.148727904054476,0.424909016122453
"PHMRC","Mexico","mild","local_avg","LCVA",NA,"batch1",1028,0.169716088328076,0.161826546117491,0.483924123025913
"PHMRC","Mexico","mild","local_avg","LCVA",NA,"batch1",1029,0.137539432176656,0.148188840037444,0.407560443554157
"PHMRC","Mexico","mild","local_avg","LCVA",NA,"batch1",1030,0.155205047318612,0.200347903877789,0.451456237836566
"PHMRC","Pemba","mild","local_avg","LCVA",NA,"batch1",1001,0.379661016949153,0.302936507936508,0.531922250475409
"PHMRC","Pemba","mild","local_avg","LCVA",NA,"batch1",1002,0.240677966101695,0.307600732600733,0.502027282670665
"PHMRC","Pemba","mild","local_avg","LCVA",NA,"batch1",1003,0.233898305084746,0.215667903525046,0.328766814300923
"PHMRC","Pemba","mild","local_avg","LCVA",NA,"batch1",1004,0.254237288135593,0.263333333333333,0.4036171898226
"PHMRC","Pemba","mild","local_avg","LCVA",NA,"batch1",1005,0.332203389830508,0.296232339089482,0.389946892765571
"PHMRC","Pemba","mild","local_avg","LCVA",NA,"batch1",1006,0.366101694915254,0.314791666666667,0.529611803454641
"PHMRC","Pemba","mild","local_avg","LCVA",NA,"batch1",1007,0.298305084745763,0.327777777777778,0.442808910232811
"PHMRC","Pemba","mild","local_avg","LCVA",NA,"batch1",1008,0.227118644067797,0.324747474747475,0.228696265293169
"PHMRC","Pemba","mild","local_avg","LCVA",NA,"batch1",1009,0.322033898305085,0.28768262987013,0.615776409374571
"PHMRC","Pemba","mild","local_avg","LCVA",NA,"batch1",1010,0.352542372881356,0.312728937728938,0.473559411781499
"PHMRC","Pemba","mild","local_avg","LCVA",NA,"batch1",1011,0.152542372881356,0.158461538461538,0.374995794181656
"PHMRC","Pemba","mild","local_avg","LCVA",NA,"batch1",1012,0.254237288135593,0.225964349977508,0.510577125878809
"PHMRC","Pemba","mild","local_avg","LCVA",NA,"batch1",1013,0.274576271186441,0.273744588744589,0.607844488299248
"PHMRC","Pemba","mild","local_avg","LCVA",NA,"batch1",1014,0.349152542372881,0.318148518148518,0.345451867522109
"PHMRC","Pemba","mild","local_avg","LCVA",NA,"batch1",1015,0.172881355932203,0.165811965811966,0.363549199958608
"PHMRC","Pemba","mild","local_avg","LCVA",NA,"batch1",1016,0.376271186440678,0.344065934065934,0.482839938342267
"PHMRC","Pemba","mild","local_avg","LCVA",NA,"batch1",1017,0.220338983050847,0.325238095238095,0.453431331321983
"PHMRC","Pemba","mild","local_avg","LCVA",NA,"batch1",1018,0.216949152542373,0.227988215488215,0.339324639560283
"PHMRC","Pemba","mild","local_avg","LCVA",NA,"batch1",1019,0.325423728813559,0.284981684981685,0.454842150034999
"PHMRC","Pemba","mild","local_avg","LCVA",NA,"batch1",1020,0.145762711864407,0.313461538461538,0.238465885177241
"PHMRC","Pemba","mild","local_avg","LCVA",NA,"batch1",1021,0.250847457627119,0.252820512820513,0.383316648246579
"PHMRC","Pemba","mild","local_avg","LCVA",NA,"batch1",1022,0.277966101694915,0.274835164835165,0.536719545586893
"PHMRC","Pemba","mild","local_avg","LCVA",NA,"batch1",1023,0.291525423728814,0.304166666666667,0.590387534084553
"PHMRC","Pemba","mild","local_avg","LCVA",NA,"batch1",1024,0.206779661016949,0.268650793650794,0.383948153040803
"PHMRC","Pemba","mild","local_avg","LCVA",NA,"batch1",1025,0.332203389830508,0.314583333333333,0.36140251593363
"PHMRC","Pemba","mild","local_avg","LCVA",NA,"batch1",1026,0.227118644067797,0.228559622195986,0.375856156803164
"PHMRC","Pemba","mild","local_avg","LCVA",NA,"batch1",1027,0.23728813559322,0.3,0.374187036759805
"PHMRC","Pemba","mild","local_avg","LCVA",NA,"batch1",1028,0.335593220338983,0.322666666666667,0.578083910236616
"PHMRC","Pemba","mild","local_avg","LCVA",NA,"batch1",1029,0.216949152542373,0.2175,0.330331779852805
"PHMRC","Pemba","mild","local_avg","LCVA",NA,"batch1",1030,0.213559322033898,0.197301587301587,0.531608822065635
"PHMRC","UP","mild","local_avg","LCVA",NA,"batch1",1001,0.21830985915493,0.241621584242816,0.417171069503166
"PHMRC","UP","mild","local_avg","LCVA",NA,"batch1",1002,0.232394366197183,0.231001108735465,0.532480497268134
"PHMRC","UP","mild","local_avg","LCVA",NA,"batch1",1003,0.172535211267606,0.195857905645396,0.392034889581269
"PHMRC","UP","mild","local_avg","LCVA",NA,"batch1",1004,0.188732394366197,0.192335797314055,0.334498020569915
"PHMRC","UP","mild","local_avg","LCVA",NA,"batch1",1005,0.23169014084507,0.239937067418783,0.524608986738292
"PHMRC","UP","mild","local_avg","LCVA",NA,"batch1",1006,0.283098591549296,0.222530977912637,0.522782661570487
"PHMRC","UP","mild","local_avg","LCVA",NA,"batch1",1007,0.352112676056338,0.220322893721464,0.672820752447378
"PHMRC","UP","mild","local_avg","LCVA",NA,"batch1",1008,0.198591549295775,0.201258761282291,0.410621837649552
"PHMRC","UP","mild","local_avg","LCVA",NA,"batch1",1009,0.263380281690141,0.231401131312229,0.397498996963784
"PHMRC","UP","mild","local_avg","LCVA",NA,"batch1",1010,0.18943661971831,0.198980649489765,0.382223995350147
"PHMRC","UP","mild","local_avg","LCVA",NA,"batch1",1011,0.248591549295775,0.24156207792486,0.488665554578128
"PHMRC","UP","mild","local_avg","LCVA",NA,"batch1",1012,0.190140845070423,0.23968358030858,0.436656993453028
"PHMRC","UP","mild","local_avg","LCVA",NA,"batch1",1013,0.229577464788732,0.251932427291904,0.372411823817342
"PHMRC","UP","mild","local_avg","LCVA",NA,"batch1",1014,0.220422535211268,0.216059223257199,0.476552881640184
"PHMRC","UP","mild","local_avg","LCVA",NA,"batch1",1015,0.247183098591549,0.220834165583488,0.468926713829342
"PHMRC","UP","mild","local_avg","LCVA",NA,"batch1",1016,0.269014084507042,0.22387769844331,0.522267091243632
"PHMRC","UP","mild","local_avg","LCVA",NA,"batch1",1017,0.223239436619718,0.219114496585859,0.474931425883102
"PHMRC","UP","mild","local_avg","LCVA",NA,"batch1",1018,0.245070422535211,0.193732195595061,0.480143210502529
"PHMRC","UP","mild","local_avg","LCVA",NA,"batch1",1019,0.226760563380282,0.254610924055369,0.500201200287089
"PHMRC","UP","mild","local_avg","LCVA",NA,"batch1",1020,0.177464788732394,0.202407470116091,0.458846730045826
"PHMRC","UP","mild","local_avg","LCVA",NA,"batch1",1021,0.195774647887324,0.223087995789145,0.464065319800007
"PHMRC","UP","mild","local_avg","LCVA",NA,"batch1",1022,0.223239436619718,0.223116388979834,0.467255036078481
"PHMRC","UP","mild","local_avg","LCVA",NA,"batch1",1023,0.263380281690141,0.220137993693549,0.376471946433488
"PHMRC","UP","mild","local_avg","LCVA",NA,"batch1",1024,0.297183098591549,0.214605440495318,0.527965957575346
"PHMRC","UP","mild","local_avg","LCVA",NA,"batch1",1025,0.254929577464789,0.239160897804689,0.502789897656223
"PHMRC","UP","mild","local_avg","LCVA",NA,"batch1",1026,0.202112676056338,0.222773786043017,0.460366930758096
"PHMRC","UP","mild","local_avg","LCVA",NA,"batch1",1027,0.21830985915493,0.21596169487862,0.398799933039116
"PHMRC","UP","mild","local_avg","LCVA",NA,"batch1",1028,0.199295774647887,0.222789318397334,0.480315024774489
"PHMRC","UP","mild","local_avg","LCVA",NA,"batch1",1029,0.252112676056338,0.245763261646303,0.573760827386118
"PHMRC","UP","mild","local_avg","LCVA",NA,"batch1",1030,0.202112676056338,0.249787717831119,0.424835911506317
"PHMRC","AP","mild","local_self","LCVA",NA,"batch1",1001,0.202572347266881,0.237818143528341,0.412453990819912
"PHMRC","AP","mild","local_self","LCVA",NA,"batch1",1002,0.247588424437299,0.291477592217724,0.443277662209131
"PHMRC","AP","mild","local_self","LCVA",NA,"batch1",1003,0.279742765273312,0.260428459387574,0.500981297473391
"PHMRC","AP","mild","local_self","LCVA",NA,"batch1",1004,0.234726688102894,0.301256739254842,0.405725590079154
"PHMRC","AP","mild","local_self","LCVA",NA,"batch1",1005,0.279742765273312,0.279043549043549,0.530400530198764
"PHMRC","AP","mild","local_self","LCVA",NA,"batch1",1006,0.270096463022508,0.255611751912303,0.464394828701072
"PHMRC","AP","mild","local_self","LCVA",NA,"batch1",1007,0.273311897106109,0.289682925830933,0.436871976649613
"PHMRC","AP","mild","local_self","LCVA",NA,"batch1",1008,0.331189710610932,0.282825825112576,0.55827744866339
"PHMRC","AP","mild","local_self","LCVA",NA,"batch1",1009,0.327974276527331,0.302618788811938,0.538774118630079
"PHMRC","AP","mild","local_self","LCVA",NA,"batch1",1010,0.270096463022508,0.297380180656921,0.457257942206156
"PHMRC","AP","mild","local_self","LCVA",NA,"batch1",1011,0.363344051446945,0.253560065205493,0.584024487726829
"PHMRC","AP","mild","local_self","LCVA",NA,"batch1",1012,0.141479099678457,0.210553498788793,0.33024027863878
"PHMRC","AP","mild","local_self","LCVA",NA,"batch1",1013,0.212218649517685,0.279568705861067,0.409867993408552
"PHMRC","AP","mild","local_self","LCVA",NA,"batch1",1014,0.244372990353698,0.267001527883881,0.467012132024731
"PHMRC","AP","mild","local_self","LCVA",NA,"batch1",1015,0.202572347266881,0.275842164371576,0.405015218667224
"PHMRC","AP","mild","local_self","LCVA",NA,"batch1",1016,0.237942122186495,0.281435898545687,0.456759818042512
"PHMRC","AP","mild","local_self","LCVA",NA,"batch1",1017,0.202572347266881,0.314903143274854,0.426913070614556
"PHMRC","AP","mild","local_self","LCVA",NA,"batch1",1018,0.115755627009646,0.267319552800497,0.295741033204967
"PHMRC","AP","mild","local_self","LCVA",NA,"batch1",1019,0.263665594855305,0.301919369986371,0.463563992102852
"PHMRC","AP","mild","local_self","LCVA",NA,"batch1",1020,0.32475884244373,0.258707688997716,0.527165148757829
"PHMRC","AP","mild","local_self","LCVA",NA,"batch1",1021,0.254019292604502,0.250426097200291,0.512525373590161
"PHMRC","AP","mild","local_self","LCVA",NA,"batch1",1022,0.221864951768489,0.27307414415824,0.44515220644065
"PHMRC","AP","mild","local_self","LCVA",NA,"batch1",1023,0.273311897106109,0.298639801059156,0.450267350199707
"PHMRC","AP","mild","local_self","LCVA",NA,"batch1",1024,0.369774919614148,0.301423108882786,0.609965070238609
"PHMRC","AP","mild","local_self","LCVA",NA,"batch1",1025,0.12540192926045,0.217112424787947,0.327081177515109
"PHMRC","AP","mild","local_self","LCVA",NA,"batch1",1026,0.189710610932476,0.244072064631275,0.39377201558403
"PHMRC","AP","mild","local_self","LCVA",NA,"batch1",1027,0.247588424437299,0.236925832763429,0.425323356938553
"PHMRC","AP","mild","local_self","LCVA",NA,"batch1",1028,0.257234726688103,0.291697621607667,0.429095749405975
"PHMRC","AP","mild","local_self","LCVA",NA,"batch1",1029,0.263665594855305,0.337857775124329,0.426338739432546
"PHMRC","AP","mild","local_self","LCVA",NA,"batch1",1030,0.273311897106109,0.312488886752867,0.486028388475246
"PHMRC","Bohol","mild","local_self","LCVA",NA,"batch1",1001,0.242063492063492,0.199160664438442,0.45040707981541
"PHMRC","Bohol","mild","local_self","LCVA",NA,"batch1",1002,0.126984126984127,0.124818594104308,0.3437564758868
"PHMRC","Bohol","mild","local_self","LCVA",NA,"batch1",1003,0.119047619047619,0.191907475240809,0.273113326475438
"PHMRC","Bohol","mild","local_self","LCVA",NA,"batch1",1004,0.0793650793650794,0.131193806193806,0.231213202814814
"PHMRC","Bohol","mild","local_self","LCVA",NA,"batch1",1005,0.19047619047619,0.187824758783405,0.411754565728914
"PHMRC","Bohol","mild","local_self","LCVA",NA,"batch1",1006,0.238095238095238,0.153566919191919,0.456812552816399
"PHMRC","Bohol","mild","local_self","LCVA",NA,"batch1",1007,0.158730158730159,0.143845598845599,0.42900707688151
"PHMRC","Bohol","mild","local_self","LCVA",NA,"batch1",1008,0.25,0.211457695473041,0.488961594514555
"PHMRC","Bohol","mild","local_self","LCVA",NA,"batch1",1009,0.162698412698413,0.176221650689736,0.448554989550214
"PHMRC","Bohol","mild","local_self","LCVA",NA,"batch1",1010,0.103174603174603,0.118817204301075,0.291544966300487
"PHMRC","Bohol","mild","local_self","LCVA",NA,"batch1",1011,0.115079365079365,0.155701058201058,0.29774360064395
"PHMRC","Bohol","mild","local_self","LCVA",NA,"batch1",1012,0.194444444444444,0.188869321038439,0.474219724981574
"PHMRC","Bohol","mild","local_self","LCVA",NA,"batch1",1013,0.178571428571429,0.182528139460913,0.345383372124817
"PHMRC","Bohol","mild","local_self","LCVA",NA,"batch1",1014,0.178571428571429,0.208616537783204,0.408195266380827
"PHMRC","Bohol","mild","local_self","LCVA",NA,"batch1",1015,0.142857142857143,0.136759169948825,0.424220842345341
"PHMRC","Bohol","mild","local_self","LCVA",NA,"batch1",1016,0.246031746031746,0.184772370486656,0.494322825181203
"PHMRC","Bohol","mild","local_self","LCVA",NA,"batch1",1017,0.158730158730159,0.140295815295815,0.392823612928743
"PHMRC","Bohol","mild","local_self","LCVA",NA,"batch1",1018,0.0912698412698413,0.177232046369977,0.30782249122969
"PHMRC","Bohol","mild","local_self","LCVA",NA,"batch1",1019,0.178571428571429,0.177821262913768,0.403212178097398
"PHMRC","Bohol","mild","local_self","LCVA",NA,"batch1",1020,0.214285714285714,0.137810559006211,0.41607517619145
"PHMRC","Bohol","mild","local_self","LCVA",NA,"batch1",1021,0.123015873015873,0.144953592722355,0.294664347166205
"PHMRC","Bohol","mild","local_self","LCVA",NA,"batch1",1022,0.238095238095238,0.160935874824764,0.54435958677142
"PHMRC","Bohol","mild","local_self","LCVA",NA,"batch1",1023,0.21031746031746,0.177583725798012,0.436316897529122
"PHMRC","Bohol","mild","local_self","LCVA",NA,"batch1",1024,0.0595238095238095,0.202857142857143,0.212750294868483
"PHMRC","Bohol","mild","local_self","LCVA",NA,"batch1",1025,0.130952380952381,0.159436396936397,0.367707401958785
"PHMRC","Bohol","mild","local_self","LCVA",NA,"batch1",1026,0.166666666666667,0.164844749570916,0.386238816757942
"PHMRC","Bohol","mild","local_self","LCVA",NA,"batch1",1027,0.158730158730159,0.18555829228243,0.355523095840641
"PHMRC","Bohol","mild","local_self","LCVA",NA,"batch1",1028,0.265873015873016,0.230884845595635,0.543139276102536
"PHMRC","Bohol","mild","local_self","LCVA",NA,"batch1",1029,0.166666666666667,0.156803790002171,0.323733990009409
"PHMRC","Bohol","mild","local_self","LCVA",NA,"batch1",1030,0.126984126984127,0.137483839689722,0.362478657826415
"PHMRC","Dar","mild","local_self","LCVA",NA,"batch1",1001,0.139130434782609,0.199376698570247,0.342006380298722
"PHMRC","Dar","mild","local_self","LCVA",NA,"batch1",1002,0.16231884057971,0.181512671356421,0.35262427040896
"PHMRC","Dar","mild","local_self","LCVA",NA,"batch1",1003,0.223188405797101,0.197318007662835,0.373757189232949
"PHMRC","Dar","mild","local_self","LCVA",NA,"batch1",1004,0.133333333333333,0.232668812668813,0.274794032862119
"PHMRC","Dar","mild","local_self","LCVA",NA,"batch1",1005,0.176811594202899,0.204916693612346,0.394161794833721
"PHMRC","Dar","mild","local_self","LCVA",NA,"batch1",1006,0.127536231884058,0.212557521376057,0.287583450135244
"PHMRC","Dar","mild","local_self","LCVA",NA,"batch1",1007,0.240579710144928,0.170116341991342,0.494112372279263
"PHMRC","Dar","mild","local_self","LCVA",NA,"batch1",1008,0.182608695652174,0.195011991991397,0.385391872591018
"PHMRC","Dar","mild","local_self","LCVA",NA,"batch1",1009,0.2,0.221709614496176,0.346538720893035
"PHMRC","Dar","mild","local_self","LCVA",NA,"batch1",1010,0.0898550724637681,0.221354166666667,0.242712073098563
"PHMRC","Dar","mild","local_self","LCVA",NA,"batch1",1011,0.197101449275362,0.241586088878109,0.418050670054946
"PHMRC","Dar","mild","local_self","LCVA",NA,"batch1",1012,0.176811594202899,0.118651306676517,0.385658861325414
"PHMRC","Dar","mild","local_self","LCVA",NA,"batch1",1013,0.0608695652173913,0.191386217948718,0.218324874919386
"PHMRC","Dar","mild","local_self","LCVA",NA,"batch1",1014,0.194202898550725,0.250317540809427,0.371149487645555
"PHMRC","Dar","mild","local_self","LCVA",NA,"batch1",1015,0.144927536231884,0.146905819363744,0.367204595420594
"PHMRC","Dar","mild","local_self","LCVA",NA,"batch1",1016,0.104347826086957,0.157616241285596,0.313683212739939
"PHMRC","Dar","mild","local_self","LCVA",NA,"batch1",1017,0.197101449275362,0.21105886450714,0.379699272076332
"PHMRC","Dar","mild","local_self","LCVA",NA,"batch1",1018,0.0811594202898551,0.177212572373863,0.247703208640736
"PHMRC","Dar","mild","local_self","LCVA",NA,"batch1",1019,0.321739130434783,0.245294753245121,0.600919284220032
"PHMRC","Dar","mild","local_self","LCVA",NA,"batch1",1020,0.292753623188406,0.236255411255411,0.489670655612262
"PHMRC","Dar","mild","local_self","LCVA",NA,"batch1",1021,0.139130434782609,0.185372574955908,0.304090872696754
"PHMRC","Dar","mild","local_self","LCVA",NA,"batch1",1022,0.197101449275362,0.223687046835195,0.42667139512406
"PHMRC","Dar","mild","local_self","LCVA",NA,"batch1",1023,0.240579710144928,0.179141353640797,0.418054738081956
"PHMRC","Dar","mild","local_self","LCVA",NA,"batch1",1024,0.307246376811594,0.244081948517432,0.497509684552541
"PHMRC","Dar","mild","local_self","LCVA",NA,"batch1",1025,0.168115942028985,0.218626017658525,0.362042073318357
"PHMRC","Dar","mild","local_self","LCVA",NA,"batch1",1026,0.194202898550725,0.154531926406926,0.4100720737244
"PHMRC","Dar","mild","local_self","LCVA",NA,"batch1",1027,0.171014492753623,0.18856285420043,0.342019384442577
"PHMRC","Dar","mild","local_self","LCVA",NA,"batch1",1028,0.228985507246377,0.229405478881595,0.387328814719175
"PHMRC","Dar","mild","local_self","LCVA",NA,"batch1",1029,0.144927536231884,0.19131771181417,0.323977788377797
"PHMRC","Dar","mild","local_self","LCVA",NA,"batch1",1030,0.211594202898551,0.253682799030543,0.375493339932779
"PHMRC","Mexico","mild","local_self","LCVA",NA,"batch1",1001,0.22397476340694,0.198535507503249,0.490737805382164
"PHMRC","Mexico","mild","local_self","LCVA",NA,"batch1",1002,0.236593059936909,0.217490662931839,0.500841904792852
"PHMRC","Mexico","mild","local_self","LCVA",NA,"batch1",1003,0.22397476340694,0.201979917080849,0.429487245677488
"PHMRC","Mexico","mild","local_self","LCVA",NA,"batch1",1004,0.290220820189274,0.235152526720417,0.592956224196176
"PHMRC","Mexico","mild","local_self","LCVA",NA,"batch1",1005,0.186119873817035,0.25034881576235,0.461795607322385
"PHMRC","Mexico","mild","local_self","LCVA",NA,"batch1",1006,0.167192429022082,0.240122234087751,0.434060362811367
"PHMRC","Mexico","mild","local_self","LCVA",NA,"batch1",1007,0.17981072555205,0.24659831608269,0.498492764329854
"PHMRC","Mexico","mild","local_self","LCVA",NA,"batch1",1008,0.369085173501577,0.289765147609827,0.643920875672072
"PHMRC","Mexico","mild","local_self","LCVA",NA,"batch1",1009,0.220820189274448,0.26187119584676,0.406581618389859
"PHMRC","Mexico","mild","local_self","LCVA",NA,"batch1",1010,0.233438485804416,0.216921328296891,0.510480541408681
"PHMRC","Mexico","mild","local_self","LCVA",NA,"batch1",1011,0.239747634069401,0.274876991328897,0.561800663271651
"PHMRC","Mexico","mild","local_self","LCVA",NA,"batch1",1012,0.340694006309148,0.250690908485531,0.574251500845771
"PHMRC","Mexico","mild","local_self","LCVA",NA,"batch1",1013,0.1198738170347,0.160817911694183,0.357248517767013
"PHMRC","Mexico","mild","local_self","LCVA",NA,"batch1",1014,0.192429022082019,0.279714437609174,0.480312409870741
"PHMRC","Mexico","mild","local_self","LCVA",NA,"batch1",1015,0.255520504731861,0.233812768428153,0.574766325388707
"PHMRC","Mexico","mild","local_self","LCVA",NA,"batch1",1016,0.280757097791798,0.273650050688665,0.568576026880684
"PHMRC","Mexico","mild","local_self","LCVA",NA,"batch1",1017,0.167192429022082,0.20368030270579,0.444834632849623
"PHMRC","Mexico","mild","local_self","LCVA",NA,"batch1",1018,0.145110410094637,0.223574487266171,0.411276035158083
"PHMRC","Mexico","mild","local_self","LCVA",NA,"batch1",1019,0.356466876971609,0.23978411435308,0.643781882529757
"PHMRC","Mexico","mild","local_self","LCVA",NA,"batch1",1020,0.296529968454259,0.291322117425059,0.550840492646314
"PHMRC","Mexico","mild","local_self","LCVA",NA,"batch1",1021,0.186119873817035,0.259057290777721,0.452282570675795
"PHMRC","Mexico","mild","local_self","LCVA",NA,"batch1",1022,0.201892744479495,0.263385811528226,0.524179857058217
"PHMRC","Mexico","mild","local_self","LCVA",NA,"batch1",1023,0.173501577287066,0.219231859410431,0.396181305366324
"PHMRC","Mexico","mild","local_self","LCVA",NA,"batch1",1024,0.17981072555205,0.289857834214303,0.432170921222859
"PHMRC","Mexico","mild","local_self","LCVA",NA,"batch1",1025,0.17981072555205,0.272981264766979,0.341085397328084
"PHMRC","Mexico","mild","local_self","LCVA",NA,"batch1",1026,0.264984227129338,0.235812480433223,0.589197870440817
"PHMRC","Mexico","mild","local_self","LCVA",NA,"batch1",1027,0.264984227129338,0.224187151590803,0.497008518767949
"PHMRC","Mexico","mild","local_self","LCVA",NA,"batch1",1028,0.195583596214511,0.203527719320558,0.487706555244734
"PHMRC","Mexico","mild","local_self","LCVA",NA,"batch1",1029,0.217665615141956,0.288017164459472,0.451898094859747
"PHMRC","Mexico","mild","local_self","LCVA",NA,"batch1",1030,0.239747634069401,0.299773176002243,0.549277171875202
"PHMRC","Pemba","mild","local_self","LCVA",NA,"batch1",1001,0.355932203389831,0.251587301587302,0.507582240357861
"PHMRC","Pemba","mild","local_self","LCVA",NA,"batch1",1002,0.271186440677966,0.271062271062271,0.489076235473691
"PHMRC","Pemba","mild","local_self","LCVA",NA,"batch1",1003,0.203389830508475,0.152597402597403,0.407264493576369
"PHMRC","Pemba","mild","local_self","LCVA",NA,"batch1",1004,0.152542372881356,0.177777777777778,0.36279966845949
"PHMRC","Pemba","mild","local_self","LCVA",NA,"batch1",1005,0.322033898305085,0.226452119309262,0.459423919176728
"PHMRC","Pemba","mild","local_self","LCVA",NA,"batch1",1006,0.338983050847458,0.2359375,0.548262011512909
"PHMRC","Pemba","mild","local_self","LCVA",NA,"batch1",1007,0.305084745762712,0.321428571428571,0.465807054082662
"PHMRC","Pemba","mild","local_self","LCVA",NA,"batch1",1008,0.0677966101694915,0.155555555555556,0.187790843541642
"PHMRC","Pemba","mild","local_self","LCVA",NA,"batch1",1009,0.322033898305085,0.276278409090909,0.573915710895333
"PHMRC","Pemba","mild","local_self","LCVA",NA,"batch1",1010,0.288135593220339,0.34981684981685,0.46310365536777
"PHMRC","Pemba","mild","local_self","LCVA",NA,"batch1",1011,0.169491525423729,0.123076923076923,0.390961848040926
"PHMRC","Pemba","mild","local_self","LCVA",NA,"batch1",1012,0.288135593220339,0.275106837606838,0.447219692590358
"PHMRC","Pemba","mild","local_self","LCVA",NA,"batch1",1013,0.355932203389831,0.268753865182437,0.658769000411922
"PHMRC","Pemba","mild","local_self","LCVA",NA,"batch1",1014,0.305084745762712,0.292124542124542,0.468124215191218
"PHMRC","Pemba","mild","local_self","LCVA",NA,"batch1",1015,0.152542372881356,0.145299145299145,0.375045252034975
"PHMRC","Pemba","mild","local_self","LCVA",NA,"batch1",1016,0.322033898305085,0.319230769230769,0.446172740837142
"PHMRC","Pemba","mild","local_self","LCVA",NA,"batch1",1017,0.271186440677966,0.303571428571429,0.42697121069407
"PHMRC","Pemba","mild","local_self","LCVA",NA,"batch1",1018,0.152542372881356,0.186026936026936,0.376466408906393
"PHMRC","Pemba","mild","local_self","LCVA",NA,"batch1",1019,0.220338983050847,0.271428571428571,0.381939160399885
"PHMRC","Pemba","mild","local_self","LCVA",NA,"batch1",1020,0.0847457627118644,0.243589743589744,0.207821741824858
"PHMRC","Pemba","mild","local_self","LCVA",NA,"batch1",1021,0.152542372881356,0.211111111111111,0.346600851618924
"PHMRC","Pemba","mild","local_self","LCVA",NA,"batch1",1022,0.203389830508475,0.244322344322344,0.484947942771366
"PHMRC","Pemba","mild","local_self","LCVA",NA,"batch1",1023,0.355932203389831,0.363095238095238,0.507909141462342
"PHMRC","Pemba","mild","local_self","LCVA",NA,"batch1",1024,0.0677966101694915,0.126984126984127,0.28445440774889
"PHMRC","Pemba","mild","local_self","LCVA",NA,"batch1",1025,0.23728813559322,0.256944444444444,0.385410574660542
"PHMRC","Pemba","mild","local_self","LCVA",NA,"batch1",1026,0.322033898305085,0.286225895316804,0.484543841381411
"PHMRC","Pemba","mild","local_self","LCVA",NA,"batch1",1027,0.220338983050847,0.219047619047619,0.391813035370151
"PHMRC","Pemba","mild","local_self","LCVA",NA,"batch1",1028,0.254237288135593,0.233333333333333,0.517693042959068
"PHMRC","Pemba","mild","local_self","LCVA",NA,"batch1",1029,0.254237288135593,0.2375,0.330528106667143
"PHMRC","Pemba","mild","local_self","LCVA",NA,"batch1",1030,0.305084745762712,0.312698412698413,0.529554398449107
"PHMRC","UP","mild","local_self","LCVA",NA,"batch1",1001,0.309859154929577,0.401821681849998,0.526073525324747
"PHMRC","UP","mild","local_self","LCVA",NA,"batch1",1002,0.309859154929577,0.389623302690453,0.565082400796164
"PHMRC","UP","mild","local_self","LCVA",NA,"batch1",1003,0.165492957746479,0.238222930751666,0.387821792737274
"PHMRC","UP","mild","local_self","LCVA",NA,"batch1",1004,0.190140845070423,0.235223491105844,0.338958424655859
"PHMRC","UP","mild","local_self","LCVA",NA,"batch1",1005,0.345070422535211,0.377423423408078,0.530262074290891
"PHMRC","UP","mild","local_self","LCVA",NA,"batch1",1006,0.436619718309859,0.387211319574937,0.630624257879519
"PHMRC","UP","mild","local_self","LCVA",NA,"batch1",1007,0.461267605633803,0.358401551964963,0.771560950409549
"PHMRC","UP","mild","local_self","LCVA",NA,"batch1",1008,0.330985915492958,0.27800466853408,0.501366428116899
"PHMRC","UP","mild","local_self","LCVA",NA,"batch1",1009,0.292253521126761,0.322604350382128,0.430324366531836
"PHMRC","UP","mild","local_self","LCVA",NA,"batch1",1010,0.27112676056338,0.301323389627483,0.45568088157144
"PHMRC","UP","mild","local_self","LCVA",NA,"batch1",1011,0.394366197183099,0.403174603174603,0.589479510757938
"PHMRC","UP","mild","local_self","LCVA",NA,"batch1",1012,0.253521126760563,0.317899981962482,0.463835173510442
"PHMRC","UP","mild","local_self","LCVA",NA,"batch1",1013,0.232394366197183,0.380041152263374,0.345583396194522
"PHMRC","UP","mild","local_self","LCVA",NA,"batch1",1014,0.232394366197183,0.291006815073861,0.480553881351762
"PHMRC","UP","mild","local_self","LCVA",NA,"batch1",1015,0.345070422535211,0.400258589147478,0.517866235253464
"PHMRC","UP","mild","local_self","LCVA",NA,"batch1",1016,0.316901408450704,0.368659165518631,0.521771340064352
"PHMRC","UP","mild","local_self","LCVA",NA,"batch1",1017,0.380281690140845,0.353649644068154,0.577775960858724
"PHMRC","UP","mild","local_self","LCVA",NA,"batch1",1018,0.225352112676056,0.277819840057235,0.428016408031287
"PHMRC","UP","mild","local_self","LCVA",NA,"batch1",1019,0.274647887323944,0.320152138670657,0.517330301896353
"PHMRC","UP","mild","local_self","LCVA",NA,"batch1",1020,0.264084507042254,0.340916666666667,0.453481609793454
"PHMRC","UP","mild","local_self","LCVA",NA,"batch1",1021,0.359154929577465,0.296859049783026,0.576776327282259
"PHMRC","UP","mild","local_self","LCVA",NA,"batch1",1022,0.225352112676056,0.343291900093371,0.44968946507219
"PHMRC","UP","mild","local_self","LCVA",NA,"batch1",1023,0.21830985915493,0.327534605312383,0.366163591805867
"PHMRC","UP","mild","local_self","LCVA",NA,"batch1",1024,0.390845070422535,0.365325670498084,0.612656899242349
"PHMRC","UP","mild","local_self","LCVA",NA,"batch1",1025,0.22887323943662,0.345098903759034,0.445014030536175
"PHMRC","UP","mild","local_self","LCVA",NA,"batch1",1026,0.25,0.324712360289283,0.509596786007304
"PHMRC","UP","mild","local_self","LCVA",NA,"batch1",1027,0.285211267605634,0.392046428381832,0.441022644900936
"PHMRC","UP","mild","local_self","LCVA",NA,"batch1",1028,0.292253521126761,0.357281616350244,0.472878723285261
"PHMRC","UP","mild","local_self","LCVA",NA,"batch1",1029,0.415492957746479,0.395137864085232,0.661041717008115
"PHMRC","UP","mild","local_self","LCVA",NA,"batch1",1030,0.267605633802817,0.392010862700518,0.437228597634764
"PHMRC","AP","mild","lcva_multi","LCVA",NA,"batch1",1001,0.315112540192926,0.31620642693196,0.445762754357794
"PHMRC","AP","mild","lcva_multi","LCVA",NA,"batch1",1002,0.363344051446945,0.325035947239895,0.548498645026625
"PHMRC","AP","mild","lcva_multi","LCVA",NA,"batch1",1003,0.408360128617363,0.32400156814665,0.492363910144323
"PHMRC","AP","mild","lcva_multi","LCVA",NA,"batch1",1004,0.331189710610932,0.327505045028764,0.426328421625906
"PHMRC","AP","mild","lcva_multi","LCVA",NA,"batch1",1005,0.372990353697749,0.311439188830493,0.60627706782795
"PHMRC","AP","mild","lcva_multi","LCVA",NA,"batch1",1006,0.276527331189711,0.285692233624219,0.450742472261749
"PHMRC","AP","mild","lcva_multi","LCVA",NA,"batch1",1007,0.331189710610932,0.351816094510592,0.547567053124152
"PHMRC","AP","mild","lcva_multi","LCVA",NA,"batch1",1008,0.382636655948553,0.389117819063373,0.572273914392249
"PHMRC","AP","mild","lcva_multi","LCVA",NA,"batch1",1009,0.29903536977492,0.290036717982111,0.523173559313743
"PHMRC","AP","mild","lcva_multi","LCVA",NA,"batch1",1010,0.273311897106109,0.259376404557157,0.433703932007349
"PHMRC","AP","mild","lcva_multi","LCVA",NA,"batch1",1011,0.318327974276527,0.252831849975778,0.532928844935271
"PHMRC","AP","mild","lcva_multi","LCVA",NA,"batch1",1012,0.196141479099678,0.254605841018885,0.40352177592671
"PHMRC","AP","mild","lcva_multi","LCVA",NA,"batch1",1013,0.266881028938907,0.248618169742829,0.437379306687211
"PHMRC","AP","mild","lcva_multi","LCVA",NA,"batch1",1014,0.289389067524116,0.304070716005701,0.479905950240263
"PHMRC","AP","mild","lcva_multi","LCVA",NA,"batch1",1015,0.292604501607717,0.298443169031404,0.425417113950897
"PHMRC","AP","mild","lcva_multi","LCVA",NA,"batch1",1016,0.318327974276527,0.316963578864053,0.518681901845681
"PHMRC","AP","mild","lcva_multi","LCVA",NA,"batch1",1017,0.241157556270096,0.30960875199362,0.479325226677514
"PHMRC","AP","mild","lcva_multi","LCVA",NA,"batch1",1018,0.2508038585209,0.256457309053379,0.387859769866214
"PHMRC","AP","mild","lcva_multi","LCVA",NA,"batch1",1019,0.311897106109325,0.337942080901417,0.520279481664357
"PHMRC","AP","mild","lcva_multi","LCVA",NA,"batch1",1020,0.32475884244373,0.303937370944952,0.457298408234894
"PHMRC","AP","mild","lcva_multi","LCVA",NA,"batch1",1021,0.308681672025723,0.340361206893465,0.559132977335012
"PHMRC","AP","mild","lcva_multi","LCVA",NA,"batch1",1022,0.315112540192926,0.323733222702349,0.472068364418077
"PHMRC","AP","mild","lcva_multi","LCVA",NA,"batch1",1023,0.469453376205788,0.329793818503496,0.417544120220998
"PHMRC","AP","mild","lcva_multi","LCVA",NA,"batch1",1024,0.411575562700965,0.327553784610236,0.552819776813859
"PHMRC","AP","mild","lcva_multi","LCVA",NA,"batch1",1025,0.192926045016077,0.268527538132052,0.391446357143118
"PHMRC","AP","mild","lcva_multi","LCVA",NA,"batch1",1026,0.302250803858521,0.359102597877269,0.517297312360747
"PHMRC","AP","mild","lcva_multi","LCVA",NA,"batch1",1027,0.353697749196141,0.262295989311121,0.477445285109319
"PHMRC","AP","mild","lcva_multi","LCVA",NA,"batch1",1028,0.260450160771704,0.284656337055138,0.488427702171598
"PHMRC","AP","mild","lcva_multi","LCVA",NA,"batch1",1029,0.308681672025723,0.390871020603618,0.458011224774352
"PHMRC","AP","mild","lcva_multi","LCVA",NA,"batch1",1030,0.29903536977492,0.331951610756908,0.563630346165875
"PHMRC","Bohol","mild","lcva_multi","LCVA",NA,"batch1",1001,0.26984126984127,0.238707023429246,0.524925995160872
"PHMRC","Bohol","mild","lcva_multi","LCVA",NA,"batch1",1002,0.265873015873016,0.237199288806432,0.497656920482243
"PHMRC","Bohol","mild","lcva_multi","LCVA",NA,"batch1",1003,0.297619047619048,0.300369928664502,0.34636213008376
"PHMRC","Bohol","mild","lcva_multi","LCVA",NA,"batch1",1004,0.202380952380952,0.235443503864557,0.309557826259018
"PHMRC","Bohol","mild","lcva_multi","LCVA",NA,"batch1",1005,0.281746031746032,0.301628896375137,0.476145624821898
"PHMRC","Bohol","mild","lcva_multi","LCVA",NA,"batch1",1006,0.420634920634921,0.344046498704884,0.497065085532439
"PHMRC","Bohol","mild","lcva_multi","LCVA",NA,"batch1",1007,0.261904761904762,0.282268749268749,0.455317053978038
"PHMRC","Bohol","mild","lcva_multi","LCVA",NA,"batch1",1008,0.234126984126984,0.271506768309837,0.554492898224572
"PHMRC","Bohol","mild","lcva_multi","LCVA",NA,"batch1",1009,0.178571428571429,0.306891118422273,0.441551150820645
"PHMRC","Bohol","mild","lcva_multi","LCVA",NA,"batch1",1010,0.30952380952381,0.288481590094493,0.361375633277656
"PHMRC","Bohol","mild","lcva_multi","LCVA",NA,"batch1",1011,0.321428571428571,0.317897503730837,0.404007375167583
"PHMRC","Bohol","mild","lcva_multi","LCVA",NA,"batch1",1012,0.257936507936508,0.288837181946969,0.457347620311224
"PHMRC","Bohol","mild","lcva_multi","LCVA",NA,"batch1",1013,0.297619047619048,0.222180286255917,0.385983044528677
"PHMRC","Bohol","mild","lcva_multi","LCVA",NA,"batch1",1014,0.242063492063492,0.223056573056573,0.436366086763888
"PHMRC","Bohol","mild","lcva_multi","LCVA",NA,"batch1",1015,0.281746031746032,0.221643774863856,0.507818348788602
"PHMRC","Bohol","mild","lcva_multi","LCVA",NA,"batch1",1016,0.28968253968254,0.243340252767774,0.457623670863813
"PHMRC","Bohol","mild","lcva_multi","LCVA",NA,"batch1",1017,0.277777777777778,0.269496151996152,0.515963655762811
"PHMRC","Bohol","mild","lcva_multi","LCVA",NA,"batch1",1018,0.388888888888889,0.328942179149076,0.376371464183259
"PHMRC","Bohol","mild","lcva_multi","LCVA",NA,"batch1",1019,0.277777777777778,0.263755172551157,0.529788165635063
"PHMRC","Bohol","mild","lcva_multi","LCVA",NA,"batch1",1020,0.313492063492063,0.277779010154787,0.453152814699315
"PHMRC","Bohol","mild","lcva_multi","LCVA",NA,"batch1",1021,0.166666666666667,0.263739972973185,0.42453117658682
"PHMRC","Bohol","mild","lcva_multi","LCVA",NA,"batch1",1022,0.253968253968254,0.282602428435762,0.413114728100401
"PHMRC","Bohol","mild","lcva_multi","LCVA",NA,"batch1",1023,0.277777777777778,0.339864214916736,0.427441875519724
"PHMRC","Bohol","mild","lcva_multi","LCVA",NA,"batch1",1024,0.261904761904762,0.25219215969216,0.292255115447076
"PHMRC","Bohol","mild","lcva_multi","LCVA",NA,"batch1",1025,0.26984126984127,0.215836663336663,0.464506005944335
"PHMRC","Bohol","mild","lcva_multi","LCVA",NA,"batch1",1026,0.321428571428571,0.330545168151659,0.425905737929935
"PHMRC","Bohol","mild","lcva_multi","LCVA",NA,"batch1",1027,0.206349206349206,0.242339901477833,0.373860371138094
"PHMRC","Bohol","mild","lcva_multi","LCVA",NA,"batch1",1028,0.305555555555556,0.276615458743262,0.494888175920463
"PHMRC","Bohol","mild","lcva_multi","LCVA",NA,"batch1",1029,0.301587301587302,0.290024259912924,0.365356769765702
"PHMRC","Bohol","mild","lcva_multi","LCVA",NA,"batch1",1030,0.222222222222222,0.213525550080172,0.428861069277864
"PHMRC","Dar","mild","lcva_multi","LCVA",NA,"batch1",1001,0.217391304347826,0.223578703099077,0.442068876550029
"PHMRC","Dar","mild","lcva_multi","LCVA",NA,"batch1",1002,0.185507246376812,0.26937849476912,0.430816660219907
"PHMRC","Dar","mild","lcva_multi","LCVA",NA,"batch1",1003,0.281159420289855,0.260263969746728,0.411309836166688
"PHMRC","Dar","mild","lcva_multi","LCVA",NA,"batch1",1004,0.127536231884058,0.230489918765781,0.352154127818932
"PHMRC","Dar","mild","lcva_multi","LCVA",NA,"batch1",1005,0.266666666666667,0.241718540280473,0.534892755842518
"PHMRC","Dar","mild","lcva_multi","LCVA",NA,"batch1",1006,0.252173913043478,0.229094740939343,0.428732081199789
"PHMRC","Dar","mild","lcva_multi","LCVA",NA,"batch1",1007,0.373913043478261,0.253090607309357,0.612826118127404
"PHMRC","Dar","mild","lcva_multi","LCVA",NA,"batch1",1008,0.185507246376812,0.185822164105917,0.491607984401722
"PHMRC","Dar","mild","lcva_multi","LCVA",NA,"batch1",1009,0.249275362318841,0.20090778786431,0.414442552365267
"PHMRC","Dar","mild","lcva_multi","LCVA",NA,"batch1",1010,0.194202898550725,0.321396671649429,0.368740017089272
"PHMRC","Dar","mild","lcva_multi","LCVA",NA,"batch1",1011,0.188405797101449,0.269754571221914,0.446147951823645
"PHMRC","Dar","mild","lcva_multi","LCVA",NA,"batch1",1012,0.182608695652174,0.198063619883305,0.446152860391616
"PHMRC","Dar","mild","lcva_multi","LCVA",NA,"batch1",1013,0.173913043478261,0.229877804487179,0.304048988890282
"PHMRC","Dar","mild","lcva_multi","LCVA",NA,"batch1",1014,0.220289855072464,0.283910460736019,0.453179730772022
"PHMRC","Dar","mild","lcva_multi","LCVA",NA,"batch1",1015,0.228985507246377,0.186920902068167,0.479814795313512
"PHMRC","Dar","mild","lcva_multi","LCVA",NA,"batch1",1016,0.226086956521739,0.23356448658868,0.439520968062754
"PHMRC","Dar","mild","lcva_multi","LCVA",NA,"batch1",1017,0.353623188405797,0.303064636512912,0.440447333994612
"PHMRC","Dar","mild","lcva_multi","LCVA",NA,"batch1",1018,0.185507246376812,0.258242556629653,0.368226175681582
"PHMRC","Dar","mild","lcva_multi","LCVA",NA,"batch1",1019,0.353623188405797,0.307361814043799,0.622970942104661
"PHMRC","Dar","mild","lcva_multi","LCVA",NA,"batch1",1020,0.318840579710145,0.29500771259392,0.549046214942728
"PHMRC","Dar","mild","lcva_multi","LCVA",NA,"batch1",1021,0.153623188405797,0.247748734141207,0.495235943915336
"PHMRC","Dar","mild","lcva_multi","LCVA",NA,"batch1",1022,0.202898550724638,0.277374562277944,0.478425637704187
"PHMRC","Dar","mild","lcva_multi","LCVA",NA,"batch1",1023,0.350724637681159,0.243503352267993,0.353438229985716
"PHMRC","Dar","mild","lcva_multi","LCVA",NA,"batch1",1024,0.342028985507246,0.22406321277289,0.535827721098017
"PHMRC","Dar","mild","lcva_multi","LCVA",NA,"batch1",1025,0.278260869565217,0.250619654766264,0.424022532105278
"PHMRC","Dar","mild","lcva_multi","LCVA",NA,"batch1",1026,0.28695652173913,0.278359010780886,0.47153010243331
"PHMRC","Dar","mild","lcva_multi","LCVA",NA,"batch1",1027,0.231884057971014,0.21653189920134,0.415733936252649
"PHMRC","Dar","mild","lcva_multi","LCVA",NA,"batch1",1028,0.284057971014493,0.266970547138516,0.478511739750867
"PHMRC","Dar","mild","lcva_multi","LCVA",NA,"batch1",1029,0.255072463768116,0.251172292078469,0.443957983165776
"PHMRC","Dar","mild","lcva_multi","LCVA",NA,"batch1",1030,0.214492753623188,0.26770055863101,0.498318800769186
"PHMRC","Mexico","mild","lcva_multi","LCVA",NA,"batch1",1001,0.192429022082019,0.164847804798122,0.409598703430333
"PHMRC","Mexico","mild","lcva_multi","LCVA",NA,"batch1",1002,0.220820189274448,0.192625627603513,0.546652829491548
"PHMRC","Mexico","mild","lcva_multi","LCVA",NA,"batch1",1003,0.249211356466877,0.267662422980746,0.495527616366334
"PHMRC","Mexico","mild","lcva_multi","LCVA",NA,"batch1",1004,0.277602523659306,0.197770987121385,0.582843383341894
"PHMRC","Mexico","mild","lcva_multi","LCVA",NA,"batch1",1005,0.195583596214511,0.206370171673135,0.518008560140462
"PHMRC","Mexico","mild","lcva_multi","LCVA",NA,"batch1",1006,0.17981072555205,0.233016037377092,0.455468502578575
"PHMRC","Mexico","mild","lcva_multi","LCVA",NA,"batch1",1007,0.132492113564669,0.180911523781789,0.512290136874978
"PHMRC","Mexico","mild","lcva_multi","LCVA",NA,"batch1",1008,0.334384858044164,0.271479367972299,0.633324809618163
"PHMRC","Mexico","mild","lcva_multi","LCVA",NA,"batch1",1009,0.173501577287066,0.248891921109529,0.377670059488132
"PHMRC","Mexico","mild","lcva_multi","LCVA",NA,"batch1",1010,0.233438485804416,0.197863987378605,0.493048317939002
"PHMRC","Mexico","mild","lcva_multi","LCVA",NA,"batch1",1011,0.182965299684543,0.237603275429954,0.558543522454044
"PHMRC","Mexico","mild","lcva_multi","LCVA",NA,"batch1",1012,0.277602523659306,0.203435994254072,0.555346963860757
"PHMRC","Mexico","mild","lcva_multi","LCVA",NA,"batch1",1013,0.129337539432177,0.202701739066452,0.419834223433884
"PHMRC","Mexico","mild","lcva_multi","LCVA",NA,"batch1",1014,0.167192429022082,0.248572644038642,0.503076662260152
"PHMRC","Mexico","mild","lcva_multi","LCVA",NA,"batch1",1015,0.214511041009464,0.217601381351381,0.551133315739474
"PHMRC","Mexico","mild","lcva_multi","LCVA",NA,"batch1",1016,0.230283911671924,0.237026840038235,0.474569909196233
"PHMRC","Mexico","mild","lcva_multi","LCVA",NA,"batch1",1017,0.195583596214511,0.222548569486126,0.516259406655382
"PHMRC","Mexico","mild","lcva_multi","LCVA",NA,"batch1",1018,0.170347003154574,0.269564619708006,0.46798605322384
"PHMRC","Mexico","mild","lcva_multi","LCVA",NA,"batch1",1019,0.26813880126183,0.193360805860806,0.58418354572701
"PHMRC","Mexico","mild","lcva_multi","LCVA",NA,"batch1",1020,0.261829652996845,0.203294669266308,0.538351283464873
"PHMRC","Mexico","mild","lcva_multi","LCVA",NA,"batch1",1021,0.220820189274448,0.204833589349718,0.454683765175374
"PHMRC","Mexico","mild","lcva_multi","LCVA",NA,"batch1",1022,0.17981072555205,0.17481764403849,0.495101870037104
"PHMRC","Mexico","mild","lcva_multi","LCVA",NA,"batch1",1023,0.173501577287066,0.216687925170068,0.393965019340665
"PHMRC","Mexico","mild","lcva_multi","LCVA",NA,"batch1",1024,0.157728706624606,0.244028688161943,0.443236574595214
"PHMRC","Mexico","mild","lcva_multi","LCVA",NA,"batch1",1025,0.141955835962145,0.165782844452957,0.424861646453487
"PHMRC","Mexico","mild","lcva_multi","LCVA",NA,"batch1",1026,0.220820189274448,0.234663858182213,0.532342050707821
"PHMRC","Mexico","mild","lcva_multi","LCVA",NA,"batch1",1027,0.271293375394322,0.220320069833254,0.496783041117082
"PHMRC","Mexico","mild","lcva_multi","LCVA",NA,"batch1",1028,0.214511041009464,0.182729840866098,0.543196831865293
"PHMRC","Mexico","mild","lcva_multi","LCVA",NA,"batch1",1029,0.151419558359621,0.217368385052332,0.425250541354533
"PHMRC","Mexico","mild","lcva_multi","LCVA",NA,"batch1",1030,0.195583596214511,0.214491677538798,0.52056079061752
"PHMRC","Pemba","mild","lcva_multi","LCVA",NA,"batch1",1001,0.508474576271186,0.450198412698413,0.531762824766164
"PHMRC","Pemba","mild","lcva_multi","LCVA",NA,"batch1",1002,0.372881355932203,0.437271062271062,0.512511946888984
"PHMRC","Pemba","mild","lcva_multi","LCVA",NA,"batch1",1003,0.491525423728814,0.473701298701299,0.328967191365483
"PHMRC","Pemba","mild","lcva_multi","LCVA",NA,"batch1",1004,0.525423728813559,0.448809523809524,0.400441461470907
"PHMRC","Pemba","mild","lcva_multi","LCVA",NA,"batch1",1005,0.440677966101695,0.501569858712716,0.380808767334712
"PHMRC","Pemba","mild","lcva_multi","LCVA",NA,"batch1",1006,0.542372881355932,0.613020833333333,0.521359886389004
"PHMRC","Pemba","mild","lcva_multi","LCVA",NA,"batch1",1007,0.440677966101695,0.5,0.440470449924341
"PHMRC","Pemba","mild","lcva_multi","LCVA",NA,"batch1",1008,0.457627118644068,0.535769459298871,0.233384991768242
"PHMRC","Pemba","mild","lcva_multi","LCVA",NA,"batch1",1009,0.457627118644068,0.486810064935065,0.617701683018865
"PHMRC","Pemba","mild","lcva_multi","LCVA",NA,"batch1",1010,0.406779661016949,0.419413919413919,0.474927076860478
"PHMRC","Pemba","mild","lcva_multi","LCVA",NA,"batch1",1011,0.305084745762712,0.336752136752137,0.390974687694391
"PHMRC","Pemba","mild","lcva_multi","LCVA",NA,"batch1",1012,0.491525423728814,0.389704228520018,0.520403350721437
"PHMRC","Pemba","mild","lcva_multi","LCVA",NA,"batch1",1013,0.389830508474576,0.520470006184292,0.627419593067153
"PHMRC","Pemba","mild","lcva_multi","LCVA",NA,"batch1",1014,0.644067796610169,0.623293373293373,0.366467471290727
"PHMRC","Pemba","mild","lcva_multi","LCVA",NA,"batch1",1015,0.355932203389831,0.275213675213675,0.362028604247915
"PHMRC","Pemba","mild","lcva_multi","LCVA",NA,"batch1",1016,0.542372881355932,0.518681318681319,0.49972557210038
"PHMRC","Pemba","mild","lcva_multi","LCVA",NA,"batch1",1017,0.338983050847458,0.529761904761905,0.465121783778931
"PHMRC","Pemba","mild","lcva_multi","LCVA",NA,"batch1",1018,0.355932203389831,0.42276936026936,0.340883330477983
"PHMRC","Pemba","mild","lcva_multi","LCVA",NA,"batch1",1019,0.559322033898305,0.476923076923077,0.465185546010987
"PHMRC","Pemba","mild","lcva_multi","LCVA",NA,"batch1",1020,0.355932203389831,0.571428571428571,0.255289965603206
"PHMRC","Pemba","mild","lcva_multi","LCVA",NA,"batch1",1021,0.474576271186441,0.495726495726496,0.385540097631315
"PHMRC","Pemba","mild","lcva_multi","LCVA",NA,"batch1",1022,0.474576271186441,0.537179487179487,0.555031129523902
"PHMRC","Pemba","mild","lcva_multi","LCVA",NA,"batch1",1023,0.542372881355932,0.570423623995053,0.599655295298625
"PHMRC","Pemba","mild","lcva_multi","LCVA",NA,"batch1",1024,0.355932203389831,0.494444444444444,0.392836737267502
"PHMRC","Pemba","mild","lcva_multi","LCVA",NA,"batch1",1025,0.593220338983051,0.606481481481482,0.385854071279976
"PHMRC","Pemba","mild","lcva_multi","LCVA",NA,"batch1",1026,0.491525423728814,0.4452577725305,0.413273001939433
"PHMRC","Pemba","mild","lcva_multi","LCVA",NA,"batch1",1027,0.372881355932203,0.5,0.395866410260816
"PHMRC","Pemba","mild","lcva_multi","LCVA",NA,"batch1",1028,0.576271186440678,0.557222222222222,0.572014714678073
"PHMRC","Pemba","mild","lcva_multi","LCVA",NA,"batch1",1029,0.322033898305085,0.425,0.327523025512612
"PHMRC","Pemba","mild","lcva_multi","LCVA",NA,"batch1",1030,0.355932203389831,0.283333333333333,0.552674130577744
"PHMRC","UP","mild","lcva_multi","LCVA",NA,"batch1",1001,0.464788732394366,0.436413893874161,0.481099334168819
"PHMRC","UP","mild","lcva_multi","LCVA",NA,"batch1",1002,0.369718309859155,0.39970714907194,0.577027602591158
"PHMRC","UP","mild","lcva_multi","LCVA",NA,"batch1",1003,0.28169014084507,0.332000068253744,0.419630542241214
"PHMRC","UP","mild","lcva_multi","LCVA",NA,"batch1",1004,0.408450704225352,0.304314927537967,0.366958815950427
"PHMRC","UP","mild","lcva_multi","LCVA",NA,"batch1",1005,0.359154929577465,0.414610321066439,0.562099083070871
"PHMRC","UP","mild","lcva_multi","LCVA",NA,"batch1",1006,0.482394366197183,0.342426728086491,0.56295995605811
"PHMRC","UP","mild","lcva_multi","LCVA",NA,"batch1",1007,0.440140845070423,0.324812148519286,0.72445540040464
"PHMRC","UP","mild","lcva_multi","LCVA",NA,"batch1",1008,0.422535211267606,0.390577186430128,0.448374131012815
"PHMRC","UP","mild","lcva_multi","LCVA",NA,"batch1",1009,0.485915492957746,0.4754419110601,0.447033748037661
"PHMRC","UP","mild","lcva_multi","LCVA",NA,"batch1",1010,0.408450704225352,0.308975359706354,0.456176521400526
"PHMRC","UP","mild","lcva_multi","LCVA",NA,"batch1",1011,0.408450704225352,0.43681815956252,0.521109049107424
"PHMRC","UP","mild","lcva_multi","LCVA",NA,"batch1",1012,0.404929577464789,0.509350603100603,0.495236810351867
"PHMRC","UP","mild","lcva_multi","LCVA",NA,"batch1",1013,0.345070422535211,0.35379188712522,0.408050551492046
"PHMRC","UP","mild","lcva_multi","LCVA",NA,"batch1",1014,0.387323943661972,0.317890223614449,0.503701867644668
"PHMRC","UP","mild","lcva_multi","LCVA",NA,"batch1",1015,0.464788732394366,0.432490657490658,0.517932445831414
"PHMRC","UP","mild","lcva_multi","LCVA",NA,"batch1",1016,0.450704225352113,0.402133210959061,0.57074670472713
"PHMRC","UP","mild","lcva_multi","LCVA",NA,"batch1",1017,0.419014084507042,0.386275348195959,0.543392838335743
"PHMRC","UP","mild","lcva_multi","LCVA",NA,"batch1",1018,0.457746478873239,0.396685675727696,0.527166059270496
"PHMRC","UP","mild","lcva_multi","LCVA",NA,"batch1",1019,0.345070422535211,0.426240803092655,0.524022769825726
"PHMRC","UP","mild","lcva_multi","LCVA",NA,"batch1",1020,0.383802816901408,0.380374310555345,0.535169199359201
"PHMRC","UP","mild","lcva_multi","LCVA",NA,"batch1",1021,0.411971830985915,0.389415856737897,0.544898992639492
"PHMRC","UP","mild","lcva_multi","LCVA",NA,"batch1",1022,0.426056338028169,0.409255444602083,0.521729441623478
"PHMRC","UP","mild","lcva_multi","LCVA",NA,"batch1",1023,0.482394366197183,0.436657046657047,0.410050421126702
"PHMRC","UP","mild","lcva_multi","LCVA",NA,"batch1",1024,0.450704225352113,0.43475757161102,0.563707791610487
"PHMRC","UP","mild","lcva_multi","LCVA",NA,"batch1",1025,0.440140845070423,0.415395787944808,0.55053526397779
"PHMRC","UP","mild","lcva_multi","LCVA",NA,"batch1",1026,0.323943661971831,0.405296092796093,0.493915308781975
"PHMRC","UP","mild","lcva_multi","LCVA",NA,"batch1",1027,0.394366197183099,0.382236707391987,0.452035691120591
"PHMRC","UP","mild","lcva_multi","LCVA",NA,"batch1",1028,0.411971830985915,0.364096811564132,0.540318364312444
"PHMRC","UP","mild","lcva_multi","LCVA",NA,"batch1",1029,0.419014084507042,0.424634273026086,0.640717556506966
"PHMRC","UP","mild","lcva_multi","LCVA",NA,"batch1",1030,0.408450704225352,0.382807315554046,0.473112119939269
"PHMRC","AP","no_shift","bfl_base","LCVA","gibbs_dir","batch1",1001,0.281209781209781,0.197583919864198,0.502648749548013
"PHMRC","AP","no_shift","bfl_base","LCVA","gibbs_dir","batch1",1002,0.281853281853282,0.198187014917013,0.502991027386379
"PHMRC","AP","no_shift","bfl_base","LCVA","gibbs_dir","batch1",1003,0.278635778635779,0.195961865191337,0.502650538340487
"PHMRC","AP","no_shift","bfl_base","LCVA","gibbs_dir","batch1",1004,0.280566280566281,0.196829772051227,0.502517745447765
"PHMRC","AP","no_shift","bfl_base","LCVA","gibbs_dir","batch1",1005,0.27992277992278,0.196613509075448,0.502298622965104
"PHMRC","AP","no_shift","bfl_base","LCVA","gibbs_dir","batch1",1006,0.278635778635779,0.195990933842146,0.502233434816326
"PHMRC","AP","no_shift","bfl_base","LCVA","gibbs_dir","batch1",1007,0.278635778635779,0.19603395284993,0.502301234844316
"PHMRC","AP","no_shift","bfl_base","LCVA","gibbs_dir","batch1",1008,0.27992277992278,0.196613509075448,0.502837708126705
"PHMRC","AP","no_shift","bfl_base","LCVA","gibbs_dir","batch1",1009,0.280566280566281,0.197478560978563,0.502785758673388
"PHMRC","AP","no_shift","bfl_base","LCVA","gibbs_dir","batch1",1010,0.279279279279279,0.196328013397853,0.503034401655781
"PHMRC","AP","no_shift","bfl_base","LCVA","gibbs_dir","batch1",1011,0.279279279279279,0.195679224470517,0.503356095436264
"PHMRC","AP","no_shift","bfl_base","LCVA","gibbs_dir","batch1",1012,0.278635778635779,0.195993788798922,0.502893697432555
"PHMRC","AP","no_shift","bfl_base","LCVA","gibbs_dir","batch1",1013,0.27992277992278,0.196853310878523,0.50297207333765
"PHMRC","AP","no_shift","bfl_base","LCVA","gibbs_dir","batch1",1014,0.27992277992278,0.195910654404168,0.502757159854987
"PHMRC","AP","no_shift","bfl_base","LCVA","gibbs_dir","batch1",1015,0.281209781209781,0.197914840467734,0.50234680960622
"PHMRC","AP","no_shift","bfl_base","LCVA","gibbs_dir","batch1",1016,0.279279279279279,0.196142166692341,0.502188580251179
"PHMRC","AP","no_shift","bfl_base","LCVA","gibbs_dir","batch1",1017,0.27992277992278,0.196850455921747,0.502352325145416
"PHMRC","AP","no_shift","bfl_base","LCVA","gibbs_dir","batch1",1018,0.27992277992278,0.196541421416856,0.502338397473594
"PHMRC","AP","no_shift","bfl_base","LCVA","gibbs_dir","batch1",1019,0.27992277992278,0.196230735645221,0.503024281069813
"PHMRC","AP","no_shift","bfl_base","LCVA","gibbs_dir","batch1",1020,0.27992277992278,0.196541421416856,0.503357570573143
"PHMRC","AP","no_shift","bfl_base","LCVA","gibbs_dir","batch1",1021,0.278635778635779,0.195460106537963,0.503013857275436
"PHMRC","AP","no_shift","bfl_base","LCVA","gibbs_dir","batch1",1022,0.27992277992278,0.196853310878523,0.503009971701656
"PHMRC","AP","no_shift","bfl_base","LCVA","gibbs_dir","batch1",1023,0.280566280566281,0.197679546350087,0.502833476867402
"PHMRC","AP","no_shift","bfl_base","LCVA","gibbs_dir","batch1",1024,0.279279279279279,0.196451201197232,0.502796098233903
"PHMRC","AP","no_shift","bfl_base","LCVA","gibbs_dir","batch1",1025,0.280566280566281,0.198181305003461,0.502924761940083
"PHMRC","AP","no_shift","bfl_base","LCVA","gibbs_dir","batch1",1026,0.281209781209781,0.198160621132941,0.502710026378313
"PHMRC","AP","no_shift","bfl_base","LCVA","gibbs_dir","batch1",1027,0.281853281853282,0.198763716185755,0.502188325072738
"PHMRC","AP","no_shift","bfl_base","LCVA","gibbs_dir","batch1",1028,0.277992277992278,0.195588824160856,0.502171051554438
"PHMRC","AP","no_shift","bfl_base","LCVA","gibbs_dir","batch1",1029,0.279279279279279,0.196060346634001,0.502115965701361
"PHMRC","AP","no_shift","bfl_base","LCVA","gibbs_dir","batch1",1030,0.27992277992278,0.197079306254048,0.502343814505126
"PHMRC","Bohol","no_shift","bfl_base","LCVA","gibbs_dir","batch1",1001,0.304209690230342,0.194346838288477,0.743829203016096
"PHMRC","Bohol","no_shift","bfl_base","LCVA","gibbs_dir","batch1",1002,0.307386814932486,0.196590569124632,0.743823895729287
"PHMRC","Bohol","no_shift","bfl_base","LCVA","gibbs_dir","batch1",1003,0.30659253375695,0.195514624373816,0.743373257546493
"PHMRC","Bohol","no_shift","bfl_base","LCVA","gibbs_dir","batch1",1004,0.305798252581414,0.195999781625742,0.742771869814995
"PHMRC","Bohol","no_shift","bfl_base","LCVA","gibbs_dir","batch1",1005,0.305798252581414,0.195232656604009,0.74340702585025
"PHMRC","Bohol","no_shift","bfl_base","LCVA","gibbs_dir","batch1",1006,0.30659253375695,0.195807562178096,0.74321641050914
"PHMRC","Bohol","no_shift","bfl_base","LCVA","gibbs_dir","batch1",1007,0.305798252581414,0.195467797621115,0.743262108763872
"PHMRC","Bohol","no_shift","bfl_base","LCVA","gibbs_dir","batch1",1008,0.305003971405878,0.194690681218999,0.743541693613936
"PHMRC","Bohol","no_shift","bfl_base","LCVA","gibbs_dir","batch1",1009,0.305798252581414,0.194980784634102,0.743010963839894
"PHMRC","Bohol","no_shift","bfl_base","LCVA","gibbs_dir","batch1",1010,0.307386814932486,0.196147764583977,0.742714273743078
"PHMRC","Bohol","no_shift","bfl_base","LCVA","gibbs_dir","batch1",1011,0.307386814932486,0.195440478406527,0.743636933775361
"PHMRC","Bohol","no_shift","bfl_base","LCVA","gibbs_dir","batch1",1012,0.305003971405878,0.195316662013495,0.743336551151519
"PHMRC","Bohol","no_shift","bfl_base","LCVA","gibbs_dir","batch1",1013,0.30659253375695,0.196340482701678,0.74376571303264
"PHMRC","Bohol","no_shift","bfl_base","LCVA","gibbs_dir","batch1",1014,0.304209690230342,0.194551230177191,0.744443184832899
"PHMRC","Bohol","no_shift","bfl_base","LCVA","gibbs_dir","batch1",1015,0.305003971405878,0.194504973233733,0.743333955638373
"PHMRC","Bohol","no_shift","bfl_base","LCVA","gibbs_dir","batch1",1016,0.305798252581414,0.194980784634102,0.743418692616126
"PHMRC","Bohol","no_shift","bfl_base","LCVA","gibbs_dir","batch1",1017,0.308975377283558,0.197051816377892,0.743832072516949
"PHMRC","Bohol","no_shift","bfl_base","LCVA","gibbs_dir","batch1",1018,0.305798252581414,0.195467797621115,0.743652524293325
"PHMRC","Bohol","no_shift","bfl_base","LCVA","gibbs_dir","batch1",1019,0.304209690230342,0.194412480038441,0.743896597312798
"PHMRC","Bohol","no_shift","bfl_base","LCVA","gibbs_dir","batch1",1020,0.304209690230342,0.194867647882361,0.743549985052554
"PHMRC","Bohol","no_shift","bfl_base","LCVA","gibbs_dir","batch1",1021,0.305798252581414,0.195096743043576,0.743078050708558
"PHMRC","Bohol","no_shift","bfl_base","LCVA","gibbs_dir","batch1",1022,0.305798252581414,0.195007434556753,0.743073220946316
"PHMRC","Bohol","no_shift","bfl_base","LCVA","gibbs_dir","batch1",1023,0.304209690230342,0.195194000897094,0.742939789118127
"PHMRC","Bohol","no_shift","bfl_base","LCVA","gibbs_dir","batch1",1024,0.305798252581414,0.195715477379416,0.743115167130665
"PHMRC","Bohol","no_shift","bfl_base","LCVA","gibbs_dir","batch1",1025,0.30659253375695,0.195868794805119,0.742990415480995
"PHMRC","Bohol","no_shift","bfl_base","LCVA","gibbs_dir","batch1",1026,0.307386814932486,0.19663400897269,0.742934728167442
"PHMRC","Bohol","no_shift","bfl_base","LCVA","gibbs_dir","batch1",1027,0.305003971405878,0.194584232776801,0.743009094454328
"PHMRC","Bohol","no_shift","bfl_base","LCVA","gibbs_dir","batch1",1028,0.304209690230342,0.194423804870638,0.742964413581813
"PHMRC","Bohol","no_shift","bfl_base","LCVA","gibbs_dir","batch1",1029,0.304209690230342,0.194511301186583,0.743235134080517
"PHMRC","Bohol","no_shift","bfl_base","LCVA","gibbs_dir","batch1",1030,0.307386814932486,0.196219379598198,0.743316315727025
"PHMRC","Dar","no_shift","bfl_base","LCVA","gibbs_dir","batch1",1001,0.242757821552723,0.151808239260199,0.55333413018243
"PHMRC","Dar","no_shift","bfl_base","LCVA","gibbs_dir","batch1",1002,0.242178447276941,0.152169445761756,0.553101865542565
"PHMRC","Dar","no_shift","bfl_base","LCVA","gibbs_dir","batch1",1003,0.242178447276941,0.151687145279456,0.553288206215632
"PHMRC","Dar","no_shift","bfl_base","LCVA","gibbs_dir","batch1",1004,0.241599073001159,0.151378379634937,0.55358963998099
"PHMRC","Dar","no_shift","bfl_base","LCVA","gibbs_dir","batch1",1005,0.241019698725377,0.151125978051622,0.553480256438301
"PHMRC","Dar","no_shift","bfl_base","LCVA","gibbs_dir","batch1",1006,0.242178447276941,0.151631028556672,0.553766059097734
"PHMRC","Dar","no_shift","bfl_base","LCVA","gibbs_dir","batch1",1007,0.242178447276941,0.151471538923498,0.553961866657754
"PHMRC","Dar","no_shift","bfl_base","LCVA","gibbs_dir","batch1",1008,0.242757821552723,0.151752122537415,0.553816484213721
"PHMRC","Dar","no_shift","bfl_base","LCVA","gibbs_dir","batch1",1009,0.241599073001159,0.150656638188343,0.553823492333636
"PHMRC","Dar","no_shift","bfl_base","LCVA","gibbs_dir","batch1",1010,0.242757821552723,0.151799378725022,0.553282014983118
"PHMRC","Dar","no_shift","bfl_base","LCVA","gibbs_dir","batch1",1011,0.241599073001159,0.15128070765619,0.553198706418209
"PHMRC","Dar","no_shift","bfl_base","LCVA","gibbs_dir","batch1",1012,0.242757821552723,0.151752122537415,0.552805793979593
"PHMRC","Dar","no_shift","bfl_base","LCVA","gibbs_dir","batch1",1013,0.242178447276941,0.151574911833889,0.552777285937199
"PHMRC","Dar","no_shift","bfl_base","LCVA","gibbs_dir","batch1",1014,0.242178447276941,0.151574911833889,0.553064835121227
"PHMRC","Dar","no_shift","bfl_base","LCVA","gibbs_dir","batch1",1015,0.242178447276941,0.152231016077762,0.552944399956397
"PHMRC","Dar","no_shift","bfl_base","LCVA","gibbs_dir","batch1",1016,0.241599073001159,0.151425635822544,0.553221241920005
"PHMRC","Dar","no_shift","bfl_base","LCVA","gibbs_dir","batch1",1017,0.241599073001159,0.150656638188343,0.553026401998987
"PHMRC","Dar","no_shift","bfl_base","LCVA","gibbs_dir","batch1",1018,0.243337195828505,0.151929333240942,0.553437230729089
"PHMRC","Dar","no_shift","bfl_base","LCVA","gibbs_dir","batch1",1019,0.243916570104287,0.15241666267564,0.553452249970689
"PHMRC","Dar","no_shift","bfl_base","LCVA","gibbs_dir","batch1",1020,0.242178447276941,0.152198981301736,0.553474954380817
"PHMRC","Dar","no_shift","bfl_base","LCVA","gibbs_dir","batch1",1021,0.242178447276941,0.151527655646282,0.553884114872654
"PHMRC","Dar","no_shift","bfl_base","LCVA","gibbs_dir","batch1",1022,0.242757821552723,0.151799378725022,0.553487231008063
"PHMRC","Dar","no_shift","bfl_base","LCVA","gibbs_dir","batch1",1023,0.243916570104287,0.153011196603507,0.553616309929891
"PHMRC","Dar","no_shift","bfl_base","LCVA","gibbs_dir","batch1",1024,0.242757821552723,0.151752122537415,0.553756781983913
"PHMRC","Dar","no_shift","bfl_base","LCVA","gibbs_dir","batch1",1025,0.242757821552723,0.151752122537415,0.553399534513635
"PHMRC","Dar","no_shift","bfl_base","LCVA","gibbs_dir","batch1",1026,0.242757821552723,0.151752122537415,0.553775386793591
"PHMRC","Dar","no_shift","bfl_base","LCVA","gibbs_dir","batch1",1027,0.242757821552723,0.151864355982982,0.553487516292869
"PHMRC","Dar","no_shift","bfl_base","LCVA","gibbs_dir","batch1",1028,0.241019698725377,0.150432171297209,0.553279499931601
"PHMRC","Dar","no_shift","bfl_base","LCVA","gibbs_dir","batch1",1029,0.243916570104287,0.152313289765249,0.553143468474014
"PHMRC","Dar","no_shift","bfl_base","LCVA","gibbs_dir","batch1",1030,0.242178447276941,0.151650102713678,0.553111301915737
"PHMRC","Mexico","no_shift","bfl_base","LCVA","gibbs_dir","batch1",1001,0.24822695035461,0.219288256436802,0.707577459812039
"PHMRC","Mexico","no_shift","bfl_base","LCVA","gibbs_dir","batch1",1002,0.242710795902285,0.214566874754228,0.721748427606417
"PHMRC","Mexico","no_shift","bfl_base","LCVA","gibbs_dir","batch1",1003,0.235618597320725,0.208173288820805,0.717210808780089
"PHMRC","Mexico","no_shift","bfl_base","LCVA","gibbs_dir","batch1",1004,0.245862884160756,0.173503806590544,0.712195345975355
"PHMRC","Mexico","no_shift","bfl_base","LCVA","gibbs_dir","batch1",1005,0.22301024428684,0.203704773877571,0.699247504024099
"PHMRC","Mexico","no_shift","bfl_base","LCVA","gibbs_dir","batch1",1006,0.25531914893617,0.226249307475577,0.712601977182028
"PHMRC","Mexico","no_shift","bfl_base","LCVA","gibbs_dir","batch1",1007,0.245862884160756,0.217946905274477,0.716470684758933
"PHMRC","Mexico","no_shift","bfl_base","LCVA","gibbs_dir","batch1",1008,0.249014972419228,0.218798513977868,0.714448331926371
"PHMRC","Mexico","no_shift","bfl_base","LCVA","gibbs_dir","batch1",1009,0.241922773837667,0.208861089925064,0.709919374897828
"PHMRC","Mexico","no_shift","bfl_base","LCVA","gibbs_dir","batch1",1010,0.229314420803783,0.178493749556344,0.695369195691758
"PHMRC","Mexico","no_shift","bfl_base","LCVA","gibbs_dir","batch1",1011,0.245074862096139,0.17440305961443,0.717729408965549
"PHMRC","Mexico","no_shift","bfl_base","LCVA","gibbs_dir","batch1",1012,0.237194641449961,0.214501438715313,0.710423780506546
"PHMRC","Mexico","no_shift","bfl_base","LCVA","gibbs_dir","batch1",1013,0.242710795902285,0.181274820620844,0.707783119465961
"PHMRC","Mexico","no_shift","bfl_base","LCVA","gibbs_dir","batch1",1014,0.237982663514578,0.214927136341394,0.703842867967026
"PHMRC","Mexico","no_shift","bfl_base","LCVA","gibbs_dir","batch1",1015,0.24113475177305,0.215663490152408,0.698241832065475
"PHMRC","Mexico","no_shift","bfl_base","LCVA","gibbs_dir","batch1",1016,0.230890464933018,0.179864022837385,0.715653118366504
"PHMRC","Mexico","no_shift","bfl_base","LCVA","gibbs_dir","batch1",1017,0.251379038613081,0.218082386834697,0.713581865897891
"PHMRC","Mexico","no_shift","bfl_base","LCVA","gibbs_dir","batch1",1018,0.239558707643814,0.185641658534631,0.709699254093046
"PHMRC","Mexico","no_shift","bfl_base","LCVA","gibbs_dir","batch1",1019,0.245862884160756,0.212642858147495,0.693417231712822
"PHMRC","Mexico","no_shift","bfl_base","LCVA","gibbs_dir","batch1",1020,0.246650906225374,0.22508449932549,0.699445040381533
"PHMRC","Mexico","no_shift","bfl_base","LCVA","gibbs_dir","batch1",1021,0.24113475177305,0.215922008696719,0.715697601405896
"PHMRC","Mexico","no_shift","bfl_base","LCVA","gibbs_dir","batch1",1022,0.259259259259259,0.195752872257325,0.720514143192229
"PHMRC","Mexico","no_shift","bfl_base","LCVA","gibbs_dir","batch1",1023,0.24113475177305,0.174767704311679,0.710876836248377
"PHMRC","Mexico","no_shift","bfl_base","LCVA","gibbs_dir","batch1",1024,0.24113475177305,0.175585995792773,0.713235399675748
"PHMRC","Mexico","no_shift","bfl_base","LCVA","gibbs_dir","batch1",1025,0.245862884160756,0.214655088323663,0.724329110630106
"PHMRC","Mexico","no_shift","bfl_base","LCVA","gibbs_dir","batch1",1026,0.233254531126872,0.207660214419833,0.710742244116999
"PHMRC","Mexico","no_shift","bfl_base","LCVA","gibbs_dir","batch1",1027,0.254531126871552,0.218930516326319,0.708524551335317
"PHMRC","Mexico","no_shift","bfl_base","LCVA","gibbs_dir","batch1",1028,0.231678486997636,0.178320938438309,0.699674235145182
"PHMRC","Mexico","no_shift","bfl_base","LCVA","gibbs_dir","batch1",1029,0.245862884160756,0.182481659913054,0.699819915514602
"PHMRC","Mexico","no_shift","bfl_base","LCVA","gibbs_dir","batch1",1030,0.244286840031521,0.17726824647474,0.703899751455542
"PHMRC","Pemba","no_shift","bfl_base","LCVA","gibbs_dir","batch1",1001,0.356902356902357,0.271858076563959,0.521881904289711
"PHMRC","Pemba","no_shift","bfl_base","LCVA","gibbs_dir","batch1",1002,0.356902356902357,0.270924369747899,0.522760397597046
"PHMRC","Pemba","no_shift","bfl_base","LCVA","gibbs_dir","batch1",1003,0.356902356902357,0.271858076563959,0.522349328307971
"PHMRC","Pemba","no_shift","bfl_base","LCVA","gibbs_dir","batch1",1004,0.353535353535354,0.269505135387488,0.522284995928327
"PHMRC","Pemba","no_shift","bfl_base","LCVA","gibbs_dir","batch1",1005,0.353535353535354,0.269505135387488,0.521947411214246
"PHMRC","Pemba","no_shift","bfl_base","LCVA","gibbs_dir","batch1",1006,0.353535353535354,0.269505135387488,0.521506449709968
"PHMRC","Pemba","no_shift","bfl_base","LCVA","gibbs_dir","batch1",1007,0.35016835016835,0.267152194211018,0.522029122491653
"PHMRC","Pemba","no_shift","bfl_base","LCVA","gibbs_dir","batch1",1008,0.353535353535354,0.269505135387488,0.522345183091307
"PHMRC","Pemba","no_shift","bfl_base","LCVA","gibbs_dir","batch1",1009,0.353535353535354,0.269505135387488,0.5232321384892
"PHMRC","Pemba","no_shift","bfl_base","LCVA","gibbs_dir","batch1",1010,0.353535353535354,0.269505135387488,0.523790222486107
"PHMRC","Pemba","no_shift","bfl_base","LCVA","gibbs_dir","batch1",1011,0.353535353535354,0.269505135387488,0.523480826819921
"PHMRC","Pemba","no_shift","bfl_base","LCVA","gibbs_dir","batch1",1012,0.35016835016835,0.267152194211018,0.523194895822222
"PHMRC","Pemba","no_shift","bfl_base","LCVA","gibbs_dir","batch1",1013,0.353535353535354,0.269505135387488,0.522710421642091
"PHMRC","Pemba","no_shift","bfl_base","LCVA","gibbs_dir","batch1",1014,0.35016835016835,0.267152194211018,0.522129397487553
"PHMRC","Pemba","no_shift","bfl_base","LCVA","gibbs_dir","batch1",1015,0.35016835016835,0.267152194211018,0.521613181093247
"PHMRC","Pemba","no_shift","bfl_base","LCVA","gibbs_dir","batch1",1016,0.353535353535354,0.269505135387488,0.522868720119021
"PHMRC","Pemba","no_shift","bfl_base","LCVA","gibbs_dir","batch1",1017,0.353535353535354,0.269505135387488,0.523383742006591
"PHMRC","Pemba","no_shift","bfl_base","LCVA","gibbs_dir","batch1",1018,0.35016835016835,0.267152194211018,0.524004011058021
"PHMRC","Pemba","no_shift","bfl_base","LCVA","gibbs_dir","batch1",1019,0.35016835016835,0.267152194211018,0.52342597125746
"PHMRC","Pemba","no_shift","bfl_base","LCVA","gibbs_dir","batch1",1020,0.353535353535354,0.269505135387488,0.523067357366685
"PHMRC","Pemba","no_shift","bfl_base","LCVA","gibbs_dir","batch1",1021,0.353535353535354,0.269505135387488,0.521937022571384
"PHMRC","Pemba","no_shift","bfl_base","LCVA","gibbs_dir","batch1",1022,0.35016835016835,0.267152194211018,0.521413504918884
"PHMRC","Pemba","no_shift","bfl_base","LCVA","gibbs_dir","batch1",1023,0.353535353535354,0.269505135387488,0.52138931268642
"PHMRC","Pemba","no_shift","bfl_base","LCVA","gibbs_dir","batch1",1024,0.353535353535354,0.269505135387488,0.520578064134189
"PHMRC","Pemba","no_shift","bfl_base","LCVA","gibbs_dir","batch1",1025,0.35016835016835,0.267152194211018,0.521216343236612
"PHMRC","Pemba","no_shift","bfl_base","LCVA","gibbs_dir","batch1",1026,0.35016835016835,0.267152194211018,0.522104287746851
"PHMRC","Pemba","no_shift","bfl_base","LCVA","gibbs_dir","batch1",1027,0.353535353535354,0.269505135387488,0.522880788487119
"PHMRC","Pemba","no_shift","bfl_base","LCVA","gibbs_dir","batch1",1028,0.35016835016835,0.267152194211018,0.523290134437169
"PHMRC","Pemba","no_shift","bfl_base","LCVA","gibbs_dir","batch1",1029,0.35016835016835,0.267152194211018,0.523252664425691
"PHMRC","Pemba","no_shift","bfl_base","LCVA","gibbs_dir","batch1",1030,0.35016835016835,0.267152194211018,0.522097167428485
"PHMRC","UP","no_shift","bfl_base","LCVA","gibbs_dir","batch1",1001,0.320648343904158,0.24429659941017,0.547781536929922
"PHMRC","UP","no_shift","bfl_base","LCVA","gibbs_dir","batch1",1002,0.321353065539112,0.244541697449385,0.548068880618926
"PHMRC","UP","no_shift","bfl_base","LCVA","gibbs_dir","batch1",1003,0.320648343904158,0.24429659941017,0.54825666640906
"PHMRC","UP","no_shift","bfl_base","LCVA","gibbs_dir","batch1",1004,0.320648343904158,0.24429659941017,0.548559113446648
"PHMRC","UP","no_shift","bfl_base","LCVA","gibbs_dir","batch1",1005,0.320648343904158,0.24429659941017,0.548417102272654
"PHMRC","UP","no_shift","bfl_base","LCVA","gibbs_dir","batch1",1006,0.321353065539112,0.245306700420271,0.548306894618453
"PHMRC","UP","no_shift","bfl_base","LCVA","gibbs_dir","batch1",1007,0.320648343904158,0.24429659941017,0.548436162561816
"PHMRC","UP","no_shift","bfl_base","LCVA","gibbs_dir","batch1",1008,0.321353065539112,0.244617112230682,0.548431137254935
"PHMRC","UP","no_shift","bfl_base","LCVA","gibbs_dir","batch1",1009,0.321353065539112,0.244617112230682,0.548507014118961
"PHMRC","UP","no_shift","bfl_base","LCVA","gibbs_dir","batch1",1010,0.319943622269204,0.243286498400068,0.548396117835606
"PHMRC","UP","no_shift","bfl_base","LCVA","gibbs_dir","batch1",1011,0.320648343904158,0.244986187599758,0.548563765856576
"PHMRC","UP","no_shift","bfl_base","LCVA","gibbs_dir","batch1",1012,0.321353065539112,0.245306700420271,0.548497851649475
"PHMRC","UP","no_shift","bfl_base","LCVA","gibbs_dir","batch1",1013,0.320648343904158,0.24429659941017,0.548562388410085
"PHMRC","UP","no_shift","bfl_base","LCVA","gibbs_dir","batch1",1014,0.320648343904158,0.24429659941017,0.548364483831241
"PHMRC","UP","no_shift","bfl_base","LCVA","gibbs_dir","batch1",1015,0.319943622269204,0.243395698509269,0.548343688122745
"PHMRC","UP","no_shift","bfl_base","LCVA","gibbs_dir","batch1",1016,0.320648343904158,0.24429659941017,0.548026203762461
"PHMRC","UP","no_shift","bfl_base","LCVA","gibbs_dir","batch1",1017,0.321353065539112,0.244541697449385,0.548249684966058
"PHMRC","UP","no_shift","bfl_base","LCVA","gibbs_dir","batch1",1018,0.319238900634249,0.242385597499168,0.548215112447072
"PHMRC","UP","no_shift","bfl_base","LCVA","gibbs_dir","batch1",1019,0.321353065539112,0.244541697449385,0.548173097498427
"PHMRC","UP","no_shift","bfl_base","LCVA","gibbs_dir","batch1",1020,0.319943622269204,0.24381350762273,0.548538568349221
"PHMRC","UP","no_shift","bfl_base","LCVA","gibbs_dir","batch1",1021,0.321353065539112,0.245306700420271,0.548309248055132
"PHMRC","UP","no_shift","bfl_base","LCVA","gibbs_dir","batch1",1022,0.320648343904158,0.24429659941017,0.548591808382284
"PHMRC","UP","no_shift","bfl_base","LCVA","gibbs_dir","batch1",1023,0.32276250880902,0.245984698892387,0.548410457874114
"PHMRC","UP","no_shift","bfl_base","LCVA","gibbs_dir","batch1",1024,0.322057787174066,0.245551798459486,0.548224197189454
"PHMRC","UP","no_shift","bfl_base","LCVA","gibbs_dir","batch1",1025,0.320648343904158,0.24429659941017,0.547941343041988
"PHMRC","UP","no_shift","bfl_base","LCVA","gibbs_dir","batch1",1026,0.321353065539112,0.245306700420271,0.547653208859973
"PHMRC","UP","no_shift","bfl_base","LCVA","gibbs_dir","batch1",1027,0.320648343904158,0.24429659941017,0.547629963688652
"PHMRC","UP","no_shift","bfl_base","LCVA","gibbs_dir","batch1",1028,0.319943622269204,0.24381350762273,0.547677028361332
"PHMRC","UP","no_shift","bfl_base","LCVA","gibbs_dir","batch1",1029,0.319943622269204,0.243976086589657,0.547778245915626
"PHMRC","UP","no_shift","bfl_base","LCVA","gibbs_dir","batch1",1030,0.320648343904158,0.244167805771146,0.547876980142391
"PHMRC","AP","no_shift","bfl_base","LCVA","gibbs_ln","batch1",1001,0.278635778635779,0.195241070959931,0.503550629329126
"PHMRC","AP","no_shift","bfl_base","LCVA","gibbs_ln","batch1",1002,0.281209781209781,0.198016625905793,0.503414650753609
"PHMRC","AP","no_shift","bfl_base","LCVA","gibbs_ln","batch1",1003,0.278635778635779,0.195871837972618,0.503584382801587
"PHMRC","AP","no_shift","bfl_base","LCVA","gibbs_ln","batch1",1004,0.27992277992278,0.195874692929394,0.503236021631141
"PHMRC","AP","no_shift","bfl_base","LCVA","gibbs_ln","batch1",1005,0.280566280566281,0.197270572136692,0.502386653565622
"PHMRC","AP","no_shift","bfl_base","LCVA","gibbs_ln","batch1",1006,0.27992277992278,0.195985597019537,0.502956480207425
"PHMRC","AP","no_shift","bfl_base","LCVA","gibbs_ln","batch1",1007,0.278635778635779,0.195890994133643,0.503141676536921
"PHMRC","AP","no_shift","bfl_base","LCVA","gibbs_ln","batch1",1008,0.279279279279279,0.195651372420606,0.503175882637529
"PHMRC","AP","no_shift","bfl_base","LCVA","gibbs_ln","batch1",1009,0.27992277992278,0.196559443331504,0.504066312800313
"PHMRC","AP","no_shift","bfl_base","LCVA","gibbs_ln","batch1",1010,0.279279279279279,0.196117169599206,0.504096309633445
"PHMRC","AP","no_shift","bfl_base","LCVA","gibbs_ln","batch1",1011,0.279279279279279,0.195586342295023,0.503968199649464
"PHMRC","AP","no_shift","bfl_base","LCVA","gibbs_ln","batch1",1012,0.277348777348777,0.194937373277649,0.504344012388288
"PHMRC","AP","no_shift","bfl_base","LCVA","gibbs_ln","batch1",1013,0.279279279279279,0.196426204104097,0.504162678757652
"PHMRC","AP","no_shift","bfl_base","LCVA","gibbs_ln","batch1",1014,0.280566280566281,0.197579606641583,0.504133790646906
"PHMRC","AP","no_shift","bfl_base","LCVA","gibbs_ln","batch1",1015,0.279279279279279,0.196370292630597,0.503718466928886
"PHMRC","AP","no_shift","bfl_base","LCVA","gibbs_ln","batch1",1016,0.277992277992278,0.195006786069504,0.503508966214101
"PHMRC","AP","no_shift","bfl_base","LCVA","gibbs_ln","batch1",1017,0.27992277992278,0.196803447710811,0.503417334181437
"PHMRC","AP","no_shift","bfl_base","LCVA","gibbs_ln","batch1",1018,0.279279279279279,0.196790955619677,0.503421441117128
"PHMRC","AP","no_shift","bfl_base","LCVA","gibbs_ln","batch1",1019,0.279279279279279,0.196472078068656,0.503505135265429
"PHMRC","AP","no_shift","bfl_base","LCVA","gibbs_ln","batch1",1020,0.279279279279279,0.196747936611894,0.503163471355616
"PHMRC","AP","no_shift","bfl_base","LCVA","gibbs_ln","batch1",1021,0.279279279279279,0.196171235343151,0.503094552051461
"PHMRC","AP","no_shift","bfl_base","LCVA","gibbs_ln","batch1",1022,0.280566280566281,0.19710570003812,0.503133794011552
"PHMRC","AP","no_shift","bfl_base","LCVA","gibbs_ln","batch1",1023,0.281209781209781,0.197967896984458,0.503175642802572
"PHMRC","AP","no_shift","bfl_base","LCVA","gibbs_ln","batch1",1024,0.279279279279279,0.197099990124568,0.503416031139987
"PHMRC","AP","no_shift","bfl_base","LCVA","gibbs_ln","batch1",1025,0.279279279279279,0.197056971116785,0.503083368406492
"PHMRC","AP","no_shift","bfl_base","LCVA","gibbs_ln","batch1",1026,0.278635778635779,0.195295136703875,0.503285449691841
"PHMRC","AP","no_shift","bfl_base","LCVA","gibbs_ln","batch1",1027,0.280566280566281,0.19825624761883,0.503341496514331
"PHMRC","AP","no_shift","bfl_base","LCVA","gibbs_ln","batch1",1028,0.279279279279279,0.195892521843138,0.503333407554239
"PHMRC","AP","no_shift","bfl_base","LCVA","gibbs_ln","batch1",1029,0.27992277992278,0.196297486481204,0.504147652608479
"PHMRC","AP","no_shift","bfl_base","LCVA","gibbs_ln","batch1",1030,0.280566280566281,0.196739744832508,0.503685139796766
"PHMRC","Bohol","no_shift","bfl_base","LCVA","gibbs_ln","batch1",1001,0.308181096108022,0.197683527395632,0.743523135363657
"PHMRC","Bohol","no_shift","bfl_base","LCVA","gibbs_ln","batch1",1002,0.308975377283558,0.197884423451493,0.743638890208621
"PHMRC","Bohol","no_shift","bfl_base","LCVA","gibbs_ln","batch1",1003,0.309769658459095,0.197960133560098,0.744376488581452
"PHMRC","Bohol","no_shift","bfl_base","LCVA","gibbs_ln","batch1",1004,0.308181096108022,0.196948489562022,0.744595003302321
"PHMRC","Bohol","no_shift","bfl_base","LCVA","gibbs_ln","batch1",1005,0.30659253375695,0.196911110285018,0.74511345308013
"PHMRC","Bohol","no_shift","bfl_base","LCVA","gibbs_ln","batch1",1006,0.309769658459095,0.197885199511591,0.745896822427731
"PHMRC","Bohol","no_shift","bfl_base","LCVA","gibbs_ln","batch1",1007,0.307386814932486,0.196746326857522,0.744666998189719
"PHMRC","Bohol","no_shift","bfl_base","LCVA","gibbs_ln","batch1",1008,0.307386814932486,0.197210991890202,0.744508888025735
"PHMRC","Bohol","no_shift","bfl_base","LCVA","gibbs_ln","batch1",1009,0.307386814932486,0.196746326857522,0.743868811111868
"PHMRC","Bohol","no_shift","bfl_base","LCVA","gibbs_ln","batch1",1010,0.307386814932486,0.196746326857522,0.743470297843982
"PHMRC","Bohol","no_shift","bfl_base","LCVA","gibbs_ln","batch1",1011,0.307386814932486,0.196696145146907,0.744094459312841
"PHMRC","Bohol","no_shift","bfl_base","LCVA","gibbs_ln","batch1",1012,0.307386814932486,0.197475046338579,0.744694114330156
"PHMRC","Bohol","no_shift","bfl_base","LCVA","gibbs_ln","batch1",1013,0.307386814932486,0.196746326857522,0.745285815427842
"PHMRC","Bohol","no_shift","bfl_base","LCVA","gibbs_ln","batch1",1014,0.307386814932486,0.19687874211176,0.746060875142394
"PHMRC","Bohol","no_shift","bfl_base","LCVA","gibbs_ln","batch1",1015,0.308181096108022,0.197028880913965,0.746302960947498
"PHMRC","Bohol","no_shift","bfl_base","LCVA","gibbs_ln","batch1",1016,0.30659253375695,0.196582189195721,0.745951478588116
"PHMRC","Bohol","no_shift","bfl_base","LCVA","gibbs_ln","batch1",1017,0.30659253375695,0.196551598542468,0.745829147342898
"PHMRC","Bohol","no_shift","bfl_base","LCVA","gibbs_ln","batch1",1018,0.308181096108022,0.197704825750343,0.745334449307307
"PHMRC","Bohol","no_shift","bfl_base","LCVA","gibbs_ln","batch1",1019,0.307386814932486,0.197276633640166,0.744749893382968
"PHMRC","Bohol","no_shift","bfl_base","LCVA","gibbs_ln","batch1",1020,0.308975377283558,0.198399270194788,0.744983093098034
"PHMRC","Bohol","no_shift","bfl_base","LCVA","gibbs_ln","batch1",1021,0.30659253375695,0.19717962517685,0.745339023050107
"PHMRC","Bohol","no_shift","bfl_base","LCVA","gibbs_ln","batch1",1022,0.308181096108022,0.197811216394576,0.745365546296927
"PHMRC","Bohol","no_shift","bfl_base","LCVA","gibbs_ln","batch1",1023,0.305003971405878,0.196122630372192,0.746511577152342
"PHMRC","Bohol","no_shift","bfl_base","LCVA","gibbs_ln","batch1",1024,0.307386814932486,0.196781377954232,0.74641769497091
"PHMRC","Bohol","no_shift","bfl_base","LCVA","gibbs_ln","batch1",1025,0.307386814932486,0.196811968607486,0.745941298180954
"PHMRC","Bohol","no_shift","bfl_base","LCVA","gibbs_ln","batch1",1026,0.307386814932486,0.196746326857522,0.745836212022091
"PHMRC","Bohol","no_shift","bfl_base","LCVA","gibbs_ln","batch1",1027,0.307386814932486,0.197233339844535,0.74502959032303
"PHMRC","Bohol","no_shift","bfl_base","LCVA","gibbs_ln","batch1",1028,0.307386814932486,0.197409404588615,0.745161638076532
"PHMRC","Bohol","no_shift","bfl_base","LCVA","gibbs_ln","batch1",1029,0.30659253375695,0.195001196987393,0.745690855380604
"PHMRC","Bohol","no_shift","bfl_base","LCVA","gibbs_ln","batch1",1030,0.307386814932486,0.196746326857522,0.745920723243382
"PHMRC","Dar","no_shift","bfl_base","LCVA","gibbs_ln","batch1",1001,0.242178447276941,0.151527655646282,0.55327764769544
"PHMRC","Dar","no_shift","bfl_base","LCVA","gibbs_ln","batch1",1002,0.241019698725377,0.150432171297209,0.552898861829023
"PHMRC","Dar","no_shift","bfl_base","LCVA","gibbs_ln","batch1",1003,0.241599073001159,0.151350444942755,0.552961856689303
"PHMRC","Dar","no_shift","bfl_base","LCVA","gibbs_ln","batch1",1004,0.240440324449594,0.151062353880315,0.55342703163849
"PHMRC","Dar","no_shift","bfl_base","LCVA","gibbs_ln","batch1",1005,0.242178447276941,0.151574911833889,0.552813336243818
"PHMRC","Dar","no_shift","bfl_base","LCVA","gibbs_ln","batch1",1006,0.241599073001159,0.151462678388322,0.553015148703023
"PHMRC","Dar","no_shift","bfl_base","LCVA","gibbs_ln","batch1",1007,0.242178447276941,0.151471538923498,0.55282760084868
"PHMRC","Dar","no_shift","bfl_base","LCVA","gibbs_ln","batch1",1008,0.239860950173812,0.15069611842636,0.552640205322225
"PHMRC","Dar","no_shift","bfl_base","LCVA","gibbs_ln","batch1",1009,0.241599073001159,0.151397701130362,0.55269915841747
"PHMRC","Dar","no_shift","bfl_base","LCVA","gibbs_ln","batch1",1010,0.241019698725377,0.151131431644845,0.552779257454199
"PHMRC","Dar","no_shift","bfl_base","LCVA","gibbs_ln","batch1",1011,0.241019698725377,0.151173234239229,0.553425264861842
"PHMRC","Dar","no_shift","bfl_base","LCVA","gibbs_ln","batch1",1012,0.242178447276941,0.151574911833889,0.55353946794963
"PHMRC","Dar","no_shift","bfl_base","LCVA","gibbs_ln","batch1",1013,0.242178447276941,0.151527655646282,0.553761441384545
"PHMRC","Dar","no_shift","bfl_base","LCVA","gibbs_ln","batch1",1014,0.241599073001159,0.151294328219972,0.554046396207861
"PHMRC","Dar","no_shift","bfl_base","LCVA","gibbs_ln","batch1",1015,0.240440324449594,0.151193661482887,0.55320013910144
"PHMRC","Dar","no_shift","bfl_base","LCVA","gibbs_ln","batch1",1016,0.241599073001159,0.151378379634937,0.55307740133598
"PHMRC","Dar","no_shift","bfl_base","LCVA","gibbs_ln","batch1",1017,0.240440324449594,0.150151587683292,0.552940837015463
"PHMRC","Dar","no_shift","bfl_base","LCVA","gibbs_ln","batch1",1018,0.242757821552723,0.151752122537415,0.552521087540121
"PHMRC","Dar","no_shift","bfl_base","LCVA","gibbs_ln","batch1",1019,0.241019698725377,0.151069861328838,0.553717865923678
"PHMRC","Dar","no_shift","bfl_base","LCVA","gibbs_ln","batch1",1020,0.242178447276941,0.151574911833889,0.553273396527433
"PHMRC","Dar","no_shift","bfl_base","LCVA","gibbs_ln","batch1",1021,0.241599073001159,0.151294328219972,0.553353846436202
"PHMRC","Dar","no_shift","bfl_base","LCVA","gibbs_ln","batch1",1022,0.242178447276941,0.151574911833889,0.553697708938713
"PHMRC","Dar","no_shift","bfl_base","LCVA","gibbs_ln","batch1",1023,0.241599073001159,0.151406561665539,0.552694207406463
"PHMRC","Dar","no_shift","bfl_base","LCVA","gibbs_ln","batch1",1024,0.242757821552723,0.151696005814632,0.553802750641526
"PHMRC","Dar","no_shift","bfl_base","LCVA","gibbs_ln","batch1",1025,0.241599073001159,0.151247072032365,0.553936022398326
"PHMRC","Dar","no_shift","bfl_base","LCVA","gibbs_ln","batch1",1026,0.241599073001159,0.151378379634937,0.553616086799586
"PHMRC","Dar","no_shift","bfl_base","LCVA","gibbs_ln","batch1",1027,0.241599073001159,0.150768871633909,0.554264217890991
"PHMRC","Dar","no_shift","bfl_base","LCVA","gibbs_ln","batch1",1028,0.241019698725377,0.150432171297209,0.55388778008958
"PHMRC","Dar","no_shift","bfl_base","LCVA","gibbs_ln","batch1",1029,0.242178447276941,0.151687145279456,0.553899043725787
"PHMRC","Dar","no_shift","bfl_base","LCVA","gibbs_ln","batch1",1030,0.240440324449594,0.150845394437705,0.554504873921732
"PHMRC","Mexico","no_shift","bfl_base","LCVA","gibbs_ln","batch1",1001,0.249802994483846,0.220864611116605,0.707126434826032
"PHMRC","Mexico","no_shift","bfl_base","LCVA","gibbs_ln","batch1",1002,0.243498817966903,0.215072690379131,0.721541898213181
"PHMRC","Mexico","no_shift","bfl_base","LCVA","gibbs_ln","batch1",1003,0.235618597320725,0.206972648137319,0.718803158582285
"PHMRC","Mexico","no_shift","bfl_base","LCVA","gibbs_ln","batch1",1004,0.244286840031521,0.172589623357945,0.71121836413904
"PHMRC","Mexico","no_shift","bfl_base","LCVA","gibbs_ln","batch1",1005,0.22301024428684,0.203704773877571,0.699107782667707
"PHMRC","Mexico","no_shift","bfl_base","LCVA","gibbs_ln","batch1",1006,0.254531126871552,0.225204375396162,0.71269984343364
"PHMRC","Mexico","no_shift","bfl_base","LCVA","gibbs_ln","batch1",1007,0.245074862096139,0.216510123665282,0.716861153915722
"PHMRC","Mexico","no_shift","bfl_base","LCVA","gibbs_ln","batch1",1008,0.24822695035461,0.218470106752909,0.715737234597336
"PHMRC","Mexico","no_shift","bfl_base","LCVA","gibbs_ln","batch1",1009,0.242710795902285,0.209293996077352,0.70988802147109
"PHMRC","Mexico","no_shift","bfl_base","LCVA","gibbs_ln","batch1",1010,0.229314420803783,0.178325738803656,0.695561483583826
"PHMRC","Mexico","no_shift","bfl_base","LCVA","gibbs_ln","batch1",1011,0.243498817966903,0.172877284059529,0.716326420052508
"PHMRC","Mexico","no_shift","bfl_base","LCVA","gibbs_ln","batch1",1012,0.234830575256107,0.214010454697539,0.710946837644637
"PHMRC","Mexico","no_shift","bfl_base","LCVA","gibbs_ln","batch1",1013,0.241922773837667,0.181349509991747,0.707564776034989
"PHMRC","Mexico","no_shift","bfl_base","LCVA","gibbs_ln","batch1",1014,0.237982663514578,0.214803931865448,0.704077083843496
"PHMRC","Mexico","no_shift","bfl_base","LCVA","gibbs_ln","batch1",1015,0.239558707643814,0.213060090997285,0.698029817940716
"PHMRC","Mexico","no_shift","bfl_base","LCVA","gibbs_ln","batch1",1016,0.2301024428684,0.178597666982139,0.715079007809993
"PHMRC","Mexico","no_shift","bfl_base","LCVA","gibbs_ln","batch1",1017,0.250591016548463,0.216500762911403,0.713860405164842
"PHMRC","Mexico","no_shift","bfl_base","LCVA","gibbs_ln","batch1",1018,0.237194641449961,0.182758250529519,0.709401751572892
"PHMRC","Mexico","no_shift","bfl_base","LCVA","gibbs_ln","batch1",1019,0.245074862096139,0.210633511015332,0.69417001391027
"PHMRC","Mexico","no_shift","bfl_base","LCVA","gibbs_ln","batch1",1020,0.246650906225374,0.223986306760159,0.699849795803897
"PHMRC","Mexico","no_shift","bfl_base","LCVA","gibbs_ln","batch1",1021,0.238770685579196,0.213518162542873,0.715050250963275
"PHMRC","Mexico","no_shift","bfl_base","LCVA","gibbs_ln","batch1",1022,0.258471237194641,0.194563811615232,0.720313653853229
"PHMRC","Mexico","no_shift","bfl_base","LCVA","gibbs_ln","batch1",1023,0.240346729708432,0.176883691772494,0.709815623202076
"PHMRC","Mexico","no_shift","bfl_base","LCVA","gibbs_ln","batch1",1024,0.237982663514578,0.172836259304056,0.712859339256622
"PHMRC","Mexico","no_shift","bfl_base","LCVA","gibbs_ln","batch1",1025,0.244286840031521,0.213192183412482,0.724263317428448
"PHMRC","Mexico","no_shift","bfl_base","LCVA","gibbs_ln","batch1",1026,0.233254531126872,0.206882825336597,0.711791383961976
"PHMRC","Mexico","no_shift","bfl_base","LCVA","gibbs_ln","batch1",1027,0.257683215130024,0.223757909433834,0.708062701293045
"PHMRC","Mexico","no_shift","bfl_base","LCVA","gibbs_ln","batch1",1028,0.229314420803783,0.176074827207283,0.698661905127619
"PHMRC","Mexico","no_shift","bfl_base","LCVA","gibbs_ln","batch1",1029,0.246650906225374,0.18492702518987,0.699451074347727
"PHMRC","Mexico","no_shift","bfl_base","LCVA","gibbs_ln","batch1",1030,0.244286840031521,0.176406142243249,0.703905228789153
"PHMRC","Pemba","no_shift","bfl_base","LCVA","gibbs_ln","batch1",1001,0.356902356902357,0.268960365755498,0.523946743268161
"PHMRC","Pemba","no_shift","bfl_base","LCVA","gibbs_ln","batch1",1002,0.356902356902357,0.270924369747899,0.52371112568745
"PHMRC","Pemba","no_shift","bfl_base","LCVA","gibbs_ln","batch1",1003,0.356902356902357,0.271858076563959,0.52360466919387
"PHMRC","Pemba","no_shift","bfl_base","LCVA","gibbs_ln","batch1",1004,0.356902356902357,0.270924369747899,0.523207991687276
"PHMRC","Pemba","no_shift","bfl_base","LCVA","gibbs_ln","batch1",1005,0.356902356902357,0.270924369747899,0.52529155713281
"PHMRC","Pemba","no_shift","bfl_base","LCVA","gibbs_ln","batch1",1006,0.36026936026936,0.273162046427766,0.526468500545854
"PHMRC","Pemba","no_shift","bfl_base","LCVA","gibbs_ln","batch1",1007,0.36026936026936,0.273012653337197,0.527229600359649
"PHMRC","Pemba","no_shift","bfl_base","LCVA","gibbs_ln","batch1",1008,0.356902356902357,0.27056167294504,0.527412230797461
"PHMRC","Pemba","no_shift","bfl_base","LCVA","gibbs_ln","batch1",1009,0.353535353535354,0.270191409897292,0.525428618082082
"PHMRC","Pemba","no_shift","bfl_base","LCVA","gibbs_ln","batch1",1010,0.36026936026936,0.273012653337197,0.524889491602124
"PHMRC","Pemba","no_shift","bfl_base","LCVA","gibbs_ln","batch1",1011,0.36026936026936,0.273012653337197,0.524083043502629
"PHMRC","Pemba","no_shift","bfl_base","LCVA","gibbs_ln","batch1",1012,0.353535353535354,0.26859010270775,0.523081396751363
"PHMRC","Pemba","no_shift","bfl_base","LCVA","gibbs_ln","batch1",1013,0.36026936026936,0.272228339611707,0.523163625971725
"PHMRC","Pemba","no_shift","bfl_base","LCVA","gibbs_ln","batch1",1014,0.356902356902357,0.271858076563959,0.523021991748737
"PHMRC","Pemba","no_shift","bfl_base","LCVA","gibbs_ln","batch1",1015,0.356902356902357,0.271708683473389,0.523647468933611
"PHMRC","Pemba","no_shift","bfl_base","LCVA","gibbs_ln","batch1",1016,0.356902356902357,0.272642390289449,0.524094987237652
"PHMRC","Pemba","no_shift","bfl_base","LCVA","gibbs_ln","batch1",1017,0.356902356902357,0.270924369747899,0.524969142300306
"PHMRC","Pemba","no_shift","bfl_base","LCVA","gibbs_ln","batch1",1018,0.36026936026936,0.273162046427766,0.524802617230496
"PHMRC","Pemba","no_shift","bfl_base","LCVA","gibbs_ln","batch1",1019,0.356902356902357,0.270809105251296,0.522407453481403
"PHMRC","Pemba","no_shift","bfl_base","LCVA","gibbs_ln","batch1",1020,0.356902356902357,0.271858076563959,0.523405993988613
"PHMRC","Pemba","no_shift","bfl_base","LCVA","gibbs_ln","batch1",1021,0.356902356902357,0.271858076563959,0.522725650219143
"PHMRC","Pemba","no_shift","bfl_base","LCVA","gibbs_ln","batch1",1022,0.353535353535354,0.270191409897292,0.523517640381106
"PHMRC","Pemba","no_shift","bfl_base","LCVA","gibbs_ln","batch1",1023,0.356902356902357,0.271858076563959,0.525226499644748
"PHMRC","Pemba","no_shift","bfl_base","LCVA","gibbs_ln","batch1",1024,0.353535353535354,0.269505135387488,0.524359970343114
"PHMRC","Pemba","no_shift","bfl_base","LCVA","gibbs_ln","batch1",1025,0.353535353535354,0.269505135387488,0.523841762386435
"PHMRC","Pemba","no_shift","bfl_base","LCVA","gibbs_ln","batch1",1026,0.356902356902357,0.270809105251296,0.523001052700481
"PHMRC","Pemba","no_shift","bfl_base","LCVA","gibbs_ln","batch1",1027,0.356902356902357,0.271858076563959,0.522716937536557
"PHMRC","Pemba","no_shift","bfl_base","LCVA","gibbs_ln","batch1",1028,0.353535353535354,0.26765639589169,0.522942412606659
"PHMRC","Pemba","no_shift","bfl_base","LCVA","gibbs_ln","batch1",1029,0.353535353535354,0.26765639589169,0.524448270489575
"PHMRC","Pemba","no_shift","bfl_base","LCVA","gibbs_ln","batch1",1030,0.35016835016835,0.265172735760971,0.524048755626417
"PHMRC","UP","no_shift","bfl_base","LCVA","gibbs_ln","batch1",1001,0.320648343904158,0.24429659941017,0.548490316275689
"PHMRC","UP","no_shift","bfl_base","LCVA","gibbs_ln","batch1",1002,0.322057787174066,0.244859157766846,0.548388176199862
"PHMRC","UP","no_shift","bfl_base","LCVA","gibbs_ln","batch1",1003,0.319943622269204,0.244051501370954,0.548566163863007
"PHMRC","UP","no_shift","bfl_base","LCVA","gibbs_ln","batch1",1004,0.320648343904158,0.24413096794019,0.548110131631214
"PHMRC","UP","no_shift","bfl_base","LCVA","gibbs_ln","batch1",1005,0.321353065539112,0.24461405972763,0.548841485247844
"PHMRC","UP","no_shift","bfl_base","LCVA","gibbs_ln","batch1",1006,0.320648343904158,0.245061602381055,0.549400603401828
"PHMRC","UP","no_shift","bfl_base","LCVA","gibbs_ln","batch1",1007,0.319943622269204,0.243286498400068,0.549156023811947
"PHMRC","UP","no_shift","bfl_base","LCVA","gibbs_ln","batch1",1008,0.320648343904158,0.244372014191467,0.549239994235873
"PHMRC","UP","no_shift","bfl_base","LCVA","gibbs_ln","batch1",1009,0.319943622269204,0.243286498400068,0.548880597608739
"PHMRC","UP","no_shift","bfl_base","LCVA","gibbs_ln","batch1",1010,0.319943622269204,0.243286498400068,0.54833639007439
"PHMRC","UP","no_shift","bfl_base","LCVA","gibbs_ln","batch1",1011,0.320648343904158,0.244221184628872,0.548718916652885
"PHMRC","UP","no_shift","bfl_base","LCVA","gibbs_ln","batch1",1012,0.320648343904158,0.24429659941017,0.548782903000046
"PHMRC","UP","no_shift","bfl_base","LCVA","gibbs_ln","batch1",1013,0.320648343904158,0.24429659941017,0.548569609212479
"PHMRC","UP","no_shift","bfl_base","LCVA","gibbs_ln","batch1",1014,0.320648343904158,0.24429659941017,0.549097580396829
"PHMRC","UP","no_shift","bfl_base","LCVA","gibbs_ln","batch1",1015,0.319943622269204,0.243583500902953,0.549122107796555
"PHMRC","UP","no_shift","bfl_base","LCVA","gibbs_ln","batch1",1016,0.319943622269204,0.244051501370954,0.549404528962
"PHMRC","UP","no_shift","bfl_base","LCVA","gibbs_ln","batch1",1017,0.321353065539112,0.245176618084306,0.54951027344865
"PHMRC","UP","no_shift","bfl_base","LCVA","gibbs_ln","batch1",1018,0.319238900634249,0.242385597499168,0.548882009910533
"PHMRC","UP","no_shift","bfl_base","LCVA","gibbs_ln","batch1",1019,0.320648343904158,0.243640796548484,0.54860201761519
"PHMRC","UP","no_shift","bfl_base","LCVA","gibbs_ln","batch1",1020,0.321353065539112,0.24472949984307,0.548458584208287
"PHMRC","UP","no_shift","bfl_base","LCVA","gibbs_ln","batch1",1021,0.319943622269204,0.243395698509269,0.548457915992669
"PHMRC","UP","no_shift","bfl_base","LCVA","gibbs_ln","batch1",1022,0.320648343904158,0.24429659941017,0.548819378090172
"PHMRC","UP","no_shift","bfl_base","LCVA","gibbs_ln","batch1",1023,0.320648343904158,0.24429659941017,0.548993853779055
"PHMRC","UP","no_shift","bfl_base","LCVA","gibbs_ln","batch1",1024,0.322057787174066,0.24577626535062,0.549061922450278
"PHMRC","UP","no_shift","bfl_base","LCVA","gibbs_ln","batch1",1025,0.321353065539112,0.243958256865945,0.549202361393456
"PHMRC","UP","no_shift","bfl_base","LCVA","gibbs_ln","batch1",1026,0.320648343904158,0.243713158826729,0.549323492192313
"PHMRC","UP","no_shift","bfl_base","LCVA","gibbs_ln","batch1",1027,0.322057787174066,0.244859157766846,0.549465787059773
"PHMRC","UP","no_shift","bfl_base","LCVA","gibbs_ln","batch1",1028,0.321353065539112,0.24461405972763,0.54939327501119
"PHMRC","UP","no_shift","bfl_base","LCVA","gibbs_ln","batch1",1029,0.322057787174066,0.245773212847567,0.549778586225216
"PHMRC","UP","no_shift","bfl_base","LCVA","gibbs_ln","batch1",1030,0.322057787174066,0.24577626535062,0.549548890547363
"PHMRC","AP","no_shift","bfl_base","LCVA","stan","batch1",1001,0.280566280566281,0.197944358157162,0.503207991466532
"PHMRC","AP","no_shift","bfl_base","LCVA","stan","batch1",1002,0.281209781209781,0.197962560161849,0.503088726480157
"PHMRC","AP","no_shift","bfl_base","LCVA","stan","batch1",1003,0.278635778635779,0.195871837972618,0.503560216674864
"PHMRC","AP","no_shift","bfl_base","LCVA","stan","batch1",1004,0.279279279279279,0.195583487338247,0.503521495606142
"PHMRC","AP","no_shift","bfl_base","LCVA","stan","batch1",1005,0.27992277992278,0.196448539241361,0.503194510990442
"PHMRC","AP","no_shift","bfl_base","LCVA","stan","batch1",1006,0.281209781209781,0.197604796735622,0.503354622981556
"PHMRC","AP","no_shift","bfl_base","LCVA","stan","batch1",1007,0.279279279279279,0.196160188606989,0.503431670508651
"PHMRC","AP","no_shift","bfl_base","LCVA","stan","batch1",1008,0.27992277992278,0.196451394198137,0.50330188287669
"PHMRC","AP","no_shift","bfl_base","LCVA","stan","batch1",1009,0.280566280566281,0.197944358157162,0.503346185195725
"PHMRC","AP","no_shift","bfl_base","LCVA","stan","batch1",1010,0.279279279279279,0.196117169599206,0.503617704255219
"PHMRC","AP","no_shift","bfl_base","LCVA","stan","batch1",1011,0.279279279279279,0.195586342295023,0.503440678700895
"PHMRC","AP","no_shift","bfl_base","LCVA","stan","batch1",1012,0.278635778635779,0.195828818964835,0.503393949667488
"PHMRC","AP","no_shift","bfl_base","LCVA","stan","batch1",1013,0.27992277992278,0.196763283659804,0.503516996758307
"PHMRC","AP","no_shift","bfl_base","LCVA","stan","batch1",1014,0.280566280566281,0.197048779337399,0.503746314751445
"PHMRC","AP","no_shift","bfl_base","LCVA","stan","batch1",1015,0.281209781209781,0.197329947419605,0.503490304296017
"PHMRC","AP","no_shift","bfl_base","LCVA","stan","batch1",1016,0.278635778635779,0.195295136703875,0.503125227066164
"PHMRC","AP","no_shift","bfl_base","LCVA","stan","batch1",1017,0.27992277992278,0.196803447710811,0.503636561785792
"PHMRC","AP","no_shift","bfl_base","LCVA","stan","batch1",1018,0.279279279279279,0.196160188606989,0.503308938052651
"PHMRC","AP","no_shift","bfl_base","LCVA","stan","batch1",1019,0.279279279279279,0.195895376799914,0.50311311991482
"PHMRC","AP","no_shift","bfl_base","LCVA","stan","batch1",1020,0.279279279279279,0.196163043563765,0.503454053101511
"PHMRC","AP","no_shift","bfl_base","LCVA","stan","batch1",1021,0.279279279279279,0.195586342295023,0.503408694208536
"PHMRC","AP","no_shift","bfl_base","LCVA","stan","batch1",1022,0.278635778635779,0.195607026165542,0.503171611722385
"PHMRC","AP","no_shift","bfl_base","LCVA","stan","batch1",1023,0.27992277992278,0.196760428703028,0.502889206350123
"PHMRC","AP","no_shift","bfl_base","LCVA","stan","batch1",1024,0.277348777348777,0.194715580478357,0.503369332021444
"PHMRC","AP","no_shift","bfl_base","LCVA","stan","batch1",1025,0.279279279279279,0.196736889875732,0.503470575024812
"PHMRC","AP","no_shift","bfl_base","LCVA","stan","batch1",1026,0.279279279279279,0.196160188606989,0.503546145737028
"PHMRC","AP","no_shift","bfl_base","LCVA","stan","batch1",1027,0.27992277992278,0.197337129971771,0.502916555572923
"PHMRC","AP","no_shift","bfl_base","LCVA","stan","batch1",1028,0.279279279279279,0.196423349147321,0.503235029942496
"PHMRC","AP","no_shift","bfl_base","LCVA","stan","batch1",1029,0.280566280566281,0.197048779337399,0.503291897825177
"PHMRC","AP","no_shift","bfl_base","LCVA","stan","batch1",1030,0.280566280566281,0.196739744832508,0.503073583628612
"PHMRC","Bohol","no_shift","bfl_base","LCVA","stan","batch1",1001,0.30659253375695,0.196516547445758,0.745333954827999
"PHMRC","Bohol","no_shift","bfl_base","LCVA","stan","batch1",1002,0.309769658459095,0.198083612210004,0.744957388708434
"PHMRC","Bohol","no_shift","bfl_base","LCVA","stan","batch1",1003,0.308181096108022,0.196991566308636,0.74450315589549
"PHMRC","Bohol","no_shift","bfl_base","LCVA","stan","batch1",1004,0.307386814932486,0.196781377954232,0.745637006988814
"PHMRC","Bohol","no_shift","bfl_base","LCVA","stan","batch1",1005,0.307386814932486,0.196746326857522,0.745621388503876
"PHMRC","Bohol","no_shift","bfl_base","LCVA","stan","batch1",1006,0.308975377283558,0.197884423451493,0.745184389914905
"PHMRC","Bohol","no_shift","bfl_base","LCVA","stan","batch1",1007,0.307386814932486,0.196746326857522,0.745268537446479
"PHMRC","Bohol","no_shift","bfl_base","LCVA","stan","batch1",1008,0.30659253375695,0.196582189195721,0.744582498597082
"PHMRC","Bohol","no_shift","bfl_base","LCVA","stan","batch1",1009,0.308181096108022,0.197011157365997,0.745093480763588
"PHMRC","Bohol","no_shift","bfl_base","LCVA","stan","batch1",1010,0.308975377283558,0.197190755067146,0.745064156676608
"PHMRC","Bohol","no_shift","bfl_base","LCVA","stan","batch1",1011,0.309769658459095,0.198083612210004,0.745012438391119
"PHMRC","Bohol","no_shift","bfl_base","LCVA","stan","batch1",1012,0.307386814932486,0.197541819842852,0.744795034113901
"PHMRC","Bohol","no_shift","bfl_base","LCVA","stan","batch1",1013,0.308975377283558,0.197904014508854,0.745238367110094
"PHMRC","Bohol","no_shift","bfl_base","LCVA","stan","batch1",1014,0.307386814932486,0.196811968607486,0.745239403340316
"PHMRC","Bohol","no_shift","bfl_base","LCVA","stan","batch1",1015,0.308975377283558,0.197733548894204,0.744736054803838
"PHMRC","Bohol","no_shift","bfl_base","LCVA","stan","batch1",1016,0.308181096108022,0.197011157365997,0.745229465177251
"PHMRC","Bohol","no_shift","bfl_base","LCVA","stan","batch1",1017,0.30659253375695,0.196981212478437,0.744613765472699
"PHMRC","Bohol","no_shift","bfl_base","LCVA","stan","batch1",1018,0.308181096108022,0.197704825750343,0.745044992057595
"PHMRC","Bohol","no_shift","bfl_base","LCVA","stan","batch1",1019,0.308975377283558,0.197971919767437,0.744963871169726
"PHMRC","Bohol","no_shift","bfl_base","LCVA","stan","batch1",1020,0.308181096108022,0.197704825750343,0.745251282438567
"PHMRC","Bohol","no_shift","bfl_base","LCVA","stan","batch1",1021,0.30659253375695,0.196582189195721,0.745296812790261
"PHMRC","Bohol","no_shift","bfl_base","LCVA","stan","batch1",1022,0.307386814932486,0.19687874211176,0.744984416044338
"PHMRC","Bohol","no_shift","bfl_base","LCVA","stan","batch1",1023,0.30659253375695,0.196582189195721,0.744998112035538
"PHMRC","Bohol","no_shift","bfl_base","LCVA","stan","batch1",1024,0.308975377283558,0.197190755067146,0.745233778732991
"PHMRC","Bohol","no_shift","bfl_base","LCVA","stan","batch1",1025,0.307386814932486,0.196746326857522,0.745277300412806
"PHMRC","Bohol","no_shift","bfl_base","LCVA","stan","batch1",1026,0.307386814932486,0.196746326857522,0.745122553099491
"PHMRC","Bohol","no_shift","bfl_base","LCVA","stan","batch1",1027,0.307386814932486,0.196746326857522,0.745245744447644
"PHMRC","Bohol","no_shift","bfl_base","LCVA","stan","batch1",1028,0.308181096108022,0.197674235097089,0.744859647611567
"PHMRC","Bohol","no_shift","bfl_base","LCVA","stan","batch1",1029,0.309769658459095,0.198168845017329,0.744783847981854
"PHMRC","Bohol","no_shift","bfl_base","LCVA","stan","batch1",1030,0.307386814932486,0.196746326857522,0.745038664457721
"PHMRC","Dar","no_shift","bfl_base","LCVA","stan","batch1",1001,0.241019698725377,0.151069861328838,0.553440325149904
"PHMRC","Dar","no_shift","bfl_base","LCVA","stan","batch1",1002,0.239860950173812,0.150142727148116,0.553568559294336
"PHMRC","Dar","no_shift","bfl_base","LCVA","stan","batch1",1003,0.241019698725377,0.151125978051622,0.553491410542608
"PHMRC","Dar","no_shift","bfl_base","LCVA","stan","batch1",1004,0.239860950173812,0.150743374613967,0.553451562288272
"PHMRC","Dar","no_shift","bfl_base","LCVA","stan","batch1",1005,0.241019698725377,0.151173234239229,0.553802692956058
"PHMRC","Dar","no_shift","bfl_base","LCVA","stan","batch1",1006,0.241019698725377,0.151125978051622,0.553406240113833
"PHMRC","Dar","no_shift","bfl_base","LCVA","stan","batch1",1007,0.242178447276941,0.151471538923498,0.55348445009209
"PHMRC","Dar","no_shift","bfl_base","LCVA","stan","batch1",1008,0.241019698725377,0.151069861328838,0.553458201860479
"PHMRC","Dar","no_shift","bfl_base","LCVA","stan","batch1",1009,0.241599073001159,0.151350444942755,0.553645781467418
"PHMRC","Dar","no_shift","bfl_base","LCVA","stan","batch1",1010,0.241599073001159,0.151425635822544,0.553053156801148
"PHMRC","Dar","no_shift","bfl_base","LCVA","stan","batch1",1011,0.241599073001159,0.151397701130362,0.553635124857532
"PHMRC","Dar","no_shift","bfl_base","LCVA","stan","batch1",1012,0.241599073001159,0.150609382000736,0.553546162626906
"PHMRC","Dar","no_shift","bfl_base","LCVA","stan","batch1",1013,0.242178447276941,0.151527655646282,0.55360861266953
"PHMRC","Dar","no_shift","bfl_base","LCVA","stan","batch1",1014,0.241599073001159,0.151294328219972,0.553711273973537
"PHMRC","Dar","no_shift","bfl_base","LCVA","stan","batch1",1015,0.240440324449594,0.150948520009675,0.553657389932234
"PHMRC","Dar","no_shift","bfl_base","LCVA","stan","batch1",1016,0.241599073001159,0.151378379634937,0.553416042381663
"PHMRC","Dar","no_shift","bfl_base","LCVA","stan","batch1",1017,0.241019698725377,0.150376054574426,0.553528771945961
"PHMRC","Dar","no_shift","bfl_base","LCVA","stan","batch1",1018,0.242757821552723,0.151752122537415,0.553220614205125
"PHMRC","Dar","no_shift","bfl_base","LCVA","stan","batch1",1019,0.241599073001159,0.150609382000736,0.553672538458021
"PHMRC","Dar","no_shift","bfl_base","LCVA","stan","batch1",1020,0.242757821552723,0.151752122537415,0.553753743604872
"PHMRC","Dar","no_shift","bfl_base","LCVA","stan","batch1",1021,0.241599073001159,0.151388840595186,0.553703077570824
"PHMRC","Dar","no_shift","bfl_base","LCVA","stan","batch1",1022,0.240440324449594,0.151023958227884,0.553447750143985
"PHMRC","Dar","no_shift","bfl_base","LCVA","stan","batch1",1023,0.242757821552723,0.151864355982982,0.553598733075908
"PHMRC","Dar","no_shift","bfl_base","LCVA","stan","batch1",1024,0.242757821552723,0.151752122537415,0.553537475514093
"PHMRC","Dar","no_shift","bfl_base","LCVA","stan","batch1",1025,0.241599073001159,0.151294328219972,0.55323664180378
"PHMRC","Dar","no_shift","bfl_base","LCVA","stan","batch1",1026,0.243337195828505,0.151976589428549,0.553595554512043
"PHMRC","Dar","no_shift","bfl_base","LCVA","stan","batch1",1027,0.241599073001159,0.151406561665539,0.553558978845338
"PHMRC","Dar","no_shift","bfl_base","LCVA","stan","batch1",1028,0.241019698725377,0.151867040993642,0.553362143709947
"PHMRC","Dar","no_shift","bfl_base","LCVA","stan","batch1",1029,0.241019698725377,0.151117117516445,0.553185042946373
"PHMRC","Dar","no_shift","bfl_base","LCVA","stan","batch1",1030,0.241019698725377,0.15120116893141,0.553528851169156
"PHMRC","Mexico","no_shift","bfl_base","LCVA","stan","batch1",1001,0.249802994483846,0.219955352795165,0.706985975436949
"PHMRC","Mexico","no_shift","bfl_base","LCVA","stan","batch1",1002,0.242710795902285,0.213207264333468,0.721621644753883
"PHMRC","Mexico","no_shift","bfl_base","LCVA","stan","batch1",1003,0.235618597320725,0.208060265555073,0.717916698272448
"PHMRC","Mexico","no_shift","bfl_base","LCVA","stan","batch1",1004,0.243498817966903,0.172222785500278,0.71176710829343
"PHMRC","Mexico","no_shift","bfl_base","LCVA","stan","batch1",1005,0.22301024428684,0.203704773877571,0.699052878727321
"PHMRC","Mexico","no_shift","bfl_base","LCVA","stan","batch1",1006,0.25531914893617,0.2255526860893,0.71226120336247
"PHMRC","Mexico","no_shift","bfl_base","LCVA","stan","batch1",1007,0.244286840031521,0.216175339601003,0.716831077391755
"PHMRC","Mexico","no_shift","bfl_base","LCVA","stan","batch1",1008,0.246650906225374,0.216915673051646,0.715377225701243
"PHMRC","Mexico","no_shift","bfl_base","LCVA","stan","batch1",1009,0.24113475177305,0.206904509816898,0.709651095255892
"PHMRC","Mexico","no_shift","bfl_base","LCVA","stan","batch1",1010,0.2301024428684,0.178864531907104,0.695347649027658
"PHMRC","Mexico","no_shift","bfl_base","LCVA","stan","batch1",1011,0.242710795902285,0.17254249999525,0.7170917407655
"PHMRC","Mexico","no_shift","bfl_base","LCVA","stan","batch1",1012,0.235618597320725,0.213548167344618,0.711032349143974
"PHMRC","Mexico","no_shift","bfl_base","LCVA","stan","batch1",1013,0.243498817966903,0.181747187177292,0.707590434094067
"PHMRC","Mexico","no_shift","bfl_base","LCVA","stan","batch1",1014,0.235618597320725,0.217768832658135,0.70387751898531
"PHMRC","Mexico","no_shift","bfl_base","LCVA","stan","batch1",1015,0.238770685579196,0.210407571103386,0.698832600619625
"PHMRC","Mexico","no_shift","bfl_base","LCVA","stan","batch1",1016,0.232466509062254,0.180615067769464,0.715066393144604
"PHMRC","Mexico","no_shift","bfl_base","LCVA","stan","batch1",1017,0.250591016548463,0.216500762911403,0.713294266153686
"PHMRC","Mexico","no_shift","bfl_base","LCVA","stan","batch1",1018,0.238770685579196,0.184564072327734,0.709308213953366
"PHMRC","Mexico","no_shift","bfl_base","LCVA","stan","batch1",1019,0.244286840031521,0.210161144458885,0.69381673807456
"PHMRC","Mexico","no_shift","bfl_base","LCVA","stan","batch1",1020,0.247438928289992,0.225017931639048,0.699481366711267
"PHMRC","Mexico","no_shift","bfl_base","LCVA","stan","batch1",1021,0.237982663514578,0.212286635449277,0.71553754307184
"PHMRC","Mexico","no_shift","bfl_base","LCVA","stan","batch1",1022,0.260835303388495,0.195834915989785,0.720517877396852
"PHMRC","Mexico","no_shift","bfl_base","LCVA","stan","batch1",1023,0.24113475177305,0.177928623851909,0.710788525640699
"PHMRC","Mexico","no_shift","bfl_base","LCVA","stan","batch1",1024,0.237982663514578,0.172836259304056,0.713079535934279
"PHMRC","Mexico","no_shift","bfl_base","LCVA","stan","batch1",1025,0.245074862096139,0.214501220311583,0.723965493648922
"PHMRC","Mexico","no_shift","bfl_base","LCVA","stan","batch1",1026,0.232466509062254,0.206481863027054,0.711400879148996
"PHMRC","Mexico","no_shift","bfl_base","LCVA","stan","batch1",1027,0.25531914893617,0.219351037772913,0.707996456778952
"PHMRC","Mexico","no_shift","bfl_base","LCVA","stan","batch1",1028,0.230890464933018,0.176928567004051,0.698728070785966
"PHMRC","Mexico","no_shift","bfl_base","LCVA","stan","batch1",1029,0.247438928289992,0.18630555153867,0.69952617372149
"PHMRC","Mexico","no_shift","bfl_base","LCVA","stan","batch1",1030,0.241922773837667,0.175274461274715,0.703943485411655
"PHMRC","Pemba","no_shift","bfl_base","LCVA","stan","batch1",1001,0.356902356902357,0.271858076563959,0.523651834070862
"PHMRC","Pemba","no_shift","bfl_base","LCVA","stan","batch1",1002,0.356902356902357,0.270924369747899,0.524086513343004
"PHMRC","Pemba","no_shift","bfl_base","LCVA","stan","batch1",1003,0.36026936026936,0.273946360153257,0.524061106500121
"PHMRC","Pemba","no_shift","bfl_base","LCVA","stan","batch1",1004,0.356902356902357,0.270924369747899,0.524324269362231
"PHMRC","Pemba","no_shift","bfl_base","LCVA","stan","batch1",1005,0.36026936026936,0.272228339611707,0.524287758557936
"PHMRC","Pemba","no_shift","bfl_base","LCVA","stan","batch1",1006,0.36026936026936,0.273162046427766,0.524287513505171
"PHMRC","Pemba","no_shift","bfl_base","LCVA","stan","batch1",1007,0.36026936026936,0.272228339611707,0.52424190403483
"PHMRC","Pemba","no_shift","bfl_base","LCVA","stan","batch1",1008,0.36026936026936,0.273162046427766,0.524139323974639
"PHMRC","Pemba","no_shift","bfl_base","LCVA","stan","batch1",1009,0.356902356902357,0.270924369747899,0.52404794534389
"PHMRC","Pemba","no_shift","bfl_base","LCVA","stan","batch1",1010,0.36026936026936,0.273162046427766,0.523540067281147
"PHMRC","Pemba","no_shift","bfl_base","LCVA","stan","batch1",1011,0.36026936026936,0.273162046427766,0.524015874355531
"PHMRC","Pemba","no_shift","bfl_base","LCVA","stan","batch1",1012,0.36026936026936,0.273162046427766,0.524243745396778
"PHMRC","Pemba","no_shift","bfl_base","LCVA","stan","batch1",1013,0.36026936026936,0.272228339611707,0.524385757210285
"PHMRC","Pemba","no_shift","bfl_base","LCVA","stan","batch1",1014,0.36026936026936,0.273162046427766,0.524910595817025
"PHMRC","Pemba","no_shift","bfl_base","LCVA","stan","batch1",1015,0.356902356902357,0.270924369747899,0.524407792524476
"PHMRC","Pemba","no_shift","bfl_base","LCVA","stan","batch1",1016,0.36026936026936,0.272228339611707,0.52467659520007
"PHMRC","Pemba","no_shift","bfl_base","LCVA","stan","batch1",1017,0.356902356902357,0.270924369747899,0.524204695988025
"PHMRC","Pemba","no_shift","bfl_base","LCVA","stan","batch1",1018,0.36026936026936,0.273162046427766,0.523858162957397
"PHMRC","Pemba","no_shift","bfl_base","LCVA","stan","batch1",1019,0.36026936026936,0.272228339611707,0.524544333457898
"PHMRC","Pemba","no_shift","bfl_base","LCVA","stan","batch1",1020,0.36026936026936,0.272228339611707,0.524278387587028
"PHMRC","Pemba","no_shift","bfl_base","LCVA","stan","batch1",1021,0.356902356902357,0.270924369747899,0.524314635125187
"PHMRC","Pemba","no_shift","bfl_base","LCVA","stan","batch1",1022,0.356902356902357,0.271858076563959,0.524336517074986
"PHMRC","Pemba","no_shift","bfl_base","LCVA","stan","batch1",1023,0.356902356902357,0.271858076563959,0.523709894480376
"PHMRC","Pemba","no_shift","bfl_base","LCVA","stan","batch1",1024,0.356902356902357,0.271858076563959,0.52477386545384
"PHMRC","Pemba","no_shift","bfl_base","LCVA","stan","batch1",1025,0.36026936026936,0.272228339611707,0.52410660096807
"PHMRC","Pemba","no_shift","bfl_base","LCVA","stan","batch1",1026,0.36026936026936,0.273162046427766,0.524131577575238
"PHMRC","Pemba","no_shift","bfl_base","LCVA","stan","batch1",1027,0.36026936026936,0.273162046427766,0.52401304974466
"PHMRC","Pemba","no_shift","bfl_base","LCVA","stan","batch1",1028,0.356902356902357,0.270924369747899,0.525187853753584
"PHMRC","Pemba","no_shift","bfl_base","LCVA","stan","batch1",1029,0.356902356902357,0.270924369747899,0.52371396750102
"PHMRC","Pemba","no_shift","bfl_base","LCVA","stan","batch1",1030,0.356902356902357,0.271708683473389,0.524579766580969
"PHMRC","UP","no_shift","bfl_base","LCVA","stan","batch1",1001,0.321353065539112,0.24461405972763,0.548752336441137
"PHMRC","UP","no_shift","bfl_base","LCVA","stan","batch1",1002,0.321353065539112,0.244541697449385,0.548655951053799
"PHMRC","UP","no_shift","bfl_base","LCVA","stan","batch1",1003,0.320648343904158,0.24429659941017,0.548993913930366
"PHMRC","UP","no_shift","bfl_base","LCVA","stan","batch1",1004,0.320648343904158,0.24429659941017,0.548772616143443
"PHMRC","UP","no_shift","bfl_base","LCVA","stan","batch1",1005,0.321353065539112,0.244541697449385,0.548939380106533
"PHMRC","UP","no_shift","bfl_base","LCVA","stan","batch1",1006,0.321353065539112,0.245306700420271,0.548836178827096
"PHMRC","UP","no_shift","bfl_base","LCVA","stan","batch1",1007,0.321353065539112,0.244541697449385,0.548897050144917
"PHMRC","UP","no_shift","bfl_base","LCVA","stan","batch1",1008,0.320648343904158,0.244372014191467,0.549052249911214
"PHMRC","UP","no_shift","bfl_base","LCVA","stan","batch1",1009,0.321353065539112,0.243852109259797,0.548819244025964
"PHMRC","UP","no_shift","bfl_base","LCVA","stan","batch1",1010,0.320648343904158,0.243603958717529,0.548857505289422
"PHMRC","UP","no_shift","bfl_base","LCVA","stan","batch1",1011,0.319943622269204,0.243976086589657,0.548892599971552
"PHMRC","UP","no_shift","bfl_base","LCVA","stan","batch1",1012,0.320648343904158,0.24429659941017,0.549117100290812
"PHMRC","UP","no_shift","bfl_base","LCVA","stan","batch1",1013,0.320648343904158,0.24429659941017,0.549201375482723
"PHMRC","UP","no_shift","bfl_base","LCVA","stan","batch1",1014,0.320648343904158,0.24429659941017,0.548883207032513
"PHMRC","UP","no_shift","bfl_base","LCVA","stan","batch1",1015,0.319238900634249,0.243150600470053,0.548867871989301
"PHMRC","UP","no_shift","bfl_base","LCVA","stan","batch1",1016,0.319943622269204,0.243286498400068,0.548928378774667
"PHMRC","UP","no_shift","bfl_base","LCVA","stan","batch1",1017,0.321353065539112,0.244541697449385,0.548971652907145
"PHMRC","UP","no_shift","bfl_base","LCVA","stan","batch1",1018,0.319238900634249,0.242385597499168,0.548872975355947
"PHMRC","UP","no_shift","bfl_base","LCVA","stan","batch1",1019,0.321353065539112,0.244541697449385,0.549008900731641
"PHMRC","UP","no_shift","bfl_base","LCVA","stan","batch1",1020,0.319943622269204,0.24381350762273,0.549152848794696
"PHMRC","UP","no_shift","bfl_base","LCVA","stan","batch1",1021,0.319943622269204,0.243395698509269,0.548827093708206
"PHMRC","UP","no_shift","bfl_base","LCVA","stan","batch1",1022,0.320648343904158,0.24429659941017,0.549032170659087
"PHMRC","UP","no_shift","bfl_base","LCVA","stan","batch1",1023,0.321353065539112,0.244541697449385,0.548899571115623
"PHMRC","UP","no_shift","bfl_base","LCVA","stan","batch1",1024,0.321353065539112,0.245306700420271,0.548931134016799
"PHMRC","UP","no_shift","bfl_base","LCVA","stan","batch1",1025,0.320648343904158,0.244368961688414,0.548760965093809
"PHMRC","UP","no_shift","bfl_base","LCVA","stan","batch1",1026,0.321353065539112,0.24461405972763,0.549193573214989
"PHMRC","UP","no_shift","bfl_base","LCVA","stan","batch1",1027,0.321353065539112,0.24461405972763,0.549001998708933
"PHMRC","UP","no_shift","bfl_base","LCVA","stan","batch1",1028,0.320648343904158,0.24429659941017,0.548970722915561
"PHMRC","UP","no_shift","bfl_base","LCVA","stan","batch1",1029,0.320648343904158,0.244221184628872,0.54861761202415
"PHMRC","UP","no_shift","bfl_base","LCVA","stan","batch1",1030,0.320648343904158,0.243640796548484,0.548881975059083
"PHMRC","AP","no_shift","bfl_domain","LCVA","gibbs_dir","batch1",1001,0.337892196299276,0.228546770461632,0.713014716469461
"PHMRC","AP","no_shift","bfl_domain","LCVA","gibbs_dir","batch1",1002,0.309734513274336,0.219396849318196,0.688740770509893
"PHMRC","AP","no_shift","bfl_domain","LCVA","gibbs_dir","batch1",1003,0.3065164923572,0.214572380406041,0.652933588612724
"PHMRC","AP","no_shift","bfl_domain","LCVA","gibbs_dir","batch1",1004,0.315366049879324,0.221489608641046,0.660166027141201
"PHMRC","AP","no_shift","bfl_domain","LCVA","gibbs_dir","batch1",1005,0.3065164923572,0.218564691265677,0.673523738120419
"PHMRC","AP","no_shift","bfl_domain","LCVA","gibbs_dir","batch1",1006,0.29847144006436,0.211703044541083,0.626779946636702
"PHMRC","AP","no_shift","bfl_domain","LCVA","gibbs_dir","batch1",1007,0.312952534191472,0.229677038998338,0.6394592770523
"PHMRC","AP","no_shift","bfl_domain","LCVA","gibbs_dir","batch1",1008,0.304907481898632,0.214077334623737,0.671857697445063
"PHMRC","AP","no_shift","bfl_domain","LCVA","gibbs_dir","batch1",1009,0.312148028962188,0.215169967918699,0.663535868483871
"PHMRC","AP","no_shift","bfl_domain","LCVA","gibbs_dir","batch1",1010,0.316170555108608,0.21936313777538,0.641063599689879
"PHMRC","AP","no_shift","bfl_domain","LCVA","gibbs_dir","batch1",1011,0.312148028962188,0.229822861815921,0.628509111153286
"PHMRC","AP","no_shift","bfl_domain","LCVA","gibbs_dir","batch1",1012,0.313757039420756,0.220021534782994,0.68540843122488
"PHMRC","AP","no_shift","bfl_domain","LCVA","gibbs_dir","batch1",1013,0.304907481898632,0.220200096406872,0.655886723196487
"PHMRC","AP","no_shift","bfl_domain","LCVA","gibbs_dir","batch1",1014,0.303298471440064,0.218751927989605,0.65618219987029
"PHMRC","AP","no_shift","bfl_domain","LCVA","gibbs_dir","batch1",1015,0.311343523732904,0.224975429585605,0.658219492525221
"PHMRC","AP","no_shift","bfl_domain","LCVA","gibbs_dir","batch1",1016,0.317779565567176,0.222544200317583,0.660099509430371
"PHMRC","AP","no_shift","bfl_domain","LCVA","gibbs_dir","batch1",1017,0.312952534191472,0.228990137921424,0.647294433222706
"PHMRC","AP","no_shift","bfl_domain","LCVA","gibbs_dir","batch1",1018,0.312952534191472,0.217151538543552,0.654895179246562
"PHMRC","AP","no_shift","bfl_domain","LCVA","gibbs_dir","batch1",1019,0.295253419147224,0.218354375123185,0.628376531754825
"PHMRC","AP","no_shift","bfl_domain","LCVA","gibbs_dir","batch1",1020,0.320193081255028,0.221474499554581,0.699973853113152
"PHMRC","AP","no_shift","bfl_domain","LCVA","gibbs_dir","batch1",1021,0.3065164923572,0.222263879655531,0.658063751972516
"PHMRC","AP","no_shift","bfl_domain","LCVA","gibbs_dir","batch1",1022,0.308125502815768,0.217535334000605,0.656884208905019
"PHMRC","AP","no_shift","bfl_domain","LCVA","gibbs_dir","batch1",1023,0.31858407079646,0.229847019804118,0.643818815543327
"PHMRC","AP","no_shift","bfl_domain","LCVA","gibbs_dir","batch1",1024,0.29847144006436,0.217540520349485,0.627072152692993
"PHMRC","AP","no_shift","bfl_domain","LCVA","gibbs_dir","batch1",1025,0.279967819790829,0.195867880867017,0.617819782645323
"PHMRC","AP","no_shift","bfl_domain","LCVA","gibbs_dir","batch1",1026,0.308930008045052,0.220972191817052,0.669829768633998
"PHMRC","AP","no_shift","bfl_domain","LCVA","gibbs_dir","batch1",1027,0.312952534191472,0.221640613675668,0.67684451744254
"PHMRC","AP","no_shift","bfl_domain","LCVA","gibbs_dir","batch1",1028,0.308930008045052,0.213214432505147,0.650474791354555
"PHMRC","AP","no_shift","bfl_domain","LCVA","gibbs_dir","batch1",1029,0.293644408688656,0.204799516988763,0.683492953590458
"PHMRC","AP","no_shift","bfl_domain","LCVA","gibbs_dir","batch1",1030,0.308930008045052,0.216505536067208,0.674915381083011
"PHMRC","Bohol","no_shift","bfl_domain","LCVA","gibbs_dir","batch1",1001,0.318768619662363,0.198747134399861,0.791733145324948
"PHMRC","Bohol","no_shift","bfl_domain","LCVA","gibbs_dir","batch1",1002,0.303872889771599,0.197679732099957,0.735263623174818
"PHMRC","Bohol","no_shift","bfl_domain","LCVA","gibbs_dir","batch1",1003,0.306852035749752,0.172200287078147,0.735685214339553
"PHMRC","Bohol","no_shift","bfl_domain","LCVA","gibbs_dir","batch1",1004,0.331678252234359,0.20906547141562,0.815322808265471
"PHMRC","Bohol","no_shift","bfl_domain","LCVA","gibbs_dir","batch1",1005,0.307845084409136,0.186659820613151,0.738331173928168
"PHMRC","Bohol","no_shift","bfl_domain","LCVA","gibbs_dir","batch1",1006,0.297914597815293,0.1732144038921,0.705576727332221
"PHMRC","Bohol","no_shift","bfl_domain","LCVA","gibbs_dir","batch1",1007,0.324726911618669,0.192244916708371,0.703813972991707
"PHMRC","Bohol","no_shift","bfl_domain","LCVA","gibbs_dir","batch1",1008,0.300893743793446,0.189570744204028,0.805994678419633
"PHMRC","Bohol","no_shift","bfl_domain","LCVA","gibbs_dir","batch1",1009,0.312810327706058,0.172466451994819,0.704863024369634
"PHMRC","Bohol","no_shift","bfl_domain","LCVA","gibbs_dir","batch1",1010,0.307845084409136,0.182832183529127,0.70466375931135
"PHMRC","Bohol","no_shift","bfl_domain","LCVA","gibbs_dir","batch1",1011,0.30188679245283,0.173660658654342,0.730879778823613
"PHMRC","Bohol","no_shift","bfl_domain","LCVA","gibbs_dir","batch1",1012,0.333664349553128,0.208894452031381,0.782129561052901
"PHMRC","Bohol","no_shift","bfl_domain","LCVA","gibbs_dir","batch1",1013,0.28798411122145,0.163148476724449,0.701875833694688
"PHMRC","Bohol","no_shift","bfl_domain","LCVA","gibbs_dir","batch1",1014,0.334657398212512,0.196223300135588,0.785822752685508
"PHMRC","Bohol","no_shift","bfl_domain","LCVA","gibbs_dir","batch1",1015,0.328699106256207,0.203472539538808,0.782168418791071
"PHMRC","Bohol","no_shift","bfl_domain","LCVA","gibbs_dir","batch1",1016,0.309831181727905,0.180062814407156,0.749091003252927
"PHMRC","Bohol","no_shift","bfl_domain","LCVA","gibbs_dir","batch1",1017,0.317775571002979,0.179781645539518,0.724278419583788
"PHMRC","Bohol","no_shift","bfl_domain","LCVA","gibbs_dir","batch1",1018,0.337636544190665,0.202895346290658,0.789922242022924
"PHMRC","Bohol","no_shift","bfl_domain","LCVA","gibbs_dir","batch1",1019,0.310824230387289,0.182262093808178,0.758536895596041
"PHMRC","Bohol","no_shift","bfl_domain","LCVA","gibbs_dir","batch1",1020,0.311817279046673,0.190080028478822,0.734059416411966
"PHMRC","Bohol","no_shift","bfl_domain","LCVA","gibbs_dir","batch1",1021,0.286991062562066,0.177614062287259,0.733326044920454
"PHMRC","Bohol","no_shift","bfl_domain","LCVA","gibbs_dir","batch1",1022,0.33862959285005,0.207426244374599,0.836155477666839
"PHMRC","Bohol","no_shift","bfl_domain","LCVA","gibbs_dir","batch1",1023,0.313803376365442,0.197594626257632,0.767050276544756
"PHMRC","Bohol","no_shift","bfl_domain","LCVA","gibbs_dir","batch1",1024,0.302879841112214,0.173534867640441,0.722170956072904
"PHMRC","Bohol","no_shift","bfl_domain","LCVA","gibbs_dir","batch1",1025,0.322740814299901,0.185937465431981,0.737817413538383
"PHMRC","Bohol","no_shift","bfl_domain","LCVA","gibbs_dir","batch1",1026,0.303872889771599,0.170912586306346,0.743709799581813
"PHMRC","Bohol","no_shift","bfl_domain","LCVA","gibbs_dir","batch1",1027,0.326713008937438,0.195858392394321,0.786057965565832
"PHMRC","Bohol","no_shift","bfl_domain","LCVA","gibbs_dir","batch1",1028,0.325719960278054,0.193350750629042,0.76619825519357
"PHMRC","Bohol","no_shift","bfl_domain","LCVA","gibbs_dir","batch1",1029,0.324726911618669,0.198241559236753,0.822197059534105
"PHMRC","Bohol","no_shift","bfl_domain","LCVA","gibbs_dir","batch1",1030,0.30883813306852,0.18609770462262,0.755241486254692
"PHMRC","Dar","no_shift","bfl_domain","LCVA","gibbs_dir","batch1",1001,0.294713975380159,0.155659020054171,0.618114456843774
"PHMRC","Dar","no_shift","bfl_domain","LCVA","gibbs_dir","batch1",1002,0.297610427226647,0.163866565008906,0.590695302588851
"PHMRC","Dar","no_shift","bfl_domain","LCVA","gibbs_dir","batch1",1003,0.310644460535844,0.162731791234715,0.621080477623679
"PHMRC","Dar","no_shift","bfl_domain","LCVA","gibbs_dir","batch1",1004,0.33091962346126,0.177866821159838,0.674311311468375
"PHMRC","Dar","no_shift","bfl_domain","LCVA","gibbs_dir","batch1",1005,0.33091962346126,0.173624386099433,0.618014620069067
"PHMRC","Dar","no_shift","bfl_domain","LCVA","gibbs_dir","batch1",1006,0.322230267921796,0.173676869876542,0.640858400959718
"PHMRC","Dar","no_shift","bfl_domain","LCVA","gibbs_dir","batch1",1007,0.319333816075308,0.168322642850219,0.679658960196705
"PHMRC","Dar","no_shift","bfl_domain","LCVA","gibbs_dir","batch1",1008,0.326574945691528,0.178758061833408,0.608769415265216
"PHMRC","Dar","no_shift","bfl_domain","LCVA","gibbs_dir","batch1",1009,0.332367849384504,0.179093976327188,0.653707171388436
"PHMRC","Dar","no_shift","bfl_domain","LCVA","gibbs_dir","batch1",1010,0.304851556842867,0.155568587831796,0.595840958210633
"PHMRC","Dar","no_shift","bfl_domain","LCVA","gibbs_dir","batch1",1011,0.31281679942071,0.168609670956231,0.624050489224429
"PHMRC","Dar","no_shift","bfl_domain","LCVA","gibbs_dir","batch1",1012,0.324402606806662,0.179132320059264,0.732741117948758
"PHMRC","Dar","no_shift","bfl_domain","LCVA","gibbs_dir","batch1",1013,0.33091962346126,0.181288671047811,0.660662344845361
"PHMRC","Dar","no_shift","bfl_domain","LCVA","gibbs_dir","batch1",1014,0.338884866039102,0.18614194442385,0.687473426215082
"PHMRC","Dar","no_shift","bfl_domain","LCVA","gibbs_dir","batch1",1015,0.322230267921796,0.176308551150466,0.676385775682426
"PHMRC","Dar","no_shift","bfl_domain","LCVA","gibbs_dir","batch1",1016,0.338884866039102,0.180067339959276,0.667091929131613
"PHMRC","Dar","no_shift","bfl_domain","LCVA","gibbs_dir","batch1",1017,0.336712527154236,0.171306702751258,0.625829718135317
"PHMRC","Dar","no_shift","bfl_domain","LCVA","gibbs_dir","batch1",1018,0.321506154960174,0.176004956072096,0.645661837480432
"PHMRC","Dar","no_shift","bfl_domain","LCVA","gibbs_dir","batch1",1019,0.318609703113686,0.178439115754009,0.664510233264976
"PHMRC","Dar","no_shift","bfl_domain","LCVA","gibbs_dir","batch1",1020,0.333816075307748,0.176195058589259,0.673986640093249
"PHMRC","Dar","no_shift","bfl_domain","LCVA","gibbs_dir","batch1",1021,0.307748008689356,0.164035719174046,0.610335550791025
"PHMRC","Dar","no_shift","bfl_domain","LCVA","gibbs_dir","batch1",1022,0.306299782766112,0.16447940684347,0.605432884500192
"PHMRC","Dar","no_shift","bfl_domain","LCVA","gibbs_dir","batch1",1023,0.31281679942071,0.168766252891774,0.606922949957634
"PHMRC","Dar","no_shift","bfl_domain","LCVA","gibbs_dir","batch1",1024,0.3091962346126,0.172590344735327,0.630476075983792
"PHMRC","Dar","no_shift","bfl_domain","LCVA","gibbs_dir","batch1",1025,0.32005792903693,0.179514239653428,0.650810316655229
"PHMRC","Dar","no_shift","bfl_domain","LCVA","gibbs_dir","batch1",1026,0.317885590152064,0.172369026538834,0.628427932407974
"PHMRC","Dar","no_shift","bfl_domain","LCVA","gibbs_dir","batch1",1027,0.310644460535844,0.166476469154711,0.602551687856981
"PHMRC","Dar","no_shift","bfl_domain","LCVA","gibbs_dir","batch1",1028,0.314265025343954,0.173742952003656,0.598194732317351
"PHMRC","Dar","no_shift","bfl_domain","LCVA","gibbs_dir","batch1",1029,0.32005792903693,0.162485724488138,0.610409232895177
"PHMRC","Dar","no_shift","bfl_domain","LCVA","gibbs_dir","batch1",1030,0.33091962346126,0.176618343247997,0.658355606232926
"PHMRC","Mexico","no_shift","bfl_domain","LCVA","gibbs_dir","batch1",1001,0.277383766745469,0.181128930912626,0.682505689592907
"PHMRC","Mexico","no_shift","bfl_domain","LCVA","gibbs_dir","batch1",1002,0.308116627265563,0.21445432317405,0.760180757632702
"PHMRC","Mexico","no_shift","bfl_domain","LCVA","gibbs_dir","batch1",1003,0.289992119779354,0.193936831599254,0.760802877441708
"PHMRC","Mexico","no_shift","bfl_domain","LCVA","gibbs_dir","batch1",1004,0.257683215130024,0.172231359162805,0.666563540794103
"PHMRC","Mexico","no_shift","bfl_domain","LCVA","gibbs_dir","batch1",1005,0.241922773837667,0.170824895776087,0.661491365699977
"PHMRC","Mexico","no_shift","bfl_domain","LCVA","gibbs_dir","batch1",1006,0.26635145784082,0.186045773586934,0.710779872490902
"PHMRC","Mexico","no_shift","bfl_domain","LCVA","gibbs_dir","batch1",1007,0.289992119779354,0.19633713779528,0.733272018922517
"PHMRC","Mexico","no_shift","bfl_domain","LCVA","gibbs_dir","batch1",1008,0.301024428684003,0.195609002848546,0.776771351846092
"PHMRC","Mexico","no_shift","bfl_domain","LCVA","gibbs_dir","batch1",1009,0.284475965327029,0.191573193684823,0.78953251532072
"PHMRC","Mexico","no_shift","bfl_domain","LCVA","gibbs_dir","batch1",1010,0.278959810874705,0.194473642001889,0.706662868816731
"PHMRC","Mexico","no_shift","bfl_domain","LCVA","gibbs_dir","batch1",1011,0.281323877068558,0.184833169885592,0.700775250607832
"PHMRC","Mexico","no_shift","bfl_domain","LCVA","gibbs_dir","batch1",1012,0.282111899133176,0.192277653667847,0.736293158782709
"PHMRC","Mexico","no_shift","bfl_domain","LCVA","gibbs_dir","batch1",1013,0.282899921197794,0.190852022993768,0.758286099802292
"PHMRC","Mexico","no_shift","bfl_domain","LCVA","gibbs_dir","batch1",1014,0.256107171000788,0.185946820855565,0.725272586553676
"PHMRC","Mexico","no_shift","bfl_domain","LCVA","gibbs_dir","batch1",1015,0.241922773837667,0.176384138889865,0.68934960634191
"PHMRC","Mexico","no_shift","bfl_domain","LCVA","gibbs_dir","batch1",1016,0.261623325453113,0.180763231186002,0.703900411900762
"PHMRC","Mexico","no_shift","bfl_domain","LCVA","gibbs_dir","batch1",1017,0.26241134751773,0.168676834474943,0.728362983570523
"PHMRC","Mexico","no_shift","bfl_domain","LCVA","gibbs_dir","batch1",1018,0.272655634357762,0.196436209754137,0.685359331662468
"PHMRC","Mexico","no_shift","bfl_domain","LCVA","gibbs_dir","batch1",1019,0.281323877068558,0.22120008747269,0.717173267926489
"PHMRC","Mexico","no_shift","bfl_domain","LCVA","gibbs_dir","batch1",1020,0.285263987391647,0.241358133568318,0.771574406272399
"PHMRC","Mexico","no_shift","bfl_domain","LCVA","gibbs_dir","batch1",1021,0.282899921197794,0.222723027948739,0.753527067198314
"PHMRC","Mexico","no_shift","bfl_domain","LCVA","gibbs_dir","batch1",1022,0.268715524034673,0.182556195611117,0.709789118206884
"PHMRC","Mexico","no_shift","bfl_domain","LCVA","gibbs_dir","batch1",1023,0.250591016548463,0.16719207045895,0.665909848328917
"PHMRC","Mexico","no_shift","bfl_domain","LCVA","gibbs_dir","batch1",1024,0.288416075650118,0.196992063900932,0.787014172352115
"PHMRC","Mexico","no_shift","bfl_domain","LCVA","gibbs_dir","batch1",1025,0.299448384554768,0.236529482073744,0.77906150573752
"PHMRC","Mexico","no_shift","bfl_domain","LCVA","gibbs_dir","batch1",1026,0.294720252167061,0.194320400925562,0.754614999666967
"PHMRC","Mexico","no_shift","bfl_domain","LCVA","gibbs_dir","batch1",1027,0.285263987391647,0.195785922818325,0.786983081880229
"PHMRC","Mexico","no_shift","bfl_domain","LCVA","gibbs_dir","batch1",1028,0.26241134751773,0.182500093104402,0.693230901824498
"PHMRC","Mexico","no_shift","bfl_domain","LCVA","gibbs_dir","batch1",1029,0.293932230102443,0.196629695941527,0.767943822696674
"PHMRC","Mexico","no_shift","bfl_domain","LCVA","gibbs_dir","batch1",1030,0.276595744680851,0.182944251975721,0.744199655361967
"PHMRC","Pemba","no_shift","bfl_domain","LCVA","gibbs_dir","batch1",1001,0.340336134453782,0.267556680939833,0.606308523313274
"PHMRC","Pemba","no_shift","bfl_domain","LCVA","gibbs_dir","batch1",1002,0.357142857142857,0.284329082249633,0.599268459870702
"PHMRC","Pemba","no_shift","bfl_domain","LCVA","gibbs_dir","batch1",1003,0.361344537815126,0.279358560065082,0.62736593402746
"PHMRC","Pemba","no_shift","bfl_domain","LCVA","gibbs_dir","batch1",1004,0.319327731092437,0.274280192846369,0.5923620440507
"PHMRC","Pemba","no_shift","bfl_domain","LCVA","gibbs_dir","batch1",1005,0.365546218487395,0.287782563238126,0.619295842507155
"PHMRC","Pemba","no_shift","bfl_domain","LCVA","gibbs_dir","batch1",1006,0.373949579831933,0.312636740523969,0.639835684274117
"PHMRC","Pemba","no_shift","bfl_domain","LCVA","gibbs_dir","batch1",1007,0.357142857142857,0.290538980538981,0.625652042260167
"PHMRC","Pemba","no_shift","bfl_domain","LCVA","gibbs_dir","batch1",1008,0.357142857142857,0.27878068568858,0.627661573602702
"PHMRC","Pemba","no_shift","bfl_domain","LCVA","gibbs_dir","batch1",1009,0.357142857142857,0.299047619047619,0.604578097455348
"PHMRC","Pemba","no_shift","bfl_domain","LCVA","gibbs_dir","batch1",1010,0.340336134453782,0.292907307153631,0.596688107968023
"PHMRC","Pemba","no_shift","bfl_domain","LCVA","gibbs_dir","batch1",1011,0.352941176470588,0.311455769176357,0.617098351243397
"PHMRC","Pemba","no_shift","bfl_domain","LCVA","gibbs_dir","batch1",1012,0.378151260504202,0.317432761495262,0.60667163788177
"PHMRC","Pemba","no_shift","bfl_domain","LCVA","gibbs_dir","batch1",1013,0.352941176470588,0.306729952843368,0.608728694966838
"PHMRC","Pemba","no_shift","bfl_domain","LCVA","gibbs_dir","batch1",1014,0.357142857142857,0.259862458096154,0.607932102572363
"PHMRC","Pemba","no_shift","bfl_domain","LCVA","gibbs_dir","batch1",1015,0.378151260504202,0.314940181568219,0.630788914833524
"PHMRC","Pemba","no_shift","bfl_domain","LCVA","gibbs_dir","batch1",1016,0.327731092436975,0.273548817696415,0.589836719953944
"PHMRC","Pemba","no_shift","bfl_domain","LCVA","gibbs_dir","batch1",1017,0.327731092436975,0.286066580988456,0.596890011482356
"PHMRC","Pemba","no_shift","bfl_domain","LCVA","gibbs_dir","batch1",1018,0.340336134453782,0.273121763857058,0.597834370160206
"PHMRC","Pemba","no_shift","bfl_domain","LCVA","gibbs_dir","batch1",1019,0.331932773109244,0.27906269964126,0.610562789984037
"PHMRC","Pemba","no_shift","bfl_domain","LCVA","gibbs_dir","batch1",1020,0.34453781512605,0.29009931041181,0.606839511766123
"PHMRC","Pemba","no_shift","bfl_domain","LCVA","gibbs_dir","batch1",1021,0.369747899159664,0.294353163396145,0.606680693828353
"PHMRC","Pemba","no_shift","bfl_domain","LCVA","gibbs_dir","batch1",1022,0.378151260504202,0.283471479500891,0.62361052226415
"PHMRC","Pemba","no_shift","bfl_domain","LCVA","gibbs_dir","batch1",1023,0.361344537815126,0.30334595959596,0.604710934781602
"PHMRC","Pemba","no_shift","bfl_domain","LCVA","gibbs_dir","batch1",1024,0.352941176470588,0.284886889538424,0.611183652711389
"PHMRC","Pemba","no_shift","bfl_domain","LCVA","gibbs_dir","batch1",1025,0.373949579831933,0.290358244502266,0.615785132849847
"PHMRC","Pemba","no_shift","bfl_domain","LCVA","gibbs_dir","batch1",1026,0.348739495798319,0.299431022408964,0.604285062705399
"PHMRC","Pemba","no_shift","bfl_domain","LCVA","gibbs_dir","batch1",1027,0.34453781512605,0.24612372276846,0.62587292341363
"PHMRC","Pemba","no_shift","bfl_domain","LCVA","gibbs_dir","batch1",1028,0.373949579831933,0.323926212017644,0.609664182827182
"PHMRC","Pemba","no_shift","bfl_domain","LCVA","gibbs_dir","batch1",1029,0.352941176470588,0.280535067287785,0.59710821522035
"PHMRC","Pemba","no_shift","bfl_domain","LCVA","gibbs_dir","batch1",1030,0.340336134453782,0.293252383877384,0.615877730959181
"PHMRC","UP","no_shift","bfl_domain","LCVA","gibbs_dir","batch1",1001,0.348017621145374,0.267451000482168,0.680354981848359
"PHMRC","UP","no_shift","bfl_domain","LCVA","gibbs_dir","batch1",1002,0.333039647577093,0.254543422612639,0.640673422236433
"PHMRC","UP","no_shift","bfl_domain","LCVA","gibbs_dir","batch1",1003,0.33215859030837,0.250925701868547,0.670500028754914
"PHMRC","UP","no_shift","bfl_domain","LCVA","gibbs_dir","batch1",1004,0.329515418502203,0.248142003844713,0.653006414132781
"PHMRC","UP","no_shift","bfl_domain","LCVA","gibbs_dir","batch1",1005,0.349779735682819,0.26286608400559,0.697779496585484
"PHMRC","UP","no_shift","bfl_domain","LCVA","gibbs_dir","batch1",1006,0.343612334801762,0.261110917864297,0.705419407002897
"PHMRC","UP","no_shift","bfl_domain","LCVA","gibbs_dir","batch1",1007,0.338325991189427,0.24872738095549,0.691410147525242
"PHMRC","UP","no_shift","bfl_domain","LCVA","gibbs_dir","batch1",1008,0.325991189427313,0.252481577203564,0.680779742627259
"PHMRC","UP","no_shift","bfl_domain","LCVA","gibbs_dir","batch1",1009,0.33920704845815,0.242436484743327,0.67565085537007
"PHMRC","UP","no_shift","bfl_domain","LCVA","gibbs_dir","batch1",1010,0.348898678414097,0.258228556447998,0.70158803800589
"PHMRC","UP","no_shift","bfl_domain","LCVA","gibbs_dir","batch1",1011,0.33920704845815,0.253409101034093,0.670734812485545
"PHMRC","UP","no_shift","bfl_domain","LCVA","gibbs_dir","batch1",1012,0.34273127753304,0.258826585510129,0.644832860546568
"PHMRC","UP","no_shift","bfl_domain","LCVA","gibbs_dir","batch1",1013,0.32863436123348,0.251701606437305,0.674377789706297
"PHMRC","UP","no_shift","bfl_domain","LCVA","gibbs_dir","batch1",1014,0.338325991189427,0.244676784524332,0.666628961054608
"PHMRC","UP","no_shift","bfl_domain","LCVA","gibbs_dir","batch1",1015,0.340088105726872,0.256676516454997,0.646862069115011
"PHMRC","UP","no_shift","bfl_domain","LCVA","gibbs_dir","batch1",1016,0.34273127753304,0.269357669518456,0.682602815291991
"PHMRC","UP","no_shift","bfl_domain","LCVA","gibbs_dir","batch1",1017,0.333920704845815,0.234844059840618,0.70954552458337
"PHMRC","UP","no_shift","bfl_domain","LCVA","gibbs_dir","batch1",1018,0.317180616740088,0.237404075663965,0.665649931700541
"PHMRC","UP","no_shift","bfl_domain","LCVA","gibbs_dir","batch1",1019,0.334801762114537,0.258317963488074,0.651489513161229
"PHMRC","UP","no_shift","bfl_domain","LCVA","gibbs_dir","batch1",1020,0.319823788546255,0.243665587838387,0.69336448962567
"PHMRC","UP","no_shift","bfl_domain","LCVA","gibbs_dir","batch1",1021,0.320704845814978,0.245219867397073,0.708281506588839
"PHMRC","UP","no_shift","bfl_domain","LCVA","gibbs_dir","batch1",1022,0.340088105726872,0.253358681649877,0.687486251200007
"PHMRC","UP","no_shift","bfl_domain","LCVA","gibbs_dir","batch1",1023,0.337444933920705,0.255682586148882,0.66897503394583
"PHMRC","UP","no_shift","bfl_domain","LCVA","gibbs_dir","batch1",1024,0.33215859030837,0.254289821032044,0.668901203511355
"PHMRC","UP","no_shift","bfl_domain","LCVA","gibbs_dir","batch1",1025,0.330396475770925,0.249031505840961,0.6857474960446
"PHMRC","UP","no_shift","bfl_domain","LCVA","gibbs_dir","batch1",1026,0.334801762114537,0.261501668183363,0.669777251171756
"PHMRC","UP","no_shift","bfl_domain","LCVA","gibbs_dir","batch1",1027,0.351541850220264,0.272987955439918,0.685961569710683
"PHMRC","UP","no_shift","bfl_domain","LCVA","gibbs_dir","batch1",1028,0.315418502202643,0.241247657922398,0.647506658601821
"PHMRC","UP","no_shift","bfl_domain","LCVA","gibbs_dir","batch1",1029,0.336563876651982,0.259938497708633,0.657592141905459
"PHMRC","UP","no_shift","bfl_domain","LCVA","gibbs_dir","batch1",1030,0.32511013215859,0.251014972023616,0.681223269785236
"PHMRC","AP","no_shift","bfl_domain","LCVA","gibbs_ln","batch1",1001,0.335478680611424,0.226812652589454,0.714087387733488
"PHMRC","AP","no_shift","bfl_domain","LCVA","gibbs_ln","batch1",1002,0.308930008045052,0.217739197074606,0.690762751671238
"PHMRC","AP","no_shift","bfl_domain","LCVA","gibbs_ln","batch1",1003,0.3065164923572,0.214782818116479,0.65508489663252
"PHMRC","AP","no_shift","bfl_domain","LCVA","gibbs_ln","batch1",1004,0.316170555108608,0.222739608641046,0.661660350334127
"PHMRC","AP","no_shift","bfl_domain","LCVA","gibbs_ln","batch1",1005,0.307320997586484,0.218323879456994,0.676448044857543
"PHMRC","AP","no_shift","bfl_domain","LCVA","gibbs_ln","batch1",1006,0.297666934835076,0.210625458334186,0.628682088802523
"PHMRC","AP","no_shift","bfl_domain","LCVA","gibbs_ln","batch1",1007,0.312952534191472,0.229677038998338,0.63895941639207
"PHMRC","AP","no_shift","bfl_domain","LCVA","gibbs_ln","batch1",1008,0.3065164923572,0.214985199325957,0.673626615726515
"PHMRC","AP","no_shift","bfl_domain","LCVA","gibbs_ln","batch1",1009,0.312952534191472,0.216075306906146,0.663616908433434
"PHMRC","AP","no_shift","bfl_domain","LCVA","gibbs_ln","batch1",1010,0.316975060337892,0.219678794341037,0.641219766057032
"PHMRC","AP","no_shift","bfl_domain","LCVA","gibbs_ln","batch1",1011,0.312148028962188,0.229822861815921,0.628796648913191
"PHMRC","AP","no_shift","bfl_domain","LCVA","gibbs_ln","batch1",1012,0.312148028962188,0.218589243116328,0.686203270220034
"PHMRC","AP","no_shift","bfl_domain","LCVA","gibbs_ln","batch1",1013,0.303298471440064,0.219447455561802,0.657525594196577
"PHMRC","AP","no_shift","bfl_domain","LCVA","gibbs_ln","batch1",1014,0.304907481898632,0.218674012761373,0.657756329708043
"PHMRC","AP","no_shift","bfl_domain","LCVA","gibbs_ln","batch1",1015,0.308930008045052,0.223211226061693,0.657947592669729
"PHMRC","AP","no_shift","bfl_domain","LCVA","gibbs_ln","batch1",1016,0.31858407079646,0.223461252015885,0.661342925741452
"PHMRC","AP","no_shift","bfl_domain","LCVA","gibbs_ln","batch1",1017,0.313757039420756,0.229182725329732,0.649446013143997
"PHMRC","AP","no_shift","bfl_domain","LCVA","gibbs_ln","batch1",1018,0.312148028962188,0.217983519063032,0.656337566312999
"PHMRC","AP","no_shift","bfl_domain","LCVA","gibbs_ln","batch1",1019,0.296057924376508,0.217630515004975,0.630457371690057
"PHMRC","AP","no_shift","bfl_domain","LCVA","gibbs_ln","batch1",1020,0.320997586484312,0.221756071106603,0.701342891489681
"PHMRC","AP","no_shift","bfl_domain","LCVA","gibbs_ln","batch1",1021,0.307320997586484,0.222842583359235,0.657711273299272
"PHMRC","AP","no_shift","bfl_domain","LCVA","gibbs_ln","batch1",1022,0.308125502815768,0.217672575985673,0.65728369058417
"PHMRC","AP","no_shift","bfl_domain","LCVA","gibbs_ln","batch1",1023,0.319388576025744,0.230607886605253,0.644594256837372
"PHMRC","AP","no_shift","bfl_domain","LCVA","gibbs_ln","batch1",1024,0.299275945293644,0.218951808323579,0.62816711835625
"PHMRC","AP","no_shift","bfl_domain","LCVA","gibbs_ln","batch1",1025,0.282381335478681,0.198898029578667,0.621199804741651
"PHMRC","AP","no_shift","bfl_domain","LCVA","gibbs_ln","batch1",1026,0.305711987127916,0.218375330823427,0.670513881174905
"PHMRC","AP","no_shift","bfl_domain","LCVA","gibbs_ln","batch1",1027,0.313757039420756,0.222481880350059,0.677579500531268
"PHMRC","AP","no_shift","bfl_domain","LCVA","gibbs_ln","batch1",1028,0.309734513274336,0.213398967739094,0.653060560526969
"PHMRC","AP","no_shift","bfl_domain","LCVA","gibbs_ln","batch1",1029,0.29444891391794,0.205191213032633,0.685274408163787
"PHMRC","AP","no_shift","bfl_domain","LCVA","gibbs_ln","batch1",1030,0.309734513274336,0.216638276493304,0.675231502217918
"PHMRC","Bohol","no_shift","bfl_domain","LCVA","gibbs_ln","batch1",1001,0.318768619662363,0.200003650240637,0.792364783738461
"PHMRC","Bohol","no_shift","bfl_domain","LCVA","gibbs_ln","batch1",1002,0.30188679245283,0.195064759876882,0.734533973354991
"PHMRC","Bohol","no_shift","bfl_domain","LCVA","gibbs_ln","batch1",1003,0.306852035749752,0.174338189862108,0.737391808340771
"PHMRC","Bohol","no_shift","bfl_domain","LCVA","gibbs_ln","batch1",1004,0.332671300893744,0.208776797017514,0.81485302540057
"PHMRC","Bohol","no_shift","bfl_domain","LCVA","gibbs_ln","batch1",1005,0.305858987090367,0.18603947321861,0.736709458491634
"PHMRC","Bohol","no_shift","bfl_domain","LCVA","gibbs_ln","batch1",1006,0.290963257199603,0.16823156883447,0.706854533337927
"PHMRC","Bohol","no_shift","bfl_domain","LCVA","gibbs_ln","batch1",1007,0.324726911618669,0.192414051792171,0.705058953652508
"PHMRC","Bohol","no_shift","bfl_domain","LCVA","gibbs_ln","batch1",1008,0.300893743793446,0.189774121090453,0.807492342050255
"PHMRC","Bohol","no_shift","bfl_domain","LCVA","gibbs_ln","batch1",1009,0.313803376365442,0.173992933075539,0.706718955543954
"PHMRC","Bohol","no_shift","bfl_domain","LCVA","gibbs_ln","batch1",1010,0.305858987090367,0.182623332814317,0.702790429954921
"PHMRC","Bohol","no_shift","bfl_domain","LCVA","gibbs_ln","batch1",1011,0.30188679245283,0.174425672042076,0.733214537564344
"PHMRC","Bohol","no_shift","bfl_domain","LCVA","gibbs_ln","batch1",1012,0.332671300893744,0.211536810149797,0.783510178352613
"PHMRC","Bohol","no_shift","bfl_domain","LCVA","gibbs_ln","batch1",1013,0.288977159880834,0.164828718558384,0.703594136869279
"PHMRC","Bohol","no_shift","bfl_domain","LCVA","gibbs_ln","batch1",1014,0.334657398212512,0.195868971670251,0.787327896505277
"PHMRC","Bohol","no_shift","bfl_domain","LCVA","gibbs_ln","batch1",1015,0.329692154915591,0.204779877323636,0.783844045266739
"PHMRC","Bohol","no_shift","bfl_domain","LCVA","gibbs_ln","batch1",1016,0.312810327706058,0.184512689502192,0.749452466993966
"PHMRC","Bohol","no_shift","bfl_domain","LCVA","gibbs_ln","batch1",1017,0.319761668321748,0.181622022783121,0.724763325207513
"PHMRC","Bohol","no_shift","bfl_domain","LCVA","gibbs_ln","batch1",1018,0.334657398212512,0.201320392467979,0.790281213504793
"PHMRC","Bohol","no_shift","bfl_domain","LCVA","gibbs_ln","batch1",1019,0.306852035749752,0.179403835342709,0.759081262266943
"PHMRC","Bohol","no_shift","bfl_domain","LCVA","gibbs_ln","batch1",1020,0.312810327706058,0.201265078838551,0.735375805930659
"PHMRC","Bohol","no_shift","bfl_domain","LCVA","gibbs_ln","batch1",1021,0.284011916583913,0.176943649939774,0.732661021825186
"PHMRC","Bohol","no_shift","bfl_domain","LCVA","gibbs_ln","batch1",1022,0.33862959285005,0.208221008282968,0.83827100289017
"PHMRC","Bohol","no_shift","bfl_domain","LCVA","gibbs_ln","batch1",1023,0.311817279046673,0.195044716939703,0.765741269359265
"PHMRC","Bohol","no_shift","bfl_domain","LCVA","gibbs_ln","batch1",1024,0.302879841112214,0.174012115575613,0.725576129531549
"PHMRC","Bohol","no_shift","bfl_domain","LCVA","gibbs_ln","batch1",1025,0.321747765640516,0.185621209897509,0.738658642354919
"PHMRC","Bohol","no_shift","bfl_domain","LCVA","gibbs_ln","batch1",1026,0.305858987090367,0.17200793916755,0.744323830252557
"PHMRC","Bohol","no_shift","bfl_domain","LCVA","gibbs_ln","batch1",1027,0.329692154915591,0.197321676533926,0.788435684037443
"PHMRC","Bohol","no_shift","bfl_domain","LCVA","gibbs_ln","batch1",1028,0.328699106256207,0.194800651617232,0.76849499310237
"PHMRC","Bohol","no_shift","bfl_domain","LCVA","gibbs_ln","batch1",1029,0.318768619662363,0.195085726018873,0.824799266384933
"PHMRC","Bohol","no_shift","bfl_domain","LCVA","gibbs_ln","batch1",1030,0.306852035749752,0.185925817778407,0.755830038805517
"PHMRC","Dar","no_shift","bfl_domain","LCVA","gibbs_ln","batch1",1001,0.293989862418537,0.155603632119995,0.620552633506492
"PHMRC","Dar","no_shift","bfl_domain","LCVA","gibbs_ln","batch1",1002,0.296162201303403,0.163046820725109,0.592387902518046
"PHMRC","Dar","no_shift","bfl_domain","LCVA","gibbs_ln","batch1",1003,0.312092686459088,0.163408831911755,0.622480116113127
"PHMRC","Dar","no_shift","bfl_domain","LCVA","gibbs_ln","batch1",1004,0.331643736422882,0.178215131852977,0.675453956315464
"PHMRC","Dar","no_shift","bfl_domain","LCVA","gibbs_ln","batch1",1005,0.332367849384504,0.174186715164178,0.619421664379272
"PHMRC","Dar","no_shift","bfl_domain","LCVA","gibbs_ln","batch1",1006,0.324402606806662,0.174417629147847,0.640688143195868
"PHMRC","Dar","no_shift","bfl_domain","LCVA","gibbs_ln","batch1",1007,0.319333816075308,0.168592003119579,0.67986220766724
"PHMRC","Dar","no_shift","bfl_domain","LCVA","gibbs_ln","batch1",1008,0.326574945691528,0.178758061833408,0.609275804435596
"PHMRC","Dar","no_shift","bfl_domain","LCVA","gibbs_ln","batch1",1009,0.33091962346126,0.178479620623012,0.653644951468756
"PHMRC","Dar","no_shift","bfl_domain","LCVA","gibbs_ln","batch1",1010,0.30557566980449,0.155803495043447,0.597047076509363
"PHMRC","Dar","no_shift","bfl_domain","LCVA","gibbs_ln","batch1",1011,0.313540912382332,0.168682773926122,0.623466369282787
"PHMRC","Dar","no_shift","bfl_domain","LCVA","gibbs_ln","batch1",1012,0.325126719768284,0.179345721681116,0.732968468213154
"PHMRC","Dar","no_shift","bfl_domain","LCVA","gibbs_ln","batch1",1013,0.331643736422882,0.181649421408562,0.662002536496307
"PHMRC","Dar","no_shift","bfl_domain","LCVA","gibbs_ln","batch1",1014,0.33816075307748,0.185709043990949,0.688570535085169
"PHMRC","Dar","no_shift","bfl_domain","LCVA","gibbs_ln","batch1",1015,0.324402606806662,0.17746200379543,0.676982704082149
"PHMRC","Dar","no_shift","bfl_domain","LCVA","gibbs_ln","batch1",1016,0.339608979000724,0.180614681486657,0.668277364649689
"PHMRC","Dar","no_shift","bfl_domain","LCVA","gibbs_ln","batch1",1017,0.337436640115858,0.171426912559701,0.625957714031844
"PHMRC","Dar","no_shift","bfl_domain","LCVA","gibbs_ln","batch1",1018,0.320782041998552,0.175611410224004,0.646236592501991
"PHMRC","Dar","no_shift","bfl_domain","LCVA","gibbs_ln","batch1",1019,0.317885590152064,0.177982572581146,0.66450692012067
"PHMRC","Dar","no_shift","bfl_domain","LCVA","gibbs_ln","batch1",1020,0.33454018826937,0.176417874988546,0.673288984043523
"PHMRC","Dar","no_shift","bfl_domain","LCVA","gibbs_ln","batch1",1021,0.307748008689356,0.164035719174046,0.610749803210089
"PHMRC","Dar","no_shift","bfl_domain","LCVA","gibbs_ln","batch1",1022,0.307748008689356,0.166503392013522,0.606171615366438
"PHMRC","Dar","no_shift","bfl_domain","LCVA","gibbs_ln","batch1",1023,0.31281679942071,0.168766252891774,0.60842168233218
"PHMRC","Dar","no_shift","bfl_domain","LCVA","gibbs_ln","batch1",1024,0.307023895727734,0.171885082393236,0.630447422976843
"PHMRC","Dar","no_shift","bfl_domain","LCVA","gibbs_ln","batch1",1025,0.318609703113686,0.17960126049492,0.653731633309124
"PHMRC","Dar","no_shift","bfl_domain","LCVA","gibbs_ln","batch1",1026,0.317161477190442,0.171953916534683,0.629837476429025
"PHMRC","Dar","no_shift","bfl_domain","LCVA","gibbs_ln","batch1",1027,0.3091962346126,0.165821774055572,0.603528914180006
"PHMRC","Dar","no_shift","bfl_domain","LCVA","gibbs_ln","batch1",1028,0.31281679942071,0.172945968312007,0.597479822105982
"PHMRC","Dar","no_shift","bfl_domain","LCVA","gibbs_ln","batch1",1029,0.320782041998552,0.163567975570389,0.611102474238487
"PHMRC","Dar","no_shift","bfl_domain","LCVA","gibbs_ln","batch1",1030,0.329471397538016,0.176069591768249,0.661096430831401
"PHMRC","Mexico","no_shift","bfl_domain","LCVA","gibbs_ln","batch1",1001,0.275807722616233,0.180842218862914,0.681835050590645
"PHMRC","Mexico","no_shift","bfl_domain","LCVA","gibbs_ln","batch1",1002,0.307328605200946,0.213983260161867,0.759115223572889
"PHMRC","Mexico","no_shift","bfl_domain","LCVA","gibbs_ln","batch1",1003,0.293932230102443,0.196995801602075,0.761542639165087
"PHMRC","Mexico","no_shift","bfl_domain","LCVA","gibbs_ln","batch1",1004,0.254531126871552,0.168698897579724,0.665495270038614
"PHMRC","Mexico","no_shift","bfl_domain","LCVA","gibbs_ln","batch1",1005,0.245074862096139,0.172648510752439,0.661855056774303
"PHMRC","Mexico","no_shift","bfl_domain","LCVA","gibbs_ln","batch1",1006,0.26241134751773,0.181809784558405,0.710021578767269
"PHMRC","Mexico","no_shift","bfl_domain","LCVA","gibbs_ln","batch1",1007,0.292356185973207,0.200622147092318,0.732774028755719
"PHMRC","Mexico","no_shift","bfl_domain","LCVA","gibbs_ln","batch1",1008,0.301024428684003,0.194184231138028,0.776194163868414
"PHMRC","Mexico","no_shift","bfl_domain","LCVA","gibbs_ln","batch1",1009,0.28053585500394,0.192655745809517,0.788697523335404
"PHMRC","Mexico","no_shift","bfl_domain","LCVA","gibbs_ln","batch1",1010,0.275019700551615,0.191619760723351,0.70618484486133
"PHMRC","Mexico","no_shift","bfl_domain","LCVA","gibbs_ln","batch1",1011,0.28053585500394,0.183769683186985,0.700024730389165
"PHMRC","Mexico","no_shift","bfl_domain","LCVA","gibbs_ln","batch1",1012,0.278171788810087,0.193306269250594,0.73471091205697
"PHMRC","Mexico","no_shift","bfl_domain","LCVA","gibbs_ln","batch1",1013,0.281323877068558,0.190253313524943,0.758084545285781
"PHMRC","Mexico","no_shift","bfl_domain","LCVA","gibbs_ln","batch1",1014,0.259259259259259,0.187817866682887,0.72523892230115
"PHMRC","Mexico","no_shift","bfl_domain","LCVA","gibbs_ln","batch1",1015,0.242710795902285,0.17677158561594,0.688394742562298
"PHMRC","Mexico","no_shift","bfl_domain","LCVA","gibbs_ln","batch1",1016,0.261623325453113,0.181011324596012,0.703680414577254
"PHMRC","Mexico","no_shift","bfl_domain","LCVA","gibbs_ln","batch1",1017,0.260047281323877,0.165543095775631,0.726951572280818
"PHMRC","Mexico","no_shift","bfl_domain","LCVA","gibbs_ln","batch1",1018,0.272655634357762,0.196368151677912,0.685748514516957
"PHMRC","Mexico","no_shift","bfl_domain","LCVA","gibbs_ln","batch1",1019,0.278959810874705,0.21929907390247,0.716088307489939
"PHMRC","Mexico","no_shift","bfl_domain","LCVA","gibbs_ln","batch1",1020,0.282899921197794,0.238168251041401,0.772898257943312
"PHMRC","Mexico","no_shift","bfl_domain","LCVA","gibbs_ln","batch1",1021,0.282899921197794,0.223301270504374,0.752432239960107
"PHMRC","Mexico","no_shift","bfl_domain","LCVA","gibbs_ln","batch1",1022,0.267139479905437,0.184139018258149,0.708712840270983
"PHMRC","Mexico","no_shift","bfl_domain","LCVA","gibbs_ln","batch1",1023,0.247438928289992,0.165595356301589,0.666029725712118
"PHMRC","Mexico","no_shift","bfl_domain","LCVA","gibbs_ln","batch1",1024,0.286840031520883,0.195501225161886,0.787162091430715
"PHMRC","Mexico","no_shift","bfl_domain","LCVA","gibbs_ln","batch1",1025,0.29866036249015,0.235964190948815,0.777456043427008
"PHMRC","Mexico","no_shift","bfl_domain","LCVA","gibbs_ln","batch1",1026,0.291568163908589,0.192130017118983,0.755635820338712
"PHMRC","Mexico","no_shift","bfl_domain","LCVA","gibbs_ln","batch1",1027,0.2876280535855,0.200714286863304,0.787659803360635
"PHMRC","Mexico","no_shift","bfl_domain","LCVA","gibbs_ln","batch1",1028,0.26241134751773,0.181916641173744,0.694209491663579
"PHMRC","Mexico","no_shift","bfl_domain","LCVA","gibbs_ln","batch1",1029,0.291568163908589,0.195494638470263,0.767969308968838
"PHMRC","Mexico","no_shift","bfl_domain","LCVA","gibbs_ln","batch1",1030,0.274231678486998,0.18106477840236,0.742599524872595
"PHMRC","Pemba","no_shift","bfl_domain","LCVA","gibbs_ln","batch1",1001,0.336134453781513,0.265166709799862,0.612727016674014
"PHMRC","Pemba","no_shift","bfl_domain","LCVA","gibbs_ln","batch1",1002,0.357142857142857,0.278279659913304,0.598915972428916
"PHMRC","Pemba","no_shift","bfl_domain","LCVA","gibbs_ln","batch1",1003,0.378151260504202,0.290895533542592,0.630980679461481
"PHMRC","Pemba","no_shift","bfl_domain","LCVA","gibbs_ln","batch1",1004,0.315126050420168,0.271876346692523,0.591689180148197
"PHMRC","Pemba","no_shift","bfl_domain","LCVA","gibbs_ln","batch1",1005,0.369747899159664,0.294635983954238,0.620210493424472
"PHMRC","Pemba","no_shift","bfl_domain","LCVA","gibbs_ln","batch1",1006,0.38655462184874,0.376781477366074,0.640264553338261
"PHMRC","Pemba","no_shift","bfl_domain","LCVA","gibbs_ln","batch1",1007,0.361344537815126,0.294189774189774,0.626110606226989
"PHMRC","Pemba","no_shift","bfl_domain","LCVA","gibbs_ln","batch1",1008,0.357142857142857,0.280693067825421,0.630400224530608
"PHMRC","Pemba","no_shift","bfl_domain","LCVA","gibbs_ln","batch1",1009,0.365546218487395,0.286458333333333,0.606551549092561
"PHMRC","Pemba","no_shift","bfl_domain","LCVA","gibbs_ln","batch1",1010,0.340336134453782,0.291117889463478,0.600318535380887
"PHMRC","Pemba","no_shift","bfl_domain","LCVA","gibbs_ln","batch1",1011,0.352941176470588,0.312291330673684,0.617967996034207
"PHMRC","Pemba","no_shift","bfl_domain","LCVA","gibbs_ln","batch1",1012,0.369747899159664,0.283076936161175,0.607003090315874
"PHMRC","Pemba","no_shift","bfl_domain","LCVA","gibbs_ln","batch1",1013,0.352941176470588,0.310019426527579,0.610353256353259
"PHMRC","Pemba","no_shift","bfl_domain","LCVA","gibbs_ln","batch1",1014,0.352941176470588,0.260270066791806,0.608434704531889
"PHMRC","Pemba","no_shift","bfl_domain","LCVA","gibbs_ln","batch1",1015,0.373949579831933,0.281177528779831,0.629046545331843
"PHMRC","Pemba","no_shift","bfl_domain","LCVA","gibbs_ln","batch1",1016,0.323529411764706,0.272582781682467,0.593260116424342
"PHMRC","Pemba","no_shift","bfl_domain","LCVA","gibbs_ln","batch1",1017,0.323529411764706,0.284113455988456,0.599240770942951
"PHMRC","Pemba","no_shift","bfl_domain","LCVA","gibbs_ln","batch1",1018,0.352941176470588,0.282844496700195,0.599767208617437
"PHMRC","Pemba","no_shift","bfl_domain","LCVA","gibbs_ln","batch1",1019,0.336134453781513,0.282665456533491,0.614607336898546
"PHMRC","Pemba","no_shift","bfl_domain","LCVA","gibbs_ln","batch1",1020,0.340336134453782,0.287495143745144,0.606105501336631
"PHMRC","Pemba","no_shift","bfl_domain","LCVA","gibbs_ln","batch1",1021,0.361344537815126,0.29058105195813,0.605367904209132
"PHMRC","Pemba","no_shift","bfl_domain","LCVA","gibbs_ln","batch1",1022,0.373949579831933,0.283471479500891,0.625054304867681
"PHMRC","Pemba","no_shift","bfl_domain","LCVA","gibbs_ln","batch1",1023,0.357142857142857,0.29581608005521,0.607070823581776
"PHMRC","Pemba","no_shift","bfl_domain","LCVA","gibbs_ln","batch1",1024,0.365546218487395,0.290528711484594,0.611069777912762
"PHMRC","Pemba","no_shift","bfl_domain","LCVA","gibbs_ln","batch1",1025,0.378151260504202,0.291771934978457,0.61396900131866
"PHMRC","Pemba","no_shift","bfl_domain","LCVA","gibbs_ln","batch1",1026,0.357142857142857,0.30245320855615,0.610378826001195
"PHMRC","Pemba","no_shift","bfl_domain","LCVA","gibbs_ln","batch1",1027,0.352941176470588,0.252660497397339,0.624681431640679
"PHMRC","Pemba","no_shift","bfl_domain","LCVA","gibbs_ln","batch1",1028,0.382352941176471,0.361473133939566,0.611661739825401
"PHMRC","Pemba","no_shift","bfl_domain","LCVA","gibbs_ln","batch1",1029,0.352941176470588,0.282628262121819,0.598911877871631
"PHMRC","Pemba","no_shift","bfl_domain","LCVA","gibbs_ln","batch1",1030,0.352941176470588,0.303371431496431,0.618029997965476
"PHMRC","UP","no_shift","bfl_domain","LCVA","gibbs_ln","batch1",1001,0.349779735682819,0.269424841148042,0.68205811301248
"PHMRC","UP","no_shift","bfl_domain","LCVA","gibbs_ln","batch1",1002,0.333920704845815,0.254025726751727,0.643164102234664
"PHMRC","UP","no_shift","bfl_domain","LCVA","gibbs_ln","batch1",1003,0.33215859030837,0.249987395511522,0.670992729307781
"PHMRC","UP","no_shift","bfl_domain","LCVA","gibbs_ln","batch1",1004,0.327753303964758,0.247043664125683,0.654076126319514
"PHMRC","UP","no_shift","bfl_domain","LCVA","gibbs_ln","batch1",1005,0.349779735682819,0.26286608400559,0.699390518101033
"PHMRC","UP","no_shift","bfl_domain","LCVA","gibbs_ln","batch1",1006,0.34625550660793,0.264281578296793,0.707166458995002
"PHMRC","UP","no_shift","bfl_domain","LCVA","gibbs_ln","batch1",1007,0.33920704845815,0.248643536935855,0.693640803999027
"PHMRC","UP","no_shift","bfl_domain","LCVA","gibbs_ln","batch1",1008,0.325991189427313,0.252481577203564,0.681302006555778
"PHMRC","UP","no_shift","bfl_domain","LCVA","gibbs_ln","batch1",1009,0.33920704845815,0.24328791088211,0.67666807872249
"PHMRC","UP","no_shift","bfl_domain","LCVA","gibbs_ln","batch1",1010,0.348898678414097,0.259070099961956,0.702615413641379
"PHMRC","UP","no_shift","bfl_domain","LCVA","gibbs_ln","batch1",1011,0.340088105726872,0.25538191270518,0.670823280944825
"PHMRC","UP","no_shift","bfl_domain","LCVA","gibbs_ln","batch1",1012,0.340088105726872,0.256740059328775,0.645899539499621
"PHMRC","UP","no_shift","bfl_domain","LCVA","gibbs_ln","batch1",1013,0.327753303964758,0.250839551566864,0.675888943760445
"PHMRC","UP","no_shift","bfl_domain","LCVA","gibbs_ln","batch1",1014,0.340088105726872,0.245491065624979,0.668952427010501
"PHMRC","UP","no_shift","bfl_domain","LCVA","gibbs_ln","batch1",1015,0.341850220264317,0.258558661635776,0.648705671692253
"PHMRC","UP","no_shift","bfl_domain","LCVA","gibbs_ln","batch1",1016,0.348017621145374,0.274205855271108,0.684508486252582
"PHMRC","UP","no_shift","bfl_domain","LCVA","gibbs_ln","batch1",1017,0.333920704845815,0.235317352606,0.70999460235584
"PHMRC","UP","no_shift","bfl_domain","LCVA","gibbs_ln","batch1",1018,0.317180616740088,0.237561953332951,0.667810840425951
"PHMRC","UP","no_shift","bfl_domain","LCVA","gibbs_ln","batch1",1019,0.334801762114537,0.257896507549377,0.653300102860747
"PHMRC","UP","no_shift","bfl_domain","LCVA","gibbs_ln","batch1",1020,0.3215859030837,0.245829081381191,0.694644983517012
"PHMRC","UP","no_shift","bfl_domain","LCVA","gibbs_ln","batch1",1021,0.3215859030837,0.246601499813188,0.710114908275424
"PHMRC","UP","no_shift","bfl_domain","LCVA","gibbs_ln","batch1",1022,0.33920704845815,0.252737781561733,0.689896739306515
"PHMRC","UP","no_shift","bfl_domain","LCVA","gibbs_ln","batch1",1023,0.334801762114537,0.254274889187646,0.671819297279894
"PHMRC","UP","no_shift","bfl_domain","LCVA","gibbs_ln","batch1",1024,0.333039647577093,0.256370914480357,0.670761490668748
"PHMRC","UP","no_shift","bfl_domain","LCVA","gibbs_ln","batch1",1025,0.331277533039648,0.25035776578791,0.686876368974828
"PHMRC","UP","no_shift","bfl_domain","LCVA","gibbs_ln","batch1",1026,0.336563876651982,0.262730157802626,0.670859726886157
"PHMRC","UP","no_shift","bfl_domain","LCVA","gibbs_ln","batch1",1027,0.351541850220264,0.272987955439918,0.688394454543111
"PHMRC","UP","no_shift","bfl_domain","LCVA","gibbs_ln","batch1",1028,0.314537444933921,0.240939776148999,0.648983569561453
"PHMRC","UP","no_shift","bfl_domain","LCVA","gibbs_ln","batch1",1029,0.338325991189427,0.262988895586617,0.659800040385661
"PHMRC","UP","no_shift","bfl_domain","LCVA","gibbs_ln","batch1",1030,0.32511013215859,0.251014972023616,0.682162151278907
"PHMRC","AP","no_shift","bfl_domain","LCVA","stan","batch1",1001,0.335478680611424,0.226812652589454,0.714053046869537
"PHMRC","AP","no_shift","bfl_domain","LCVA","stan","batch1",1002,0.31053901850362,0.219032742156573,0.690871763534777
"PHMRC","AP","no_shift","bfl_domain","LCVA","stan","batch1",1003,0.304907481898632,0.212930966264627,0.654538454594267
"PHMRC","AP","no_shift","bfl_domain","LCVA","stan","batch1",1004,0.316170555108608,0.222272194111131,0.661413110951457
"PHMRC","AP","no_shift","bfl_domain","LCVA","stan","batch1",1005,0.3065164923572,0.217658894164228,0.675459711011231
"PHMRC","AP","no_shift","bfl_domain","LCVA","stan","batch1",1006,0.297666934835076,0.209981899905068,0.627950869987233
"PHMRC","AP","no_shift","bfl_domain","LCVA","stan","batch1",1007,0.312952534191472,0.229677038998338,0.639685606856013
"PHMRC","AP","no_shift","bfl_domain","LCVA","stan","batch1",1008,0.304102976669348,0.213130364926767,0.672568650189533
"PHMRC","AP","no_shift","bfl_domain","LCVA","stan","batch1",1009,0.31053901850362,0.2141807121535,0.664210768027143
"PHMRC","AP","no_shift","bfl_domain","LCVA","stan","batch1",1010,0.31858407079646,0.220902373689616,0.640972539212959
"PHMRC","AP","no_shift","bfl_domain","LCVA","stan","batch1",1011,0.312148028962188,0.229822861815921,0.628248217222958
"PHMRC","AP","no_shift","bfl_domain","LCVA","stan","batch1",1012,0.311343523732904,0.218297187041561,0.685559360523094
"PHMRC","AP","no_shift","bfl_domain","LCVA","stan","batch1",1013,0.304102976669348,0.219759955561802,0.657960263891353
"PHMRC","AP","no_shift","bfl_domain","LCVA","stan","batch1",1014,0.303298471440064,0.217757609807787,0.657510132609609
"PHMRC","AP","no_shift","bfl_domain","LCVA","stan","batch1",1015,0.309734513274336,0.223514624119945,0.65845778245628
"PHMRC","AP","no_shift","bfl_domain","LCVA","stan","batch1",1016,0.317779565567176,0.222717204396837,0.661147510844276
"PHMRC","AP","no_shift","bfl_domain","LCVA","stan","batch1",1017,0.31456154465004,0.229649143240179,0.64899997583458
"PHMRC","AP","no_shift","bfl_domain","LCVA","stan","batch1",1018,0.312952534191472,0.218429947634461,0.656630767267965
"PHMRC","AP","no_shift","bfl_domain","LCVA","stan","batch1",1019,0.295253419147224,0.217301567636553,0.629786252102585
"PHMRC","AP","no_shift","bfl_domain","LCVA","stan","batch1",1020,0.32260659694288,0.222724539575072,0.701446293604713
"PHMRC","AP","no_shift","bfl_domain","LCVA","stan","batch1",1021,0.307320997586484,0.222842583359235,0.658714552296971
"PHMRC","AP","no_shift","bfl_domain","LCVA","stan","batch1",1022,0.308125502815768,0.217535334000605,0.657623081528913
"PHMRC","AP","no_shift","bfl_domain","LCVA","stan","batch1",1023,0.319388576025744,0.229702089503804,0.643960653794656
"PHMRC","AP","no_shift","bfl_domain","LCVA","stan","batch1",1024,0.297666934835076,0.218156079072975,0.627967700119365
"PHMRC","AP","no_shift","bfl_domain","LCVA","stan","batch1",1025,0.281576830249397,0.198332538605113,0.621709386232737
"PHMRC","AP","no_shift","bfl_domain","LCVA","stan","batch1",1026,0.308125502815768,0.220350270634786,0.671839151623176
"PHMRC","AP","no_shift","bfl_domain","LCVA","stan","batch1",1027,0.312952534191472,0.222178482291807,0.678341517190832
"PHMRC","AP","no_shift","bfl_domain","LCVA","stan","batch1",1028,0.308930008045052,0.212964939961316,0.652955953699372
"PHMRC","AP","no_shift","bfl_domain","LCVA","stan","batch1",1029,0.29444891391794,0.205191213032633,0.685176996732212
"PHMRC","AP","no_shift","bfl_domain","LCVA","stan","batch1",1030,0.309734513274336,0.216638276493304,0.675258063725727
"PHMRC","Bohol","no_shift","bfl_domain","LCVA","stan","batch1",1001,0.319761668321748,0.198845968580109,0.792426837266767
"PHMRC","Bohol","no_shift","bfl_domain","LCVA","stan","batch1",1002,0.30188679245283,0.195064759876882,0.734757878865767
"PHMRC","Bohol","no_shift","bfl_domain","LCVA","stan","batch1",1003,0.306852035749752,0.17589232669333,0.737324193006605
"PHMRC","Bohol","no_shift","bfl_domain","LCVA","stan","batch1",1004,0.332671300893744,0.208158475082112,0.815726600229225
"PHMRC","Bohol","no_shift","bfl_domain","LCVA","stan","batch1",1005,0.306852035749752,0.186349646915881,0.737645078736821
"PHMRC","Bohol","no_shift","bfl_domain","LCVA","stan","batch1",1006,0.290963257199603,0.168171457652828,0.70631628150966
"PHMRC","Bohol","no_shift","bfl_domain","LCVA","stan","batch1",1007,0.324726911618669,0.191963879440471,0.704595958782116
"PHMRC","Bohol","no_shift","bfl_domain","LCVA","stan","batch1",1008,0.300893743793446,0.19015662778432,0.807527577113667
"PHMRC","Bohol","no_shift","bfl_domain","LCVA","stan","batch1",1009,0.315789473684211,0.173665668106547,0.707037428400219
"PHMRC","Bohol","no_shift","bfl_domain","LCVA","stan","batch1",1010,0.305858987090367,0.182226805543248,0.70426889495813
"PHMRC","Bohol","no_shift","bfl_domain","LCVA","stan","batch1",1011,0.300893743793446,0.173649166341147,0.732529560260005
"PHMRC","Bohol","no_shift","bfl_domain","LCVA","stan","batch1",1012,0.331678252234359,0.211295031050705,0.783147175558225
"PHMRC","Bohol","no_shift","bfl_domain","LCVA","stan","batch1",1013,0.28798411122145,0.165038434107839,0.703964726889555
"PHMRC","Bohol","no_shift","bfl_domain","LCVA","stan","batch1",1014,0.335650446871897,0.196998709182593,0.786941886934715
"PHMRC","Bohol","no_shift","bfl_domain","LCVA","stan","batch1",1015,0.328699106256207,0.204409094972876,0.784368030368629
"PHMRC","Bohol","no_shift","bfl_domain","LCVA","stan","batch1",1016,0.309831181727905,0.18374821756229,0.749243082087936
"PHMRC","Bohol","no_shift","bfl_domain","LCVA","stan","batch1",1017,0.321747765640516,0.183548546080612,0.724736640600372
"PHMRC","Bohol","no_shift","bfl_domain","LCVA","stan","batch1",1018,0.334657398212512,0.201734558509489,0.790405518320761
"PHMRC","Bohol","no_shift","bfl_domain","LCVA","stan","batch1",1019,0.30883813306852,0.181791564627972,0.75961642717405
"PHMRC","Bohol","no_shift","bfl_domain","LCVA","stan","batch1",1020,0.312810327706058,0.201475915861532,0.733738203404965
"PHMRC","Bohol","no_shift","bfl_domain","LCVA","stan","batch1",1021,0.285998013902681,0.177411158121167,0.733753689636198
"PHMRC","Bohol","no_shift","bfl_domain","LCVA","stan","batch1",1022,0.33862959285005,0.208221008282968,0.837306804728813
"PHMRC","Bohol","no_shift","bfl_domain","LCVA","stan","batch1",1023,0.310824230387289,0.194805768313658,0.766769021091448
"PHMRC","Bohol","no_shift","bfl_domain","LCVA","stan","batch1",1024,0.30188679245283,0.174657276865936,0.725288903966024
"PHMRC","Bohol","no_shift","bfl_domain","LCVA","stan","batch1",1025,0.322740814299901,0.189539063858183,0.738829834350015
"PHMRC","Bohol","no_shift","bfl_domain","LCVA","stan","batch1",1026,0.304865938430983,0.171783924830632,0.744158663406141
"PHMRC","Bohol","no_shift","bfl_domain","LCVA","stan","batch1",1027,0.325719960278054,0.195744477162583,0.788228836472288
"PHMRC","Bohol","no_shift","bfl_domain","LCVA","stan","batch1",1028,0.327706057596822,0.194209677116074,0.767559740947649
"PHMRC","Bohol","no_shift","bfl_domain","LCVA","stan","batch1",1029,0.317775571002979,0.194848534368019,0.823737755002314
"PHMRC","Bohol","no_shift","bfl_domain","LCVA","stan","batch1",1030,0.305858987090367,0.185586259204553,0.755814958539306
"PHMRC","Dar","no_shift","bfl_domain","LCVA","stan","batch1",1001,0.293989862418537,0.155603632119995,0.620355495841894
"PHMRC","Dar","no_shift","bfl_domain","LCVA","stan","batch1",1002,0.299058653149891,0.164398449316881,0.592943210934847
"PHMRC","Dar","no_shift","bfl_domain","LCVA","stan","batch1",1003,0.311368573497466,0.163135831638755,0.62190373630239
"PHMRC","Dar","no_shift","bfl_domain","LCVA","stan","batch1",1004,0.331643736422882,0.178215131852977,0.675638050384135
"PHMRC","Dar","no_shift","bfl_domain","LCVA","stan","batch1",1005,0.333091962346126,0.174557436853273,0.619075862411114
"PHMRC","Dar","no_shift","bfl_domain","LCVA","stan","batch1",1006,0.325126719768284,0.17474700991201,0.640457969061751
"PHMRC","Dar","no_shift","bfl_domain","LCVA","stan","batch1",1007,0.318609703113686,0.168193279036644,0.679664434581331
"PHMRC","Dar","no_shift","bfl_domain","LCVA","stan","batch1",1008,0.325850832729906,0.178348561423908,0.609227512247541
"PHMRC","Dar","no_shift","bfl_domain","LCVA","stan","batch1",1009,0.33091962346126,0.178479620623012,0.653249353934382
"PHMRC","Dar","no_shift","bfl_domain","LCVA","stan","batch1",1010,0.30557566980449,0.155803495043447,0.596349221806647
"PHMRC","Dar","no_shift","bfl_domain","LCVA","stan","batch1",1011,0.313540912382332,0.168792219331551,0.623733941254056
"PHMRC","Dar","no_shift","bfl_domain","LCVA","stan","batch1",1012,0.325126719768284,0.179345721681116,0.73291003325641
"PHMRC","Dar","no_shift","bfl_domain","LCVA","stan","batch1",1013,0.33091962346126,0.181288671047811,0.661688857008946
"PHMRC","Dar","no_shift","bfl_domain","LCVA","stan","batch1",1014,0.339608979000724,0.18653044481235,0.688722994715987
"PHMRC","Dar","no_shift","bfl_domain","LCVA","stan","batch1",1015,0.32367849384504,0.17707350340693,0.677406279295252
"PHMRC","Dar","no_shift","bfl_domain","LCVA","stan","batch1",1016,0.339608979000724,0.180614681486657,0.668091535779298
"PHMRC","Dar","no_shift","bfl_domain","LCVA","stan","batch1",1017,0.336712527154236,0.17034466147745,0.62607918546777
"PHMRC","Dar","no_shift","bfl_domain","LCVA","stan","batch1",1018,0.320782041998552,0.175611410224004,0.646527054687933
"PHMRC","Dar","no_shift","bfl_domain","LCVA","stan","batch1",1019,0.318609703113686,0.184193630599433,0.664084216577343
"PHMRC","Dar","no_shift","bfl_domain","LCVA","stan","batch1",1020,0.333816075307748,0.176195058589259,0.674251413450758
"PHMRC","Dar","no_shift","bfl_domain","LCVA","stan","batch1",1021,0.307023895727734,0.163981850360404,0.610841620651876
"PHMRC","Dar","no_shift","bfl_domain","LCVA","stan","batch1",1022,0.307023895727734,0.164819890330021,0.606210969788333
"PHMRC","Dar","no_shift","bfl_domain","LCVA","stan","batch1",1023,0.31281679942071,0.168766252891774,0.607912629171113
"PHMRC","Dar","no_shift","bfl_domain","LCVA","stan","batch1",1024,0.307023895727734,0.171885082393236,0.630504361749284
"PHMRC","Dar","no_shift","bfl_domain","LCVA","stan","batch1",1025,0.318609703113686,0.17960126049492,0.653269688799298
"PHMRC","Dar","no_shift","bfl_domain","LCVA","stan","batch1",1026,0.317885590152064,0.172185237376691,0.629369697409754
"PHMRC","Dar","no_shift","bfl_domain","LCVA","stan","batch1",1027,0.3091962346126,0.165821774055572,0.603493140834826
"PHMRC","Dar","no_shift","bfl_domain","LCVA","stan","batch1",1028,0.314265025343954,0.17358992456344,0.598316209998656
"PHMRC","Dar","no_shift","bfl_domain","LCVA","stan","batch1",1029,0.32005792903693,0.162485724488138,0.6107433855321
"PHMRC","Dar","no_shift","bfl_domain","LCVA","stan","batch1",1030,0.328747284576394,0.17588593703914,0.660917266551773
"PHMRC","Mexico","no_shift","bfl_domain","LCVA","stan","batch1",1001,0.275019700551615,0.179522451510276,0.682152005332592
"PHMRC","Mexico","no_shift","bfl_domain","LCVA","stan","batch1",1002,0.308116627265563,0.214457542251591,0.760007368369966
"PHMRC","Mexico","no_shift","bfl_domain","LCVA","stan","batch1",1003,0.293144208037825,0.196577962052462,0.760969404924686
"PHMRC","Mexico","no_shift","bfl_domain","LCVA","stan","batch1",1004,0.254531126871552,0.168559291269519,0.665976063391848
"PHMRC","Mexico","no_shift","bfl_domain","LCVA","stan","batch1",1005,0.244286840031521,0.173385116784612,0.661705308236333
"PHMRC","Mexico","no_shift","bfl_domain","LCVA","stan","batch1",1006,0.264775413711584,0.184202129056013,0.710389015040494
"PHMRC","Mexico","no_shift","bfl_domain","LCVA","stan","batch1",1007,0.292356185973207,0.200622147092318,0.733250807071395
"PHMRC","Mexico","no_shift","bfl_domain","LCVA","stan","batch1",1008,0.301812450748621,0.195775921121115,0.775947826258477
"PHMRC","Mexico","no_shift","bfl_domain","LCVA","stan","batch1",1009,0.282111899133176,0.194116403554936,0.788373506941161
"PHMRC","Mexico","no_shift","bfl_domain","LCVA","stan","batch1",1010,0.276595744680851,0.192564493836246,0.706305600438345
"PHMRC","Mexico","no_shift","bfl_domain","LCVA","stan","batch1",1011,0.279747832939322,0.183377833657204,0.700118655190647
"PHMRC","Mexico","no_shift","bfl_domain","LCVA","stan","batch1",1012,0.279747832939322,0.195049309714754,0.734900754768459
"PHMRC","Mexico","no_shift","bfl_domain","LCVA","stan","batch1",1013,0.282111899133176,0.190818604649872,0.758010259958339
"PHMRC","Mexico","no_shift","bfl_domain","LCVA","stan","batch1",1014,0.258471237194641,0.187303047979826,0.725275048535052
"PHMRC","Mexico","no_shift","bfl_domain","LCVA","stan","batch1",1015,0.241922773837667,0.176384138889865,0.688693458639808
"PHMRC","Mexico","no_shift","bfl_domain","LCVA","stan","batch1",1016,0.261623325453113,0.179917959088416,0.703683906769792
"PHMRC","Mexico","no_shift","bfl_domain","LCVA","stan","batch1",1017,0.261623325453113,0.166654205547672,0.727382032254114
"PHMRC","Mexico","no_shift","bfl_domain","LCVA","stan","batch1",1018,0.271079590228526,0.194927589064482,0.685242173117298
"PHMRC","Mexico","no_shift","bfl_domain","LCVA","stan","batch1",1019,0.278959810874705,0.219153409407529,0.716405698876255
"PHMRC","Mexico","no_shift","bfl_domain","LCVA","stan","batch1",1020,0.282111899133176,0.23715405225844,0.772386203421563
"PHMRC","Mexico","no_shift","bfl_domain","LCVA","stan","batch1",1021,0.282899921197794,0.223301270504374,0.753246537682461
"PHMRC","Mexico","no_shift","bfl_domain","LCVA","stan","batch1",1022,0.267927501970055,0.184483845844356,0.709147652995872
"PHMRC","Mexico","no_shift","bfl_domain","LCVA","stan","batch1",1023,0.247438928289992,0.164771240057824,0.666032456919035
"PHMRC","Mexico","no_shift","bfl_domain","LCVA","stan","batch1",1024,0.286840031520883,0.195501225161886,0.787044453770122
"PHMRC","Mexico","no_shift","bfl_domain","LCVA","stan","batch1",1025,0.29866036249015,0.23580457933707,0.777356522653567
"PHMRC","Mexico","no_shift","bfl_domain","LCVA","stan","batch1",1026,0.291568163908589,0.192067121070428,0.75500684946053
"PHMRC","Mexico","no_shift","bfl_domain","LCVA","stan","batch1",1027,0.2876280535855,0.200448163767217,0.787877432589209
"PHMRC","Mexico","no_shift","bfl_domain","LCVA","stan","batch1",1028,0.26241134751773,0.181916641173744,0.693656655260736
"PHMRC","Mexico","no_shift","bfl_domain","LCVA","stan","batch1",1029,0.292356185973207,0.195925672953021,0.767844589455064
"PHMRC","Mexico","no_shift","bfl_domain","LCVA","stan","batch1",1030,0.274231678486998,0.18106477840236,0.74335925971871
"PHMRC","Pemba","no_shift","bfl_domain","LCVA","stan","batch1",1001,0.340336134453782,0.268638932022084,0.609865002583336
"PHMRC","Pemba","no_shift","bfl_domain","LCVA","stan","batch1",1002,0.357142857142857,0.284986976986475,0.600348965856428
"PHMRC","Pemba","no_shift","bfl_domain","LCVA","stan","batch1",1003,0.369747899159664,0.285062925144447,0.62979074284228
"PHMRC","Pemba","no_shift","bfl_domain","LCVA","stan","batch1",1004,0.315126050420168,0.271876346692523,0.593272329021186
"PHMRC","Pemba","no_shift","bfl_domain","LCVA","stan","batch1",1005,0.365546218487395,0.286823483954238,0.620204361728548
"PHMRC","Pemba","no_shift","bfl_domain","LCVA","stan","batch1",1006,0.378151260504202,0.314281477366074,0.640106750827157
"PHMRC","Pemba","no_shift","bfl_domain","LCVA","stan","batch1",1007,0.361344537815126,0.294189774189774,0.625860510709193
"PHMRC","Pemba","no_shift","bfl_domain","LCVA","stan","batch1",1008,0.361344537815126,0.280833643623891,0.628974413922879
"PHMRC","Pemba","no_shift","bfl_domain","LCVA","stan","batch1",1009,0.361344537815126,0.302222222222222,0.608333862344099
"PHMRC","Pemba","no_shift","bfl_domain","LCVA","stan","batch1",1010,0.336134453781513,0.286653603749192,0.598316010029032
"PHMRC","Pemba","no_shift","bfl_domain","LCVA","stan","batch1",1011,0.352941176470588,0.311455769176357,0.616760373924066
"PHMRC","Pemba","no_shift","bfl_domain","LCVA","stan","batch1",1012,0.373949579831933,0.287700618638119,0.606615827703597
"PHMRC","Pemba","no_shift","bfl_domain","LCVA","stan","batch1",1013,0.352941176470588,0.307157704915857,0.609128899257851
"PHMRC","Pemba","no_shift","bfl_domain","LCVA","stan","batch1",1014,0.357142857142857,0.262987458096154,0.610459704821359
"PHMRC","Pemba","no_shift","bfl_domain","LCVA","stan","batch1",1015,0.382352941176471,0.347025743065545,0.629926295204493
"PHMRC","Pemba","no_shift","bfl_domain","LCVA","stan","batch1",1016,0.34453781512605,0.285159489633174,0.595102962103375
"PHMRC","Pemba","no_shift","bfl_domain","LCVA","stan","batch1",1017,0.323529411764706,0.284113455988456,0.597247722566056
"PHMRC","Pemba","no_shift","bfl_domain","LCVA","stan","batch1",1018,0.357142857142857,0.286827313469801,0.600681025098045
"PHMRC","Pemba","no_shift","bfl_domain","LCVA","stan","batch1",1019,0.331932773109244,0.27937598284928,0.61400944318007
"PHMRC","Pemba","no_shift","bfl_domain","LCVA","stan","batch1",1020,0.34453781512605,0.290949091113565,0.608077998894407
"PHMRC","Pemba","no_shift","bfl_domain","LCVA","stan","batch1",1021,0.365546218487395,0.292514928102028,0.607657775504171
"PHMRC","Pemba","no_shift","bfl_domain","LCVA","stan","batch1",1022,0.378151260504202,0.285009941039353,0.626369558943299
"PHMRC","Pemba","no_shift","bfl_domain","LCVA","stan","batch1",1023,0.357142857142857,0.298286435786436,0.607317980503088
"PHMRC","Pemba","no_shift","bfl_domain","LCVA","stan","batch1",1024,0.361344537815126,0.28874299719888,0.61176354894883
"PHMRC","Pemba","no_shift","bfl_domain","LCVA","stan","batch1",1025,0.378151260504202,0.29229276831179,0.617639088124926
"PHMRC","Pemba","no_shift","bfl_domain","LCVA","stan","batch1",1026,0.352941176470588,0.299849041889483,0.608978525399969
"PHMRC","Pemba","no_shift","bfl_domain","LCVA","stan","batch1",1027,0.352941176470588,0.252702670136881,0.625999326050079
"PHMRC","Pemba","no_shift","bfl_domain","LCVA","stan","batch1",1028,0.373949579831933,0.323973133939566,0.611894861176846
"PHMRC","Pemba","no_shift","bfl_domain","LCVA","stan","batch1",1029,0.348739495798319,0.280409059223269,0.598568618655776
"PHMRC","Pemba","no_shift","bfl_domain","LCVA","stan","batch1",1030,0.352941176470588,0.300990479115479,0.620135470513492
"PHMRC","UP","no_shift","bfl_domain","LCVA","stan","batch1",1001,0.348898678414097,0.268045530803214,0.682102289691201
"PHMRC","UP","no_shift","bfl_domain","LCVA","stan","batch1",1002,0.333920704845815,0.254025726751727,0.642541949730035
"PHMRC","UP","no_shift","bfl_domain","LCVA","stan","batch1",1003,0.33215859030837,0.250303171689367,0.671090218815037
"PHMRC","UP","no_shift","bfl_domain","LCVA","stan","batch1",1004,0.327753303964758,0.247043664125683,0.653775747534351
"PHMRC","UP","no_shift","bfl_domain","LCVA","stan","batch1",1005,0.348898678414097,0.261634556911994,0.69899342790753
"PHMRC","UP","no_shift","bfl_domain","LCVA","stan","batch1",1006,0.343612334801762,0.26183982170506,0.707316438974387
"PHMRC","UP","no_shift","bfl_domain","LCVA","stan","batch1",1007,0.338325991189427,0.248769847406993,0.693363236646654
"PHMRC","UP","no_shift","bfl_domain","LCVA","stan","batch1",1008,0.325991189427313,0.252481577203564,0.681712505230386
"PHMRC","UP","no_shift","bfl_domain","LCVA","stan","batch1",1009,0.338325991189427,0.242469231902511,0.676559749839845
"PHMRC","UP","no_shift","bfl_domain","LCVA","stan","batch1",1010,0.347136563876652,0.257669423363938,0.702678301969372
"PHMRC","UP","no_shift","bfl_domain","LCVA","stan","batch1",1011,0.340088105726872,0.25538191270518,0.670769973307496
"PHMRC","UP","no_shift","bfl_domain","LCVA","stan","batch1",1012,0.340088105726872,0.256740059328775,0.646033798120965
"PHMRC","UP","no_shift","bfl_domain","LCVA","stan","batch1",1013,0.32863436123348,0.25144451224442,0.675779196035703
"PHMRC","UP","no_shift","bfl_domain","LCVA","stan","batch1",1014,0.338325991189427,0.244455070464664,0.668452864862976
"PHMRC","UP","no_shift","bfl_domain","LCVA","stan","batch1",1015,0.341850220264317,0.258558661635776,0.648332612062673
"PHMRC","UP","no_shift","bfl_domain","LCVA","stan","batch1",1016,0.348898678414097,0.274733545971212,0.68538371066345
"PHMRC","UP","no_shift","bfl_domain","LCVA","stan","batch1",1017,0.333039647577093,0.234433179308033,0.710001660469129
"PHMRC","UP","no_shift","bfl_domain","LCVA","stan","batch1",1018,0.318942731277533,0.240565896007712,0.667294059834894
"PHMRC","UP","no_shift","bfl_domain","LCVA","stan","batch1",1019,0.336563876651982,0.260655128239032,0.653373155979944
"PHMRC","UP","no_shift","bfl_domain","LCVA","stan","batch1",1020,0.320704845814978,0.245381253347156,0.694470483108552
"PHMRC","UP","no_shift","bfl_domain","LCVA","stan","batch1",1021,0.3215859030837,0.246601499813188,0.709732715389043
"PHMRC","UP","no_shift","bfl_domain","LCVA","stan","batch1",1022,0.338325991189427,0.251588356274377,0.689609431675071
"PHMRC","UP","no_shift","bfl_domain","LCVA","stan","batch1",1023,0.334801762114537,0.254274889187646,0.670271503970036
"PHMRC","UP","no_shift","bfl_domain","LCVA","stan","batch1",1024,0.333039647577093,0.255684280497468,0.670871307896794
"PHMRC","UP","no_shift","bfl_domain","LCVA","stan","batch1",1025,0.330396475770925,0.249031505840961,0.686450476683108
"PHMRC","UP","no_shift","bfl_domain","LCVA","stan","batch1",1026,0.33568281938326,0.261889114909439,0.671069110441514
"PHMRC","UP","no_shift","bfl_domain","LCVA","stan","batch1",1027,0.351541850220264,0.272987955439918,0.688306115772128
"PHMRC","UP","no_shift","bfl_domain","LCVA","stan","batch1",1028,0.314537444933921,0.240939776148999,0.649548715401134
"PHMRC","UP","no_shift","bfl_domain","LCVA","stan","batch1",1029,0.340088105726872,0.264662923955057,0.659372206621869
"PHMRC","UP","no_shift","bfl_domain","LCVA","stan","batch1",1030,0.32511013215859,0.251014972023616,0.68212589149816
"PHMRC","AP","no_shift","bfl_mix","LCVA","gibbs_dir","batch1",1001,0.34271922767498,0.235873166279201,0.746434527489163
"PHMRC","AP","no_shift","bfl_mix","LCVA","gibbs_dir","batch1",1002,0.320193081255028,0.229890723377982,0.73565169067658
"PHMRC","AP","no_shift","bfl_mix","LCVA","gibbs_dir","batch1",1003,0.317779565567176,0.227088671010542,0.690916310112113
"PHMRC","AP","no_shift","bfl_mix","LCVA","gibbs_dir","batch1",1004,0.331456154465004,0.239154225844003,0.708159100430037
"PHMRC","AP","no_shift","bfl_mix","LCVA","gibbs_dir","batch1",1005,0.33065164923572,0.24046163245684,0.715658610573218
"PHMRC","AP","no_shift","bfl_mix","LCVA","gibbs_dir","batch1",1006,0.316975060337892,0.226200380671348,0.665328971996737
"PHMRC","AP","no_shift","bfl_mix","LCVA","gibbs_dir","batch1",1007,0.331456154465004,0.254695947055315,0.676339131628296
"PHMRC","AP","no_shift","bfl_mix","LCVA","gibbs_dir","batch1",1008,0.320997586484312,0.232167443645838,0.706362517092225
"PHMRC","AP","no_shift","bfl_mix","LCVA","gibbs_dir","batch1",1009,0.324215607401448,0.229712053338296,0.708443890270502
"PHMRC","AP","no_shift","bfl_mix","LCVA","gibbs_dir","batch1",1010,0.337087691069992,0.240829389509225,0.687491730166456
"PHMRC","AP","no_shift","bfl_mix","LCVA","gibbs_dir","batch1",1011,0.325020112630732,0.241086807068575,0.669908874271359
"PHMRC","AP","no_shift","bfl_mix","LCVA","gibbs_dir","batch1",1012,0.333869670152856,0.236542665418705,0.727313529127648
"PHMRC","AP","no_shift","bfl_mix","LCVA","gibbs_dir","batch1",1013,0.31858407079646,0.23764823393852,0.699548150355582
"PHMRC","AP","no_shift","bfl_mix","LCVA","gibbs_dir","batch1",1014,0.319388576025744,0.235785274324677,0.699376534305481
"PHMRC","AP","no_shift","bfl_mix","LCVA","gibbs_dir","batch1",1015,0.328238133547868,0.241080803452625,0.700924769822491
"PHMRC","AP","no_shift","bfl_mix","LCVA","gibbs_dir","batch1",1016,0.328238133547868,0.231146853213147,0.701009045700784
"PHMRC","AP","no_shift","bfl_mix","LCVA","gibbs_dir","batch1",1017,0.331456154465004,0.249241161757764,0.689417915888635
"PHMRC","AP","no_shift","bfl_mix","LCVA","gibbs_dir","batch1",1018,0.32260659694288,0.230604875902712,0.696012044868849
"PHMRC","AP","no_shift","bfl_mix","LCVA","gibbs_dir","batch1",1019,0.312148028962188,0.235705292221465,0.667228485447119
"PHMRC","AP","no_shift","bfl_mix","LCVA","gibbs_dir","batch1",1020,0.332260659694288,0.235619261099331,0.739694769893321
"PHMRC","AP","no_shift","bfl_mix","LCVA","gibbs_dir","batch1",1021,0.320193081255028,0.233535212494935,0.696674143415138
"PHMRC","AP","no_shift","bfl_mix","LCVA","gibbs_dir","batch1",1022,0.323411102172164,0.233806254766696,0.692420687221394
"PHMRC","AP","no_shift","bfl_mix","LCVA","gibbs_dir","batch1",1023,0.341110217216412,0.247770033481357,0.688018015362567
"PHMRC","AP","no_shift","bfl_mix","LCVA","gibbs_dir","batch1",1024,0.31053901850362,0.226658822657163,0.673343189637692
"PHMRC","AP","no_shift","bfl_mix","LCVA","gibbs_dir","batch1",1025,0.299275945293644,0.214456322684455,0.666398935275285
"PHMRC","AP","no_shift","bfl_mix","LCVA","gibbs_dir","batch1",1026,0.329042638777152,0.241826997781785,0.710052404874491
"PHMRC","AP","no_shift","bfl_mix","LCVA","gibbs_dir","batch1",1027,0.327433628318584,0.236118339492093,0.711530464912615
"PHMRC","AP","no_shift","bfl_mix","LCVA","gibbs_dir","batch1",1028,0.321802091713596,0.225113612880861,0.690242159682679
"PHMRC","AP","no_shift","bfl_mix","LCVA","gibbs_dir","batch1",1029,0.307320997586484,0.22110050887122,0.72333499094897
"PHMRC","AP","no_shift","bfl_mix","LCVA","gibbs_dir","batch1",1030,0.329042638777152,0.236949664815361,0.710402784133944
"PHMRC","Bohol","no_shift","bfl_mix","LCVA","gibbs_dir","batch1",1001,0.318768619662363,0.210357879340349,0.805412841726073
"PHMRC","Bohol","no_shift","bfl_mix","LCVA","gibbs_dir","batch1",1002,0.318768619662363,0.217395410558093,0.757014580051126
"PHMRC","Bohol","no_shift","bfl_mix","LCVA","gibbs_dir","batch1",1003,0.317775571002979,0.193603531191161,0.766149359855869
"PHMRC","Bohol","no_shift","bfl_mix","LCVA","gibbs_dir","batch1",1004,0.336643495531281,0.211458266239617,0.830199727278789
"PHMRC","Bohol","no_shift","bfl_mix","LCVA","gibbs_dir","batch1",1005,0.320754716981132,0.196671912821125,0.773621687806045
"PHMRC","Bohol","no_shift","bfl_mix","LCVA","gibbs_dir","batch1",1006,0.303872889771599,0.177243658290856,0.736788810316112
"PHMRC","Bohol","no_shift","bfl_mix","LCVA","gibbs_dir","batch1",1007,0.327706057596822,0.192703361922718,0.731340332214181
"PHMRC","Bohol","no_shift","bfl_mix","LCVA","gibbs_dir","batch1",1008,0.309831181727905,0.205625281788485,0.8221081106961
"PHMRC","Bohol","no_shift","bfl_mix","LCVA","gibbs_dir","batch1",1009,0.322740814299901,0.179444130393376,0.736363121945953
"PHMRC","Bohol","no_shift","bfl_mix","LCVA","gibbs_dir","batch1",1010,0.309831181727905,0.202880237132992,0.733607715857216
"PHMRC","Bohol","no_shift","bfl_mix","LCVA","gibbs_dir","batch1",1011,0.303872889771599,0.185398963320628,0.762137274128137
"PHMRC","Bohol","no_shift","bfl_mix","LCVA","gibbs_dir","batch1",1012,0.331678252234359,0.211395100547179,0.794934078342349
"PHMRC","Bohol","no_shift","bfl_mix","LCVA","gibbs_dir","batch1",1013,0.293942403177756,0.181324977442212,0.730568509556861
"PHMRC","Bohol","no_shift","bfl_mix","LCVA","gibbs_dir","batch1",1014,0.334657398212512,0.199434406048054,0.808995399867965
"PHMRC","Bohol","no_shift","bfl_mix","LCVA","gibbs_dir","batch1",1015,0.333664349553128,0.214458435886973,0.810122099284681
"PHMRC","Bohol","no_shift","bfl_mix","LCVA","gibbs_dir","batch1",1016,0.317775571002979,0.192594611547167,0.775649666425511
"PHMRC","Bohol","no_shift","bfl_mix","LCVA","gibbs_dir","batch1",1017,0.325719960278054,0.189282909624045,0.748648270173155
"PHMRC","Bohol","no_shift","bfl_mix","LCVA","gibbs_dir","batch1",1018,0.342601787487587,0.221946219007713,0.812731285726653
"PHMRC","Bohol","no_shift","bfl_mix","LCVA","gibbs_dir","batch1",1019,0.310824230387289,0.181958044604533,0.7801575684995
"PHMRC","Bohol","no_shift","bfl_mix","LCVA","gibbs_dir","batch1",1020,0.306852035749752,0.200138961851008,0.75516722130142
"PHMRC","Bohol","no_shift","bfl_mix","LCVA","gibbs_dir","batch1",1021,0.295928500496524,0.195766376201376,0.758704738059755
"PHMRC","Bohol","no_shift","bfl_mix","LCVA","gibbs_dir","batch1",1022,0.342601787487587,0.221432300230379,0.848380435777694
"PHMRC","Bohol","no_shift","bfl_mix","LCVA","gibbs_dir","batch1",1023,0.317775571002979,0.198751451115619,0.780637332780722
"PHMRC","Bohol","no_shift","bfl_mix","LCVA","gibbs_dir","batch1",1024,0.306852035749752,0.178367851695262,0.748781207516553
"PHMRC","Bohol","no_shift","bfl_mix","LCVA","gibbs_dir","batch1",1025,0.319761668321748,0.193483121429447,0.769719869999771
"PHMRC","Bohol","no_shift","bfl_mix","LCVA","gibbs_dir","batch1",1026,0.309831181727905,0.177410232531322,0.756056291749517
"PHMRC","Bohol","no_shift","bfl_mix","LCVA","gibbs_dir","batch1",1027,0.335650446871897,0.211207090228467,0.811108938617953
"PHMRC","Bohol","no_shift","bfl_mix","LCVA","gibbs_dir","batch1",1028,0.332671300893744,0.198568676580935,0.778464797112879
"PHMRC","Bohol","no_shift","bfl_mix","LCVA","gibbs_dir","batch1",1029,0.327706057596822,0.210034491516646,0.84052964634105
"PHMRC","Bohol","no_shift","bfl_mix","LCVA","gibbs_dir","batch1",1030,0.311817279046673,0.201151118265204,0.778191201156037
"PHMRC","Dar","no_shift","bfl_mix","LCVA","gibbs_dir","batch1",1001,0.302679217958001,0.162692917749689,0.653156664521867
"PHMRC","Dar","no_shift","bfl_mix","LCVA","gibbs_dir","batch1",1002,0.311368573497466,0.175061075593541,0.622674488838341
"PHMRC","Dar","no_shift","bfl_mix","LCVA","gibbs_dir","batch1",1003,0.318609703113686,0.1703255669682,0.648622336763748
"PHMRC","Dar","no_shift","bfl_mix","LCVA","gibbs_dir","batch1",1004,0.333091962346126,0.178872612749702,0.70022837936316
"PHMRC","Dar","no_shift","bfl_mix","LCVA","gibbs_dir","batch1",1005,0.33816075307748,0.18126130361493,0.646032439342273
"PHMRC","Dar","no_shift","bfl_mix","LCVA","gibbs_dir","batch1",1006,0.332367849384504,0.186799424768928,0.683320619334251
"PHMRC","Dar","no_shift","bfl_mix","LCVA","gibbs_dir","batch1",1007,0.32367849384504,0.174530438439169,0.706343849269188
"PHMRC","Dar","no_shift","bfl_mix","LCVA","gibbs_dir","batch1",1008,0.333091962346126,0.182905251542095,0.628508274122682
"PHMRC","Dar","no_shift","bfl_mix","LCVA","gibbs_dir","batch1",1009,0.340333091962346,0.184580057536132,0.688232888668247
"PHMRC","Dar","no_shift","bfl_mix","LCVA","gibbs_dir","batch1",1010,0.312092686459088,0.163345302871331,0.627054996754124
"PHMRC","Dar","no_shift","bfl_mix","LCVA","gibbs_dir","batch1",1011,0.317885590152064,0.175275976293447,0.653916047285743
"PHMRC","Dar","no_shift","bfl_mix","LCVA","gibbs_dir","batch1",1012,0.326574945691528,0.184578728826668,0.749656050910831
"PHMRC","Dar","no_shift","bfl_mix","LCVA","gibbs_dir","batch1",1013,0.34178131788559,0.190056956363967,0.688213425243735
"PHMRC","Dar","no_shift","bfl_mix","LCVA","gibbs_dir","batch1",1014,0.343229543808834,0.195301739551438,0.71397438020003
"PHMRC","Dar","no_shift","bfl_mix","LCVA","gibbs_dir","batch1",1015,0.326574945691528,0.182323386632607,0.697498365451841
"PHMRC","Dar","no_shift","bfl_mix","LCVA","gibbs_dir","batch1",1016,0.350470673425054,0.190618548844831,0.695814772282753
"PHMRC","Dar","no_shift","bfl_mix","LCVA","gibbs_dir","batch1",1017,0.346850108616944,0.179425701707914,0.654249775135776
"PHMRC","Dar","no_shift","bfl_mix","LCVA","gibbs_dir","batch1",1018,0.333091962346126,0.182440429086641,0.665661527529795
"PHMRC","Dar","no_shift","bfl_mix","LCVA","gibbs_dir","batch1",1019,0.320782041998552,0.18469289622409,0.684562499031921
"PHMRC","Dar","no_shift","bfl_mix","LCVA","gibbs_dir","batch1",1020,0.33816075307748,0.183155156954768,0.696443181138636
"PHMRC","Dar","no_shift","bfl_mix","LCVA","gibbs_dir","batch1",1021,0.313540912382332,0.171296606492151,0.628333653359713
"PHMRC","Dar","no_shift","bfl_mix","LCVA","gibbs_dir","batch1",1022,0.321506154960174,0.176034471848398,0.631879025978936
"PHMRC","Dar","no_shift","bfl_mix","LCVA","gibbs_dir","batch1",1023,0.320782041998552,0.179685919266925,0.640980812073039
"PHMRC","Dar","no_shift","bfl_mix","LCVA","gibbs_dir","batch1",1024,0.31643736422882,0.177582779056897,0.653791119691422
"PHMRC","Dar","no_shift","bfl_mix","LCVA","gibbs_dir","batch1",1025,0.32367849384504,0.183387135799342,0.683825984035947
"PHMRC","Dar","no_shift","bfl_mix","LCVA","gibbs_dir","batch1",1026,0.32005792903693,0.175569727137846,0.656875408287052
"PHMRC","Dar","no_shift","bfl_mix","LCVA","gibbs_dir","batch1",1027,0.32367849384504,0.178791346314246,0.641237917883058
"PHMRC","Dar","no_shift","bfl_mix","LCVA","gibbs_dir","batch1",1028,0.321506154960174,0.183161092671987,0.62406799686685
"PHMRC","Dar","no_shift","bfl_mix","LCVA","gibbs_dir","batch1",1029,0.335264301230992,0.172755289687624,0.638801771389477
"PHMRC","Dar","no_shift","bfl_mix","LCVA","gibbs_dir","batch1",1030,0.329471397538016,0.180365652355899,0.697416462049326
"PHMRC","Mexico","no_shift","bfl_mix","LCVA","gibbs_dir","batch1",1001,0.288416075650118,0.192855756878531,0.723036042502279
"PHMRC","Mexico","no_shift","bfl_mix","LCVA","gibbs_dir","batch1",1002,0.315208825847124,0.225735031471933,0.7748633482661
"PHMRC","Mexico","no_shift","bfl_mix","LCVA","gibbs_dir","batch1",1003,0.297084318360914,0.202887471287682,0.785185809883198
"PHMRC","Mexico","no_shift","bfl_mix","LCVA","gibbs_dir","batch1",1004,0.26635145784082,0.17681443086325,0.701612391550381
"PHMRC","Mexico","no_shift","bfl_mix","LCVA","gibbs_dir","batch1",1005,0.257683215130024,0.183637356126818,0.690239355272198
"PHMRC","Mexico","no_shift","bfl_mix","LCVA","gibbs_dir","batch1",1006,0.275019700551615,0.195650630291155,0.747068117593801
"PHMRC","Mexico","no_shift","bfl_mix","LCVA","gibbs_dir","batch1",1007,0.300236406619385,0.206375039220783,0.75717847918581
"PHMRC","Mexico","no_shift","bfl_mix","LCVA","gibbs_dir","batch1",1008,0.308904649330181,0.209427987676348,0.801585973223989
"PHMRC","Mexico","no_shift","bfl_mix","LCVA","gibbs_dir","batch1",1009,0.293144208037825,0.204665180118958,0.808215428075601
"PHMRC","Mexico","no_shift","bfl_mix","LCVA","gibbs_dir","batch1",1010,0.286840031520883,0.201685383350503,0.735208581819094
"PHMRC","Mexico","no_shift","bfl_mix","LCVA","gibbs_dir","batch1",1011,0.286052009456265,0.189356663190549,0.720546608370299
"PHMRC","Mexico","no_shift","bfl_mix","LCVA","gibbs_dir","batch1",1012,0.289992119779354,0.20159231278739,0.757452874173308
"PHMRC","Mexico","no_shift","bfl_mix","LCVA","gibbs_dir","batch1",1013,0.285263987391647,0.194036598548454,0.778571635025665
"PHMRC","Mexico","no_shift","bfl_mix","LCVA","gibbs_dir","batch1",1014,0.260047281323877,0.1930947038128,0.746775721549396
"PHMRC","Mexico","no_shift","bfl_mix","LCVA","gibbs_dir","batch1",1015,0.256107171000788,0.186775123498205,0.712688288529919
"PHMRC","Mexico","no_shift","bfl_mix","LCVA","gibbs_dir","batch1",1016,0.274231678486998,0.1899306645831,0.73179911388768
"PHMRC","Mexico","no_shift","bfl_mix","LCVA","gibbs_dir","batch1",1017,0.26635145784082,0.171991423389251,0.755627047556502
"PHMRC","Mexico","no_shift","bfl_mix","LCVA","gibbs_dir","batch1",1018,0.281323877068558,0.202861225742985,0.717465053219158
"PHMRC","Mexico","no_shift","bfl_mix","LCVA","gibbs_dir","batch1",1019,0.285263987391647,0.191260995632256,0.737184152216075
"PHMRC","Mexico","no_shift","bfl_mix","LCVA","gibbs_dir","batch1",1020,0.289204097714736,0.248817194362158,0.791831924084573
"PHMRC","Mexico","no_shift","bfl_mix","LCVA","gibbs_dir","batch1",1021,0.286052009456265,0.228584090975009,0.778221168027731
"PHMRC","Mexico","no_shift","bfl_mix","LCVA","gibbs_dir","batch1",1022,0.281323877068558,0.198703670067583,0.737000830216428
"PHMRC","Mexico","no_shift","bfl_mix","LCVA","gibbs_dir","batch1",1023,0.257683215130024,0.17502840124731,0.69123020038286
"PHMRC","Mexico","no_shift","bfl_mix","LCVA","gibbs_dir","batch1",1024,0.295508274231678,0.204882403728286,0.809646374996483
"PHMRC","Mexico","no_shift","bfl_mix","LCVA","gibbs_dir","batch1",1025,0.30575256107171,0.239680072816657,0.800551220941568
"PHMRC","Mexico","no_shift","bfl_mix","LCVA","gibbs_dir","batch1",1026,0.296296296296296,0.196093353714603,0.772990362594053
"PHMRC","Mexico","no_shift","bfl_mix","LCVA","gibbs_dir","batch1",1027,0.290780141843972,0.204454081180179,0.802916796585717
"PHMRC","Mexico","no_shift","bfl_mix","LCVA","gibbs_dir","batch1",1028,0.270291568163909,0.18733018574438,0.725132095159947
"PHMRC","Mexico","no_shift","bfl_mix","LCVA","gibbs_dir","batch1",1029,0.293932230102443,0.203408394489736,0.78755477497921
"PHMRC","Mexico","no_shift","bfl_mix","LCVA","gibbs_dir","batch1",1030,0.278959810874705,0.188559522241295,0.768049859029856
"PHMRC","Pemba","no_shift","bfl_mix","LCVA","gibbs_dir","batch1",1001,0.373949579831933,0.32330333986584,0.636893448578053
"PHMRC","Pemba","no_shift","bfl_mix","LCVA","gibbs_dir","batch1",1002,0.369747899159664,0.321681013868962,0.634690646939564
"PHMRC","Pemba","no_shift","bfl_mix","LCVA","gibbs_dir","batch1",1003,0.394957983193277,0.334663389350889,0.662534968510563
"PHMRC","Pemba","no_shift","bfl_mix","LCVA","gibbs_dir","batch1",1004,0.365546218487395,0.365633267195767,0.631210928821351
"PHMRC","Pemba","no_shift","bfl_mix","LCVA","gibbs_dir","batch1",1005,0.357142857142857,0.281887080044849,0.647476748460842
"PHMRC","Pemba","no_shift","bfl_mix","LCVA","gibbs_dir","batch1",1006,0.394957983193277,0.35891252090301,0.666895467481748
"PHMRC","Pemba","no_shift","bfl_mix","LCVA","gibbs_dir","batch1",1007,0.403361344537815,0.304708035958036,0.657839087865801
"PHMRC","Pemba","no_shift","bfl_mix","LCVA","gibbs_dir","batch1",1008,0.38655462184874,0.354811882017764,0.658180155378804
"PHMRC","Pemba","no_shift","bfl_mix","LCVA","gibbs_dir","batch1",1009,0.365546218487395,0.285245702365268,0.636210991673778
"PHMRC","Pemba","no_shift","bfl_mix","LCVA","gibbs_dir","batch1",1010,0.352941176470588,0.267880709976298,0.637813329751309
"PHMRC","Pemba","no_shift","bfl_mix","LCVA","gibbs_dir","batch1",1011,0.369747899159664,0.287923212763366,0.640240342161397
"PHMRC","Pemba","no_shift","bfl_mix","LCVA","gibbs_dir","batch1",1012,0.378151260504202,0.319679873531776,0.642951627892953
"PHMRC","Pemba","no_shift","bfl_mix","LCVA","gibbs_dir","batch1",1013,0.365546218487395,0.316647364561767,0.638482575541603
"PHMRC","Pemba","no_shift","bfl_mix","LCVA","gibbs_dir","batch1",1014,0.382352941176471,0.319863006701536,0.647908445340845
"PHMRC","Pemba","no_shift","bfl_mix","LCVA","gibbs_dir","batch1",1015,0.394957983193277,0.361623619436119,0.657442695584276
"PHMRC","Pemba","no_shift","bfl_mix","LCVA","gibbs_dir","batch1",1016,0.34453781512605,0.31433281154391,0.620375905079384
"PHMRC","Pemba","no_shift","bfl_mix","LCVA","gibbs_dir","batch1",1017,0.357142857142857,0.304750993766118,0.63843945645564
"PHMRC","Pemba","no_shift","bfl_mix","LCVA","gibbs_dir","batch1",1018,0.365546218487395,0.287166938684076,0.630266515789669
"PHMRC","Pemba","no_shift","bfl_mix","LCVA","gibbs_dir","batch1",1019,0.361344537815126,0.292890373135915,0.649339999788044
"PHMRC","Pemba","no_shift","bfl_mix","LCVA","gibbs_dir","batch1",1020,0.382352941176471,0.274810671685672,0.655334669112316
"PHMRC","Pemba","no_shift","bfl_mix","LCVA","gibbs_dir","batch1",1021,0.390756302521008,0.3223948863171,0.643096667166934
"PHMRC","Pemba","no_shift","bfl_mix","LCVA","gibbs_dir","batch1",1022,0.394957983193277,0.301283860475037,0.646872986136631
"PHMRC","Pemba","no_shift","bfl_mix","LCVA","gibbs_dir","batch1",1023,0.373949579831933,0.338407711569476,0.627652904694357
"PHMRC","Pemba","no_shift","bfl_mix","LCVA","gibbs_dir","batch1",1024,0.382352941176471,0.332236166611167,0.635681017569682
"PHMRC","Pemba","no_shift","bfl_mix","LCVA","gibbs_dir","batch1",1025,0.399159663865546,0.335764559202059,0.651246884299371
"PHMRC","Pemba","no_shift","bfl_mix","LCVA","gibbs_dir","batch1",1026,0.38655462184874,0.353210784313725,0.636742979103801
"PHMRC","Pemba","no_shift","bfl_mix","LCVA","gibbs_dir","batch1",1027,0.407563025210084,0.368758188083846,0.663244314111427
"PHMRC","Pemba","no_shift","bfl_mix","LCVA","gibbs_dir","batch1",1028,0.38655462184874,0.35987050871709,0.63388396731556
"PHMRC","Pemba","no_shift","bfl_mix","LCVA","gibbs_dir","batch1",1029,0.373949579831933,0.352403273809524,0.617415731862782
"PHMRC","Pemba","no_shift","bfl_mix","LCVA","gibbs_dir","batch1",1030,0.382352941176471,0.372413277511962,0.648273232793663
"PHMRC","UP","no_shift","bfl_mix","LCVA","gibbs_dir","batch1",1001,0.359471365638767,0.275744225755662,0.718468991366782
"PHMRC","UP","no_shift","bfl_mix","LCVA","gibbs_dir","batch1",1002,0.336563876651982,0.259238518361968,0.674157051721397
"PHMRC","UP","no_shift","bfl_mix","LCVA","gibbs_dir","batch1",1003,0.338325991189427,0.248319603402882,0.702588394567854
"PHMRC","UP","no_shift","bfl_mix","LCVA","gibbs_dir","batch1",1004,0.338325991189427,0.259450408996656,0.685791500584786
"PHMRC","UP","no_shift","bfl_mix","LCVA","gibbs_dir","batch1",1005,0.357709251101322,0.271963374931369,0.73078279429954
"PHMRC","UP","no_shift","bfl_mix","LCVA","gibbs_dir","batch1",1006,0.350660792951542,0.269619854575273,0.735722263738382
"PHMRC","UP","no_shift","bfl_mix","LCVA","gibbs_dir","batch1",1007,0.340969162995595,0.252097740639052,0.722473632907865
"PHMRC","UP","no_shift","bfl_mix","LCVA","gibbs_dir","batch1",1008,0.334801762114537,0.263431360290971,0.705403698590855
"PHMRC","UP","no_shift","bfl_mix","LCVA","gibbs_dir","batch1",1009,0.348898678414097,0.256253362509715,0.713433096393651
"PHMRC","UP","no_shift","bfl_mix","LCVA","gibbs_dir","batch1",1010,0.361233480176211,0.277375965133352,0.723641100573356
"PHMRC","UP","no_shift","bfl_mix","LCVA","gibbs_dir","batch1",1011,0.347136563876652,0.26464690444562,0.703689762170947
"PHMRC","UP","no_shift","bfl_mix","LCVA","gibbs_dir","batch1",1012,0.347136563876652,0.265100573851947,0.674351235010059
"PHMRC","UP","no_shift","bfl_mix","LCVA","gibbs_dir","batch1",1013,0.345374449339207,0.267665020179214,0.707487398155568
"PHMRC","UP","no_shift","bfl_mix","LCVA","gibbs_dir","batch1",1014,0.348898678414097,0.255998932437294,0.698631200714238
"PHMRC","UP","no_shift","bfl_mix","LCVA","gibbs_dir","batch1",1015,0.348017621145374,0.263846176974574,0.677975906383683
"PHMRC","UP","no_shift","bfl_mix","LCVA","gibbs_dir","batch1",1016,0.355947136563877,0.280448356494995,0.719684852180101
"PHMRC","UP","no_shift","bfl_mix","LCVA","gibbs_dir","batch1",1017,0.33920704845815,0.243493145860993,0.749094132441026
"PHMRC","UP","no_shift","bfl_mix","LCVA","gibbs_dir","batch1",1018,0.3215859030837,0.23930597793956,0.701615640235407
"PHMRC","UP","no_shift","bfl_mix","LCVA","gibbs_dir","batch1",1019,0.352422907488987,0.277040301635577,0.684800159508293
"PHMRC","UP","no_shift","bfl_mix","LCVA","gibbs_dir","batch1",1020,0.334801762114537,0.254165648328593,0.726395635260179
"PHMRC","UP","no_shift","bfl_mix","LCVA","gibbs_dir","batch1",1021,0.325991189427313,0.250618127057708,0.73557758815817
"PHMRC","UP","no_shift","bfl_mix","LCVA","gibbs_dir","batch1",1022,0.340088105726872,0.252007556186308,0.715348190981835
"PHMRC","UP","no_shift","bfl_mix","LCVA","gibbs_dir","batch1",1023,0.356828193832599,0.275290253884654,0.708133617056148
"PHMRC","UP","no_shift","bfl_mix","LCVA","gibbs_dir","batch1",1024,0.34273127753304,0.264173237099876,0.707077622847985
"PHMRC","UP","no_shift","bfl_mix","LCVA","gibbs_dir","batch1",1025,0.333920704845815,0.25536368820179,0.716356407940809
"PHMRC","UP","no_shift","bfl_mix","LCVA","gibbs_dir","batch1",1026,0.340088105726872,0.263880374213638,0.696999163182978
"PHMRC","UP","no_shift","bfl_mix","LCVA","gibbs_dir","batch1",1027,0.356828193832599,0.279308676494342,0.71570494659142
"PHMRC","UP","no_shift","bfl_mix","LCVA","gibbs_dir","batch1",1028,0.327753303964758,0.245539110283723,0.680912559985225
"PHMRC","UP","no_shift","bfl_mix","LCVA","gibbs_dir","batch1",1029,0.352422907488987,0.273237849522503,0.695703036065258
"PHMRC","UP","no_shift","bfl_mix","LCVA","gibbs_dir","batch1",1030,0.334801762114537,0.261890606018668,0.704223776797114
"PHMRC","AP","no_shift","bfl_mix","LCVA","gibbs_ln","batch1",1001,0.343523732904264,0.237351393511739,0.746292483893862
"PHMRC","AP","no_shift","bfl_mix","LCVA","gibbs_ln","batch1",1002,0.317779565567176,0.228374179260335,0.737472852913513
"PHMRC","AP","no_shift","bfl_mix","LCVA","gibbs_ln","batch1",1003,0.319388576025744,0.229588671010542,0.691959095988368
"PHMRC","AP","no_shift","bfl_mix","LCVA","gibbs_ln","batch1",1004,0.329042638777152,0.236725214709634,0.709219435857029
"PHMRC","AP","no_shift","bfl_mix","LCVA","gibbs_ln","batch1",1005,0.33065164923572,0.239923201600538,0.71544427637967
"PHMRC","AP","no_shift","bfl_mix","LCVA","gibbs_ln","batch1",1006,0.316170555108608,0.224929399016841,0.66549144061331
"PHMRC","AP","no_shift","bfl_mix","LCVA","gibbs_ln","batch1",1007,0.329847144006436,0.25374596974134,0.67675963875968
"PHMRC","AP","no_shift","bfl_mix","LCVA","gibbs_ln","batch1",1008,0.320193081255028,0.230819771011285,0.708302321813456
"PHMRC","AP","no_shift","bfl_mix","LCVA","gibbs_ln","batch1",1009,0.321802091713596,0.228433393726303,0.709306205900529
"PHMRC","AP","no_shift","bfl_mix","LCVA","gibbs_ln","batch1",1010,0.337087691069992,0.240226823672284,0.687369231845245
"PHMRC","AP","no_shift","bfl_mix","LCVA","gibbs_ln","batch1",1011,0.325824617860016,0.241721057390325,0.669391765263785
"PHMRC","AP","no_shift","bfl_mix","LCVA","gibbs_ln","batch1",1012,0.331456154465004,0.234755119197565,0.726837495174399
"PHMRC","AP","no_shift","bfl_mix","LCVA","gibbs_ln","batch1",1013,0.31456154465004,0.233599875938514,0.699551411046731
"PHMRC","AP","no_shift","bfl_mix","LCVA","gibbs_ln","batch1",1014,0.320193081255028,0.236566524324677,0.699249989841519
"PHMRC","AP","no_shift","bfl_mix","LCVA","gibbs_ln","batch1",1015,0.328238133547868,0.241163207863508,0.701658500102222
"PHMRC","AP","no_shift","bfl_mix","LCVA","gibbs_ln","batch1",1016,0.33065164923572,0.232263980851544,0.700666893269258
"PHMRC","AP","no_shift","bfl_mix","LCVA","gibbs_ln","batch1",1017,0.328238133547868,0.247049075302455,0.688670759742489
"PHMRC","AP","no_shift","bfl_mix","LCVA","gibbs_ln","batch1",1018,0.323411102172164,0.230487602465766,0.696707661767657
"PHMRC","AP","no_shift","bfl_mix","LCVA","gibbs_ln","batch1",1019,0.308125502815768,0.231818900835074,0.666662385948643
"PHMRC","AP","no_shift","bfl_mix","LCVA","gibbs_ln","batch1",1020,0.333065164923572,0.23625513689896,0.740068617378186
"PHMRC","AP","no_shift","bfl_mix","LCVA","gibbs_ln","batch1",1021,0.320193081255028,0.232770643562523,0.697775792746208
"PHMRC","AP","no_shift","bfl_mix","LCVA","gibbs_ln","batch1",1022,0.320193081255028,0.230842949325674,0.693229154302407
"PHMRC","AP","no_shift","bfl_mix","LCVA","gibbs_ln","batch1",1023,0.33869670152856,0.245116899578223,0.688282592126331
"PHMRC","AP","no_shift","bfl_mix","LCVA","gibbs_ln","batch1",1024,0.309734513274336,0.2261919302319,0.672995401952205
"PHMRC","AP","no_shift","bfl_mix","LCVA","gibbs_ln","batch1",1025,0.300080450522928,0.214939765904048,0.667292951025384
"PHMRC","AP","no_shift","bfl_mix","LCVA","gibbs_ln","batch1",1026,0.329042638777152,0.241132935950485,0.71047894036365
"PHMRC","AP","no_shift","bfl_mix","LCVA","gibbs_ln","batch1",1027,0.329042638777152,0.238230136647793,0.712779352281134
"PHMRC","AP","no_shift","bfl_mix","LCVA","gibbs_ln","batch1",1028,0.320193081255028,0.224055008222318,0.690634972012237
"PHMRC","AP","no_shift","bfl_mix","LCVA","gibbs_ln","batch1",1029,0.305711987127916,0.220107473530124,0.724092512103798
"PHMRC","AP","no_shift","bfl_mix","LCVA","gibbs_ln","batch1",1030,0.328238133547868,0.236263737610471,0.709466661456395
"PHMRC","Bohol","no_shift","bfl_mix","LCVA","gibbs_ln","batch1",1001,0.321747765640516,0.212164958551592,0.805945564639102
"PHMRC","Bohol","no_shift","bfl_mix","LCVA","gibbs_ln","batch1",1002,0.317775571002979,0.215091263092655,0.757484310086542
"PHMRC","Bohol","no_shift","bfl_mix","LCVA","gibbs_ln","batch1",1003,0.318768619662363,0.20028832774842,0.766626304590155
"PHMRC","Bohol","no_shift","bfl_mix","LCVA","gibbs_ln","batch1",1004,0.339622641509434,0.21449554453342,0.830850114498128
"PHMRC","Bohol","no_shift","bfl_mix","LCVA","gibbs_ln","batch1",1005,0.319761668321748,0.196265184903746,0.772926366451708
"PHMRC","Bohol","no_shift","bfl_mix","LCVA","gibbs_ln","batch1",1006,0.30188679245283,0.176061658197785,0.737833295721573
"PHMRC","Bohol","no_shift","bfl_mix","LCVA","gibbs_ln","batch1",1007,0.327706057596822,0.192732436230337,0.731382902081431
"PHMRC","Bohol","no_shift","bfl_mix","LCVA","gibbs_ln","batch1",1008,0.311817279046673,0.206797255081483,0.822973673786074
"PHMRC","Bohol","no_shift","bfl_mix","LCVA","gibbs_ln","batch1",1009,0.322740814299901,0.180566481017164,0.737851305862302
"PHMRC","Bohol","no_shift","bfl_mix","LCVA","gibbs_ln","batch1",1010,0.30883813306852,0.202709080111527,0.73349155030103
"PHMRC","Bohol","no_shift","bfl_mix","LCVA","gibbs_ln","batch1",1011,0.303872889771599,0.1856716066491,0.763909454870235
"PHMRC","Bohol","no_shift","bfl_mix","LCVA","gibbs_ln","batch1",1012,0.328699106256207,0.210143865538561,0.795233140640117
"PHMRC","Bohol","no_shift","bfl_mix","LCVA","gibbs_ln","batch1",1013,0.291956305858987,0.180714457780119,0.731558864107103
"PHMRC","Bohol","no_shift","bfl_mix","LCVA","gibbs_ln","batch1",1014,0.331678252234359,0.198399712029615,0.809157505095239
"PHMRC","Bohol","no_shift","bfl_mix","LCVA","gibbs_ln","batch1",1015,0.332671300893744,0.214200774880609,0.810720789046149
"PHMRC","Bohol","no_shift","bfl_mix","LCVA","gibbs_ln","batch1",1016,0.320754716981132,0.196594994053861,0.775699912535061
"PHMRC","Bohol","no_shift","bfl_mix","LCVA","gibbs_ln","batch1",1017,0.326713008937438,0.189669045933616,0.747724591755004
"PHMRC","Bohol","no_shift","bfl_mix","LCVA","gibbs_ln","batch1",1018,0.339622641509434,0.215343907727679,0.813255582928495
"PHMRC","Bohol","no_shift","bfl_mix","LCVA","gibbs_ln","batch1",1019,0.314796425024826,0.185409763663463,0.780575828628692
"PHMRC","Bohol","no_shift","bfl_mix","LCVA","gibbs_ln","batch1",1020,0.309831181727905,0.202369102960606,0.755726730050517
"PHMRC","Bohol","no_shift","bfl_mix","LCVA","gibbs_ln","batch1",1021,0.29493545183714,0.196923615364645,0.758030907991166
"PHMRC","Bohol","no_shift","bfl_mix","LCVA","gibbs_ln","batch1",1022,0.340615690168818,0.220044802734887,0.849405697454984
"PHMRC","Bohol","no_shift","bfl_mix","LCVA","gibbs_ln","batch1",1023,0.318768619662363,0.198932631941961,0.780655594961184
"PHMRC","Bohol","no_shift","bfl_mix","LCVA","gibbs_ln","batch1",1024,0.306852035749752,0.178535370239273,0.751068900838398
"PHMRC","Bohol","no_shift","bfl_mix","LCVA","gibbs_ln","batch1",1025,0.320754716981132,0.194169463227662,0.770982062936181
"PHMRC","Bohol","no_shift","bfl_mix","LCVA","gibbs_ln","batch1",1026,0.309831181727905,0.177482069500585,0.756005689293757
"PHMRC","Bohol","no_shift","bfl_mix","LCVA","gibbs_ln","batch1",1027,0.336643495531281,0.213419526561235,0.812045866636436
"PHMRC","Bohol","no_shift","bfl_mix","LCVA","gibbs_ln","batch1",1028,0.330685203574975,0.207983660725028,0.777153325668752
"PHMRC","Bohol","no_shift","bfl_mix","LCVA","gibbs_ln","batch1",1029,0.325719960278054,0.209679163911959,0.841016225176747
"PHMRC","Bohol","no_shift","bfl_mix","LCVA","gibbs_ln","batch1",1030,0.306852035749752,0.198536910800771,0.777614520756742
"PHMRC","Dar","no_shift","bfl_mix","LCVA","gibbs_ln","batch1",1001,0.304127443881245,0.163284966534509,0.655132253061344
"PHMRC","Dar","no_shift","bfl_mix","LCVA","gibbs_ln","batch1",1002,0.310644460535844,0.17361807415054,0.623726855218164
"PHMRC","Dar","no_shift","bfl_mix","LCVA","gibbs_ln","batch1",1003,0.319333816075308,0.170556887810208,0.648890077455365
"PHMRC","Dar","no_shift","bfl_mix","LCVA","gibbs_ln","batch1",1004,0.333091962346126,0.179820586656319,0.700284360360694
"PHMRC","Dar","no_shift","bfl_mix","LCVA","gibbs_ln","batch1",1005,0.33816075307748,0.18126130361493,0.646633860437634
"PHMRC","Dar","no_shift","bfl_mix","LCVA","gibbs_ln","batch1",1006,0.331643736422882,0.18642063689014,0.683461159402507
"PHMRC","Dar","no_shift","bfl_mix","LCVA","gibbs_ln","batch1",1007,0.32367849384504,0.174618188526919,0.706667763402539
"PHMRC","Dar","no_shift","bfl_mix","LCVA","gibbs_ln","batch1",1008,0.333091962346126,0.182905251542095,0.629250117287264
"PHMRC","Dar","no_shift","bfl_mix","LCVA","gibbs_ln","batch1",1009,0.338884866039102,0.183737656693731,0.688377923619363
"PHMRC","Dar","no_shift","bfl_mix","LCVA","gibbs_ln","batch1",1010,0.312092686459088,0.163345302871331,0.62700854970919
"PHMRC","Dar","no_shift","bfl_mix","LCVA","gibbs_ln","batch1",1011,0.317161477190442,0.170055608055576,0.654403552257605
"PHMRC","Dar","no_shift","bfl_mix","LCVA","gibbs_ln","batch1",1012,0.325850832729906,0.182352272936199,0.74996385357156
"PHMRC","Dar","no_shift","bfl_mix","LCVA","gibbs_ln","batch1",1013,0.342505430847212,0.196118319659575,0.688765184691791
"PHMRC","Dar","no_shift","bfl_mix","LCVA","gibbs_ln","batch1",1014,0.34178131788559,0.19056029253151,0.713837760264669
"PHMRC","Dar","no_shift","bfl_mix","LCVA","gibbs_ln","batch1",1015,0.325850832729906,0.182137478471239,0.69733046763593
"PHMRC","Dar","no_shift","bfl_mix","LCVA","gibbs_ln","batch1",1016,0.350470673425054,0.190618548844831,0.696121506104768
"PHMRC","Dar","no_shift","bfl_mix","LCVA","gibbs_ln","batch1",1017,0.343953656770456,0.17817378659857,0.654423186987657
"PHMRC","Dar","no_shift","bfl_mix","LCVA","gibbs_ln","batch1",1018,0.332367849384504,0.182203686662398,0.666835814298433
"PHMRC","Dar","no_shift","bfl_mix","LCVA","gibbs_ln","batch1",1019,0.32005792903693,0.18433214586334,0.683591916509847
"PHMRC","Dar","no_shift","bfl_mix","LCVA","gibbs_ln","batch1",1020,0.33816075307748,0.183155156954768,0.696392645974932
"PHMRC","Dar","no_shift","bfl_mix","LCVA","gibbs_ln","batch1",1021,0.313540912382332,0.171296606492151,0.628220750820083
"PHMRC","Dar","no_shift","bfl_mix","LCVA","gibbs_ln","batch1",1022,0.321506154960174,0.176393796318394,0.632105118373291
"PHMRC","Dar","no_shift","bfl_mix","LCVA","gibbs_ln","batch1",1023,0.320782041998552,0.180446986157024,0.641963194552798
"PHMRC","Dar","no_shift","bfl_mix","LCVA","gibbs_ln","batch1",1024,0.31643736422882,0.177723314849607,0.653966338091454
"PHMRC","Dar","no_shift","bfl_mix","LCVA","gibbs_ln","batch1",1025,0.324402606806662,0.184251845247919,0.68513739273334
"PHMRC","Dar","no_shift","bfl_mix","LCVA","gibbs_ln","batch1",1026,0.320782041998552,0.1762744487728,0.658211118849138
"PHMRC","Dar","no_shift","bfl_mix","LCVA","gibbs_ln","batch1",1027,0.32367849384504,0.168892665672744,0.642095970762873
"PHMRC","Dar","no_shift","bfl_mix","LCVA","gibbs_ln","batch1",1028,0.320782041998552,0.183857307153248,0.624248097300813
"PHMRC","Dar","no_shift","bfl_mix","LCVA","gibbs_ln","batch1",1029,0.335264301230992,0.172682398677149,0.639177794968528
"PHMRC","Dar","no_shift","bfl_mix","LCVA","gibbs_ln","batch1",1030,0.328747284576394,0.180150737247367,0.698396823031604
"PHMRC","Mexico","no_shift","bfl_mix","LCVA","gibbs_ln","batch1",1001,0.2876280535855,0.191743409826251,0.721184031954964
"PHMRC","Mexico","no_shift","bfl_mix","LCVA","gibbs_ln","batch1",1002,0.314420803782506,0.225664753905621,0.775406974998316
"PHMRC","Mexico","no_shift","bfl_mix","LCVA","gibbs_ln","batch1",1003,0.296296296296296,0.202197816115268,0.785850250549049
"PHMRC","Mexico","no_shift","bfl_mix","LCVA","gibbs_ln","batch1",1004,0.265563435776202,0.179854248444078,0.700563652292973
"PHMRC","Mexico","no_shift","bfl_mix","LCVA","gibbs_ln","batch1",1005,0.256895193065406,0.182525009074538,0.690853564100754
"PHMRC","Mexico","no_shift","bfl_mix","LCVA","gibbs_ln","batch1",1006,0.275019700551615,0.195696460645516,0.74620190255414
"PHMRC","Mexico","no_shift","bfl_mix","LCVA","gibbs_ln","batch1",1007,0.301024428684003,0.206171394424177,0.757182540365319
"PHMRC","Mexico","no_shift","bfl_mix","LCVA","gibbs_ln","batch1",1008,0.309692671394799,0.210705126884522,0.801291011376364
"PHMRC","Mexico","no_shift","bfl_mix","LCVA","gibbs_ln","batch1",1009,0.291568163908589,0.203803594136741,0.806483088789405
"PHMRC","Mexico","no_shift","bfl_mix","LCVA","gibbs_ln","batch1",1010,0.2876280535855,0.202157658786859,0.734031327403972
"PHMRC","Mexico","no_shift","bfl_mix","LCVA","gibbs_ln","batch1",1011,0.283687943262411,0.188310744794446,0.720178389873483
"PHMRC","Mexico","no_shift","bfl_mix","LCVA","gibbs_ln","batch1",1012,0.289992119779354,0.201265631479397,0.756521207516334
"PHMRC","Mexico","no_shift","bfl_mix","LCVA","gibbs_ln","batch1",1013,0.285263987391647,0.194192094393605,0.778190359943833
"PHMRC","Mexico","no_shift","bfl_mix","LCVA","gibbs_ln","batch1",1014,0.260047281323877,0.192992997261626,0.746205318272764
"PHMRC","Mexico","no_shift","bfl_mix","LCVA","gibbs_ln","batch1",1015,0.256107171000788,0.186771904420664,0.712461926777961
"PHMRC","Mexico","no_shift","bfl_mix","LCVA","gibbs_ln","batch1",1016,0.27344365642238,0.18953881505332,0.73170452262532
"PHMRC","Mexico","no_shift","bfl_mix","LCVA","gibbs_ln","batch1",1017,0.268715524034673,0.174561413577942,0.754225510182739
"PHMRC","Mexico","no_shift","bfl_mix","LCVA","gibbs_ln","batch1",1018,0.281323877068558,0.202948574591391,0.71787080266024
"PHMRC","Mexico","no_shift","bfl_mix","LCVA","gibbs_ln","batch1",1019,0.284475965327029,0.190274707700155,0.735655624317725
"PHMRC","Mexico","no_shift","bfl_mix","LCVA","gibbs_ln","batch1",1020,0.286840031520883,0.246823090968924,0.791806091805085
"PHMRC","Mexico","no_shift","bfl_mix","LCVA","gibbs_ln","batch1",1021,0.285263987391647,0.226621775597998,0.779518667480574
"PHMRC","Mexico","no_shift","bfl_mix","LCVA","gibbs_ln","batch1",1022,0.278959810874705,0.196535340313047,0.736207031765128
"PHMRC","Mexico","no_shift","bfl_mix","LCVA","gibbs_ln","batch1",1023,0.256107171000788,0.177404241629006,0.69131689171826
"PHMRC","Mexico","no_shift","bfl_mix","LCVA","gibbs_ln","batch1",1024,0.293932230102443,0.203240367603491,0.808362889923664
"PHMRC","Mexico","no_shift","bfl_mix","LCVA","gibbs_ln","batch1",1025,0.307328605200946,0.244528364159202,0.798388780798469
"PHMRC","Mexico","no_shift","bfl_mix","LCVA","gibbs_ln","batch1",1026,0.294720252167061,0.195202950521531,0.774150275826311
"PHMRC","Mexico","no_shift","bfl_mix","LCVA","gibbs_ln","batch1",1027,0.289992119779354,0.205383862806424,0.802064744201341
"PHMRC","Mexico","no_shift","bfl_mix","LCVA","gibbs_ln","batch1",1028,0.270291568163909,0.190415485199915,0.72450779483289
"PHMRC","Mexico","no_shift","bfl_mix","LCVA","gibbs_ln","batch1",1029,0.293932230102443,0.203499359559149,0.786847569238917
"PHMRC","Mexico","no_shift","bfl_mix","LCVA","gibbs_ln","batch1",1030,0.278171788810087,0.189568815924517,0.76724719438431
"PHMRC","Pemba","no_shift","bfl_mix","LCVA","gibbs_ln","batch1",1001,0.373949579831933,0.350089054151554,0.639159005430739
"PHMRC","Pemba","no_shift","bfl_mix","LCVA","gibbs_ln","batch1",1002,0.373949579831933,0.331239837398374,0.636303960807357
"PHMRC","Pemba","no_shift","bfl_mix","LCVA","gibbs_ln","batch1",1003,0.394957983193277,0.332575106012606,0.664498709336347
"PHMRC","Pemba","no_shift","bfl_mix","LCVA","gibbs_ln","batch1",1004,0.365546218487395,0.369108170670671,0.63235488018159
"PHMRC","Pemba","no_shift","bfl_mix","LCVA","gibbs_ln","batch1",1005,0.357142857142857,0.2829693311271,0.648768237637064
"PHMRC","Pemba","no_shift","bfl_mix","LCVA","gibbs_ln","batch1",1006,0.394957983193277,0.35891252090301,0.666114568975856
"PHMRC","Pemba","no_shift","bfl_mix","LCVA","gibbs_ln","batch1",1007,0.399159663865546,0.30024375024375,0.659590328957539
"PHMRC","Pemba","no_shift","bfl_mix","LCVA","gibbs_ln","batch1",1008,0.378151260504202,0.348949953913189,0.656502669014615
"PHMRC","Pemba","no_shift","bfl_mix","LCVA","gibbs_ln","batch1",1009,0.361344537815126,0.281339452365268,0.637329757468792
"PHMRC","Pemba","no_shift","bfl_mix","LCVA","gibbs_ln","batch1",1010,0.361344537815126,0.330380709976298,0.636667577633088
"PHMRC","Pemba","no_shift","bfl_mix","LCVA","gibbs_ln","batch1",1011,0.365546218487395,0.287923212763366,0.64085441012679
"PHMRC","Pemba","no_shift","bfl_mix","LCVA","gibbs_ln","batch1",1012,0.373949579831933,0.288429873531776,0.640720060053571
"PHMRC","Pemba","no_shift","bfl_mix","LCVA","gibbs_ln","batch1",1013,0.361344537815126,0.316482890877556,0.637847081935376
"PHMRC","Pemba","no_shift","bfl_mix","LCVA","gibbs_ln","batch1",1014,0.378151260504202,0.319863006701536,0.649604461970278
"PHMRC","Pemba","no_shift","bfl_mix","LCVA","gibbs_ln","batch1",1015,0.390756302521008,0.359019452769453,0.65688802041489
"PHMRC","Pemba","no_shift","bfl_mix","LCVA","gibbs_ln","batch1",1016,0.352941176470588,0.317697200777864,0.621794149917783
"PHMRC","Pemba","no_shift","bfl_mix","LCVA","gibbs_ln","batch1",1017,0.357142857142857,0.336000993766118,0.638828436369617
"PHMRC","Pemba","no_shift","bfl_mix","LCVA","gibbs_ln","batch1",1018,0.369747899159664,0.296261920762929,0.630994337414983
"PHMRC","Pemba","no_shift","bfl_mix","LCVA","gibbs_ln","batch1",1019,0.365546218487395,0.296814245316366,0.651177295027264
"PHMRC","Pemba","no_shift","bfl_mix","LCVA","gibbs_ln","batch1",1020,0.382352941176471,0.314788149163149,0.654602735938304
"PHMRC","Pemba","no_shift","bfl_mix","LCVA","gibbs_ln","batch1",1021,0.38655462184874,0.2911448863171,0.643417610149699
"PHMRC","Pemba","no_shift","bfl_mix","LCVA","gibbs_ln","batch1",1022,0.394957983193277,0.297440277587336,0.647299275395568
"PHMRC","Pemba","no_shift","bfl_mix","LCVA","gibbs_ln","batch1",1023,0.378151260504202,0.340248368780977,0.628883011491473
"PHMRC","Pemba","no_shift","bfl_mix","LCVA","gibbs_ln","batch1",1024,0.378151260504202,0.329210372960373,0.634923979108528
"PHMRC","Pemba","no_shift","bfl_mix","LCVA","gibbs_ln","batch1",1025,0.399159663865546,0.336896805578871,0.651510650022448
"PHMRC","Pemba","no_shift","bfl_mix","LCVA","gibbs_ln","batch1",1026,0.382352941176471,0.351205436720143,0.636629716548973
"PHMRC","Pemba","no_shift","bfl_mix","LCVA","gibbs_ln","batch1",1027,0.407563025210084,0.368758188083846,0.66158178859728
"PHMRC","Pemba","no_shift","bfl_mix","LCVA","gibbs_ln","batch1",1028,0.382352941176471,0.355703842050423,0.633049819163189
"PHMRC","Pemba","no_shift","bfl_mix","LCVA","gibbs_ln","batch1",1029,0.369747899159664,0.348497023809524,0.618021225288146
"PHMRC","Pemba","no_shift","bfl_mix","LCVA","gibbs_ln","batch1",1030,0.382352941176471,0.371493911789964,0.648595533160984
"PHMRC","UP","no_shift","bfl_mix","LCVA","gibbs_ln","batch1",1001,0.357709251101322,0.274899649919132,0.718887547535112
"PHMRC","UP","no_shift","bfl_mix","LCVA","gibbs_ln","batch1",1002,0.33568281938326,0.259290539765059,0.675708968448835
"PHMRC","UP","no_shift","bfl_mix","LCVA","gibbs_ln","batch1",1003,0.338325991189427,0.247954706486261,0.704469577767778
"PHMRC","UP","no_shift","bfl_mix","LCVA","gibbs_ln","batch1",1004,0.338325991189427,0.259091213594357,0.686526214502805
"PHMRC","UP","no_shift","bfl_mix","LCVA","gibbs_ln","batch1",1005,0.356828193832599,0.272888398738528,0.730521322507286
"PHMRC","UP","no_shift","bfl_mix","LCVA","gibbs_ln","batch1",1006,0.34625550660793,0.266183278095401,0.736434427334742
"PHMRC","UP","no_shift","bfl_mix","LCVA","gibbs_ln","batch1",1007,0.341850220264317,0.254588496955899,0.723801261380109
"PHMRC","UP","no_shift","bfl_mix","LCVA","gibbs_ln","batch1",1008,0.333920704845815,0.26300564722158,0.705140063941153
"PHMRC","UP","no_shift","bfl_mix","LCVA","gibbs_ln","batch1",1009,0.348017621145374,0.254688132991651,0.71334926721824
"PHMRC","UP","no_shift","bfl_mix","LCVA","gibbs_ln","batch1",1010,0.367400881057269,0.282393063898859,0.723969922291988
"PHMRC","UP","no_shift","bfl_mix","LCVA","gibbs_ln","batch1",1011,0.34625550660793,0.263828742722285,0.703774184148352
"PHMRC","UP","no_shift","bfl_mix","LCVA","gibbs_ln","batch1",1012,0.34625550660793,0.264410918679533,0.67493243674987
"PHMRC","UP","no_shift","bfl_mix","LCVA","gibbs_ln","batch1",1013,0.34625550660793,0.268527089144732,0.708195624190125
"PHMRC","UP","no_shift","bfl_mix","LCVA","gibbs_ln","batch1",1014,0.348017621145374,0.255114922471834,0.69999800828361
"PHMRC","UP","no_shift","bfl_mix","LCVA","gibbs_ln","batch1",1015,0.348017621145374,0.264413460900179,0.678199338862548
"PHMRC","UP","no_shift","bfl_mix","LCVA","gibbs_ln","batch1",1016,0.356828193832599,0.281504725043021,0.72061204900008
"PHMRC","UP","no_shift","bfl_mix","LCVA","gibbs_ln","batch1",1017,0.340088105726872,0.245035908559942,0.748675585240216
"PHMRC","UP","no_shift","bfl_mix","LCVA","gibbs_ln","batch1",1018,0.322466960352423,0.241367743640069,0.701779484765281
"PHMRC","UP","no_shift","bfl_mix","LCVA","gibbs_ln","batch1",1019,0.350660792951542,0.276045339068434,0.684868579548454
"PHMRC","UP","no_shift","bfl_mix","LCVA","gibbs_ln","batch1",1020,0.334801762114537,0.255259219190221,0.726380045145836
"PHMRC","UP","no_shift","bfl_mix","LCVA","gibbs_ln","batch1",1021,0.327753303964758,0.253126793359477,0.736623202710845
"PHMRC","UP","no_shift","bfl_mix","LCVA","gibbs_ln","batch1",1022,0.33920704845815,0.251155104070365,0.716921461924056
"PHMRC","UP","no_shift","bfl_mix","LCVA","gibbs_ln","batch1",1023,0.355066079295154,0.27381031687516,0.707822797456673
"PHMRC","UP","no_shift","bfl_mix","LCVA","gibbs_ln","batch1",1024,0.340969162995595,0.262721542998454,0.70716282829733
"PHMRC","UP","no_shift","bfl_mix","LCVA","gibbs_ln","batch1",1025,0.334801762114537,0.255789401271181,0.716273909066805
"PHMRC","UP","no_shift","bfl_mix","LCVA","gibbs_ln","batch1",1026,0.340969162995595,0.26528189538162,0.697695553769315
"PHMRC","UP","no_shift","bfl_mix","LCVA","gibbs_ln","batch1",1027,0.352422907488987,0.275617365682038,0.716189460971922
"PHMRC","UP","no_shift","bfl_mix","LCVA","gibbs_ln","batch1",1028,0.326872246696035,0.24406183755645,0.681829391111045
"PHMRC","UP","no_shift","bfl_mix","LCVA","gibbs_ln","batch1",1029,0.351541850220264,0.27266946845526,0.695875506995014
"PHMRC","UP","no_shift","bfl_mix","LCVA","gibbs_ln","batch1",1030,0.334801762114537,0.261554734993142,0.705390953249309
"PHMRC","AP","no_shift","bfl_mix","LCVA","stan","batch1",1001,0.341914722445696,0.235637175352848,0.746115978100022
"PHMRC","AP","no_shift","bfl_mix","LCVA","stan","batch1",1002,0.316975060337892,0.227172256183412,0.737119830300239
"PHMRC","AP","no_shift","bfl_mix","LCVA","stan","batch1",1003,0.320193081255028,0.23002269878832,0.692582423992174
"PHMRC","AP","no_shift","bfl_mix","LCVA","stan","batch1",1004,0.329847144006436,0.23759327026519,0.708854480146551
"PHMRC","AP","no_shift","bfl_mix","LCVA","stan","batch1",1005,0.33065164923572,0.239792738456376,0.716419171299421
"PHMRC","AP","no_shift","bfl_mix","LCVA","stan","batch1",1006,0.316170555108608,0.225414488886122,0.665628739328482
"PHMRC","AP","no_shift","bfl_mix","LCVA","stan","batch1",1007,0.33065164923572,0.254015366293065,0.676321302403073
"PHMRC","AP","no_shift","bfl_mix","LCVA","stan","batch1",1008,0.320193081255028,0.230819771011285,0.708144561842009
"PHMRC","AP","no_shift","bfl_mix","LCVA","stan","batch1",1009,0.32260659694288,0.228703639265895,0.708641398893864
"PHMRC","AP","no_shift","bfl_mix","LCVA","stan","batch1",1010,0.337892196299276,0.241055048290212,0.687047727434733
"PHMRC","AP","no_shift","bfl_mix","LCVA","stan","batch1",1011,0.327433628318584,0.242924604687622,0.669775663296076
"PHMRC","AP","no_shift","bfl_mix","LCVA","stan","batch1",1012,0.331456154465004,0.234750174577312,0.72694256393501
"PHMRC","AP","no_shift","bfl_mix","LCVA","stan","batch1",1013,0.315366049879324,0.234850466821723,0.699600989204494
"PHMRC","AP","no_shift","bfl_mix","LCVA","stan","batch1",1014,0.31858407079646,0.23486887137109,0.699841179864406
"PHMRC","AP","no_shift","bfl_mix","LCVA","stan","batch1",1015,0.329847144006436,0.242311200516355,0.701461928009408
"PHMRC","AP","no_shift","bfl_mix","LCVA","stan","batch1",1016,0.329042638777152,0.230528779175274,0.700732927060307
"PHMRC","AP","no_shift","bfl_mix","LCVA","stan","batch1",1017,0.328238133547868,0.247238944540336,0.689130622075241
"PHMRC","AP","no_shift","bfl_mix","LCVA","stan","batch1",1018,0.32260659694288,0.230717580820744,0.696345255951708
"PHMRC","AP","no_shift","bfl_mix","LCVA","stan","batch1",1019,0.307320997586484,0.231487461441135,0.667400479370813
"PHMRC","AP","no_shift","bfl_mix","LCVA","stan","batch1",1020,0.333065164923572,0.235922933415715,0.7405677425934
"PHMRC","AP","no_shift","bfl_mix","LCVA","stan","batch1",1021,0.320997586484312,0.233161268562523,0.697741304941483
"PHMRC","AP","no_shift","bfl_mix","LCVA","stan","batch1",1022,0.320193081255028,0.23156150632826,0.692421622602534
"PHMRC","AP","no_shift","bfl_mix","LCVA","stan","batch1",1023,0.339501206757844,0.246418982911557,0.68766594043304
"PHMRC","AP","no_shift","bfl_mix","LCVA","stan","batch1",1024,0.312148028962188,0.228250904679573,0.673569199267468
"PHMRC","AP","no_shift","bfl_mix","LCVA","stan","batch1",1025,0.300080450522928,0.214207505177975,0.667606564252008
"PHMRC","AP","no_shift","bfl_mix","LCVA","stan","batch1",1026,0.3266291230893,0.239993724534181,0.710372455031589
"PHMRC","AP","no_shift","bfl_mix","LCVA","stan","batch1",1027,0.327433628318584,0.237730185946982,0.712799696978153
"PHMRC","AP","no_shift","bfl_mix","LCVA","stan","batch1",1028,0.320193081255028,0.224055008222318,0.690801056240956
"PHMRC","AP","no_shift","bfl_mix","LCVA","stan","batch1",1029,0.304907481898632,0.217977687494088,0.72398383507171
"PHMRC","AP","no_shift","bfl_mix","LCVA","stan","batch1",1030,0.328238133547868,0.236263737610471,0.709842560537282
"PHMRC","Bohol","no_shift","bfl_mix","LCVA","stan","batch1",1001,0.321747765640516,0.212441560474957,0.805658150240571
"PHMRC","Bohol","no_shift","bfl_mix","LCVA","stan","batch1",1002,0.317775571002979,0.215091263092655,0.757399604881273
"PHMRC","Bohol","no_shift","bfl_mix","LCVA","stan","batch1",1003,0.318768619662363,0.200446347431058,0.767351948698302
"PHMRC","Bohol","no_shift","bfl_mix","LCVA","stan","batch1",1004,0.33862959285005,0.214149778470678,0.830276523402043
"PHMRC","Bohol","no_shift","bfl_mix","LCVA","stan","batch1",1005,0.319761668321748,0.196265184903746,0.773708371615647
"PHMRC","Bohol","no_shift","bfl_mix","LCVA","stan","batch1",1006,0.302879841112214,0.176516705069871,0.737376135791278
"PHMRC","Bohol","no_shift","bfl_mix","LCVA","stan","batch1",1007,0.328699106256207,0.19297369038028,0.731712612324649
"PHMRC","Bohol","no_shift","bfl_mix","LCVA","stan","batch1",1008,0.311817279046673,0.206746337786836,0.822448893466814
"PHMRC","Bohol","no_shift","bfl_mix","LCVA","stan","batch1",1009,0.324726911618669,0.181095436076939,0.737566033536528
"PHMRC","Bohol","no_shift","bfl_mix","LCVA","stan","batch1",1010,0.309831181727905,0.203686597218076,0.733003926993724
"PHMRC","Bohol","no_shift","bfl_mix","LCVA","stan","batch1",1011,0.302879841112214,0.184133646401463,0.763661541513465
"PHMRC","Bohol","no_shift","bfl_mix","LCVA","stan","batch1",1012,0.330685203574975,0.212439934480473,0.79495392749968
"PHMRC","Bohol","no_shift","bfl_mix","LCVA","stan","batch1",1013,0.293942403177756,0.181372785627387,0.731319848269368
"PHMRC","Bohol","no_shift","bfl_mix","LCVA","stan","batch1",1014,0.331678252234359,0.198399712029615,0.80956712128187
"PHMRC","Bohol","no_shift","bfl_mix","LCVA","stan","batch1",1015,0.332671300893744,0.214200774880609,0.8105105659391
"PHMRC","Bohol","no_shift","bfl_mix","LCVA","stan","batch1",1016,0.318768619662363,0.195527162866815,0.776510923120854
"PHMRC","Bohol","no_shift","bfl_mix","LCVA","stan","batch1",1017,0.326713008937438,0.190200495622276,0.7470856709148
"PHMRC","Bohol","no_shift","bfl_mix","LCVA","stan","batch1",1018,0.33862959285005,0.215011350361534,0.813358591804365
"PHMRC","Bohol","no_shift","bfl_mix","LCVA","stan","batch1",1019,0.313803376365442,0.184169068874381,0.780829634333321
"PHMRC","Bohol","no_shift","bfl_mix","LCVA","stan","batch1",1020,0.309831181727905,0.202369102960606,0.755082627185174
"PHMRC","Bohol","no_shift","bfl_mix","LCVA","stan","batch1",1021,0.291956305858987,0.195106861498413,0.757819132576665
"PHMRC","Bohol","no_shift","bfl_mix","LCVA","stan","batch1",1022,0.343594836146971,0.222161946927767,0.849277493509643
"PHMRC","Bohol","no_shift","bfl_mix","LCVA","stan","batch1",1023,0.317775571002979,0.198666036367448,0.780968361431165
"PHMRC","Bohol","no_shift","bfl_mix","LCVA","stan","batch1",1024,0.307845084409136,0.179069113967352,0.750350146126113
"PHMRC","Bohol","no_shift","bfl_mix","LCVA","stan","batch1",1025,0.320754716981132,0.194169463227662,0.771445460491336
"PHMRC","Bohol","no_shift","bfl_mix","LCVA","stan","batch1",1026,0.309831181727905,0.177482069500585,0.756248293708545
"PHMRC","Bohol","no_shift","bfl_mix","LCVA","stan","batch1",1027,0.337636544190665,0.213923558819299,0.811987276977238
"PHMRC","Bohol","no_shift","bfl_mix","LCVA","stan","batch1",1028,0.329692154915591,0.207215611569882,0.77790183314125
"PHMRC","Bohol","no_shift","bfl_mix","LCVA","stan","batch1",1029,0.325719960278054,0.209777993766481,0.841521169186655
"PHMRC","Bohol","no_shift","bfl_mix","LCVA","stan","batch1",1030,0.309831181727905,0.201057564430738,0.777468083694475
"PHMRC","Dar","no_shift","bfl_mix","LCVA","stan","batch1",1001,0.303403330919623,0.163102418159189,0.654233633317724
"PHMRC","Dar","no_shift","bfl_mix","LCVA","stan","batch1",1002,0.310644460535844,0.174708714776064,0.62375485725755
"PHMRC","Dar","no_shift","bfl_mix","LCVA","stan","batch1",1003,0.318609703113686,0.1703255669682,0.648778628409866
"PHMRC","Dar","no_shift","bfl_mix","LCVA","stan","batch1",1004,0.332367849384504,0.17567407573474,0.700883924023426
"PHMRC","Dar","no_shift","bfl_mix","LCVA","stan","batch1",1005,0.33816075307748,0.18126130361493,0.646381774022524
"PHMRC","Dar","no_shift","bfl_mix","LCVA","stan","batch1",1006,0.332367849384504,0.186799424768928,0.683569050432847
"PHMRC","Dar","no_shift","bfl_mix","LCVA","stan","batch1",1007,0.32367849384504,0.174618188526919,0.706518932764055
"PHMRC","Dar","no_shift","bfl_mix","LCVA","stan","batch1",1008,0.33454018826937,0.183564293992182,0.629251036509883
"PHMRC","Dar","no_shift","bfl_mix","LCVA","stan","batch1",1009,0.339608979000724,0.183919111965007,0.688033726902585
"PHMRC","Dar","no_shift","bfl_mix","LCVA","stan","batch1",1010,0.312092686459088,0.165076904602933,0.627434048969935
"PHMRC","Dar","no_shift","bfl_mix","LCVA","stan","batch1",1011,0.317885590152064,0.171221109221078,0.654433821349155
"PHMRC","Dar","no_shift","bfl_mix","LCVA","stan","batch1",1012,0.32729905865315,0.18479213044852,0.750114757270794
"PHMRC","Dar","no_shift","bfl_mix","LCVA","stan","batch1",1013,0.34178131788559,0.19583435653389,0.688580589600354
"PHMRC","Dar","no_shift","bfl_mix","LCVA","stan","batch1",1014,0.34178131788559,0.19058915256037,0.714686180661934
"PHMRC","Dar","no_shift","bfl_mix","LCVA","stan","batch1",1015,0.325850832729906,0.178169224502985,0.697530725307684
"PHMRC","Dar","no_shift","bfl_mix","LCVA","stan","batch1",1016,0.351194786386676,0.190796801964261,0.69647148960434
"PHMRC","Dar","no_shift","bfl_mix","LCVA","stan","batch1",1017,0.346125995655322,0.18495467565794,0.654441409364851
"PHMRC","Dar","no_shift","bfl_mix","LCVA","stan","batch1",1018,0.332367849384504,0.182203686662398,0.666425956914895
"PHMRC","Dar","no_shift","bfl_mix","LCVA","stan","batch1",1019,0.32005792903693,0.18433214586334,0.684028364953771
"PHMRC","Dar","no_shift","bfl_mix","LCVA","stan","batch1",1020,0.338884866039102,0.183339931529787,0.696539949219671
"PHMRC","Dar","no_shift","bfl_mix","LCVA","stan","batch1",1021,0.313540912382332,0.171296606492151,0.628526779088465
"PHMRC","Dar","no_shift","bfl_mix","LCVA","stan","batch1",1022,0.320782041998552,0.176010213656331,0.632277064147981
"PHMRC","Dar","no_shift","bfl_mix","LCVA","stan","batch1",1023,0.320782041998552,0.180446986157024,0.641531431769639
"PHMRC","Dar","no_shift","bfl_mix","LCVA","stan","batch1",1024,0.31643736422882,0.17363256260668,0.653876899002065
"PHMRC","Dar","no_shift","bfl_mix","LCVA","stan","batch1",1025,0.32367849384504,0.183304875550949,0.684992732605643
"PHMRC","Dar","no_shift","bfl_mix","LCVA","stan","batch1",1026,0.32005792903693,0.175569727137846,0.658079096936677
"PHMRC","Dar","no_shift","bfl_mix","LCVA","stan","batch1",1027,0.325126719768284,0.175357312137391,0.642015989333072
"PHMRC","Dar","no_shift","bfl_mix","LCVA","stan","batch1",1028,0.320782041998552,0.183857307153248,0.624383538150958
"PHMRC","Dar","no_shift","bfl_mix","LCVA","stan","batch1",1029,0.33454018826937,0.172316115335406,0.639083209531119
"PHMRC","Dar","no_shift","bfl_mix","LCVA","stan","batch1",1030,0.329471397538016,0.180365652355899,0.698648483757202
"PHMRC","Mexico","no_shift","bfl_mix","LCVA","stan","batch1",1001,0.2876280535855,0.191743409826251,0.720679126066754
"PHMRC","Mexico","no_shift","bfl_mix","LCVA","stan","batch1",1002,0.315996847911742,0.226384658114922,0.775114621001524
"PHMRC","Mexico","no_shift","bfl_mix","LCVA","stan","batch1",1003,0.296296296296296,0.202256103401645,0.785869721278102
"PHMRC","Mexico","no_shift","bfl_mix","LCVA","stan","batch1",1004,0.26635145784082,0.180218927120916,0.700515908224841
"PHMRC","Mexico","no_shift","bfl_mix","LCVA","stan","batch1",1005,0.256107171000788,0.181412662022257,0.690501938531658
"PHMRC","Mexico","no_shift","bfl_mix","LCVA","stan","batch1",1006,0.27344365642238,0.194992657595463,0.745887877510616
"PHMRC","Mexico","no_shift","bfl_mix","LCVA","stan","batch1",1007,0.300236406619385,0.205770432114634,0.756811561945069
"PHMRC","Mexico","no_shift","bfl_mix","LCVA","stan","batch1",1008,0.309692671394799,0.210932351748464,0.801242502797032
"PHMRC","Mexico","no_shift","bfl_mix","LCVA","stan","batch1",1009,0.292356185973207,0.204283623588835,0.806448227382285
"PHMRC","Mexico","no_shift","bfl_mix","LCVA","stan","batch1",1010,0.286052009456265,0.200387338589815,0.733995054134277
"PHMRC","Mexico","no_shift","bfl_mix","LCVA","stan","batch1",1011,0.283687943262411,0.188310744794446,0.719613819391659
"PHMRC","Mexico","no_shift","bfl_mix","LCVA","stan","batch1",1012,0.289992119779354,0.201254285978644,0.756568424528199
"PHMRC","Mexico","no_shift","bfl_mix","LCVA","stan","batch1",1013,0.285263987391647,0.194192094393605,0.777417892371634
"PHMRC","Mexico","no_shift","bfl_mix","LCVA","stan","batch1",1014,0.260047281323877,0.192992997261626,0.746606821291225
"PHMRC","Mexico","no_shift","bfl_mix","LCVA","stan","batch1",1015,0.256107171000788,0.186754823601058,0.712728298518714
"PHMRC","Mexico","no_shift","bfl_mix","LCVA","stan","batch1",1016,0.27344365642238,0.189531331003701,0.731853212294335
"PHMRC","Mexico","no_shift","bfl_mix","LCVA","stan","batch1",1017,0.268715524034673,0.17445661413787,0.754481003505412
"PHMRC","Mexico","no_shift","bfl_mix","LCVA","stan","batch1",1018,0.28053585500394,0.202238338242209,0.717429195493052
"PHMRC","Mexico","no_shift","bfl_mix","LCVA","stan","batch1",1019,0.286052009456265,0.190978437467925,0.736186808664381
"PHMRC","Mexico","no_shift","bfl_mix","LCVA","stan","batch1",1020,0.2876280535855,0.24637271765146,0.791701961139736
"PHMRC","Mexico","no_shift","bfl_mix","LCVA","stan","batch1",1021,0.283687943262411,0.225720648018228,0.778408407300854
"PHMRC","Mexico","no_shift","bfl_mix","LCVA","stan","batch1",1022,0.278959810874705,0.196698491338267,0.736434801653303
"PHMRC","Mexico","no_shift","bfl_mix","LCVA","stan","batch1",1023,0.256895193065406,0.177729550672598,0.690960699059522
"PHMRC","Mexico","no_shift","bfl_mix","LCVA","stan","batch1",1024,0.293144208037825,0.2029150585599,0.808717508896726
"PHMRC","Mexico","no_shift","bfl_mix","LCVA","stan","batch1",1025,0.30575256107171,0.243831458350597,0.798680085262957
"PHMRC","Mexico","no_shift","bfl_mix","LCVA","stan","batch1",1026,0.294720252167061,0.196109065716675,0.77343044535364
"PHMRC","Mexico","no_shift","bfl_mix","LCVA","stan","batch1",1027,0.291568163908589,0.206275214976238,0.802277478253103
"PHMRC","Mexico","no_shift","bfl_mix","LCVA","stan","batch1",1028,0.268715524034673,0.189673109438682,0.724866557353358
"PHMRC","Mexico","no_shift","bfl_mix","LCVA","stan","batch1",1029,0.291568163908589,0.201590492564075,0.787061799523265
"PHMRC","Mexico","no_shift","bfl_mix","LCVA","stan","batch1",1030,0.276595744680851,0.185993414685044,0.766932646838634
"PHMRC","Pemba","no_shift","bfl_mix","LCVA","stan","batch1",1001,0.365546218487395,0.342783859346359,0.636968083097919
"PHMRC","Pemba","no_shift","bfl_mix","LCVA","stan","batch1",1002,0.373949579831933,0.331239837398374,0.634597239941482
"PHMRC","Pemba","no_shift","bfl_mix","LCVA","stan","batch1",1003,0.394957983193277,0.332575106012606,0.662682527467817
"PHMRC","Pemba","no_shift","bfl_mix","LCVA","stan","batch1",1004,0.361344537815126,0.362858170670671,0.632028049142786
"PHMRC","Pemba","no_shift","bfl_mix","LCVA","stan","batch1",1005,0.357142857142857,0.281887080044849,0.649387826439568
"PHMRC","Pemba","no_shift","bfl_mix","LCVA","stan","batch1",1006,0.394957983193277,0.35891252090301,0.666035113744387
"PHMRC","Pemba","no_shift","bfl_mix","LCVA","stan","batch1",1007,0.394957983193277,0.301285416910417,0.657901342485017
"PHMRC","Pemba","no_shift","bfl_mix","LCVA","stan","batch1",1008,0.382352941176471,0.350586858675094,0.657425532041778
"PHMRC","Pemba","no_shift","bfl_mix","LCVA","stan","batch1",1009,0.365546218487395,0.285245702365268,0.637821838491996
"PHMRC","Pemba","no_shift","bfl_mix","LCVA","stan","batch1",1010,0.361344537815126,0.330380709976298,0.638424567635798
"PHMRC","Pemba","no_shift","bfl_mix","LCVA","stan","batch1",1011,0.369747899159664,0.287923212763366,0.640153842850049
"PHMRC","Pemba","no_shift","bfl_mix","LCVA","stan","batch1",1012,0.378151260504202,0.319679873531776,0.64271314345117
"PHMRC","Pemba","no_shift","bfl_mix","LCVA","stan","batch1",1013,0.361344537815126,0.316482890877556,0.638475946481811
"PHMRC","Pemba","no_shift","bfl_mix","LCVA","stan","batch1",1014,0.378151260504202,0.319863006701536,0.65039721869302
"PHMRC","Pemba","no_shift","bfl_mix","LCVA","stan","batch1",1015,0.390756302521008,0.359019452769453,0.65726598666923
"PHMRC","Pemba","no_shift","bfl_mix","LCVA","stan","batch1",1016,0.352941176470588,0.318685343070355,0.620782425726381
"PHMRC","Pemba","no_shift","bfl_mix","LCVA","stan","batch1",1017,0.357142857142857,0.336000993766118,0.637544332010106
"PHMRC","Pemba","no_shift","bfl_mix","LCVA","stan","batch1",1018,0.365546218487395,0.291969246031746,0.63105785383321
"PHMRC","Pemba","no_shift","bfl_mix","LCVA","stan","batch1",1019,0.365546218487395,0.297801087421629,0.650737359059741
"PHMRC","Pemba","no_shift","bfl_mix","LCVA","stan","batch1",1020,0.38655462184874,0.318453622937319,0.65532920290592
"PHMRC","Pemba","no_shift","bfl_mix","LCVA","stan","batch1",1021,0.390756302521008,0.3223948863171,0.64354661326966
"PHMRC","Pemba","no_shift","bfl_mix","LCVA","stan","batch1",1022,0.390756302521008,0.29483611092067,0.647817056198004
"PHMRC","Pemba","no_shift","bfl_mix","LCVA","stan","batch1",1023,0.378151260504202,0.340248368780977,0.629522271791611
"PHMRC","Pemba","no_shift","bfl_mix","LCVA","stan","batch1",1024,0.382352941176471,0.33337703962704,0.635134821622339
"PHMRC","Pemba","no_shift","bfl_mix","LCVA","stan","batch1",1025,0.399159663865546,0.335764559202059,0.651150761256892
"PHMRC","Pemba","no_shift","bfl_mix","LCVA","stan","batch1",1026,0.382352941176471,0.351205436720143,0.637093652703128
"PHMRC","Pemba","no_shift","bfl_mix","LCVA","stan","batch1",1027,0.407563025210084,0.367603296779498,0.662292245590916
"PHMRC","Pemba","no_shift","bfl_mix","LCVA","stan","batch1",1028,0.382352941176471,0.355703842050423,0.634932707061876
"PHMRC","Pemba","no_shift","bfl_mix","LCVA","stan","batch1",1029,0.369747899159664,0.348497023809524,0.617286301881728
"PHMRC","Pemba","no_shift","bfl_mix","LCVA","stan","batch1",1030,0.382352941176471,0.371493911789964,0.649974701367626
"PHMRC","UP","no_shift","bfl_mix","LCVA","stan","batch1",1001,0.358590308370044,0.277036986423293,0.718588059116126
"PHMRC","UP","no_shift","bfl_mix","LCVA","stan","batch1",1002,0.336563876651982,0.259238518361968,0.675564470432567
"PHMRC","UP","no_shift","bfl_mix","LCVA","stan","batch1",1003,0.340088105726872,0.250828269704651,0.703427056978607
"PHMRC","UP","no_shift","bfl_mix","LCVA","stan","batch1",1004,0.336563876651982,0.256265703272595,0.686332843525952
"PHMRC","UP","no_shift","bfl_mix","LCVA","stan","batch1",1005,0.357709251101322,0.272768147583095,0.731030880234447
"PHMRC","UP","no_shift","bfl_mix","LCVA","stan","batch1",1006,0.347136563876652,0.266496757719225,0.736601708907036
"PHMRC","UP","no_shift","bfl_mix","LCVA","stan","batch1",1007,0.341850220264317,0.254588496955899,0.723669291453219
"PHMRC","UP","no_shift","bfl_mix","LCVA","stan","batch1",1008,0.334801762114537,0.263431360290971,0.705329885786994
"PHMRC","UP","no_shift","bfl_mix","LCVA","stan","batch1",1009,0.348017621145374,0.255503214883408,0.714057072306802
"PHMRC","UP","no_shift","bfl_mix","LCVA","stan","batch1",1010,0.365638766519824,0.281594467213266,0.724214957439901
"PHMRC","UP","no_shift","bfl_mix","LCVA","stan","batch1",1011,0.347136563876652,0.264455701969934,0.703093489966921
"PHMRC","UP","no_shift","bfl_mix","LCVA","stan","batch1",1012,0.34625550660793,0.264410918679533,0.674443788112721
"PHMRC","UP","no_shift","bfl_mix","LCVA","stan","batch1",1013,0.34625550660793,0.269099304708073,0.708410697884264
"PHMRC","UP","no_shift","bfl_mix","LCVA","stan","batch1",1014,0.348017621145374,0.255114922471834,0.69973673336956
"PHMRC","UP","no_shift","bfl_mix","LCVA","stan","batch1",1015,0.348898678414097,0.265653894815064,0.677923504939083
"PHMRC","UP","no_shift","bfl_mix","LCVA","stan","batch1",1016,0.357709251101322,0.281964495157964,0.720346425195314
"PHMRC","UP","no_shift","bfl_mix","LCVA","stan","batch1",1017,0.341850220264317,0.246883199200336,0.74851946909591
"PHMRC","UP","no_shift","bfl_mix","LCVA","stan","batch1",1018,0.323348017621145,0.242599270733665,0.702100575821145
"PHMRC","UP","no_shift","bfl_mix","LCVA","stan","batch1",1019,0.350660792951542,0.276045339068434,0.684814787371316
"PHMRC","UP","no_shift","bfl_mix","LCVA","stan","batch1",1020,0.333920704845815,0.254828184707462,0.726018417690184
"PHMRC","UP","no_shift","bfl_mix","LCVA","stan","batch1",1021,0.327753303964758,0.253126793359477,0.736847080724852
"PHMRC","UP","no_shift","bfl_mix","LCVA","stan","batch1",1022,0.33920704845815,0.251155104070365,0.716398495078153
"PHMRC","UP","no_shift","bfl_mix","LCVA","stan","batch1",1023,0.355066079295154,0.27381031687516,0.708022107238325
"PHMRC","UP","no_shift","bfl_mix","LCVA","stan","batch1",1024,0.341850220264317,0.264158324607649,0.707047009071237
"PHMRC","UP","no_shift","bfl_mix","LCVA","stan","batch1",1025,0.33215859030837,0.253840483638658,0.716574482136684
"PHMRC","UP","no_shift","bfl_mix","LCVA","stan","batch1",1026,0.340969162995595,0.26528189538162,0.697893480388748
"PHMRC","UP","no_shift","bfl_mix","LCVA","stan","batch1",1027,0.353303964757709,0.27605385629749,0.716254659511178
"PHMRC","UP","no_shift","bfl_mix","LCVA","stan","batch1",1028,0.327753303964758,0.245106769635865,0.681543322820445
"PHMRC","UP","no_shift","bfl_mix","LCVA","stan","batch1",1029,0.355066079295154,0.276338717691402,0.697048618081579
"PHMRC","UP","no_shift","bfl_mix","LCVA","stan","batch1",1030,0.334801762114537,0.261554734993142,0.704665002601277
"PHMRC","AP","no_shift","bfl_partial","LCVA","gibbs_dir","batch1",1001,0.315366049879324,0.228309377004504,0.669292986263014
"PHMRC","AP","no_shift","bfl_partial","LCVA","gibbs_dir","batch1",1002,0.304907481898632,0.230404497711656,0.654161343880852
"PHMRC","AP","no_shift","bfl_partial","LCVA","gibbs_dir","batch1",1003,0.29444891391794,0.223788809060492,0.64328290213176
"PHMRC","AP","no_shift","bfl_partial","LCVA","gibbs_dir","batch1",1004,0.31456154465004,0.234597161719304,0.65717276736102
"PHMRC","AP","no_shift","bfl_partial","LCVA","gibbs_dir","batch1",1005,0.308125502815768,0.235571994162425,0.655526310259383
"PHMRC","AP","no_shift","bfl_partial","LCVA","gibbs_dir","batch1",1006,0.30249396621078,0.227837458204794,0.639847930690796
"PHMRC","AP","no_shift","bfl_partial","LCVA","gibbs_dir","batch1",1007,0.313757039420756,0.240561372280624,0.651944827461117
"PHMRC","AP","no_shift","bfl_partial","LCVA","gibbs_dir","batch1",1008,0.303298471440064,0.229337375929449,0.647237059468883
"PHMRC","AP","no_shift","bfl_partial","LCVA","gibbs_dir","batch1",1009,0.307320997586484,0.231857560263449,0.655154311574307
"PHMRC","AP","no_shift","bfl_partial","LCVA","gibbs_dir","batch1",1010,0.316975060337892,0.232140443795635,0.657279951366721
"PHMRC","AP","no_shift","bfl_partial","LCVA","gibbs_dir","batch1",1011,0.312952534191472,0.235470170205364,0.656837742622217
"PHMRC","AP","no_shift","bfl_partial","LCVA","gibbs_dir","batch1",1012,0.315366049879324,0.234925116369953,0.656240646187398
"PHMRC","AP","no_shift","bfl_partial","LCVA","gibbs_dir","batch1",1013,0.304907481898632,0.233989180057028,0.650234752829299
"PHMRC","AP","no_shift","bfl_partial","LCVA","gibbs_dir","batch1",1014,0.296862429605792,0.226450046904604,0.646379709454323
"PHMRC","AP","no_shift","bfl_partial","LCVA","gibbs_dir","batch1",1015,0.297666934835076,0.223805385560734,0.655803969136642
"PHMRC","AP","no_shift","bfl_partial","LCVA","gibbs_dir","batch1",1016,0.30249396621078,0.224187105856218,0.642082714501086
"PHMRC","AP","no_shift","bfl_partial","LCVA","gibbs_dir","batch1",1017,0.31858407079646,0.243560370031911,0.657612994510545
"PHMRC","AP","no_shift","bfl_partial","LCVA","gibbs_dir","batch1",1018,0.320193081255028,0.243210031208494,0.661543625687813
"PHMRC","AP","no_shift","bfl_partial","LCVA","gibbs_dir","batch1",1019,0.295253419147224,0.228750829545563,0.643508396417564
"PHMRC","AP","no_shift","bfl_partial","LCVA","gibbs_dir","batch1",1020,0.300884955752212,0.223737044031913,0.65902897298207
"PHMRC","AP","no_shift","bfl_partial","LCVA","gibbs_dir","batch1",1021,0.308125502815768,0.234844097542777,0.650802787499336
"PHMRC","AP","no_shift","bfl_partial","LCVA","gibbs_dir","batch1",1022,0.301689460981496,0.228920356625031,0.637754843590451
"PHMRC","AP","no_shift","bfl_partial","LCVA","gibbs_dir","batch1",1023,0.316975060337892,0.237875699714102,0.653281053018038
"PHMRC","AP","no_shift","bfl_partial","LCVA","gibbs_dir","batch1",1024,0.301689460981496,0.226251991736805,0.645872420964061
"PHMRC","AP","no_shift","bfl_partial","LCVA","gibbs_dir","batch1",1025,0.300884955752212,0.22648542003136,0.653640846225368
"PHMRC","AP","no_shift","bfl_partial","LCVA","gibbs_dir","batch1",1026,0.31053901850362,0.23515194040557,0.656175111447444
"PHMRC","AP","no_shift","bfl_partial","LCVA","gibbs_dir","batch1",1027,0.308930008045052,0.234859057488394,0.652202548197789
"PHMRC","AP","no_shift","bfl_partial","LCVA","gibbs_dir","batch1",1028,0.295253419147224,0.222919221909676,0.64929349215825
"PHMRC","AP","no_shift","bfl_partial","LCVA","gibbs_dir","batch1",1029,0.296057924376508,0.220332787842806,0.651720517539406
"PHMRC","AP","no_shift","bfl_partial","LCVA","gibbs_dir","batch1",1030,0.300884955752212,0.229539499769723,0.652111465652607
"PHMRC","Bohol","no_shift","bfl_partial","LCVA","gibbs_dir","batch1",1001,0.30883813306852,0.213156457180698,0.81576187174031
"PHMRC","Bohol","no_shift","bfl_partial","LCVA","gibbs_dir","batch1",1002,0.30188679245283,0.213417828838053,0.795380016265995
"PHMRC","Bohol","no_shift","bfl_partial","LCVA","gibbs_dir","batch1",1003,0.313803376365442,0.214681357324411,0.819126747452004
"PHMRC","Bohol","no_shift","bfl_partial","LCVA","gibbs_dir","batch1",1004,0.317775571002979,0.207720250683324,0.811549302001453
"PHMRC","Bohol","no_shift","bfl_partial","LCVA","gibbs_dir","batch1",1005,0.309831181727905,0.195623641102061,0.808202199169625
"PHMRC","Bohol","no_shift","bfl_partial","LCVA","gibbs_dir","batch1",1006,0.298907646474677,0.195958987017881,0.816094751278796
"PHMRC","Bohol","no_shift","bfl_partial","LCVA","gibbs_dir","batch1",1007,0.309831181727905,0.202164946398333,0.826627413694212
"PHMRC","Bohol","no_shift","bfl_partial","LCVA","gibbs_dir","batch1",1008,0.303872889771599,0.206272783457791,0.813364473363661
"PHMRC","Bohol","no_shift","bfl_partial","LCVA","gibbs_dir","batch1",1009,0.30883813306852,0.197847608513581,0.806109329564096
"PHMRC","Bohol","no_shift","bfl_partial","LCVA","gibbs_dir","batch1",1010,0.314796425024826,0.215718854001244,0.810576694803528
"PHMRC","Bohol","no_shift","bfl_partial","LCVA","gibbs_dir","batch1",1011,0.305858987090367,0.209150493637674,0.821501545855697
"PHMRC","Bohol","no_shift","bfl_partial","LCVA","gibbs_dir","batch1",1012,0.296921549155909,0.199956514201323,0.814741267516044
"PHMRC","Bohol","no_shift","bfl_partial","LCVA","gibbs_dir","batch1",1013,0.315789473684211,0.21025513432013,0.824366775542616
"PHMRC","Bohol","no_shift","bfl_partial","LCVA","gibbs_dir","batch1",1014,0.321747765640516,0.201878769653175,0.82361220710285
"PHMRC","Bohol","no_shift","bfl_partial","LCVA","gibbs_dir","batch1",1015,0.311817279046673,0.211004202813037,0.810954304792511
"PHMRC","Bohol","no_shift","bfl_partial","LCVA","gibbs_dir","batch1",1016,0.316782522343595,0.208591044137124,0.822517311297036
"PHMRC","Bohol","no_shift","bfl_partial","LCVA","gibbs_dir","batch1",1017,0.306852035749752,0.189566505040946,0.815270833424872
"PHMRC","Bohol","no_shift","bfl_partial","LCVA","gibbs_dir","batch1",1018,0.319761668321748,0.22052580344775,0.824401725194478
"PHMRC","Bohol","no_shift","bfl_partial","LCVA","gibbs_dir","batch1",1019,0.302879841112214,0.195600208047202,0.813922439844404
"PHMRC","Bohol","no_shift","bfl_partial","LCVA","gibbs_dir","batch1",1020,0.319761668321748,0.21808681076437,0.816273561805955
"PHMRC","Bohol","no_shift","bfl_partial","LCVA","gibbs_dir","batch1",1021,0.300893743793446,0.210368672709919,0.813678740900825
"PHMRC","Bohol","no_shift","bfl_partial","LCVA","gibbs_dir","batch1",1022,0.312810327706058,0.208551930797886,0.82725120297185
"PHMRC","Bohol","no_shift","bfl_partial","LCVA","gibbs_dir","batch1",1023,0.306852035749752,0.203092739075398,0.811778325883466
"PHMRC","Bohol","no_shift","bfl_partial","LCVA","gibbs_dir","batch1",1024,0.307845084409136,0.203434575299249,0.825371094808418
"PHMRC","Bohol","no_shift","bfl_partial","LCVA","gibbs_dir","batch1",1025,0.310824230387289,0.210135505158291,0.810609026491571
"PHMRC","Bohol","no_shift","bfl_partial","LCVA","gibbs_dir","batch1",1026,0.304865938430983,0.193823103495502,0.808344740091893
"PHMRC","Bohol","no_shift","bfl_partial","LCVA","gibbs_dir","batch1",1027,0.317775571002979,0.213244619832642,0.811434608980318
"PHMRC","Bohol","no_shift","bfl_partial","LCVA","gibbs_dir","batch1",1028,0.297914597815293,0.20728784458216,0.811406824129091
"PHMRC","Bohol","no_shift","bfl_partial","LCVA","gibbs_dir","batch1",1029,0.302879841112214,0.20745632001269,0.820719669314577
"PHMRC","Bohol","no_shift","bfl_partial","LCVA","gibbs_dir","batch1",1030,0.30883813306852,0.213221362590375,0.824058202295633
"PHMRC","Dar","no_shift","bfl_partial","LCVA","gibbs_dir","batch1",1001,0.251267197682839,0.156170403056473,0.665256158106279
"PHMRC","Dar","no_shift","bfl_partial","LCVA","gibbs_dir","batch1",1002,0.259956553222303,0.158618336915753,0.684118900941354
"PHMRC","Dar","no_shift","bfl_partial","LCVA","gibbs_dir","batch1",1003,0.251267197682839,0.156428741192121,0.674346986697535
"PHMRC","Dar","no_shift","bfl_partial","LCVA","gibbs_dir","batch1",1004,0.246198406951484,0.149567064348495,0.671480580093257
"PHMRC","Dar","no_shift","bfl_partial","LCVA","gibbs_dir","batch1",1005,0.261404779145547,0.162370308815834,0.683245870816649
"PHMRC","Dar","no_shift","bfl_partial","LCVA","gibbs_dir","batch1",1006,0.255611875452571,0.160928091203437,0.670668499329237
"PHMRC","Dar","no_shift","bfl_partial","LCVA","gibbs_dir","batch1",1007,0.251991310644461,0.148775368609343,0.678387493699507
"PHMRC","Dar","no_shift","bfl_partial","LCVA","gibbs_dir","batch1",1008,0.255611875452571,0.16394286902575,0.671239227616162
"PHMRC","Dar","no_shift","bfl_partial","LCVA","gibbs_dir","batch1",1009,0.262853005068791,0.167490087389707,0.680498931573485
"PHMRC","Dar","no_shift","bfl_partial","LCVA","gibbs_dir","batch1",1010,0.261404779145547,0.151820211066084,0.688914140052928
"PHMRC","Dar","no_shift","bfl_partial","LCVA","gibbs_dir","batch1",1011,0.250543084721217,0.152101539601995,0.671560185310267
"PHMRC","Dar","no_shift","bfl_partial","LCVA","gibbs_dir","batch1",1012,0.252715423606083,0.159550184803941,0.679340886824965
"PHMRC","Dar","no_shift","bfl_partial","LCVA","gibbs_dir","batch1",1013,0.257060101375815,0.16704448037004,0.679574268641716
"PHMRC","Dar","no_shift","bfl_partial","LCVA","gibbs_dir","batch1",1014,0.252715423606083,0.155771347798858,0.67021311850759
"PHMRC","Dar","no_shift","bfl_partial","LCVA","gibbs_dir","batch1",1015,0.251267197682839,0.157427195694754,0.677949821901939
"PHMRC","Dar","no_shift","bfl_partial","LCVA","gibbs_dir","batch1",1016,0.260680666183925,0.159665291136576,0.678475626912228
"PHMRC","Dar","no_shift","bfl_partial","LCVA","gibbs_dir","batch1",1017,0.261404779145547,0.158148282740857,0.681004286895358
"PHMRC","Dar","no_shift","bfl_partial","LCVA","gibbs_dir","batch1",1018,0.250543084721217,0.160310679548239,0.676623807763131
"PHMRC","Dar","no_shift","bfl_partial","LCVA","gibbs_dir","batch1",1019,0.249818971759594,0.158367778704471,0.664201824555953
"PHMRC","Dar","no_shift","bfl_partial","LCVA","gibbs_dir","batch1",1020,0.257784214337437,0.154873159229762,0.667897885114784
"PHMRC","Dar","no_shift","bfl_partial","LCVA","gibbs_dir","batch1",1021,0.265025343953657,0.167442947425879,0.682331102254088
"PHMRC","Dar","no_shift","bfl_partial","LCVA","gibbs_dir","batch1",1022,0.252715423606083,0.161312215638135,0.663912857870421
"PHMRC","Dar","no_shift","bfl_partial","LCVA","gibbs_dir","batch1",1023,0.249818971759594,0.159335862755358,0.674290554788521
"PHMRC","Dar","no_shift","bfl_partial","LCVA","gibbs_dir","batch1",1024,0.253439536567705,0.153853569450254,0.684330525811685
"PHMRC","Dar","no_shift","bfl_partial","LCVA","gibbs_dir","batch1",1025,0.24837074583635,0.151867322951593,0.678671083820445
"PHMRC","Dar","no_shift","bfl_partial","LCVA","gibbs_dir","batch1",1026,0.257784214337437,0.156989177425607,0.677067866177275
"PHMRC","Dar","no_shift","bfl_partial","LCVA","gibbs_dir","batch1",1027,0.257784214337437,0.156432361886597,0.678175124920527
"PHMRC","Dar","no_shift","bfl_partial","LCVA","gibbs_dir","batch1",1028,0.257784214337437,0.158563509956714,0.679028785364971
"PHMRC","Dar","no_shift","bfl_partial","LCVA","gibbs_dir","batch1",1029,0.265749456915279,0.159475280837048,0.685020690850129
"PHMRC","Dar","no_shift","bfl_partial","LCVA","gibbs_dir","batch1",1030,0.257784214337437,0.163905069514863,0.678376610469014
"PHMRC","Mexico","no_shift","bfl_partial","LCVA","gibbs_dir","batch1",1001,0.254531126871552,0.225894500237173,0.784548885901302
"PHMRC","Mexico","no_shift","bfl_partial","LCVA","gibbs_dir","batch1",1002,0.247438928289992,0.213017262454001,0.797126539654803
"PHMRC","Mexico","no_shift","bfl_partial","LCVA","gibbs_dir","batch1",1003,0.237194641449961,0.209467685671552,0.793778150664758
"PHMRC","Mexico","no_shift","bfl_partial","LCVA","gibbs_dir","batch1",1004,0.249802994483846,0.176703077647985,0.78736355708944
"PHMRC","Mexico","no_shift","bfl_partial","LCVA","gibbs_dir","batch1",1005,0.233254531126872,0.210463206082575,0.774697977056553
"PHMRC","Mexico","no_shift","bfl_partial","LCVA","gibbs_dir","batch1",1006,0.260047281323877,0.231900566559878,0.788865523561311
"PHMRC","Mexico","no_shift","bfl_partial","LCVA","gibbs_dir","batch1",1007,0.249014972419228,0.219163326314459,0.797472396978395
"PHMRC","Mexico","no_shift","bfl_partial","LCVA","gibbs_dir","batch1",1008,0.258471237194641,0.231864291195127,0.792362377063668
"PHMRC","Mexico","no_shift","bfl_partial","LCVA","gibbs_dir","batch1",1009,0.242710795902285,0.207169416592579,0.784035071083669
"PHMRC","Mexico","no_shift","bfl_partial","LCVA","gibbs_dir","batch1",1010,0.234830575256107,0.180185724642227,0.778188533579626
"PHMRC","Mexico","no_shift","bfl_partial","LCVA","gibbs_dir","batch1",1011,0.247438928289992,0.176614159689642,0.793279694377521
"PHMRC","Mexico","no_shift","bfl_partial","LCVA","gibbs_dir","batch1",1012,0.24113475177305,0.216566699213041,0.786688985191946
"PHMRC","Mexico","no_shift","bfl_partial","LCVA","gibbs_dir","batch1",1013,0.252167060677699,0.185993077932515,0.78370343052043
"PHMRC","Mexico","no_shift","bfl_partial","LCVA","gibbs_dir","batch1",1014,0.244286840031521,0.220426037055485,0.779899742808703
"PHMRC","Mexico","no_shift","bfl_partial","LCVA","gibbs_dir","batch1",1015,0.244286840031521,0.218604429511354,0.776374999289131
"PHMRC","Mexico","no_shift","bfl_partial","LCVA","gibbs_dir","batch1",1016,0.240346729708432,0.184801332662345,0.792712933275839
"PHMRC","Mexico","no_shift","bfl_partial","LCVA","gibbs_dir","batch1",1017,0.256895193065406,0.219442421522562,0.79194110790622
"PHMRC","Mexico","no_shift","bfl_partial","LCVA","gibbs_dir","batch1",1018,0.241922773837667,0.187153572402548,0.784336356116708
"PHMRC","Mexico","no_shift","bfl_partial","LCVA","gibbs_dir","batch1",1019,0.24822695035461,0.218013898712161,0.77065016801814
"PHMRC","Mexico","no_shift","bfl_partial","LCVA","gibbs_dir","batch1",1020,0.260047281323877,0.235747246578942,0.779420987880147
"PHMRC","Mexico","no_shift","bfl_partial","LCVA","gibbs_dir","batch1",1021,0.246650906225374,0.216814379327511,0.790071064697697
"PHMRC","Mexico","no_shift","bfl_partial","LCVA","gibbs_dir","batch1",1022,0.265563435776202,0.19634130808582,0.793319356008674
"PHMRC","Mexico","no_shift","bfl_partial","LCVA","gibbs_dir","batch1",1023,0.247438928289992,0.181482204582672,0.78069469502069
"PHMRC","Mexico","no_shift","bfl_partial","LCVA","gibbs_dir","batch1",1024,0.245862884160756,0.18113171871771,0.788950249300514
"PHMRC","Mexico","no_shift","bfl_partial","LCVA","gibbs_dir","batch1",1025,0.252167060677699,0.222035640184567,0.798617459779683
"PHMRC","Mexico","no_shift","bfl_partial","LCVA","gibbs_dir","batch1",1026,0.239558707643814,0.211462754077401,0.789282394396911
"PHMRC","Mexico","no_shift","bfl_partial","LCVA","gibbs_dir","batch1",1027,0.256895193065406,0.219915134350702,0.783949012172284
"PHMRC","Mexico","no_shift","bfl_partial","LCVA","gibbs_dir","batch1",1028,0.24113475177305,0.183287059201725,0.776894817518224
"PHMRC","Mexico","no_shift","bfl_partial","LCVA","gibbs_dir","batch1",1029,0.254531126871552,0.190544188859204,0.781301624006003
"PHMRC","Mexico","no_shift","bfl_partial","LCVA","gibbs_dir","batch1",1030,0.249802994483846,0.179786320625585,0.785121201485063
"PHMRC","Pemba","no_shift","bfl_partial","LCVA","gibbs_dir","batch1",1001,0.382352941176471,0.356153624360861,0.641501525339045
"PHMRC","Pemba","no_shift","bfl_partial","LCVA","gibbs_dir","batch1",1002,0.394957983193277,0.30725776868397,0.641778886772799
"PHMRC","Pemba","no_shift","bfl_partial","LCVA","gibbs_dir","batch1",1003,0.403361344537815,0.329585229041751,0.657234565100018
"PHMRC","Pemba","no_shift","bfl_partial","LCVA","gibbs_dir","batch1",1004,0.378151260504202,0.351408104533105,0.634457987314158
"PHMRC","Pemba","no_shift","bfl_partial","LCVA","gibbs_dir","batch1",1005,0.369747899159664,0.282499825142888,0.647933021378959
"PHMRC","Pemba","no_shift","bfl_partial","LCVA","gibbs_dir","batch1",1006,0.390756302521008,0.355050689799331,0.657066011964353
"PHMRC","Pemba","no_shift","bfl_partial","LCVA","gibbs_dir","batch1",1007,0.407563025210084,0.294775054557663,0.656547095244578
"PHMRC","Pemba","no_shift","bfl_partial","LCVA","gibbs_dir","batch1",1008,0.382352941176471,0.349564120520003,0.656217636259424
"PHMRC","Pemba","no_shift","bfl_partial","LCVA","gibbs_dir","batch1",1009,0.373949579831933,0.27928253811406,0.644160979719903
"PHMRC","Pemba","no_shift","bfl_partial","LCVA","gibbs_dir","batch1",1010,0.369747899159664,0.339681305214393,0.642538963129427
"PHMRC","Pemba","no_shift","bfl_partial","LCVA","gibbs_dir","batch1",1011,0.352941176470588,0.280623638344227,0.636008548815314
"PHMRC","Pemba","no_shift","bfl_partial","LCVA","gibbs_dir","batch1",1012,0.373949579831933,0.310225106264508,0.640937428760985
"PHMRC","Pemba","no_shift","bfl_partial","LCVA","gibbs_dir","batch1",1013,0.365546218487395,0.317635506854257,0.634965067372578
"PHMRC","Pemba","no_shift","bfl_partial","LCVA","gibbs_dir","batch1",1014,0.382352941176471,0.311517429938483,0.64609624221176
"PHMRC","Pemba","no_shift","bfl_partial","LCVA","gibbs_dir","batch1",1015,0.390756302521008,0.356340881340881,0.653250576889685
"PHMRC","Pemba","no_shift","bfl_partial","LCVA","gibbs_dir","batch1",1016,0.348739495798319,0.315967951766007,0.623953058075986
"PHMRC","Pemba","no_shift","bfl_partial","LCVA","gibbs_dir","batch1",1017,0.348739495798319,0.32937735246177,0.634659393884208
"PHMRC","Pemba","no_shift","bfl_partial","LCVA","gibbs_dir","batch1",1018,0.369747899159664,0.284052339349718,0.628215303584344
"PHMRC","Pemba","no_shift","bfl_partial","LCVA","gibbs_dir","batch1",1019,0.365546218487395,0.296178300865801,0.650483186742731
"PHMRC","Pemba","no_shift","bfl_partial","LCVA","gibbs_dir","batch1",1020,0.390756302521008,0.309219388703084,0.642369077270203
"PHMRC","Pemba","no_shift","bfl_partial","LCVA","gibbs_dir","batch1",1021,0.378151260504202,0.317717972816657,0.641813966135648
"PHMRC","Pemba","no_shift","bfl_partial","LCVA","gibbs_dir","batch1",1022,0.394957983193277,0.300517929102488,0.652672945237638
"PHMRC","Pemba","no_shift","bfl_partial","LCVA","gibbs_dir","batch1",1023,0.373949579831933,0.32530675647452,0.631504797227877
"PHMRC","Pemba","no_shift","bfl_partial","LCVA","gibbs_dir","batch1",1024,0.369747899159664,0.327218614718615,0.637935846388069
"PHMRC","Pemba","no_shift","bfl_partial","LCVA","gibbs_dir","batch1",1025,0.394957983193277,0.33251287001287,0.64767413041251
"PHMRC","Pemba","no_shift","bfl_partial","LCVA","gibbs_dir","batch1",1026,0.38655462184874,0.334940118092692,0.63809077697991
"PHMRC","Pemba","no_shift","bfl_partial","LCVA","gibbs_dir","batch1",1027,0.394957983193277,0.360945688083846,0.657897292972612
"PHMRC","Pemba","no_shift","bfl_partial","LCVA","gibbs_dir","batch1",1028,0.365546218487395,0.338514729563323,0.635244266818904
"PHMRC","Pemba","no_shift","bfl_partial","LCVA","gibbs_dir","batch1",1029,0.348739495798319,0.339481719557324,0.62984521972595
"PHMRC","Pemba","no_shift","bfl_partial","LCVA","gibbs_dir","batch1",1030,0.382352941176471,0.353729406854407,0.652044215457203
"PHMRC","UP","no_shift","bfl_partial","LCVA","gibbs_dir","batch1",1001,0.340088105726872,0.274993237963709,0.681865565811594
"PHMRC","UP","no_shift","bfl_partial","LCVA","gibbs_dir","batch1",1002,0.318942731277533,0.2512281999538,0.662387814790816
"PHMRC","UP","no_shift","bfl_partial","LCVA","gibbs_dir","batch1",1003,0.322466960352423,0.255041024370602,0.670479156720451
"PHMRC","UP","no_shift","bfl_partial","LCVA","gibbs_dir","batch1",1004,0.318061674008811,0.251617301546878,0.670438859928925
"PHMRC","UP","no_shift","bfl_partial","LCVA","gibbs_dir","batch1",1005,0.326872246696035,0.256809539241774,0.687342931333147
"PHMRC","UP","no_shift","bfl_partial","LCVA","gibbs_dir","batch1",1006,0.329515418502203,0.261956598650938,0.677295621297559
"PHMRC","UP","no_shift","bfl_partial","LCVA","gibbs_dir","batch1",1007,0.324229074889868,0.253756032770996,0.67819157703035
"PHMRC","UP","no_shift","bfl_partial","LCVA","gibbs_dir","batch1",1008,0.311013215859031,0.25312806422763,0.663501597672338
"PHMRC","UP","no_shift","bfl_partial","LCVA","gibbs_dir","batch1",1009,0.325991189427313,0.253744985196053,0.671344267633559
"PHMRC","UP","no_shift","bfl_partial","LCVA","gibbs_dir","batch1",1010,0.330396475770925,0.261378197981992,0.675701128095788
"PHMRC","UP","no_shift","bfl_partial","LCVA","gibbs_dir","batch1",1011,0.327753303964758,0.259129924014013,0.669165506605311
"PHMRC","UP","no_shift","bfl_partial","LCVA","gibbs_dir","batch1",1012,0.32511013215859,0.253587047901878,0.672224709552685
"PHMRC","UP","no_shift","bfl_partial","LCVA","gibbs_dir","batch1",1013,0.326872246696035,0.267696733769968,0.673399951151683
"PHMRC","UP","no_shift","bfl_partial","LCVA","gibbs_dir","batch1",1014,0.327753303964758,0.251344002313194,0.673740926901667
"PHMRC","UP","no_shift","bfl_partial","LCVA","gibbs_dir","batch1",1015,0.3215859030837,0.250571274864649,0.660864372910484
"PHMRC","UP","no_shift","bfl_partial","LCVA","gibbs_dir","batch1",1016,0.33920704845815,0.269350425087047,0.681103628533605
"PHMRC","UP","no_shift","bfl_partial","LCVA","gibbs_dir","batch1",1017,0.333039647577093,0.258346721937528,0.68993864250777
"PHMRC","UP","no_shift","bfl_partial","LCVA","gibbs_dir","batch1",1018,0.318942731277533,0.253066293373241,0.676292342210183
"PHMRC","UP","no_shift","bfl_partial","LCVA","gibbs_dir","batch1",1019,0.326872246696035,0.266438842119502,0.661130208066096
"PHMRC","UP","no_shift","bfl_partial","LCVA","gibbs_dir","batch1",1020,0.317180616740088,0.256516226288791,0.666095225323935
"PHMRC","UP","no_shift","bfl_partial","LCVA","gibbs_dir","batch1",1021,0.322466960352423,0.257025840503435,0.67095019701491
"PHMRC","UP","no_shift","bfl_partial","LCVA","gibbs_dir","batch1",1022,0.322466960352423,0.251489945378545,0.669780372928871
"PHMRC","UP","no_shift","bfl_partial","LCVA","gibbs_dir","batch1",1023,0.330396475770925,0.262572425936496,0.681889634630101
"PHMRC","UP","no_shift","bfl_partial","LCVA","gibbs_dir","batch1",1024,0.33215859030837,0.268059065294952,0.678316949700328
"PHMRC","UP","no_shift","bfl_partial","LCVA","gibbs_dir","batch1",1025,0.330396475770925,0.264138455004358,0.679566374255054
"PHMRC","UP","no_shift","bfl_partial","LCVA","gibbs_dir","batch1",1026,0.317180616740088,0.256762446573784,0.662216839230052
"PHMRC","UP","no_shift","bfl_partial","LCVA","gibbs_dir","batch1",1027,0.330396475770925,0.265720438097397,0.67602535316856
"PHMRC","UP","no_shift","bfl_partial","LCVA","gibbs_dir","batch1",1028,0.3215859030837,0.260990514567316,0.664820987416621
"PHMRC","UP","no_shift","bfl_partial","LCVA","gibbs_dir","batch1",1029,0.323348017621145,0.257670304675864,0.673018356629753
"PHMRC","UP","no_shift","bfl_partial","LCVA","gibbs_dir","batch1",1030,0.319823788546255,0.259303623430761,0.665978585969762
"PHMRC","AP","no_shift","bfl_partial","LCVA","gibbs_ln","batch1",1001,0.317779565567176,0.230785008717423,0.670252231472332
"PHMRC","AP","no_shift","bfl_partial","LCVA","gibbs_ln","batch1",1002,0.301689460981496,0.227819255128833,0.654118634198086
"PHMRC","AP","no_shift","bfl_partial","LCVA","gibbs_ln","batch1",1003,0.295253419147224,0.224551004182443,0.643921510358272
"PHMRC","AP","no_shift","bfl_partial","LCVA","gibbs_ln","batch1",1004,0.31456154465004,0.234717732428627,0.657918401533925
"PHMRC","AP","no_shift","bfl_partial","LCVA","gibbs_ln","batch1",1005,0.309734513274336,0.235694554446765,0.656470601636613
"PHMRC","AP","no_shift","bfl_partial","LCVA","gibbs_ln","batch1",1006,0.300080450522928,0.225924553114247,0.640998188812914
"PHMRC","AP","no_shift","bfl_partial","LCVA","gibbs_ln","batch1",1007,0.312952534191472,0.240682927659532,0.652736131323418
"PHMRC","AP","no_shift","bfl_partial","LCVA","gibbs_ln","batch1",1008,0.303298471440064,0.229934960621181,0.648535858766343
"PHMRC","AP","no_shift","bfl_partial","LCVA","gibbs_ln","batch1",1009,0.308125502815768,0.233014967670857,0.655494217706177
"PHMRC","AP","no_shift","bfl_partial","LCVA","gibbs_ln","batch1",1010,0.316170555108608,0.230890443795635,0.657990613696535
"PHMRC","AP","no_shift","bfl_partial","LCVA","gibbs_ln","batch1",1011,0.313757039420756,0.236817812177042,0.657466307702345
"PHMRC","AP","no_shift","bfl_partial","LCVA","gibbs_ln","batch1",1012,0.313757039420756,0.233882582514919,0.655806826443218
"PHMRC","AP","no_shift","bfl_partial","LCVA","gibbs_ln","batch1",1013,0.305711987127916,0.234770430057028,0.650705388808968
"PHMRC","AP","no_shift","bfl_partial","LCVA","gibbs_ln","batch1",1014,0.296057924376508,0.225752825155114,0.646837277252518
"PHMRC","AP","no_shift","bfl_partial","LCVA","gibbs_ln","batch1",1015,0.299275945293644,0.225596949852298,0.656137184079036
"PHMRC","AP","no_shift","bfl_partial","LCVA","gibbs_ln","batch1",1016,0.300884955752212,0.223029349832121,0.642458871322031
"PHMRC","AP","no_shift","bfl_partial","LCVA","gibbs_ln","batch1",1017,0.316170555108608,0.241840840948896,0.657344204447793
"PHMRC","AP","no_shift","bfl_partial","LCVA","gibbs_ln","batch1",1018,0.320193081255028,0.243181413992377,0.66253065334956
"PHMRC","AP","no_shift","bfl_partial","LCVA","gibbs_ln","batch1",1019,0.296057924376508,0.229141454545563,0.644584791582679
"PHMRC","AP","no_shift","bfl_partial","LCVA","gibbs_ln","batch1",1020,0.301689460981496,0.224823962717516,0.659597890148946
"PHMRC","AP","no_shift","bfl_partial","LCVA","gibbs_ln","batch1",1021,0.308125502815768,0.234844097542777,0.650460306880271
"PHMRC","AP","no_shift","bfl_partial","LCVA","gibbs_ln","batch1",1022,0.300080450522928,0.225876231366231,0.638099615916263
"PHMRC","AP","no_shift","bfl_partial","LCVA","gibbs_ln","batch1",1023,0.317779565567176,0.238721497434899,0.654095776500912
"PHMRC","AP","no_shift","bfl_partial","LCVA","gibbs_ln","batch1",1024,0.30249396621078,0.226680073928586,0.647037666696155
"PHMRC","AP","no_shift","bfl_partial","LCVA","gibbs_ln","batch1",1025,0.300080450522928,0.225388403480837,0.653821241565571
"PHMRC","AP","no_shift","bfl_partial","LCVA","gibbs_ln","batch1",1026,0.311343523732904,0.23555311968606,0.656569486476569
"PHMRC","AP","no_shift","bfl_partial","LCVA","gibbs_ln","batch1",1027,0.312148028962188,0.237767351272686,0.653207001129046
"PHMRC","AP","no_shift","bfl_partial","LCVA","gibbs_ln","batch1",1028,0.29444891391794,0.221551386313899,0.650145821949729
"PHMRC","AP","no_shift","bfl_partial","LCVA","gibbs_ln","batch1",1029,0.296057924376508,0.219826835461853,0.652545632946078
"PHMRC","AP","no_shift","bfl_partial","LCVA","gibbs_ln","batch1",1030,0.303298471440064,0.231202021580271,0.651325023399951
"PHMRC","Bohol","no_shift","bfl_partial","LCVA","gibbs_ln","batch1",1001,0.30883813306852,0.212317847200297,0.817280453735088
"PHMRC","Bohol","no_shift","bfl_partial","LCVA","gibbs_ln","batch1",1002,0.302879841112214,0.213644914578971,0.795381955225324
"PHMRC","Bohol","no_shift","bfl_partial","LCVA","gibbs_ln","batch1",1003,0.312810327706058,0.214692937600432,0.820050338555332
"PHMRC","Bohol","no_shift","bfl_partial","LCVA","gibbs_ln","batch1",1004,0.320754716981132,0.209338211177037,0.813223584009322
"PHMRC","Bohol","no_shift","bfl_partial","LCVA","gibbs_ln","batch1",1005,0.307845084409136,0.19608628710997,0.809922276283564
"PHMRC","Bohol","no_shift","bfl_partial","LCVA","gibbs_ln","batch1",1006,0.298907646474677,0.196629243859926,0.817640202126073
"PHMRC","Bohol","no_shift","bfl_partial","LCVA","gibbs_ln","batch1",1007,0.30883813306852,0.201454481956276,0.827118109075507
"PHMRC","Bohol","no_shift","bfl_partial","LCVA","gibbs_ln","batch1",1008,0.302879841112214,0.206302890079636,0.814536235103067
"PHMRC","Bohol","no_shift","bfl_partial","LCVA","gibbs_ln","batch1",1009,0.310824230387289,0.198668020764569,0.807635411273359
"PHMRC","Bohol","no_shift","bfl_partial","LCVA","gibbs_ln","batch1",1010,0.315789473684211,0.21615088512304,0.811164078556696
"PHMRC","Bohol","no_shift","bfl_partial","LCVA","gibbs_ln","batch1",1011,0.304865938430983,0.209731495671368,0.822813430774783
"PHMRC","Bohol","no_shift","bfl_partial","LCVA","gibbs_ln","batch1",1012,0.296921549155909,0.200069304636694,0.815987354658609
"PHMRC","Bohol","no_shift","bfl_partial","LCVA","gibbs_ln","batch1",1013,0.319761668321748,0.215160796572133,0.824698646616626
"PHMRC","Bohol","no_shift","bfl_partial","LCVA","gibbs_ln","batch1",1014,0.319761668321748,0.20119222391243,0.825245388226417
"PHMRC","Bohol","no_shift","bfl_partial","LCVA","gibbs_ln","batch1",1015,0.310824230387289,0.209840012752378,0.812315327565634
"PHMRC","Bohol","no_shift","bfl_partial","LCVA","gibbs_ln","batch1",1016,0.312810327706058,0.207749071409335,0.822501549797824
"PHMRC","Bohol","no_shift","bfl_partial","LCVA","gibbs_ln","batch1",1017,0.307845084409136,0.19005526359422,0.817186253603551
"PHMRC","Bohol","no_shift","bfl_partial","LCVA","gibbs_ln","batch1",1018,0.320754716981132,0.220858360813895,0.826159690033079
"PHMRC","Bohol","no_shift","bfl_partial","LCVA","gibbs_ln","batch1",1019,0.303872889771599,0.206988472102171,0.813989637157206
"PHMRC","Bohol","no_shift","bfl_partial","LCVA","gibbs_ln","batch1",1020,0.316782522343595,0.217355168328405,0.817944778315713
"PHMRC","Bohol","no_shift","bfl_partial","LCVA","gibbs_ln","batch1",1021,0.30188679245283,0.210968873536629,0.814849518196857
"PHMRC","Bohol","no_shift","bfl_partial","LCVA","gibbs_ln","batch1",1022,0.310824230387289,0.207995757271746,0.828228439172111
"PHMRC","Bohol","no_shift","bfl_partial","LCVA","gibbs_ln","batch1",1023,0.305858987090367,0.203271950544932,0.812428441702726
"PHMRC","Bohol","no_shift","bfl_partial","LCVA","gibbs_ln","batch1",1024,0.310824230387289,0.20486132552446,0.827372211319549
"PHMRC","Bohol","no_shift","bfl_partial","LCVA","gibbs_ln","batch1",1025,0.312810327706058,0.211018810113516,0.811689288479714
"PHMRC","Bohol","no_shift","bfl_partial","LCVA","gibbs_ln","batch1",1026,0.306852035749752,0.195765060556673,0.808330599931482
"PHMRC","Bohol","no_shift","bfl_partial","LCVA","gibbs_ln","batch1",1027,0.316782522343595,0.212940298469283,0.81236952384336
"PHMRC","Bohol","no_shift","bfl_partial","LCVA","gibbs_ln","batch1",1028,0.296921549155909,0.206594308118228,0.811830124066197
"PHMRC","Bohol","no_shift","bfl_partial","LCVA","gibbs_ln","batch1",1029,0.300893743793446,0.206296108258591,0.820733483572897
"PHMRC","Bohol","no_shift","bfl_partial","LCVA","gibbs_ln","batch1",1030,0.309831181727905,0.214332872372606,0.825476370105339
"PHMRC","Dar","no_shift","bfl_partial","LCVA","gibbs_ln","batch1",1001,0.251267197682839,0.156170403056473,0.665165389940072
"PHMRC","Dar","no_shift","bfl_partial","LCVA","gibbs_ln","batch1",1002,0.259232440260681,0.158361531574202,0.683658528553537
"PHMRC","Dar","no_shift","bfl_partial","LCVA","gibbs_ln","batch1",1003,0.252715423606083,0.152948129426626,0.674394529700764
"PHMRC","Dar","no_shift","bfl_partial","LCVA","gibbs_ln","batch1",1004,0.246198406951484,0.149567064348495,0.672002853101484
"PHMRC","Dar","no_shift","bfl_partial","LCVA","gibbs_ln","batch1",1005,0.260680666183925,0.15804130448683,0.683559889864764
"PHMRC","Dar","no_shift","bfl_partial","LCVA","gibbs_ln","batch1",1006,0.254163649529327,0.160379123263165,0.670540438879255
"PHMRC","Dar","no_shift","bfl_partial","LCVA","gibbs_ln","batch1",1007,0.251991310644461,0.147956578547115,0.678199174420568
"PHMRC","Dar","no_shift","bfl_partial","LCVA","gibbs_ln","batch1",1008,0.255611875452571,0.159840006713932,0.671193016933375
"PHMRC","Dar","no_shift","bfl_partial","LCVA","gibbs_ln","batch1",1009,0.262853005068791,0.167276174841373,0.68022531297552
"PHMRC","Dar","no_shift","bfl_partial","LCVA","gibbs_ln","batch1",1010,0.259956553222303,0.147256299525428,0.689325228365178
"PHMRC","Dar","no_shift","bfl_partial","LCVA","gibbs_ln","batch1",1011,0.249094858797972,0.146377517053731,0.671044813932968
"PHMRC","Dar","no_shift","bfl_partial","LCVA","gibbs_ln","batch1",1012,0.251991310644461,0.159185088053302,0.679871534604864
"PHMRC","Dar","no_shift","bfl_partial","LCVA","gibbs_ln","batch1",1013,0.257060101375815,0.16704448037004,0.679982035894056
"PHMRC","Dar","no_shift","bfl_partial","LCVA","gibbs_ln","batch1",1014,0.253439536567705,0.156936848964359,0.670057269563027
"PHMRC","Dar","no_shift","bfl_partial","LCVA","gibbs_ln","batch1",1015,0.250543084721217,0.15127644621124,0.678432194107962
"PHMRC","Dar","no_shift","bfl_partial","LCVA","gibbs_ln","batch1",1016,0.259956553222303,0.154251913664375,0.678988390852704
"PHMRC","Dar","no_shift","bfl_partial","LCVA","gibbs_ln","batch1",1017,0.259956553222303,0.157616650630278,0.680887704594927
"PHMRC","Dar","no_shift","bfl_partial","LCVA","gibbs_ln","batch1",1018,0.249818971759594,0.160073937123996,0.676908592792182
"PHMRC","Dar","no_shift","bfl_partial","LCVA","gibbs_ln","batch1",1019,0.249818971759594,0.158574994772067,0.664253431235365
"PHMRC","Dar","no_shift","bfl_partial","LCVA","gibbs_ln","batch1",1020,0.257784214337437,0.150896515718234,0.667840916169174
"PHMRC","Dar","no_shift","bfl_partial","LCVA","gibbs_ln","batch1",1021,0.266473569876901,0.168890295258769,0.683101607329448
"PHMRC","Dar","no_shift","bfl_partial","LCVA","gibbs_ln","batch1",1022,0.250543084721217,0.156383804906309,0.663734011385704
"PHMRC","Dar","no_shift","bfl_partial","LCVA","gibbs_ln","batch1",1023,0.247646632874728,0.158461409860703,0.674823311942309
"PHMRC","Dar","no_shift","bfl_partial","LCVA","gibbs_ln","batch1",1024,0.253439536567705,0.153853569450254,0.684342208150055
"PHMRC","Dar","no_shift","bfl_partial","LCVA","gibbs_ln","batch1",1025,0.249094858797972,0.14965078948506,0.678691019831803
"PHMRC","Dar","no_shift","bfl_partial","LCVA","gibbs_ln","batch1",1026,0.257784214337437,0.156989177425607,0.676263269245477
"PHMRC","Dar","no_shift","bfl_partial","LCVA","gibbs_ln","batch1",1027,0.259232440260681,0.158099830220732,0.678591790324841
"PHMRC","Dar","no_shift","bfl_partial","LCVA","gibbs_ln","batch1",1028,0.257784214337437,0.154582816320848,0.6790611495335
"PHMRC","Dar","no_shift","bfl_partial","LCVA","gibbs_ln","batch1",1029,0.265025343953657,0.155146276508044,0.684105726597455
"PHMRC","Dar","no_shift","bfl_partial","LCVA","gibbs_ln","batch1",1030,0.258508327299059,0.165046459391669,0.678024923001711
"PHMRC","Mexico","no_shift","bfl_partial","LCVA","gibbs_ln","batch1",1001,0.254531126871552,0.226172798361996,0.784100462116945
"PHMRC","Mexico","no_shift","bfl_partial","LCVA","gibbs_ln","batch1",1002,0.249014972419228,0.218732382632063,0.797021349937613
"PHMRC","Mexico","no_shift","bfl_partial","LCVA","gibbs_ln","batch1",1003,0.237194641449961,0.209467685671552,0.79406578639294
"PHMRC","Mexico","no_shift","bfl_partial","LCVA","gibbs_ln","batch1",1004,0.249014972419228,0.17579249397878,0.787310782549622
"PHMRC","Mexico","no_shift","bfl_partial","LCVA","gibbs_ln","batch1",1005,0.232466509062254,0.209249763522612,0.774661182029932
"PHMRC","Mexico","no_shift","bfl_partial","LCVA","gibbs_ln","batch1",1006,0.261623325453113,0.232933584591439,0.788883857481266
"PHMRC","Mexico","no_shift","bfl_partial","LCVA","gibbs_ln","batch1",1007,0.249014972419228,0.21934681754086,0.797918873159996
"PHMRC","Mexico","no_shift","bfl_partial","LCVA","gibbs_ln","batch1",1008,0.256895193065406,0.231728108055028,0.792750504736017
"PHMRC","Mexico","no_shift","bfl_partial","LCVA","gibbs_ln","batch1",1009,0.24113475177305,0.205466797000956,0.783558702740887
"PHMRC","Mexico","no_shift","bfl_partial","LCVA","gibbs_ln","batch1",1010,0.235618597320725,0.181283266149251,0.777864057078456
"PHMRC","Mexico","no_shift","bfl_partial","LCVA","gibbs_ln","batch1",1011,0.249014972419228,0.177549208038484,0.793452644148725
"PHMRC","Mexico","no_shift","bfl_partial","LCVA","gibbs_ln","batch1",1012,0.240346729708432,0.216183518050739,0.786400008405843
"PHMRC","Mexico","no_shift","bfl_partial","LCVA","gibbs_ln","batch1",1013,0.252167060677699,0.187624923252824,0.784121818518851
"PHMRC","Mexico","no_shift","bfl_partial","LCVA","gibbs_ln","batch1",1014,0.245074862096139,0.220764103316472,0.780154842461177
"PHMRC","Mexico","no_shift","bfl_partial","LCVA","gibbs_ln","batch1",1015,0.244286840031521,0.22300807184603,0.776386217810309
"PHMRC","Mexico","no_shift","bfl_partial","LCVA","gibbs_ln","batch1",1016,0.24113475177305,0.185487136667559,0.792916420049762
"PHMRC","Mexico","no_shift","bfl_partial","LCVA","gibbs_ln","batch1",1017,0.254531126871552,0.21811627802079,0.79275008135139
"PHMRC","Mexico","no_shift","bfl_partial","LCVA","gibbs_ln","batch1",1018,0.242710795902285,0.188413839086949,0.784253391291366
"PHMRC","Mexico","no_shift","bfl_partial","LCVA","gibbs_ln","batch1",1019,0.246650906225374,0.217189667271829,0.77054576212806
"PHMRC","Mexico","no_shift","bfl_partial","LCVA","gibbs_ln","batch1",1020,0.258471237194641,0.234394981534994,0.779364363625437
"PHMRC","Mexico","no_shift","bfl_partial","LCVA","gibbs_ln","batch1",1021,0.247438928289992,0.22026265518958,0.789797400442452
"PHMRC","Mexico","no_shift","bfl_partial","LCVA","gibbs_ln","batch1",1022,0.265563435776202,0.19634130808582,0.793597850053747
"PHMRC","Mexico","no_shift","bfl_partial","LCVA","gibbs_ln","batch1",1023,0.246650906225374,0.180866441035874,0.781119933332634
"PHMRC","Mexico","no_shift","bfl_partial","LCVA","gibbs_ln","batch1",1024,0.245074862096139,0.179987239322296,0.788532599587959
"PHMRC","Mexico","no_shift","bfl_partial","LCVA","gibbs_ln","batch1",1025,0.251379038613081,0.221786426622237,0.798870443637182
"PHMRC","Mexico","no_shift","bfl_partial","LCVA","gibbs_ln","batch1",1026,0.237194641449961,0.210238183145217,0.789545845594322
"PHMRC","Mexico","no_shift","bfl_partial","LCVA","gibbs_ln","batch1",1027,0.259259259259259,0.221852012716765,0.784291737748792
"PHMRC","Mexico","no_shift","bfl_partial","LCVA","gibbs_ln","batch1",1028,0.241922773837667,0.183980787642045,0.77675921385558
"PHMRC","Mexico","no_shift","bfl_partial","LCVA","gibbs_ln","batch1",1029,0.253743104806935,0.188864833731573,0.781088437128902
"PHMRC","Mexico","no_shift","bfl_partial","LCVA","gibbs_ln","batch1",1030,0.249014972419228,0.179481514844485,0.784895230840605
"PHMRC","Pemba","no_shift","bfl_partial","LCVA","gibbs_ln","batch1",1001,0.378151260504202,0.324992529055029,0.64226663898903
"PHMRC","Pemba","no_shift","bfl_partial","LCVA","gibbs_ln","batch1",1002,0.390756302521008,0.30725776868397,0.64061660918873
"PHMRC","Pemba","no_shift","bfl_partial","LCVA","gibbs_ln","batch1",1003,0.403361344537815,0.329585229041751,0.657961218267362
"PHMRC","Pemba","no_shift","bfl_partial","LCVA","gibbs_ln","batch1",1004,0.373949579831933,0.346943818818819,0.634590932425057
"PHMRC","Pemba","no_shift","bfl_partial","LCVA","gibbs_ln","batch1",1005,0.365546218487395,0.278875875563056,0.648937623488579
"PHMRC","Pemba","no_shift","bfl_partial","LCVA","gibbs_ln","batch1",1006,0.390756302521008,0.355050689799331,0.655655110167371
"PHMRC","Pemba","no_shift","bfl_partial","LCVA","gibbs_ln","batch1",1007,0.399159663865546,0.287098908973909,0.654005934016764
"PHMRC","Pemba","no_shift","bfl_partial","LCVA","gibbs_ln","batch1",1008,0.369747899159664,0.329451941032823,0.657558277235495
"PHMRC","Pemba","no_shift","bfl_partial","LCVA","gibbs_ln","batch1",1009,0.373949579831933,0.27928253811406,0.644027539398047
"PHMRC","Pemba","no_shift","bfl_partial","LCVA","gibbs_ln","batch1",1010,0.369747899159664,0.339681305214393,0.643375773712616
"PHMRC","Pemba","no_shift","bfl_partial","LCVA","gibbs_ln","batch1",1011,0.348739495798319,0.280623638344227,0.637014465710586
"PHMRC","Pemba","no_shift","bfl_partial","LCVA","gibbs_ln","batch1",1012,0.373949579831933,0.310225106264508,0.640850138171604
"PHMRC","Pemba","no_shift","bfl_partial","LCVA","gibbs_ln","batch1",1013,0.361344537815126,0.318866567460317,0.63477316466648
"PHMRC","Pemba","no_shift","bfl_partial","LCVA","gibbs_ln","batch1",1014,0.382352941176471,0.313077821301506,0.647881603421661
"PHMRC","Pemba","no_shift","bfl_partial","LCVA","gibbs_ln","batch1",1015,0.390756302521008,0.357362123170947,0.652600262251323
"PHMRC","Pemba","no_shift","bfl_partial","LCVA","gibbs_ln","batch1",1016,0.352941176470588,0.318685343070355,0.625271836042583
"PHMRC","Pemba","no_shift","bfl_partial","LCVA","gibbs_ln","batch1",1017,0.348739495798319,0.32937735246177,0.632319927511908
"PHMRC","Pemba","no_shift","bfl_partial","LCVA","gibbs_ln","batch1",1018,0.373949579831933,0.315302339349718,0.630353226246871
"PHMRC","Pemba","no_shift","bfl_partial","LCVA","gibbs_ln","batch1",1019,0.365546218487395,0.296178300865801,0.650234181516914
"PHMRC","Pemba","no_shift","bfl_partial","LCVA","gibbs_ln","batch1",1020,0.390756302521008,0.309219388703084,0.643407819188716
"PHMRC","Pemba","no_shift","bfl_partial","LCVA","gibbs_ln","batch1",1021,0.382352941176471,0.319503687102371,0.640347637817142
"PHMRC","Pemba","no_shift","bfl_partial","LCVA","gibbs_ln","batch1",1022,0.399159663865546,0.331767929102488,0.652553949966217
"PHMRC","Pemba","no_shift","bfl_partial","LCVA","gibbs_ln","batch1",1023,0.378151260504202,0.326927878408142,0.631369816472329
"PHMRC","Pemba","no_shift","bfl_partial","LCVA","gibbs_ln","batch1",1024,0.369747899159664,0.31584040959041,0.638001284649311
"PHMRC","Pemba","no_shift","bfl_partial","LCVA","gibbs_ln","batch1",1025,0.38655462184874,0.325628812041856,0.647055740622731
"PHMRC","Pemba","no_shift","bfl_partial","LCVA","gibbs_ln","batch1",1026,0.382352941176471,0.331963927616501,0.639043928184488
"PHMRC","Pemba","no_shift","bfl_partial","LCVA","gibbs_ln","batch1",1027,0.394957983193277,0.360945688083846,0.658734689751828
"PHMRC","Pemba","no_shift","bfl_partial","LCVA","gibbs_ln","batch1",1028,0.361344537815126,0.334348062896656,0.634848060115435
"PHMRC","Pemba","no_shift","bfl_partial","LCVA","gibbs_ln","batch1",1029,0.348739495798319,0.337178033659889,0.630349940610363
"PHMRC","Pemba","no_shift","bfl_partial","LCVA","gibbs_ln","batch1",1030,0.382352941176471,0.352469461844462,0.653285419144614
"PHMRC","UP","no_shift","bfl_partial","LCVA","gibbs_ln","batch1",1001,0.337444933920705,0.272299180861714,0.682658324614885
"PHMRC","UP","no_shift","bfl_partial","LCVA","gibbs_ln","batch1",1002,0.319823788546255,0.253215044482137,0.663151870292146
"PHMRC","UP","no_shift","bfl_partial","LCVA","gibbs_ln","batch1",1003,0.32511013215859,0.258165017280689,0.671225811098679
"PHMRC","UP","no_shift","bfl_partial","LCVA","gibbs_ln","batch1",1004,0.318942731277533,0.253624234588293,0.671268221740348
"PHMRC","UP","no_shift","bfl_partial","LCVA","gibbs_ln","batch1",1005,0.327753303964758,0.257215218754959,0.687008689298242
"PHMRC","UP","no_shift","bfl_partial","LCVA","gibbs_ln","batch1",1006,0.331277533039648,0.264040721424716,0.678002169431186
"PHMRC","UP","no_shift","bfl_partial","LCVA","gibbs_ln","batch1",1007,0.323348017621145,0.253458767610473,0.678746945306115
"PHMRC","UP","no_shift","bfl_partial","LCVA","gibbs_ln","batch1",1008,0.312775330396476,0.255886684917285,0.664724298895796
"PHMRC","UP","no_shift","bfl_partial","LCVA","gibbs_ln","batch1",1009,0.325991189427313,0.253695864457277,0.671284549428197
"PHMRC","UP","no_shift","bfl_partial","LCVA","gibbs_ln","batch1",1010,0.32863436123348,0.260415423874541,0.675593775850062
"PHMRC","UP","no_shift","bfl_partial","LCVA","gibbs_ln","batch1",1011,0.32863436123348,0.260429506318352,0.670074985812162
"PHMRC","UP","no_shift","bfl_partial","LCVA","gibbs_ln","batch1",1012,0.324229074889868,0.252262741620675,0.672704534352204
"PHMRC","UP","no_shift","bfl_partial","LCVA","gibbs_ln","batch1",1013,0.326872246696035,0.267696733769968,0.673773245137839
"PHMRC","UP","no_shift","bfl_partial","LCVA","gibbs_ln","batch1",1014,0.325991189427313,0.249148999428535,0.674876407558322
"PHMRC","UP","no_shift","bfl_partial","LCVA","gibbs_ln","batch1",1015,0.319823788546255,0.24828121110532,0.660933024085671
"PHMRC","UP","no_shift","bfl_partial","LCVA","gibbs_ln","batch1",1016,0.337444933920705,0.268636306785111,0.681778324584968
"PHMRC","UP","no_shift","bfl_partial","LCVA","gibbs_ln","batch1",1017,0.334801762114537,0.259345285155919,0.690408782345826
"PHMRC","UP","no_shift","bfl_partial","LCVA","gibbs_ln","batch1",1018,0.318061674008811,0.252618465339206,0.677151551889922
"PHMRC","UP","no_shift","bfl_partial","LCVA","gibbs_ln","batch1",1019,0.326872246696035,0.266438842119502,0.662493258391179
"PHMRC","UP","no_shift","bfl_partial","LCVA","gibbs_ln","batch1",1020,0.317180616740088,0.25692673531999,0.666399925513316
"PHMRC","UP","no_shift","bfl_partial","LCVA","gibbs_ln","batch1",1021,0.324229074889868,0.258548696586914,0.671640795694955
"PHMRC","UP","no_shift","bfl_partial","LCVA","gibbs_ln","batch1",1022,0.322466960352423,0.2518589258894,0.670940575592124
"PHMRC","UP","no_shift","bfl_partial","LCVA","gibbs_ln","batch1",1023,0.333039647577093,0.265523178887249,0.682462291908123
"PHMRC","UP","no_shift","bfl_partial","LCVA","gibbs_ln","batch1",1024,0.33568281938326,0.272547402224826,0.67923855187554
"PHMRC","UP","no_shift","bfl_partial","LCVA","gibbs_ln","batch1",1025,0.329515418502203,0.262812195057408,0.68000875393511
"PHMRC","UP","no_shift","bfl_partial","LCVA","gibbs_ln","batch1",1026,0.318061674008811,0.258141756918612,0.663057173621056
"PHMRC","UP","no_shift","bfl_partial","LCVA","gibbs_ln","batch1",1027,0.333920704845815,0.270851800987381,0.67538966017321
"PHMRC","UP","no_shift","bfl_partial","LCVA","gibbs_ln","batch1",1028,0.323348017621145,0.262715481809524,0.665655919951638
"PHMRC","UP","no_shift","bfl_partial","LCVA","gibbs_ln","batch1",1029,0.323348017621145,0.257670304675864,0.673472955514165
"PHMRC","UP","no_shift","bfl_partial","LCVA","gibbs_ln","batch1",1030,0.318942731277533,0.258975216205802,0.665721986723724
"PHMRC","AP","no_shift","bfl_partial","LCVA","stan","batch1",1001,0.316170555108608,0.229053424623551,0.670155876357635
"PHMRC","AP","no_shift","bfl_partial","LCVA","stan","batch1",1002,0.301689460981496,0.227714706240424,0.65433082908967
"PHMRC","AP","no_shift","bfl_partial","LCVA","stan","batch1",1003,0.29444891391794,0.223604034485474,0.643999758191814
"PHMRC","AP","no_shift","bfl_partial","LCVA","stan","batch1",1004,0.315366049879324,0.235085379487451,0.657930094138872
"PHMRC","AP","no_shift","bfl_partial","LCVA","stan","batch1",1005,0.309734513274336,0.235968400082087,0.656576610537275
"PHMRC","AP","no_shift","bfl_partial","LCVA","stan","batch1",1006,0.30249396621078,0.228023404018245,0.640745969773091
"PHMRC","AP","no_shift","bfl_partial","LCVA","stan","batch1",1007,0.312148028962188,0.239838333064937,0.652512954427138
"PHMRC","AP","no_shift","bfl_partial","LCVA","stan","batch1",1008,0.30249396621078,0.228857374414284,0.647753564274863
"PHMRC","AP","no_shift","bfl_partial","LCVA","stan","batch1",1009,0.307320997586484,0.231255513889344,0.655842964301741
"PHMRC","AP","no_shift","bfl_partial","LCVA","stan","batch1",1010,0.316170555108608,0.231824787229978,0.657812230511093
"PHMRC","AP","no_shift","bfl_partial","LCVA","stan","batch1",1011,0.31456154465004,0.237599062177042,0.657343991646583
"PHMRC","AP","no_shift","bfl_partial","LCVA","stan","batch1",1012,0.312952534191472,0.232209097485456,0.655915610477127
"PHMRC","AP","no_shift","bfl_partial","LCVA","stan","batch1",1013,0.305711987127916,0.234770430057028,0.650900357533162
"PHMRC","AP","no_shift","bfl_partial","LCVA","stan","batch1",1014,0.296057924376508,0.225248123827681,0.646423429999587
"PHMRC","AP","no_shift","bfl_partial","LCVA","stan","batch1",1015,0.29847144006436,0.224112471552539,0.655671815063757
"PHMRC","AP","no_shift","bfl_partial","LCVA","stan","batch1",1016,0.301689460981496,0.223590388767242,0.642633421687121
"PHMRC","AP","no_shift","bfl_partial","LCVA","stan","batch1",1017,0.316975060337892,0.242817403448896,0.657496563228667
"PHMRC","AP","no_shift","bfl_partial","LCVA","stan","batch1",1018,0.320997586484312,0.243582055018018,0.662263351470443
"PHMRC","AP","no_shift","bfl_partial","LCVA","stan","batch1",1019,0.296862429605792,0.229851681818291,0.643844225485023
"PHMRC","AP","no_shift","bfl_partial","LCVA","stan","batch1",1020,0.301689460981496,0.22489445143932,0.65966172390792
"PHMRC","AP","no_shift","bfl_partial","LCVA","stan","batch1",1021,0.308125502815768,0.234844097542777,0.650920293347808
"PHMRC","AP","no_shift","bfl_partial","LCVA","stan","batch1",1022,0.29847144006436,0.225244346747395,0.638157603692528
"PHMRC","AP","no_shift","bfl_partial","LCVA","stan","batch1",1023,0.316975060337892,0.237519574357976,0.654037795498228
"PHMRC","AP","no_shift","bfl_partial","LCVA","stan","batch1",1024,0.30249396621078,0.226680073928586,0.646665207512408
"PHMRC","AP","no_shift","bfl_partial","LCVA","stan","batch1",1025,0.300884955752212,0.225739527076343,0.654144119087125
"PHMRC","AP","no_shift","bfl_partial","LCVA","stan","batch1",1026,0.311343523732904,0.235891323149263,0.656661244660264
"PHMRC","AP","no_shift","bfl_partial","LCVA","stan","batch1",1027,0.311343523732904,0.236949569204904,0.65326605507069
"PHMRC","AP","no_shift","bfl_partial","LCVA","stan","batch1",1028,0.295253419147224,0.222470503960958,0.65006280989495
"PHMRC","AP","no_shift","bfl_partial","LCVA","stan","batch1",1029,0.296057924376508,0.219826835461853,0.652267331127196
"PHMRC","AP","no_shift","bfl_partial","LCVA","stan","batch1",1030,0.304102976669348,0.231740814683719,0.651784020703369
"PHMRC","Bohol","no_shift","bfl_partial","LCVA","stan","batch1",1001,0.306852035749752,0.211405072364797,0.816707547518689
"PHMRC","Bohol","no_shift","bfl_partial","LCVA","stan","batch1",1002,0.300893743793446,0.213106245689649,0.795827920519616
"PHMRC","Bohol","no_shift","bfl_partial","LCVA","stan","batch1",1003,0.312810327706058,0.214265330698707,0.820070648139302
"PHMRC","Bohol","no_shift","bfl_partial","LCVA","stan","batch1",1004,0.320754716981132,0.209658924378242,0.813568443608287
"PHMRC","Bohol","no_shift","bfl_partial","LCVA","stan","batch1",1005,0.30883813306852,0.196308756520426,0.809337173074368
"PHMRC","Bohol","no_shift","bfl_partial","LCVA","stan","batch1",1006,0.299900695134062,0.196930330451335,0.817670270145317
"PHMRC","Bohol","no_shift","bfl_partial","LCVA","stan","batch1",1007,0.307845084409136,0.20117397704744,0.827224052703602
"PHMRC","Bohol","no_shift","bfl_partial","LCVA","stan","batch1",1008,0.304865938430983,0.207240031479611,0.814735921744622
"PHMRC","Bohol","no_shift","bfl_partial","LCVA","stan","batch1",1009,0.30883813306852,0.197610476158637,0.807742988753892
"PHMRC","Bohol","no_shift","bfl_partial","LCVA","stan","batch1",1010,0.316782522343595,0.216960389939336,0.811142755717509
"PHMRC","Bohol","no_shift","bfl_partial","LCVA","stan","batch1",1011,0.304865938430983,0.209746416145242,0.82304244457828
"PHMRC","Bohol","no_shift","bfl_partial","LCVA","stan","batch1",1012,0.295928500496524,0.199714820411242,0.816183213650565
"PHMRC","Bohol","no_shift","bfl_partial","LCVA","stan","batch1",1013,0.318768619662363,0.214324906741305,0.825109741485255
"PHMRC","Bohol","no_shift","bfl_partial","LCVA","stan","batch1",1014,0.320754716981132,0.2013900110999,0.825100278228373
"PHMRC","Bohol","no_shift","bfl_partial","LCVA","stan","batch1",1015,0.309831181727905,0.208541611640768,0.812837473985292
"PHMRC","Bohol","no_shift","bfl_partial","LCVA","stan","batch1",1016,0.312810327706058,0.207749071409335,0.822443979467491
"PHMRC","Bohol","no_shift","bfl_partial","LCVA","stan","batch1",1017,0.306852035749752,0.189764650400381,0.816036088008988
"PHMRC","Bohol","no_shift","bfl_partial","LCVA","stan","batch1",1018,0.320754716981132,0.220858360813895,0.825655275680967
"PHMRC","Bohol","no_shift","bfl_partial","LCVA","stan","batch1",1019,0.30188679245283,0.205506109499265,0.815092674551771
"PHMRC","Bohol","no_shift","bfl_partial","LCVA","stan","batch1",1020,0.317775571002979,0.217883989058178,0.817201686393487
"PHMRC","Bohol","no_shift","bfl_partial","LCVA","stan","batch1",1021,0.299900695134062,0.21009296275679,0.814884639955697
"PHMRC","Bohol","no_shift","bfl_partial","LCVA","stan","batch1",1022,0.311817279046673,0.208273844034816,0.828113762976462
"PHMRC","Bohol","no_shift","bfl_partial","LCVA","stan","batch1",1023,0.306852035749752,0.203809584953535,0.813753004382092
"PHMRC","Bohol","no_shift","bfl_partial","LCVA","stan","batch1",1024,0.309831181727905,0.204548197791978,0.826688275452342
"PHMRC","Bohol","no_shift","bfl_partial","LCVA","stan","batch1",1025,0.311817279046673,0.210489989383743,0.811258217840787
"PHMRC","Bohol","no_shift","bfl_partial","LCVA","stan","batch1",1026,0.305858987090367,0.195506324063232,0.809131134264279
"PHMRC","Bohol","no_shift","bfl_partial","LCVA","stan","batch1",1027,0.316782522343595,0.212940298469283,0.812406921752208
"PHMRC","Bohol","no_shift","bfl_partial","LCVA","stan","batch1",1028,0.295928500496524,0.206065487388455,0.811743096396454
"PHMRC","Bohol","no_shift","bfl_partial","LCVA","stan","batch1",1029,0.299900695134062,0.206069390005307,0.82118791256963
"PHMRC","Bohol","no_shift","bfl_partial","LCVA","stan","batch1",1030,0.30883813306852,0.213660829361853,0.826123982536939
"PHMRC","Dar","no_shift","bfl_partial","LCVA","stan","batch1",1001,0.250543084721217,0.151841398727469,0.665251674103076
"PHMRC","Dar","no_shift","bfl_partial","LCVA","stan","batch1",1002,0.259232440260681,0.154262095656584,0.683616049869902
"PHMRC","Dar","no_shift","bfl_partial","LCVA","stan","batch1",1003,0.251267197682839,0.152187486950867,0.674046301684144
"PHMRC","Dar","no_shift","bfl_partial","LCVA","stan","batch1",1004,0.245474293989862,0.149218753655357,0.671452757618
"PHMRC","Dar","no_shift","bfl_partial","LCVA","stan","batch1",1005,0.260680666183925,0.15804130448683,0.683574436718622
"PHMRC","Dar","no_shift","bfl_partial","LCVA","stan","batch1",1006,0.254163649529327,0.160379123263165,0.67056276527959
"PHMRC","Dar","no_shift","bfl_partial","LCVA","stan","batch1",1007,0.252715423606083,0.14900151062653,0.678435192009456
"PHMRC","Dar","no_shift","bfl_partial","LCVA","stan","batch1",1008,0.254887762490949,0.159495654096853,0.671224722007254
"PHMRC","Dar","no_shift","bfl_partial","LCVA","stan","batch1",1009,0.262853005068791,0.16395727152247,0.680156913587013
"PHMRC","Dar","no_shift","bfl_partial","LCVA","stan","batch1",1010,0.260680666183925,0.14749120673708,0.689197704011352
"PHMRC","Dar","no_shift","bfl_partial","LCVA","stan","batch1",1011,0.24837074583635,0.146065114679473,0.671260946802868
"PHMRC","Dar","no_shift","bfl_partial","LCVA","stan","batch1",1012,0.252715423606083,0.159398489675154,0.680033801813563
"PHMRC","Dar","no_shift","bfl_partial","LCVA","stan","batch1",1013,0.257784214337437,0.167267296769327,0.679843908276711
"PHMRC","Dar","no_shift","bfl_partial","LCVA","stan","batch1",1014,0.251991310644461,0.155562361382975,0.67057992878489
"PHMRC","Dar","no_shift","bfl_partial","LCVA","stan","batch1",1015,0.249094858797972,0.151492068020496,0.678085969892204
"PHMRC","Dar","no_shift","bfl_partial","LCVA","stan","batch1",1016,0.259956553222303,0.154251913664375,0.678654335266408
"PHMRC","Dar","no_shift","bfl_partial","LCVA","stan","batch1",1017,0.258508327299059,0.156129557476518,0.6810093137172
"PHMRC","Dar","no_shift","bfl_partial","LCVA","stan","batch1",1018,0.249094858797972,0.159669896719956,0.67628769499566
"PHMRC","Dar","no_shift","bfl_partial","LCVA","stan","batch1",1019,0.249094858797972,0.157530062692652,0.664119996437422
"PHMRC","Dar","no_shift","bfl_partial","LCVA","stan","batch1",1020,0.257060101375815,0.150544154900757,0.66796511531387
"PHMRC","Dar","no_shift","bfl_partial","LCVA","stan","batch1",1021,0.265749456915279,0.168601694970168,0.682507827908649
"PHMRC","Dar","no_shift","bfl_partial","LCVA","stan","batch1",1022,0.251267197682839,0.157761215374628,0.663603556541591
"PHMRC","Dar","no_shift","bfl_partial","LCVA","stan","batch1",1023,0.249094858797972,0.159701322211727,0.675123322307773
"PHMRC","Dar","no_shift","bfl_partial","LCVA","stan","batch1",1024,0.253439536567705,0.153853569450254,0.684549149822392
"PHMRC","Dar","no_shift","bfl_partial","LCVA","stan","batch1",1025,0.249818971759594,0.150020338635097,0.679271329871985
"PHMRC","Dar","no_shift","bfl_partial","LCVA","stan","batch1",1026,0.257060101375815,0.156797386094575,0.676613028569592
"PHMRC","Dar","no_shift","bfl_partial","LCVA","stan","batch1",1027,0.258508327299059,0.157819246606815,0.678470975537739
"PHMRC","Dar","no_shift","bfl_partial","LCVA","stan","batch1",1028,0.257784214337437,0.154582816320848,0.679360024797488
"PHMRC","Dar","no_shift","bfl_partial","LCVA","stan","batch1",1029,0.265749456915279,0.156311777673545,0.684743522630967
"PHMRC","Dar","no_shift","bfl_partial","LCVA","stan","batch1",1030,0.257060101375815,0.162753257098466,0.678113851750018
"PHMRC","Mexico","no_shift","bfl_partial","LCVA","stan","batch1",1001,0.25531914893617,0.229362262743106,0.784432383678264
"PHMRC","Mexico","no_shift","bfl_partial","LCVA","stan","batch1",1002,0.250591016548463,0.219437949047102,0.796716387618297
"PHMRC","Mexico","no_shift","bfl_partial","LCVA","stan","batch1",1003,0.237982663514578,0.209805751932539,0.793968924082727
"PHMRC","Mexico","no_shift","bfl_partial","LCVA","stan","batch1",1004,0.249802994483846,0.176285104816219,0.787136482068401
"PHMRC","Mexico","no_shift","bfl_partial","LCVA","stan","batch1",1005,0.230890464933018,0.208383230599612,0.77433885177208
"PHMRC","Mexico","no_shift","bfl_partial","LCVA","stan","batch1",1006,0.261623325453113,0.232803404291724,0.788716143073002
"PHMRC","Mexico","no_shift","bfl_partial","LCVA","stan","batch1",1007,0.249014972419228,0.219995291284355,0.797647224898089
"PHMRC","Mexico","no_shift","bfl_partial","LCVA","stan","batch1",1008,0.256107171000788,0.231593759644818,0.792102110982272
"PHMRC","Mexico","no_shift","bfl_partial","LCVA","stan","batch1",1009,0.240346729708432,0.204928003897507,0.783654405422297
"PHMRC","Mexico","no_shift","bfl_partial","LCVA","stan","batch1",1010,0.235618597320725,0.181366157395936,0.77760117206404
"PHMRC","Mexico","no_shift","bfl_partial","LCVA","stan","batch1",1011,0.247438928289992,0.176541594961905,0.793335541738642
"PHMRC","Mexico","no_shift","bfl_partial","LCVA","stan","batch1",1012,0.240346729708432,0.214089281698297,0.786745360929906
"PHMRC","Mexico","no_shift","bfl_partial","LCVA","stan","batch1",1013,0.250591016548463,0.186737101773236,0.78391197947761
"PHMRC","Mexico","no_shift","bfl_partial","LCVA","stan","batch1",1014,0.244286840031521,0.220502750645297,0.779881580667085
"PHMRC","Mexico","no_shift","bfl_partial","LCVA","stan","batch1",1015,0.244286840031521,0.222452951678841,0.776161470605459
"PHMRC","Mexico","no_shift","bfl_partial","LCVA","stan","batch1",1016,0.24113475177305,0.185347172182777,0.792857785662111
"PHMRC","Mexico","no_shift","bfl_partial","LCVA","stan","batch1",1017,0.254531126871552,0.21811627802079,0.791859043018352
"PHMRC","Mexico","no_shift","bfl_partial","LCVA","stan","batch1",1018,0.243498817966903,0.188998292622893,0.784281676323797
"PHMRC","Mexico","no_shift","bfl_partial","LCVA","stan","batch1",1019,0.247438928289992,0.217662033828277,0.770299697790163
"PHMRC","Mexico","no_shift","bfl_partial","LCVA","stan","batch1",1020,0.259259259259259,0.23498951185604,0.779420034317341
"PHMRC","Mexico","no_shift","bfl_partial","LCVA","stan","batch1",1021,0.247438928289992,0.220281799869114,0.789726672379238
"PHMRC","Mexico","no_shift","bfl_partial","LCVA","stan","batch1",1022,0.265563435776202,0.19634130808582,0.794058933716448
"PHMRC","Mexico","no_shift","bfl_partial","LCVA","stan","batch1",1023,0.247438928289992,0.181911373115288,0.781013951875386
"PHMRC","Mexico","no_shift","bfl_partial","LCVA","stan","batch1",1024,0.242710795902285,0.178789786100855,0.78815578004295
"PHMRC","Mexico","no_shift","bfl_partial","LCVA","stan","batch1",1025,0.249802994483846,0.221025254752138,0.798443463206226
"PHMRC","Mexico","no_shift","bfl_partial","LCVA","stan","batch1",1026,0.239558707643814,0.211508215855412,0.789681316019359
"PHMRC","Mexico","no_shift","bfl_partial","LCVA","stan","batch1",1027,0.259259259259259,0.221852012716765,0.784111133265333
"PHMRC","Mexico","no_shift","bfl_partial","LCVA","stan","batch1",1028,0.24113475177305,0.183287059201725,0.776110564972906
"PHMRC","Mexico","no_shift","bfl_partial","LCVA","stan","batch1",1029,0.254531126871552,0.190544188859204,0.780641762147642
"PHMRC","Mexico","no_shift","bfl_partial","LCVA","stan","batch1",1030,0.24822695035461,0.178292454202393,0.785382412021566
"PHMRC","Pemba","no_shift","bfl_partial","LCVA","stan","batch1",1001,0.382352941176471,0.356242529055029,0.642713957132025
"PHMRC","Pemba","no_shift","bfl_partial","LCVA","stan","batch1",1002,0.390756302521008,0.30725776868397,0.641770355365409
"PHMRC","Pemba","no_shift","bfl_partial","LCVA","stan","batch1",1003,0.403361344537815,0.328298227754749,0.657329646321908
"PHMRC","Pemba","no_shift","bfl_partial","LCVA","stan","batch1",1004,0.369747899159664,0.346943818818819,0.63458667998486
"PHMRC","Pemba","no_shift","bfl_partial","LCVA","stan","batch1",1005,0.361344537815126,0.275199404974821,0.648007382960331
"PHMRC","Pemba","no_shift","bfl_partial","LCVA","stan","batch1",1006,0.390756302521008,0.355050689799331,0.656469970609571
"PHMRC","Pemba","no_shift","bfl_partial","LCVA","stan","batch1",1007,0.399159663865546,0.287098908973909,0.655139433234665
"PHMRC","Pemba","no_shift","bfl_partial","LCVA","stan","batch1",1008,0.373949579831933,0.331054505135387,0.657166432511905
"PHMRC","Pemba","no_shift","bfl_partial","LCVA","stan","batch1",1009,0.373949579831933,0.27928253811406,0.643453550752897
"PHMRC","Pemba","no_shift","bfl_partial","LCVA","stan","batch1",1010,0.369747899159664,0.339681305214393,0.640636036260263
"PHMRC","Pemba","no_shift","bfl_partial","LCVA","stan","batch1",1011,0.348739495798319,0.280623638344227,0.636000370659126
"PHMRC","Pemba","no_shift","bfl_partial","LCVA","stan","batch1",1012,0.373949579831933,0.310225106264508,0.64178618559525
"PHMRC","Pemba","no_shift","bfl_partial","LCVA","stan","batch1",1013,0.357142857142857,0.314630124079137,0.635624206560848
"PHMRC","Pemba","no_shift","bfl_partial","LCVA","stan","batch1",1014,0.378151260504202,0.311517429938483,0.646952897844108
"PHMRC","Pemba","no_shift","bfl_partial","LCVA","stan","batch1",1015,0.390756302521008,0.356340881340881,0.65340331373116
"PHMRC","Pemba","no_shift","bfl_partial","LCVA","stan","batch1",1016,0.348739495798319,0.315967951766007,0.624174607247109
"PHMRC","Pemba","no_shift","bfl_partial","LCVA","stan","batch1",1017,0.34453781512605,0.32937735246177,0.634746677160128
"PHMRC","Pemba","no_shift","bfl_partial","LCVA","stan","batch1",1018,0.378151260504202,0.346552339349718,0.63010115930076
"PHMRC","Pemba","no_shift","bfl_partial","LCVA","stan","batch1",1019,0.365546218487395,0.296178300865801,0.650057669068195
"PHMRC","Pemba","no_shift","bfl_partial","LCVA","stan","batch1",1020,0.390756302521008,0.309219388703084,0.642392558623074
"PHMRC","Pemba","no_shift","bfl_partial","LCVA","stan","batch1",1021,0.382352941176471,0.319503687102371,0.641367623921571
"PHMRC","Pemba","no_shift","bfl_partial","LCVA","stan","batch1",1022,0.394957983193277,0.300517929102488,0.652456984690429
"PHMRC","Pemba","no_shift","bfl_partial","LCVA","stan","batch1",1023,0.373949579831933,0.325365378408142,0.632493209617621
"PHMRC","Pemba","no_shift","bfl_partial","LCVA","stan","batch1",1024,0.369747899159664,0.31584040959041,0.638526587035027
"PHMRC","Pemba","no_shift","bfl_partial","LCVA","stan","batch1",1025,0.38655462184874,0.315212145375189,0.6479198201257
"PHMRC","Pemba","no_shift","bfl_partial","LCVA","stan","batch1",1026,0.378151260504202,0.328057677616501,0.639120635040193
"PHMRC","Pemba","no_shift","bfl_partial","LCVA","stan","batch1",1027,0.394957983193277,0.360945688083846,0.658500455388325
"PHMRC","Pemba","no_shift","bfl_partial","LCVA","stan","batch1",1028,0.369747899159664,0.340352964857441,0.634734802191206
"PHMRC","Pemba","no_shift","bfl_partial","LCVA","stan","batch1",1029,0.348739495798319,0.337178033659889,0.629619473917443
"PHMRC","Pemba","no_shift","bfl_partial","LCVA","stan","batch1",1030,0.382352941176471,0.351251929376929,0.652554799048255
"PHMRC","UP","no_shift","bfl_partial","LCVA","stan","batch1",1001,0.338325991189427,0.273453258477561,0.682333290039941
"PHMRC","UP","no_shift","bfl_partial","LCVA","stan","batch1",1002,0.319823788546255,0.253362827733368,0.662979076780534
"PHMRC","UP","no_shift","bfl_partial","LCVA","stan","batch1",1003,0.324229074889868,0.257759337767504,0.671129159240072
"PHMRC","UP","no_shift","bfl_partial","LCVA","stan","batch1",1004,0.318942731277533,0.253624234588293,0.671171256965158
"PHMRC","UP","no_shift","bfl_partial","LCVA","stan","batch1",1005,0.325991189427313,0.255532400033601,0.68792370338262
"PHMRC","UP","no_shift","bfl_partial","LCVA","stan","batch1",1006,0.331277533039648,0.264040721424716,0.678015605108888
"PHMRC","UP","no_shift","bfl_partial","LCVA","stan","batch1",1007,0.323348017621145,0.253458767610473,0.678522825267962
"PHMRC","UP","no_shift","bfl_partial","LCVA","stan","batch1",1008,0.312775330396476,0.255886684917285,0.664893315145993
"PHMRC","UP","no_shift","bfl_partial","LCVA","stan","batch1",1009,0.327753303964758,0.255447837473618,0.671484473440689
"PHMRC","UP","no_shift","bfl_partial","LCVA","stan","batch1",1010,0.329515418502203,0.261646950968137,0.675875647458423
"PHMRC","UP","no_shift","bfl_partial","LCVA","stan","batch1",1011,0.327753303964758,0.259998471835593,0.669592731134486
"PHMRC","UP","no_shift","bfl_partial","LCVA","stan","batch1",1012,0.32511013215859,0.253340327827572,0.672496820997205
"PHMRC","UP","no_shift","bfl_partial","LCVA","stan","batch1",1013,0.325991189427313,0.266547308482612,0.67381011684624
"PHMRC","UP","no_shift","bfl_partial","LCVA","stan","batch1",1014,0.325991189427313,0.250101380380916,0.674441002153442
"PHMRC","UP","no_shift","bfl_partial","LCVA","stan","batch1",1015,0.319823788546255,0.248013487824104,0.661618381745409
"PHMRC","UP","no_shift","bfl_partial","LCVA","stan","batch1",1016,0.33920704845815,0.270140503367171,0.681629771757698
"PHMRC","UP","no_shift","bfl_partial","LCVA","stan","batch1",1017,0.333920704845815,0.258885515040977,0.690152513509008
"PHMRC","UP","no_shift","bfl_partial","LCVA","stan","batch1",1018,0.318061674008811,0.252618465339206,0.677556785704743
"PHMRC","UP","no_shift","bfl_partial","LCVA","stan","batch1",1019,0.326872246696035,0.266438842119502,0.66193794537042
"PHMRC","UP","no_shift","bfl_partial","LCVA","stan","batch1",1020,0.317180616740088,0.256516226288791,0.666570157647275
"PHMRC","UP","no_shift","bfl_partial","LCVA","stan","batch1",1021,0.323348017621145,0.258138187555715,0.671630776173806
"PHMRC","UP","no_shift","bfl_partial","LCVA","stan","batch1",1022,0.3215859030837,0.250574195294324,0.670758427357876
"PHMRC","UP","no_shift","bfl_partial","LCVA","stan","batch1",1023,0.333039647577093,0.265523178887249,0.682494754519856
"PHMRC","UP","no_shift","bfl_partial","LCVA","stan","batch1",1024,0.334801762114537,0.271221142277877,0.679278585893328
"PHMRC","UP","no_shift","bfl_partial","LCVA","stan","batch1",1025,0.331277533039648,0.265464714951308,0.680443620942571
"PHMRC","UP","no_shift","bfl_partial","LCVA","stan","batch1",1026,0.318942731277533,0.259254103970892,0.662650144174163
"PHMRC","UP","no_shift","bfl_partial","LCVA","stan","batch1",1027,0.33215859030837,0.26818349228459,0.675725560984527
"PHMRC","UP","no_shift","bfl_partial","LCVA","stan","batch1",1028,0.323348017621145,0.262662431411646,0.665676178391402
"PHMRC","UP","no_shift","bfl_partial","LCVA","stan","batch1",1029,0.322466960352423,0.257273951128499,0.673838081592024
"PHMRC","UP","no_shift","bfl_partial","LCVA","stan","batch1",1030,0.318942731277533,0.258975216205802,0.666126184856858
"PHMRC","AP","no_shift","gbql_0.5","LCVA",NA,"batch1",1001,NA,NA,0.289778377966069
"PHMRC","AP","no_shift","gbql_0.5","LCVA",NA,"batch1",1002,NA,NA,0.227439111108367
"PHMRC","AP","no_shift","gbql_0.5","LCVA",NA,"batch1",1003,NA,NA,0.276373792073613
"PHMRC","AP","no_shift","gbql_0.5","LCVA",NA,"batch1",1004,NA,NA,0.301327021518386
"PHMRC","AP","no_shift","gbql_0.5","LCVA",NA,"batch1",1005,NA,NA,0.261835664329964
"PHMRC","AP","no_shift","gbql_0.5","LCVA",NA,"batch1",1006,NA,NA,0.277911503458503
"PHMRC","AP","no_shift","gbql_0.5","LCVA",NA,"batch1",1007,NA,NA,0.301077489565962
"PHMRC","AP","no_shift","gbql_0.5","LCVA",NA,"batch1",1008,NA,NA,0.325679193598851
"PHMRC","AP","no_shift","gbql_0.5","LCVA",NA,"batch1",1009,NA,NA,0.223087486177135
"PHMRC","AP","no_shift","gbql_0.5","LCVA",NA,"batch1",1010,NA,NA,0.280816796083287
"PHMRC","AP","no_shift","gbql_0.5","LCVA",NA,"batch1",1011,NA,NA,0.359299738550722
"PHMRC","AP","no_shift","gbql_0.5","LCVA",NA,"batch1",1012,NA,NA,0.288451327592097
"PHMRC","AP","no_shift","gbql_0.5","LCVA",NA,"batch1",1013,NA,NA,0.278751593928257
"PHMRC","AP","no_shift","gbql_0.5","LCVA",NA,"batch1",1014,NA,NA,0.283947529189179
"PHMRC","AP","no_shift","gbql_0.5","LCVA",NA,"batch1",1015,NA,NA,0.346926180426557
"PHMRC","AP","no_shift","gbql_0.5","LCVA",NA,"batch1",1016,NA,NA,0.287366443271842
"PHMRC","AP","no_shift","gbql_0.5","LCVA",NA,"batch1",1017,NA,NA,0.293931699496885
"PHMRC","AP","no_shift","gbql_0.5","LCVA",NA,"batch1",1018,NA,NA,0.268645098154202
"PHMRC","AP","no_shift","gbql_0.5","LCVA",NA,"batch1",1019,NA,NA,0.273488312607509
"PHMRC","AP","no_shift","gbql_0.5","LCVA",NA,"batch1",1020,NA,NA,0.302358802620253
"PHMRC","AP","no_shift","gbql_0.5","LCVA",NA,"batch1",1021,NA,NA,0.207767282923323
"PHMRC","AP","no_shift","gbql_0.5","LCVA",NA,"batch1",1022,NA,NA,0.239927952517618
"PHMRC","AP","no_shift","gbql_0.5","LCVA",NA,"batch1",1023,NA,NA,0.329685631976801
"PHMRC","AP","no_shift","gbql_0.5","LCVA",NA,"batch1",1024,NA,NA,0.29925769538277
"PHMRC","AP","no_shift","gbql_0.5","LCVA",NA,"batch1",1025,NA,NA,0.249473445205483
"PHMRC","AP","no_shift","gbql_0.5","LCVA",NA,"batch1",1026,NA,NA,0.326752179272639
"PHMRC","AP","no_shift","gbql_0.5","LCVA",NA,"batch1",1027,NA,NA,0.344243401629719
"PHMRC","AP","no_shift","gbql_0.5","LCVA",NA,"batch1",1028,NA,NA,0.294541884463479
"PHMRC","AP","no_shift","gbql_0.5","LCVA",NA,"batch1",1029,NA,NA,0.300755420172756
"PHMRC","AP","no_shift","gbql_0.5","LCVA",NA,"batch1",1030,NA,NA,0.288888005960702
"PHMRC","Bohol","no_shift","gbql_0.5","LCVA",NA,"batch1",1001,NA,NA,0.349491697202725
"PHMRC","Bohol","no_shift","gbql_0.5","LCVA",NA,"batch1",1002,NA,NA,0.240723423298234
"PHMRC","Bohol","no_shift","gbql_0.5","LCVA",NA,"batch1",1003,NA,NA,0.252058744672569
"PHMRC","Bohol","no_shift","gbql_0.5","LCVA",NA,"batch1",1004,NA,NA,0.234260926107177
"PHMRC","Bohol","no_shift","gbql_0.5","LCVA",NA,"batch1",1005,NA,NA,0.396170633527721
"PHMRC","Bohol","no_shift","gbql_0.5","LCVA",NA,"batch1",1006,NA,NA,0.242083324949312
"PHMRC","Bohol","no_shift","gbql_0.5","LCVA",NA,"batch1",1007,NA,NA,0.476148033918477
"PHMRC","Bohol","no_shift","gbql_0.5","LCVA",NA,"batch1",1008,NA,NA,0.342868630456143
"PHMRC","Bohol","no_shift","gbql_0.5","LCVA",NA,"batch1",1009,NA,NA,0.361157178185424
"PHMRC","Bohol","no_shift","gbql_0.5","LCVA",NA,"batch1",1010,NA,NA,0.416393621018805
"PHMRC","Bohol","no_shift","gbql_0.5","LCVA",NA,"batch1",1011,NA,NA,0.355229995757056
"PHMRC","Bohol","no_shift","gbql_0.5","LCVA",NA,"batch1",1012,NA,NA,0.39174736637771
"PHMRC","Bohol","no_shift","gbql_0.5","LCVA",NA,"batch1",1013,NA,NA,0.321940658634035
"PHMRC","Bohol","no_shift","gbql_0.5","LCVA",NA,"batch1",1014,NA,NA,0.343916893789822
"PHMRC","Bohol","no_shift","gbql_0.5","LCVA",NA,"batch1",1015,NA,NA,0.387947828900156
"PHMRC","Bohol","no_shift","gbql_0.5","LCVA",NA,"batch1",1016,NA,NA,0.432299304689632
"PHMRC","Bohol","no_shift","gbql_0.5","LCVA",NA,"batch1",1017,NA,NA,0.361176423823866
"PHMRC","Bohol","no_shift","gbql_0.5","LCVA",NA,"batch1",1018,NA,NA,0.233032817018173
"PHMRC","Bohol","no_shift","gbql_0.5","LCVA",NA,"batch1",1019,NA,NA,0.439807938447463
"PHMRC","Bohol","no_shift","gbql_0.5","LCVA",NA,"batch1",1020,NA,NA,0.410200192931175
"PHMRC","Bohol","no_shift","gbql_0.5","LCVA",NA,"batch1",1021,NA,NA,0.349114761994909
"PHMRC","Bohol","no_shift","gbql_0.5","LCVA",NA,"batch1",1022,NA,NA,0.37007370814024
"PHMRC","Bohol","no_shift","gbql_0.5","LCVA",NA,"batch1",1023,NA,NA,0.447322817912773
"PHMRC","Bohol","no_shift","gbql_0.5","LCVA",NA,"batch1",1024,NA,NA,0.368689003974205
"PHMRC","Bohol","no_shift","gbql_0.5","LCVA",NA,"batch1",1025,NA,NA,0.229084854422638
"PHMRC","Bohol","no_shift","gbql_0.5","LCVA",NA,"batch1",1026,NA,NA,0.428049523176426
"PHMRC","Bohol","no_shift","gbql_0.5","LCVA",NA,"batch1",1027,NA,NA,0.282083664430307
"PHMRC","Bohol","no_shift","gbql_0.5","LCVA",NA,"batch1",1028,NA,NA,0.385664073224479
"PHMRC","Bohol","no_shift","gbql_0.5","LCVA",NA,"batch1",1029,NA,NA,0.426896621520026
"PHMRC","Bohol","no_shift","gbql_0.5","LCVA",NA,"batch1",1030,NA,NA,0.330190658755484
"PHMRC","Dar","no_shift","gbql_0.5","LCVA",NA,"batch1",1001,NA,NA,0.226959370064192
"PHMRC","Dar","no_shift","gbql_0.5","LCVA",NA,"batch1",1002,NA,NA,0.219911792591279
"PHMRC","Dar","no_shift","gbql_0.5","LCVA",NA,"batch1",1003,NA,NA,0.308227481315085
"PHMRC","Dar","no_shift","gbql_0.5","LCVA",NA,"batch1",1004,NA,NA,0.309996161930261
"PHMRC","Dar","no_shift","gbql_0.5","LCVA",NA,"batch1",1005,NA,NA,0.272332958319066
"PHMRC","Dar","no_shift","gbql_0.5","LCVA",NA,"batch1",1006,NA,NA,0.222910606797586
"PHMRC","Dar","no_shift","gbql_0.5","LCVA",NA,"batch1",1007,NA,NA,0.396453706085513
"PHMRC","Dar","no_shift","gbql_0.5","LCVA",NA,"batch1",1008,NA,NA,0.287378245532223
"PHMRC","Dar","no_shift","gbql_0.5","LCVA",NA,"batch1",1009,NA,NA,0.264253509344039
"PHMRC","Dar","no_shift","gbql_0.5","LCVA",NA,"batch1",1010,NA,NA,0.244846901284563
"PHMRC","Dar","no_shift","gbql_0.5","LCVA",NA,"batch1",1011,NA,NA,0.24207163741131
"PHMRC","Dar","no_shift","gbql_0.5","LCVA",NA,"batch1",1012,NA,NA,0.210494402074474
"PHMRC","Dar","no_shift","gbql_0.5","LCVA",NA,"batch1",1013,NA,NA,0.216138253334696
"PHMRC","Dar","no_shift","gbql_0.5","LCVA",NA,"batch1",1014,NA,NA,0.246566975537889
"PHMRC","Dar","no_shift","gbql_0.5","LCVA",NA,"batch1",1015,NA,NA,0.232109157103456
"PHMRC","Dar","no_shift","gbql_0.5","LCVA",NA,"batch1",1016,NA,NA,0.203621957143729
"PHMRC","Dar","no_shift","gbql_0.5","LCVA",NA,"batch1",1017,NA,NA,0.33528787717626
"PHMRC","Dar","no_shift","gbql_0.5","LCVA",NA,"batch1",1018,NA,NA,0.299621739683879
"PHMRC","Dar","no_shift","gbql_0.5","LCVA",NA,"batch1",1019,NA,NA,0.250401485031387
"PHMRC","Dar","no_shift","gbql_0.5","LCVA",NA,"batch1",1020,NA,NA,0.278213711629792
"PHMRC","Dar","no_shift","gbql_0.5","LCVA",NA,"batch1",1021,NA,NA,0.237847891426875
"PHMRC","Dar","no_shift","gbql_0.5","LCVA",NA,"batch1",1022,NA,NA,0.300856120308466
"PHMRC","Dar","no_shift","gbql_0.5","LCVA",NA,"batch1",1023,NA,NA,0.258197084146403
"PHMRC","Dar","no_shift","gbql_0.5","LCVA",NA,"batch1",1024,NA,NA,0.200298812581489
"PHMRC","Dar","no_shift","gbql_0.5","LCVA",NA,"batch1",1025,NA,NA,0.265015763240979
"PHMRC","Dar","no_shift","gbql_0.5","LCVA",NA,"batch1",1026,NA,NA,0.35605548801137
"PHMRC","Dar","no_shift","gbql_0.5","LCVA",NA,"batch1",1027,NA,NA,0.238621609978306
"PHMRC","Dar","no_shift","gbql_0.5","LCVA",NA,"batch1",1028,NA,NA,0.209094519948433
"PHMRC","Dar","no_shift","gbql_0.5","LCVA",NA,"batch1",1029,NA,NA,0.207353019696018
"PHMRC","Dar","no_shift","gbql_0.5","LCVA",NA,"batch1",1030,NA,NA,0.221414191306857
"PHMRC","Mexico","no_shift","gbql_0.5","LCVA",NA,"batch1",1001,NA,NA,0.266058426429831
"PHMRC","Mexico","no_shift","gbql_0.5","LCVA",NA,"batch1",1002,NA,NA,0.394921050894601
"PHMRC","Mexico","no_shift","gbql_0.5","LCVA",NA,"batch1",1003,NA,NA,0.267929923564287
"PHMRC","Mexico","no_shift","gbql_0.5","LCVA",NA,"batch1",1004,NA,NA,0.260808283837517
"PHMRC","Mexico","no_shift","gbql_0.5","LCVA",NA,"batch1",1005,NA,NA,0.277738088313567
"PHMRC","Mexico","no_shift","gbql_0.5","LCVA",NA,"batch1",1006,NA,NA,0.327002867739451
"PHMRC","Mexico","no_shift","gbql_0.5","LCVA",NA,"batch1",1007,NA,NA,0.412285999450847
"PHMRC","Mexico","no_shift","gbql_0.5","LCVA",NA,"batch1",1008,NA,NA,0.201849393936681
"PHMRC","Mexico","no_shift","gbql_0.5","LCVA",NA,"batch1",1009,NA,NA,0.263742435155495
"PHMRC","Mexico","no_shift","gbql_0.5","LCVA",NA,"batch1",1010,NA,NA,0.316285863792653
"PHMRC","Mexico","no_shift","gbql_0.5","LCVA",NA,"batch1",1011,NA,NA,0.338969062704022
"PHMRC","Mexico","no_shift","gbql_0.5","LCVA",NA,"batch1",1012,NA,NA,0.316618584088875
"PHMRC","Mexico","no_shift","gbql_0.5","LCVA",NA,"batch1",1013,NA,NA,0.262971727818847
"PHMRC","Mexico","no_shift","gbql_0.5","LCVA",NA,"batch1",1014,NA,NA,0.317567474117811
"PHMRC","Mexico","no_shift","gbql_0.5","LCVA",NA,"batch1",1015,NA,NA,0.325252551602574
"PHMRC","Mexico","no_shift","gbql_0.5","LCVA",NA,"batch1",1016,NA,NA,0.275565862438192
"PHMRC","Mexico","no_shift","gbql_0.5","LCVA",NA,"batch1",1017,NA,NA,0.26083292488894
"PHMRC","Mexico","no_shift","gbql_0.5","LCVA",NA,"batch1",1018,NA,NA,0.268029531123813
"PHMRC","Mexico","no_shift","gbql_0.5","LCVA",NA,"batch1",1019,NA,NA,0.270826931006198
"PHMRC","Mexico","no_shift","gbql_0.5","LCVA",NA,"batch1",1020,NA,NA,0.268376298808039
"PHMRC","Mexico","no_shift","gbql_0.5","LCVA",NA,"batch1",1021,NA,NA,0.275855627377394
"PHMRC","Mexico","no_shift","gbql_0.5","LCVA",NA,"batch1",1022,NA,NA,0.270629408914144
"PHMRC","Mexico","no_shift","gbql_0.5","LCVA",NA,"batch1",1023,NA,NA,0.253037141070882
"PHMRC","Mexico","no_shift","gbql_0.5","LCVA",NA,"batch1",1024,NA,NA,0.263109689201613
"PHMRC","Mexico","no_shift","gbql_0.5","LCVA",NA,"batch1",1025,NA,NA,0.367905237544732
"PHMRC","Mexico","no_shift","gbql_0.5","LCVA",NA,"batch1",1026,NA,NA,0.288979659608803
"PHMRC","Mexico","no_shift","gbql_0.5","LCVA",NA,"batch1",1027,NA,NA,0.333983075476459
"PHMRC","Mexico","no_shift","gbql_0.5","LCVA",NA,"batch1",1028,NA,NA,0.274455621948033
"PHMRC","Mexico","no_shift","gbql_0.5","LCVA",NA,"batch1",1029,NA,NA,0.27199783023968
"PHMRC","Mexico","no_shift","gbql_0.5","LCVA",NA,"batch1",1030,NA,NA,0.27278763558149
"PHMRC","Pemba","no_shift","gbql_0.5","LCVA",NA,"batch1",1001,NA,NA,0.485834443855784
"PHMRC","Pemba","no_shift","gbql_0.5","LCVA",NA,"batch1",1002,NA,NA,0.574438268460532
"PHMRC","Pemba","no_shift","gbql_0.5","LCVA",NA,"batch1",1003,NA,NA,0.473991292922049
"PHMRC","Pemba","no_shift","gbql_0.5","LCVA",NA,"batch1",1004,NA,NA,0.651237882288455
"PHMRC","Pemba","no_shift","gbql_0.5","LCVA",NA,"batch1",1005,NA,NA,0.47715682544094
"PHMRC","Pemba","no_shift","gbql_0.5","LCVA",NA,"batch1",1006,NA,NA,0.497569554794867
"PHMRC","Pemba","no_shift","gbql_0.5","LCVA",NA,"batch1",1007,NA,NA,0.482055105958551
"PHMRC","Pemba","no_shift","gbql_0.5","LCVA",NA,"batch1",1008,NA,NA,0.617884535381646
"PHMRC","Pemba","no_shift","gbql_0.5","LCVA",NA,"batch1",1009,NA,NA,0.706672458518707
"PHMRC","Pemba","no_shift","gbql_0.5","LCVA",NA,"batch1",1010,NA,NA,0.480492659027617
"PHMRC","Pemba","no_shift","gbql_0.5","LCVA",NA,"batch1",1011,NA,NA,0.490769666455151
"PHMRC","Pemba","no_shift","gbql_0.5","LCVA",NA,"batch1",1012,NA,NA,0.484603883831626
"PHMRC","Pemba","no_shift","gbql_0.5","LCVA",NA,"batch1",1013,NA,NA,0.695578776138399
"PHMRC","Pemba","no_shift","gbql_0.5","LCVA",NA,"batch1",1014,NA,NA,0.468312558620982
"PHMRC","Pemba","no_shift","gbql_0.5","LCVA",NA,"batch1",1015,NA,NA,0.606281242637904
"PHMRC","Pemba","no_shift","gbql_0.5","LCVA",NA,"batch1",1016,NA,NA,0.469145851611768
"PHMRC","Pemba","no_shift","gbql_0.5","LCVA",NA,"batch1",1017,NA,NA,0.581081957777503
"PHMRC","Pemba","no_shift","gbql_0.5","LCVA",NA,"batch1",1018,NA,NA,0.608895156014629
"PHMRC","Pemba","no_shift","gbql_0.5","LCVA",NA,"batch1",1019,NA,NA,0.47502821994787
"PHMRC","Pemba","no_shift","gbql_0.5","LCVA",NA,"batch1",1020,NA,NA,0.68417648723094
"PHMRC","Pemba","no_shift","gbql_0.5","LCVA",NA,"batch1",1021,NA,NA,0.529848339352471
"PHMRC","Pemba","no_shift","gbql_0.5","LCVA",NA,"batch1",1022,NA,NA,0.505334264512642
"PHMRC","Pemba","no_shift","gbql_0.5","LCVA",NA,"batch1",1023,NA,NA,0.49227945149816
"PHMRC","Pemba","no_shift","gbql_0.5","LCVA",NA,"batch1",1024,NA,NA,0.451115953293388
"PHMRC","Pemba","no_shift","gbql_0.5","LCVA",NA,"batch1",1025,NA,NA,0.66874797602636
"PHMRC","Pemba","no_shift","gbql_0.5","LCVA",NA,"batch1",1026,NA,NA,0.539374592024955
"PHMRC","Pemba","no_shift","gbql_0.5","LCVA",NA,"batch1",1027,NA,NA,0.474292089103641
"PHMRC","Pemba","no_shift","gbql_0.5","LCVA",NA,"batch1",1028,NA,NA,0.572607678354775
"PHMRC","Pemba","no_shift","gbql_0.5","LCVA",NA,"batch1",1029,NA,NA,0.467097672726402
"PHMRC","Pemba","no_shift","gbql_0.5","LCVA",NA,"batch1",1030,NA,NA,0.470484396978766
"PHMRC","UP","no_shift","gbql_0.5","LCVA",NA,"batch1",1001,NA,NA,0.252641744411046
"PHMRC","UP","no_shift","gbql_0.5","LCVA",NA,"batch1",1002,NA,NA,0.296631430060988
"PHMRC","UP","no_shift","gbql_0.5","LCVA",NA,"batch1",1003,NA,NA,0.391603855339003
"PHMRC","UP","no_shift","gbql_0.5","LCVA",NA,"batch1",1004,NA,NA,0.324905025855437
"PHMRC","UP","no_shift","gbql_0.5","LCVA",NA,"batch1",1005,NA,NA,0.348848590320674
"PHMRC","UP","no_shift","gbql_0.5","LCVA",NA,"batch1",1006,NA,NA,0.246803679916016
"PHMRC","UP","no_shift","gbql_0.5","LCVA",NA,"batch1",1007,NA,NA,0.328497779059315
"PHMRC","UP","no_shift","gbql_0.5","LCVA",NA,"batch1",1008,NA,NA,0.300477012661141
"PHMRC","UP","no_shift","gbql_0.5","LCVA",NA,"batch1",1009,NA,NA,0.228921311789242
"PHMRC","UP","no_shift","gbql_0.5","LCVA",NA,"batch1",1010,NA,NA,0.314849880781811
"PHMRC","UP","no_shift","gbql_0.5","LCVA",NA,"batch1",1011,NA,NA,0.249864696746251
"PHMRC","UP","no_shift","gbql_0.5","LCVA",NA,"batch1",1012,NA,NA,0.28699321722097
"PHMRC","UP","no_shift","gbql_0.5","LCVA",NA,"batch1",1013,NA,NA,0.251769091415412
"PHMRC","UP","no_shift","gbql_0.5","LCVA",NA,"batch1",1014,NA,NA,0.3209836697946
"PHMRC","UP","no_shift","gbql_0.5","LCVA",NA,"batch1",1015,NA,NA,0.296098744706512
"PHMRC","UP","no_shift","gbql_0.5","LCVA",NA,"batch1",1016,NA,NA,0.327258536526162
"PHMRC","UP","no_shift","gbql_0.5","LCVA",NA,"batch1",1017,NA,NA,0.274569081988776
"PHMRC","UP","no_shift","gbql_0.5","LCVA",NA,"batch1",1018,NA,NA,0.34107260706596
"PHMRC","UP","no_shift","gbql_0.5","LCVA",NA,"batch1",1019,NA,NA,0.406710846245216
"PHMRC","UP","no_shift","gbql_0.5","LCVA",NA,"batch1",1020,NA,NA,0.25519040373465
"PHMRC","UP","no_shift","gbql_0.5","LCVA",NA,"batch1",1021,NA,NA,0.307557598540039
"PHMRC","UP","no_shift","gbql_0.5","LCVA",NA,"batch1",1022,NA,NA,0.348996857035354
"PHMRC","UP","no_shift","gbql_0.5","LCVA",NA,"batch1",1023,NA,NA,0.32052579154897
"PHMRC","UP","no_shift","gbql_0.5","LCVA",NA,"batch1",1024,NA,NA,0.319144213269383
"PHMRC","UP","no_shift","gbql_0.5","LCVA",NA,"batch1",1025,NA,NA,0.341354163386547
"PHMRC","UP","no_shift","gbql_0.5","LCVA",NA,"batch1",1026,NA,NA,0.228132954459313
"PHMRC","UP","no_shift","gbql_0.5","LCVA",NA,"batch1",1027,NA,NA,0.295278704684007
"PHMRC","UP","no_shift","gbql_0.5","LCVA",NA,"batch1",1028,NA,NA,0.388461372604683
"PHMRC","UP","no_shift","gbql_0.5","LCVA",NA,"batch1",1029,NA,NA,0.257194482936004
"PHMRC","UP","no_shift","gbql_0.5","LCVA",NA,"batch1",1030,NA,NA,0.359429330163027
"PHMRC","AP","no_shift","gbql_50","LCVA",NA,"batch1",1001,NA,NA,0.882765690424589
"PHMRC","AP","no_shift","gbql_50","LCVA",NA,"batch1",1002,NA,NA,0.864581999152134
"PHMRC","AP","no_shift","gbql_50","LCVA",NA,"batch1",1003,NA,NA,0.853109189228331
"PHMRC","AP","no_shift","gbql_50","LCVA",NA,"batch1",1004,NA,NA,0.8943965806541
"PHMRC","AP","no_shift","gbql_50","LCVA",NA,"batch1",1005,NA,NA,0.848898301273777
"PHMRC","AP","no_shift","gbql_50","LCVA",NA,"batch1",1006,NA,NA,0.850916122108935
"PHMRC","AP","no_shift","gbql_50","LCVA",NA,"batch1",1007,NA,NA,0.81722145014801
"PHMRC","AP","no_shift","gbql_50","LCVA",NA,"batch1",1008,NA,NA,0.86911982857619
"PHMRC","AP","no_shift","gbql_50","LCVA",NA,"batch1",1009,NA,NA,0.871522736363441
"PHMRC","AP","no_shift","gbql_50","LCVA",NA,"batch1",1010,NA,NA,0.898770742073558
"PHMRC","AP","no_shift","gbql_50","LCVA",NA,"batch1",1011,NA,NA,0.876861384327901
"PHMRC","AP","no_shift","gbql_50","LCVA",NA,"batch1",1012,NA,NA,0.83872572148301
"PHMRC","AP","no_shift","gbql_50","LCVA",NA,"batch1",1013,NA,NA,0.86677913987966
"PHMRC","AP","no_shift","gbql_50","LCVA",NA,"batch1",1014,NA,NA,0.878592688730313
"PHMRC","AP","no_shift","gbql_50","LCVA",NA,"batch1",1015,NA,NA,0.840632632739751
"PHMRC","AP","no_shift","gbql_50","LCVA",NA,"batch1",1016,NA,NA,0.830361864411741
"PHMRC","AP","no_shift","gbql_50","LCVA",NA,"batch1",1017,NA,NA,0.864876172587233
"PHMRC","AP","no_shift","gbql_50","LCVA",NA,"batch1",1018,NA,NA,0.857831376217449
"PHMRC","AP","no_shift","gbql_50","LCVA",NA,"batch1",1019,NA,NA,0.864369395813039
"PHMRC","AP","no_shift","gbql_50","LCVA",NA,"batch1",1020,NA,NA,0.879163485115016
"PHMRC","AP","no_shift","gbql_50","LCVA",NA,"batch1",1021,NA,NA,0.863760251333105
"PHMRC","AP","no_shift","gbql_50","LCVA",NA,"batch1",1022,NA,NA,0.846734179254936
"PHMRC","AP","no_shift","gbql_50","LCVA",NA,"batch1",1023,NA,NA,0.850191138776852
"PHMRC","AP","no_shift","gbql_50","LCVA",NA,"batch1",1024,NA,NA,0.85961621996853
"PHMRC","AP","no_shift","gbql_50","LCVA",NA,"batch1",1025,NA,NA,0.859264255600173
"PHMRC","AP","no_shift","gbql_50","LCVA",NA,"batch1",1026,NA,NA,0.872680604726055
"PHMRC","AP","no_shift","gbql_50","LCVA",NA,"batch1",1027,NA,NA,0.882884328295312
"PHMRC","AP","no_shift","gbql_50","LCVA",NA,"batch1",1028,NA,NA,0.865298268508199
"PHMRC","AP","no_shift","gbql_50","LCVA",NA,"batch1",1029,NA,NA,0.874607546250891
"PHMRC","AP","no_shift","gbql_50","LCVA",NA,"batch1",1030,NA,NA,0.852529387791013
"PHMRC","Bohol","no_shift","gbql_50","LCVA",NA,"batch1",1001,NA,NA,0.891802849244127
"PHMRC","Bohol","no_shift","gbql_50","LCVA",NA,"batch1",1002,NA,NA,0.885660768347943
"PHMRC","Bohol","no_shift","gbql_50","LCVA",NA,"batch1",1003,NA,NA,0.875342297645604
"PHMRC","Bohol","no_shift","gbql_50","LCVA",NA,"batch1",1004,NA,NA,0.897970519389783
"PHMRC","Bohol","no_shift","gbql_50","LCVA",NA,"batch1",1005,NA,NA,0.879608666273453
"PHMRC","Bohol","no_shift","gbql_50","LCVA",NA,"batch1",1006,NA,NA,0.866619811026535
"PHMRC","Bohol","no_shift","gbql_50","LCVA",NA,"batch1",1007,NA,NA,0.873110249433352
"PHMRC","Bohol","no_shift","gbql_50","LCVA",NA,"batch1",1008,NA,NA,0.889926216049936
"PHMRC","Bohol","no_shift","gbql_50","LCVA",NA,"batch1",1009,NA,NA,0.863174886709035
"PHMRC","Bohol","no_shift","gbql_50","LCVA",NA,"batch1",1010,NA,NA,0.889160263368919
"PHMRC","Bohol","no_shift","gbql_50","LCVA",NA,"batch1",1011,NA,NA,0.869128447033059
"PHMRC","Bohol","no_shift","gbql_50","LCVA",NA,"batch1",1012,NA,NA,0.865726147168977
"PHMRC","Bohol","no_shift","gbql_50","LCVA",NA,"batch1",1013,NA,NA,0.799034848405285
"PHMRC","Bohol","no_shift","gbql_50","LCVA",NA,"batch1",1014,NA,NA,0.881633471827444
"PHMRC","Bohol","no_shift","gbql_50","LCVA",NA,"batch1",1015,NA,NA,0.925683688270966
"PHMRC","Bohol","no_shift","gbql_50","LCVA",NA,"batch1",1016,NA,NA,0.88607522288099
"PHMRC","Bohol","no_shift","gbql_50","LCVA",NA,"batch1",1017,NA,NA,0.911063804653678
"PHMRC","Bohol","no_shift","gbql_50","LCVA",NA,"batch1",1018,NA,NA,0.864684318300692
"PHMRC","Bohol","no_shift","gbql_50","LCVA",NA,"batch1",1019,NA,NA,0.884256350329385
"PHMRC","Bohol","no_shift","gbql_50","LCVA",NA,"batch1",1020,NA,NA,0.874590956748759
"PHMRC","Bohol","no_shift","gbql_50","LCVA",NA,"batch1",1021,NA,NA,0.874578963817228
"PHMRC","Bohol","no_shift","gbql_50","LCVA",NA,"batch1",1022,NA,NA,0.849282018290917
"PHMRC","Bohol","no_shift","gbql_50","LCVA",NA,"batch1",1023,NA,NA,0.88069034511355
"PHMRC","Bohol","no_shift","gbql_50","LCVA",NA,"batch1",1024,NA,NA,0.894859284682734
"PHMRC","Bohol","no_shift","gbql_50","LCVA",NA,"batch1",1025,NA,NA,0.878513204908512
"PHMRC","Bohol","no_shift","gbql_50","LCVA",NA,"batch1",1026,NA,NA,0.864537892922361
"PHMRC","Bohol","no_shift","gbql_50","LCVA",NA,"batch1",1027,NA,NA,0.855347219675023
"PHMRC","Bohol","no_shift","gbql_50","LCVA",NA,"batch1",1028,NA,NA,0.883338560240007
"PHMRC","Bohol","no_shift","gbql_50","LCVA",NA,"batch1",1029,NA,NA,0.896385439467213
"PHMRC","Bohol","no_shift","gbql_50","LCVA",NA,"batch1",1030,NA,NA,0.889577639665382
"PHMRC","Dar","no_shift","gbql_50","LCVA",NA,"batch1",1001,NA,NA,0.822101253697453
"PHMRC","Dar","no_shift","gbql_50","LCVA",NA,"batch1",1002,NA,NA,0.836929228215676
"PHMRC","Dar","no_shift","gbql_50","LCVA",NA,"batch1",1003,NA,NA,0.860019020062449
"PHMRC","Dar","no_shift","gbql_50","LCVA",NA,"batch1",1004,NA,NA,0.88444464121623
"PHMRC","Dar","no_shift","gbql_50","LCVA",NA,"batch1",1005,NA,NA,0.850749665904098
"PHMRC","Dar","no_shift","gbql_50","LCVA",NA,"batch1",1006,NA,NA,0.877912419878696
"PHMRC","Dar","no_shift","gbql_50","LCVA",NA,"batch1",1007,NA,NA,0.808953793438824
"PHMRC","Dar","no_shift","gbql_50","LCVA",NA,"batch1",1008,NA,NA,0.801625826363251
"PHMRC","Dar","no_shift","gbql_50","LCVA",NA,"batch1",1009,NA,NA,0.83413396406515
"PHMRC","Dar","no_shift","gbql_50","LCVA",NA,"batch1",1010,NA,NA,0.852647033635964
"PHMRC","Dar","no_shift","gbql_50","LCVA",NA,"batch1",1011,NA,NA,0.821914527023588
"PHMRC","Dar","no_shift","gbql_50","LCVA",NA,"batch1",1012,NA,NA,0.879387941156171
"PHMRC","Dar","no_shift","gbql_50","LCVA",NA,"batch1",1013,NA,NA,0.853479180061843
"PHMRC","Dar","no_shift","gbql_50","LCVA",NA,"batch1",1014,NA,NA,0.827614563509406
"PHMRC","Dar","no_shift","gbql_50","LCVA",NA,"batch1",1015,NA,NA,0.839028392776866
"PHMRC","Dar","no_shift","gbql_50","LCVA",NA,"batch1",1016,NA,NA,0.861768805776297
"PHMRC","Dar","no_shift","gbql_50","LCVA",NA,"batch1",1017,NA,NA,0.854176648688694
"PHMRC","Dar","no_shift","gbql_50","LCVA",NA,"batch1",1018,NA,NA,0.835069959841613
"PHMRC","Dar","no_shift","gbql_50","LCVA",NA,"batch1",1019,NA,NA,0.852576706269298
"PHMRC","Dar","no_shift","gbql_50","LCVA",NA,"batch1",1020,NA,NA,0.861103073816886
"PHMRC","Dar","no_shift","gbql_50","LCVA",NA,"batch1",1021,NA,NA,0.853165649459648
"PHMRC","Dar","no_shift","gbql_50","LCVA",NA,"batch1",1022,NA,NA,0.885339192775328
"PHMRC","Dar","no_shift","gbql_50","LCVA",NA,"batch1",1023,NA,NA,0.852038242414155
"PHMRC","Dar","no_shift","gbql_50","LCVA",NA,"batch1",1024,NA,NA,0.834472432994351
"PHMRC","Dar","no_shift","gbql_50","LCVA",NA,"batch1",1025,NA,NA,0.836214202948546
"PHMRC","Dar","no_shift","gbql_50","LCVA",NA,"batch1",1026,NA,NA,0.83671443593688
"PHMRC","Dar","no_shift","gbql_50","LCVA",NA,"batch1",1027,NA,NA,0.859290056397281
"PHMRC","Dar","no_shift","gbql_50","LCVA",NA,"batch1",1028,NA,NA,0.84015518338171
"PHMRC","Dar","no_shift","gbql_50","LCVA",NA,"batch1",1029,NA,NA,0.821375395923411
"PHMRC","Dar","no_shift","gbql_50","LCVA",NA,"batch1",1030,NA,NA,0.88180088129547
"PHMRC","Mexico","no_shift","gbql_50","LCVA",NA,"batch1",1001,NA,NA,0.861648202616271
"PHMRC","Mexico","no_shift","gbql_50","LCVA",NA,"batch1",1002,NA,NA,0.88116575454006
"PHMRC","Mexico","no_shift","gbql_50","LCVA",NA,"batch1",1003,NA,NA,0.860199137799554
"PHMRC","Mexico","no_shift","gbql_50","LCVA",NA,"batch1",1004,NA,NA,0.864291589722497
"PHMRC","Mexico","no_shift","gbql_50","LCVA",NA,"batch1",1005,NA,NA,0.888268306715521
"PHMRC","Mexico","no_shift","gbql_50","LCVA",NA,"batch1",1006,NA,NA,0.881184573502297
"PHMRC","Mexico","no_shift","gbql_50","LCVA",NA,"batch1",1007,NA,NA,0.900096431737917
"PHMRC","Mexico","no_shift","gbql_50","LCVA",NA,"batch1",1008,NA,NA,0.843176664125134
"PHMRC","Mexico","no_shift","gbql_50","LCVA",NA,"batch1",1009,NA,NA,0.908221987422469
"PHMRC","Mexico","no_shift","gbql_50","LCVA",NA,"batch1",1010,NA,NA,0.858161019612573
"PHMRC","Mexico","no_shift","gbql_50","LCVA",NA,"batch1",1011,NA,NA,0.881040356246265
"PHMRC","Mexico","no_shift","gbql_50","LCVA",NA,"batch1",1012,NA,NA,0.872815401155378
"PHMRC","Mexico","no_shift","gbql_50","LCVA",NA,"batch1",1013,NA,NA,0.886510983543066
"PHMRC","Mexico","no_shift","gbql_50","LCVA",NA,"batch1",1014,NA,NA,0.862915285997051
"PHMRC","Mexico","no_shift","gbql_50","LCVA",NA,"batch1",1015,NA,NA,0.871595085083223
"PHMRC","Mexico","no_shift","gbql_50","LCVA",NA,"batch1",1016,NA,NA,0.896870442951353
"PHMRC","Mexico","no_shift","gbql_50","LCVA",NA,"batch1",1017,NA,NA,0.885959496012954
"PHMRC","Mexico","no_shift","gbql_50","LCVA",NA,"batch1",1018,NA,NA,0.870829713504832
"PHMRC","Mexico","no_shift","gbql_50","LCVA",NA,"batch1",1019,NA,NA,0.844839465961662
"PHMRC","Mexico","no_shift","gbql_50","LCVA",NA,"batch1",1020,NA,NA,0.871277642192028
"PHMRC","Mexico","no_shift","gbql_50","LCVA",NA,"batch1",1021,NA,NA,0.886702981647953
"PHMRC","Mexico","no_shift","gbql_50","LCVA",NA,"batch1",1022,NA,NA,0.85945361267042
"PHMRC","Mexico","no_shift","gbql_50","LCVA",NA,"batch1",1023,NA,NA,0.87599075890313
"PHMRC","Mexico","no_shift","gbql_50","LCVA",NA,"batch1",1024,NA,NA,0.869866212107457
"PHMRC","Mexico","no_shift","gbql_50","LCVA",NA,"batch1",1025,NA,NA,0.906794991442162
"PHMRC","Mexico","no_shift","gbql_50","LCVA",NA,"batch1",1026,NA,NA,0.876471274747826
"PHMRC","Mexico","no_shift","gbql_50","LCVA",NA,"batch1",1027,NA,NA,0.873661261314043
"PHMRC","Mexico","no_shift","gbql_50","LCVA",NA,"batch1",1028,NA,NA,0.855202185661706
"PHMRC","Mexico","no_shift","gbql_50","LCVA",NA,"batch1",1029,NA,NA,0.866912201183923
"PHMRC","Mexico","no_shift","gbql_50","LCVA",NA,"batch1",1030,NA,NA,0.839706771592673
"PHMRC","Pemba","no_shift","gbql_50","LCVA",NA,"batch1",1001,NA,NA,0.818847466689444
"PHMRC","Pemba","no_shift","gbql_50","LCVA",NA,"batch1",1002,NA,NA,0.833313237719263
"PHMRC","Pemba","no_shift","gbql_50","LCVA",NA,"batch1",1003,NA,NA,0.784241675700521
"PHMRC","Pemba","no_shift","gbql_50","LCVA",NA,"batch1",1004,NA,NA,0.833922060810019
"PHMRC","Pemba","no_shift","gbql_50","LCVA",NA,"batch1",1005,NA,NA,0.833973155729062
"PHMRC","Pemba","no_shift","gbql_50","LCVA",NA,"batch1",1006,NA,NA,0.770648626395456
"PHMRC","Pemba","no_shift","gbql_50","LCVA",NA,"batch1",1007,NA,NA,0.857530840483066
"PHMRC","Pemba","no_shift","gbql_50","LCVA",NA,"batch1",1008,NA,NA,0.797757629094925
"PHMRC","Pemba","no_shift","gbql_50","LCVA",NA,"batch1",1009,NA,NA,0.794577024778387
"PHMRC","Pemba","no_shift","gbql_50","LCVA",NA,"batch1",1010,NA,NA,0.789526416477576
"PHMRC","Pemba","no_shift","gbql_50","LCVA",NA,"batch1",1011,NA,NA,0.786973531933408
"PHMRC","Pemba","no_shift","gbql_50","LCVA",NA,"batch1",1012,NA,NA,0.803188350727209
"PHMRC","Pemba","no_shift","gbql_50","LCVA",NA,"batch1",1013,NA,NA,0.790551049462102
"PHMRC","Pemba","no_shift","gbql_50","LCVA",NA,"batch1",1014,NA,NA,0.814092685717838
"PHMRC","Pemba","no_shift","gbql_50","LCVA",NA,"batch1",1015,NA,NA,0.778384158706575
"PHMRC","Pemba","no_shift","gbql_50","LCVA",NA,"batch1",1016,NA,NA,0.753861891436083
"PHMRC","Pemba","no_shift","gbql_50","LCVA",NA,"batch1",1017,NA,NA,0.780384999695003
"PHMRC","Pemba","no_shift","gbql_50","LCVA",NA,"batch1",1018,NA,NA,0.756091271605293
"PHMRC","Pemba","no_shift","gbql_50","LCVA",NA,"batch1",1019,NA,NA,0.734346318424533
"PHMRC","Pemba","no_shift","gbql_50","LCVA",NA,"batch1",1020,NA,NA,0.828737925902357
"PHMRC","Pemba","no_shift","gbql_50","LCVA",NA,"batch1",1021,NA,NA,0.808575805482937
"PHMRC","Pemba","no_shift","gbql_50","LCVA",NA,"batch1",1022,NA,NA,0.768642845397958
"PHMRC","Pemba","no_shift","gbql_50","LCVA",NA,"batch1",1023,NA,NA,0.754162954357004
"PHMRC","Pemba","no_shift","gbql_50","LCVA",NA,"batch1",1024,NA,NA,0.761062224617785
"PHMRC","Pemba","no_shift","gbql_50","LCVA",NA,"batch1",1025,NA,NA,0.799062376487749
"PHMRC","Pemba","no_shift","gbql_50","LCVA",NA,"batch1",1026,NA,NA,0.761444206973161
"PHMRC","Pemba","no_shift","gbql_50","LCVA",NA,"batch1",1027,NA,NA,0.697196797663154
"PHMRC","Pemba","no_shift","gbql_50","LCVA",NA,"batch1",1028,NA,NA,0.784823568348085
"PHMRC","Pemba","no_shift","gbql_50","LCVA",NA,"batch1",1029,NA,NA,0.754224123623011
"PHMRC","Pemba","no_shift","gbql_50","LCVA",NA,"batch1",1030,NA,NA,0.748667288622929
"PHMRC","UP","no_shift","gbql_50","LCVA",NA,"batch1",1001,NA,NA,0.870476237486154
"PHMRC","UP","no_shift","gbql_50","LCVA",NA,"batch1",1002,NA,NA,0.884850763926943
"PHMRC","UP","no_shift","gbql_50","LCVA",NA,"batch1",1003,NA,NA,0.872418717105907
"PHMRC","UP","no_shift","gbql_50","LCVA",NA,"batch1",1004,NA,NA,0.89836236019629
"PHMRC","UP","no_shift","gbql_50","LCVA",NA,"batch1",1005,NA,NA,0.878399024760368
"PHMRC","UP","no_shift","gbql_50","LCVA",NA,"batch1",1006,NA,NA,0.849487904539225
"PHMRC","UP","no_shift","gbql_50","LCVA",NA,"batch1",1007,NA,NA,0.879665051079302
"PHMRC","UP","no_shift","gbql_50","LCVA",NA,"batch1",1008,NA,NA,0.850032727813756
"PHMRC","UP","no_shift","gbql_50","LCVA",NA,"batch1",1009,NA,NA,0.873349086625846
"PHMRC","UP","no_shift","gbql_50","LCVA",NA,"batch1",1010,NA,NA,0.864237625941826
"PHMRC","UP","no_shift","gbql_50","LCVA",NA,"batch1",1011,NA,NA,0.874483655514091
"PHMRC","UP","no_shift","gbql_50","LCVA",NA,"batch1",1012,NA,NA,0.849635793363317
"PHMRC","UP","no_shift","gbql_50","LCVA",NA,"batch1",1013,NA,NA,0.884594163381171
"PHMRC","UP","no_shift","gbql_50","LCVA",NA,"batch1",1014,NA,NA,0.893755695810965
"PHMRC","UP","no_shift","gbql_50","LCVA",NA,"batch1",1015,NA,NA,0.844624131317718
"PHMRC","UP","no_shift","gbql_50","LCVA",NA,"batch1",1016,NA,NA,0.906987323675809
"PHMRC","UP","no_shift","gbql_50","LCVA",NA,"batch1",1017,NA,NA,0.84733027485067
"PHMRC","UP","no_shift","gbql_50","LCVA",NA,"batch1",1018,NA,NA,0.856932576401288
"PHMRC","UP","no_shift","gbql_50","LCVA",NA,"batch1",1019,NA,NA,0.877860007037017
"PHMRC","UP","no_shift","gbql_50","LCVA",NA,"batch1",1020,NA,NA,0.800985493163686
"PHMRC","UP","no_shift","gbql_50","LCVA",NA,"batch1",1021,NA,NA,0.853927658389754
"PHMRC","UP","no_shift","gbql_50","LCVA",NA,"batch1",1022,NA,NA,0.886313269727669
"PHMRC","UP","no_shift","gbql_50","LCVA",NA,"batch1",1023,NA,NA,0.877309316367383
"PHMRC","UP","no_shift","gbql_50","LCVA",NA,"batch1",1024,NA,NA,0.904102551701125
"PHMRC","UP","no_shift","gbql_50","LCVA",NA,"batch1",1025,NA,NA,0.865228185081643
"PHMRC","UP","no_shift","gbql_50","LCVA",NA,"batch1",1026,NA,NA,0.854322796040003
"PHMRC","UP","no_shift","gbql_50","LCVA",NA,"batch1",1027,NA,NA,0.86315266355649
"PHMRC","UP","no_shift","gbql_50","LCVA",NA,"batch1",1028,NA,NA,0.846971606802358
"PHMRC","UP","no_shift","gbql_50","LCVA",NA,"batch1",1029,NA,NA,0.882560152490074
"PHMRC","UP","no_shift","gbql_50","LCVA",NA,"batch1",1030,NA,NA,0.838585808646058
"PHMRC","AP","no_shift","local_avg","LCVA",NA,"batch1",1001,0.241029766693483,0.177219753653009,0.631753185913501
"PHMRC","AP","no_shift","local_avg","LCVA",NA,"batch1",1002,0.233950120675784,0.174341578337229,0.62620531321752
"PHMRC","AP","no_shift","local_avg","LCVA",NA,"batch1",1003,0.22815768302494,0.171531582348577,0.621598484094357
"PHMRC","AP","no_shift","local_avg","LCVA",NA,"batch1",1004,0.241673370876911,0.178002128856365,0.628131856381706
"PHMRC","AP","no_shift","local_avg","LCVA",NA,"batch1",1005,0.232341110217216,0.173794460513677,0.622412976073892
"PHMRC","AP","no_shift","local_avg","LCVA",NA,"batch1",1006,0.231536604987932,0.173641971390803,0.620049442075699
"PHMRC","AP","no_shift","local_avg","LCVA",NA,"batch1",1007,0.233467417538214,0.182497797396763,0.623597880119914
"PHMRC","AP","no_shift","local_avg","LCVA",NA,"batch1",1008,0.2331456154465,0.178305289289319,0.626856592796
"PHMRC","AP","no_shift","local_avg","LCVA",NA,"batch1",1009,0.234432823813355,0.178566515363405,0.625530255516277
"PHMRC","AP","no_shift","local_avg","LCVA",NA,"batch1",1010,0.240547063555913,0.178373172259225,0.630067701658982
"PHMRC","AP","no_shift","local_avg","LCVA",NA,"batch1",1011,0.239259855189059,0.181364452647093,0.628174467363807
"PHMRC","AP","no_shift","local_avg","LCVA",NA,"batch1",1012,0.233306516492357,0.179295019561213,0.62782131962944
"PHMRC","AP","no_shift","local_avg","LCVA",NA,"batch1",1013,0.236846339501207,0.176324125255939,0.626538248992659
"PHMRC","AP","no_shift","local_avg","LCVA",NA,"batch1",1014,0.226709573612228,0.172713130370679,0.621868331542744
"PHMRC","AP","no_shift","local_avg","LCVA",NA,"batch1",1015,0.230893000804505,0.175554648168609,0.626189923508787
"PHMRC","AP","no_shift","local_avg","LCVA",NA,"batch1",1016,0.238777152051488,0.180755249537945,0.622215294973046
"PHMRC","AP","no_shift","local_avg","LCVA",NA,"batch1",1017,0.236363636363636,0.184105852589167,0.624699004396353
"PHMRC","AP","no_shift","local_avg","LCVA",NA,"batch1",1018,0.241673370876911,0.18209785461581,0.629556321449979
"PHMRC","AP","no_shift","local_avg","LCVA",NA,"batch1",1019,0.229605792437651,0.173375632032705,0.623469132870571
"PHMRC","AP","no_shift","local_avg","LCVA",NA,"batch1",1020,0.235237329042639,0.178066293676398,0.62705253766607
"PHMRC","AP","no_shift","local_avg","LCVA",NA,"batch1",1021,0.233628318584071,0.182004813018015,0.623642349218881
"PHMRC","AP","no_shift","local_avg","LCVA",NA,"batch1",1022,0.232341110217216,0.181715317035888,0.622936241107913
"PHMRC","AP","no_shift","local_avg","LCVA",NA,"batch1",1023,0.238294448913918,0.180824021349431,0.629780253083719
"PHMRC","AP","no_shift","local_avg","LCVA",NA,"batch1",1024,0.235880933226066,0.181434971193534,0.627568975283747
"PHMRC","AP","no_shift","local_avg","LCVA",NA,"batch1",1025,0.236363636363636,0.178276183225535,0.62708963259711
"PHMRC","AP","no_shift","local_avg","LCVA",NA,"batch1",1026,0.235559131134352,0.181062081430459,0.623554693873004
"PHMRC","AP","no_shift","local_avg","LCVA",NA,"batch1",1027,0.238455349959775,0.179271849736477,0.621933410840225
"PHMRC","AP","no_shift","local_avg","LCVA",NA,"batch1",1028,0.226226870474658,0.173280107897473,0.61952160653815
"PHMRC","AP","no_shift","local_avg","LCVA",NA,"batch1",1029,0.233306516492357,0.178035151689124,0.627803084849962
"PHMRC","AP","no_shift","local_avg","LCVA",NA,"batch1",1030,0.234915526950925,0.176887398261733,0.627310951140956
"PHMRC","Bohol","no_shift","local_avg","LCVA",NA,"batch1",1001,0.234955312810328,0.150057132937916,0.662044834634019
"PHMRC","Bohol","no_shift","local_avg","LCVA",NA,"batch1",1002,0.232373386295928,0.161666940357015,0.662619128949777
"PHMRC","Bohol","no_shift","local_avg","LCVA",NA,"batch1",1003,0.242899702085402,0.169259913249211,0.664445073673409
"PHMRC","Bohol","no_shift","local_avg","LCVA",NA,"batch1",1004,0.243098311817279,0.159260768515913,0.660168249891126
"PHMRC","Bohol","no_shift","local_avg","LCVA",NA,"batch1",1005,0.240913604766634,0.158488406815543,0.664691015869797
"PHMRC","Bohol","no_shift","local_avg","LCVA",NA,"batch1",1006,0.238133068520358,0.159808849269829,0.663030695167035
"PHMRC","Bohol","no_shift","local_avg","LCVA",NA,"batch1",1007,0.236941410129096,0.156909196861093,0.66234929461874
"PHMRC","Bohol","no_shift","local_avg","LCVA",NA,"batch1",1008,0.244687189672294,0.167665785745888,0.663242403538906
"PHMRC","Bohol","no_shift","local_avg","LCVA",NA,"batch1",1009,0.243892750744787,0.160333386095531,0.665919535013523
"PHMRC","Bohol","no_shift","local_avg","LCVA",NA,"batch1",1010,0.237537239324727,0.159321156865065,0.662517698781487
"PHMRC","Bohol","no_shift","local_avg","LCVA",NA,"batch1",1011,0.241906653426018,0.162676491308145,0.665801330478086
"PHMRC","Bohol","no_shift","local_avg","LCVA",NA,"batch1",1012,0.242303872889772,0.159832217418601,0.661788534401537
"PHMRC","Bohol","no_shift","local_avg","LCVA",NA,"batch1",1013,0.239920556107249,0.159920671499141,0.665328222298748
"PHMRC","Bohol","no_shift","local_avg","LCVA",NA,"batch1",1014,0.24369414101291,0.159848280803728,0.66461244508714
"PHMRC","Bohol","no_shift","local_avg","LCVA",NA,"batch1",1015,0.240913604766634,0.161714329220822,0.659659768316958
"PHMRC","Bohol","no_shift","local_avg","LCVA",NA,"batch1",1016,0.245084409136048,0.155941866407747,0.665490708824192
"PHMRC","Bohol","no_shift","local_avg","LCVA",NA,"batch1",1017,0.237934458788481,0.151188578081253,0.663676364276834
"PHMRC","Bohol","no_shift","local_avg","LCVA",NA,"batch1",1018,0.242502482621648,0.156982718654469,0.663212486254454
"PHMRC","Bohol","no_shift","local_avg","LCVA",NA,"batch1",1019,0.236146971201589,0.155935496804817,0.659419828098793
"PHMRC","Bohol","no_shift","local_avg","LCVA",NA,"batch1",1020,0.250446871896723,0.17280763116602,0.66296594142787
"PHMRC","Bohol","no_shift","local_avg","LCVA",NA,"batch1",1021,0.242502482621648,0.167582777996408,0.661856807433921
"PHMRC","Bohol","no_shift","local_avg","LCVA",NA,"batch1",1022,0.238530287984111,0.161713865582064,0.662217818932429
"PHMRC","Bohol","no_shift","local_avg","LCVA",NA,"batch1",1023,0.244885799404171,0.159600587381667,0.662914292565304
"PHMRC","Bohol","no_shift","local_avg","LCVA",NA,"batch1",1024,0.241708043694141,0.159747366784859,0.665265080571354
"PHMRC","Bohol","no_shift","local_avg","LCVA",NA,"batch1",1025,0.242303872889772,0.16196351387636,0.66229030904353
"PHMRC","Bohol","no_shift","local_avg","LCVA",NA,"batch1",1026,0.244488579940417,0.15650848121096,0.661162867018248
"PHMRC","Bohol","no_shift","local_avg","LCVA",NA,"batch1",1027,0.24369414101291,0.159384048360238,0.66616711211308
"PHMRC","Bohol","no_shift","local_avg","LCVA",NA,"batch1",1028,0.238133068520357,0.157659303077877,0.660954109068551
"PHMRC","Bohol","no_shift","local_avg","LCVA",NA,"batch1",1029,0.238530287984111,0.16148731193905,0.663436981432195
"PHMRC","Bohol","no_shift","local_avg","LCVA",NA,"batch1",1030,0.241708043694141,0.16175378966897,0.66270380753376
"PHMRC","Dar","no_shift","local_avg","LCVA",NA,"batch1",1001,0.202027516292542,0.141783952540848,0.577663010538611
"PHMRC","Dar","no_shift","local_avg","LCVA",NA,"batch1",1002,0.204199855177408,0.142868338168631,0.578324260146291
"PHMRC","Dar","no_shift","local_avg","LCVA",NA,"batch1",1003,0.201448225923244,0.13884562963998,0.575830820212149
"PHMRC","Dar","no_shift","local_avg","LCVA",NA,"batch1",1004,0.203330919623461,0.141604199090697,0.575449289506289
"PHMRC","Dar","no_shift","local_avg","LCVA",NA,"batch1",1005,0.200434467776973,0.142502181384739,0.576133810544509
"PHMRC","Dar","no_shift","local_avg","LCVA",NA,"batch1",1006,0.203041274438812,0.144296027134389,0.576348114001894
"PHMRC","Dar","no_shift","local_avg","LCVA",NA,"batch1",1007,0.20130340333092,0.139922990317636,0.580348309138865
"PHMRC","Dar","no_shift","local_avg","LCVA",NA,"batch1",1008,0.202027516292542,0.14067638231281,0.568710242352112
"PHMRC","Dar","no_shift","local_avg","LCVA",NA,"batch1",1009,0.202172338884866,0.142191266959831,0.579495673755023
"PHMRC","Dar","no_shift","local_avg","LCVA",NA,"batch1",1010,0.20362056480811,0.140900803170602,0.579173635771606
"PHMRC","Dar","no_shift","local_avg","LCVA",NA,"batch1",1011,0.193482983345402,0.137704020824526,0.575755588245567
"PHMRC","Dar","no_shift","local_avg","LCVA",NA,"batch1",1012,0.203186097031137,0.142293755120443,0.577046081604768
"PHMRC","Dar","no_shift","local_avg","LCVA",NA,"batch1",1013,0.202606806661839,0.142915278249883,0.57881060502433
"PHMRC","Dar","no_shift","local_avg","LCVA",NA,"batch1",1014,0.199131064446054,0.1376784513933,0.578797352217435
"PHMRC","Dar","no_shift","local_avg","LCVA",NA,"batch1",1015,0.197972483707458,0.140008129403675,0.579111739769467
"PHMRC","Dar","no_shift","local_avg","LCVA",NA,"batch1",1016,0.20130340333092,0.139155421383439,0.577756097874047
"PHMRC","Dar","no_shift","local_avg","LCVA",NA,"batch1",1017,0.204489500362056,0.136486004999031,0.576348887690358
"PHMRC","Dar","no_shift","local_avg","LCVA",NA,"batch1",1018,0.2,0.143130032802299,0.573809954051304
"PHMRC","Dar","no_shift","local_avg","LCVA",NA,"batch1",1019,0.196524257784214,0.139608593904566,0.57745628600468
"PHMRC","Dar","no_shift","local_avg","LCVA",NA,"batch1",1020,0.200724112961622,0.138356306631385,0.582393298286662
"PHMRC","Dar","no_shift","local_avg","LCVA",NA,"batch1",1021,0.203475742215786,0.145693640276514,0.578610019704724
"PHMRC","Dar","no_shift","local_avg","LCVA",NA,"batch1",1022,0.200724112961622,0.140022913404492,0.572283514880469
"PHMRC","Dar","no_shift","local_avg","LCVA",NA,"batch1",1023,0.199275887038378,0.141614938918686,0.579794912297143
"PHMRC","Dar","no_shift","local_avg","LCVA",NA,"batch1",1024,0.204634322954381,0.144121444163246,0.578203819184749
"PHMRC","Dar","no_shift","local_avg","LCVA",NA,"batch1",1025,0.204489500362056,0.140836583406927,0.57755332933445
"PHMRC","Dar","no_shift","local_avg","LCVA",NA,"batch1",1026,0.20231716147719,0.139319487092565,0.574085882751696
"PHMRC","Dar","no_shift","local_avg","LCVA",NA,"batch1",1027,0.200579290369298,0.140679525921701,0.578826934623431
"PHMRC","Dar","no_shift","local_avg","LCVA",NA,"batch1",1028,0.200724112961622,0.139317004757857,0.576864187825337
"PHMRC","Dar","no_shift","local_avg","LCVA",NA,"batch1",1029,0.205937726285301,0.141272292331309,0.576736181176918
"PHMRC","Dar","no_shift","local_avg","LCVA",NA,"batch1",1030,0.205358435916003,0.13955116283465,0.580525261682317
"PHMRC","Mexico","no_shift","local_avg","LCVA",NA,"batch1",1001,0.210874704491726,0.162413268836705,0.666736743584569
"PHMRC","Mexico","no_shift","local_avg","LCVA",NA,"batch1",1002,0.206776989755713,0.160267971187743,0.673530854328736
"PHMRC","Mexico","no_shift","local_avg","LCVA",NA,"batch1",1003,0.210874704491726,0.156658183864445,0.670067444907699
"PHMRC","Mexico","no_shift","local_avg","LCVA",NA,"batch1",1004,0.210559495665879,0.149606551675296,0.671087558839764
"PHMRC","Mexico","no_shift","local_avg","LCVA",NA,"batch1",1005,0.210559495665879,0.161833267792651,0.671717150994548
"PHMRC","Mexico","no_shift","local_avg","LCVA",NA,"batch1",1006,0.219385342789598,0.165213516610309,0.6688349862825
"PHMRC","Mexico","no_shift","local_avg","LCVA",NA,"batch1",1007,0.217966903073286,0.167538193553698,0.673001800674018
"PHMRC","Mexico","no_shift","local_avg","LCVA",NA,"batch1",1008,0.216233254531127,0.165724220891485,0.671080734637305
"PHMRC","Mexico","no_shift","local_avg","LCVA",NA,"batch1",1009,0.215602836879433,0.162464724711523,0.673161553572597
"PHMRC","Mexico","no_shift","local_avg","LCVA",NA,"batch1",1010,0.211820330969267,0.159148596713551,0.670490287972422
"PHMRC","Mexico","no_shift","local_avg","LCVA",NA,"batch1",1011,0.215287628053586,0.1560682354475,0.671437844750587
"PHMRC","Mexico","no_shift","local_avg","LCVA",NA,"batch1",1012,0.21150512214342,0.161516114228841,0.668880989895184
"PHMRC","Mexico","no_shift","local_avg","LCVA",NA,"batch1",1013,0.21371158392435,0.159081970989595,0.669725172992625
"PHMRC","Mexico","no_shift","local_avg","LCVA",NA,"batch1",1014,0.205200945626478,0.157428569410794,0.669624061163128
"PHMRC","Mexico","no_shift","local_avg","LCVA",NA,"batch1",1015,0.215287628053586,0.167174249940081,0.667394503110561
"PHMRC","Mexico","no_shift","local_avg","LCVA",NA,"batch1",1016,0.206146572104019,0.152765792401288,0.66961325253334
"PHMRC","Mexico","no_shift","local_avg","LCVA",NA,"batch1",1017,0.214342001576044,0.160560634502914,0.671796116627782
"PHMRC","Mexico","no_shift","local_avg","LCVA",NA,"batch1",1018,0.205673758865248,0.151516836089052,0.67004299247507
"PHMRC","Mexico","no_shift","local_avg","LCVA",NA,"batch1",1019,0.21150512214342,0.162666389811678,0.665970818320966
"PHMRC","Mexico","no_shift","local_avg","LCVA",NA,"batch1",1020,0.214184397163121,0.167638905871327,0.668674770518048
"PHMRC","Mexico","no_shift","local_avg","LCVA",NA,"batch1",1021,0.212608353033885,0.161716327903341,0.668943738624275
"PHMRC","Mexico","no_shift","local_avg","LCVA",NA,"batch1",1022,0.22080378250591,0.160051487019342,0.672940422672469
"PHMRC","Mexico","no_shift","local_avg","LCVA",NA,"batch1",1023,0.216706067769898,0.158693059413232,0.67027328460753
"PHMRC","Mexico","no_shift","local_avg","LCVA",NA,"batch1",1024,0.20929866036249,0.153089978818259,0.66508220306006
"PHMRC","Mexico","no_shift","local_avg","LCVA",NA,"batch1",1025,0.214026792750197,0.165498959402062,0.674630354309714
"PHMRC","Mexico","no_shift","local_avg","LCVA",NA,"batch1",1026,0.210717100078802,0.162157084566141,0.672667849256642
"PHMRC","Mexico","no_shift","local_avg","LCVA",NA,"batch1",1027,0.219858156028369,0.165764690655979,0.670191667016906
"PHMRC","Mexico","no_shift","local_avg","LCVA",NA,"batch1",1028,0.204097714736013,0.150763952581105,0.667150703393626
"PHMRC","Mexico","no_shift","local_avg","LCVA",NA,"batch1",1029,0.212923561859732,0.156926603682306,0.670407506122739
"PHMRC","Mexico","no_shift","local_avg","LCVA",NA,"batch1",1030,0.210401891252955,0.153803042968085,0.673212927498799
"PHMRC","Pemba","no_shift","local_avg","LCVA",NA,"batch1",1001,0.339495798319328,0.268536243756916,0.610997754225339
"PHMRC","Pemba","no_shift","local_avg","LCVA",NA,"batch1",1002,0.357983193277311,0.267990057229788,0.619898825811099
"PHMRC","Pemba","no_shift","local_avg","LCVA",NA,"batch1",1003,0.357983193277311,0.250634838947262,0.619670974501663
"PHMRC","Pemba","no_shift","local_avg","LCVA",NA,"batch1",1004,0.327731092436975,0.253564850182497,0.607482455786449
"PHMRC","Pemba","no_shift","local_avg","LCVA",NA,"batch1",1005,0.348739495798319,0.261163251851187,0.613722628285619
"PHMRC","Pemba","no_shift","local_avg","LCVA",NA,"batch1",1006,0.347058823529412,0.271448591314495,0.616177772450706
"PHMRC","Pemba","no_shift","local_avg","LCVA",NA,"batch1",1007,0.35546218487395,0.258709570489416,0.619916126644101
"PHMRC","Pemba","no_shift","local_avg","LCVA",NA,"batch1",1008,0.354621848739496,0.27309633024247,0.609449358389162
"PHMRC","Pemba","no_shift","local_avg","LCVA",NA,"batch1",1009,0.341176470588235,0.266856971685347,0.60414786744941
"PHMRC","Pemba","no_shift","local_avg","LCVA",NA,"batch1",1010,0.342016806722689,0.277598992989818,0.616028044731342
"PHMRC","Pemba","no_shift","local_avg","LCVA",NA,"batch1",1011,0.325210084033613,0.261153698221713,0.602355732430808
"PHMRC","Pemba","no_shift","local_avg","LCVA",NA,"batch1",1012,0.333613445378151,0.250105526506018,0.603757392783244
"PHMRC","Pemba","no_shift","local_avg","LCVA",NA,"batch1",1013,0.339495798319328,0.263793636707557,0.60155116534638
"PHMRC","Pemba","no_shift","local_avg","LCVA",NA,"batch1",1014,0.34453781512605,0.254645251319622,0.614396130866571
"PHMRC","Pemba","no_shift","local_avg","LCVA",NA,"batch1",1015,0.338655462184874,0.28287054449019,0.614551320554868
"PHMRC","Pemba","no_shift","local_avg","LCVA",NA,"batch1",1016,0.33109243697479,0.271960479494735,0.600377008674379
"PHMRC","Pemba","no_shift","local_avg","LCVA",NA,"batch1",1017,0.314285714285714,0.263947885583338,0.60374510909844
"PHMRC","Pemba","no_shift","local_avg","LCVA",NA,"batch1",1018,0.338655462184874,0.244141218081435,0.606709830177236
"PHMRC","Pemba","no_shift","local_avg","LCVA",NA,"batch1",1019,0.326050420168067,0.269462368866056,0.599365785253488
"PHMRC","Pemba","no_shift","local_avg","LCVA",NA,"batch1",1020,0.341176470588235,0.238362079161589,0.613478407141808
"PHMRC","Pemba","no_shift","local_avg","LCVA",NA,"batch1",1021,0.326050420168067,0.260127728174603,0.60526095248684
"PHMRC","Pemba","no_shift","local_avg","LCVA",NA,"batch1",1022,0.347899159663866,0.268675200013116,0.613929557219403
"PHMRC","Pemba","no_shift","local_avg","LCVA",NA,"batch1",1023,0.340336134453782,0.253952049145406,0.602228697704574
"PHMRC","Pemba","no_shift","local_avg","LCVA",NA,"batch1",1024,0.335294117647059,0.241468391954163,0.605806911419498
"PHMRC","Pemba","no_shift","local_avg","LCVA",NA,"batch1",1025,0.346218487394958,0.264341143012514,0.613198948145399
"PHMRC","Pemba","no_shift","local_avg","LCVA",NA,"batch1",1026,0.351260504201681,0.273382484839085,0.608616194625975
"PHMRC","Pemba","no_shift","local_avg","LCVA",NA,"batch1",1027,0.354621848739496,0.27780708126314,0.616472443653786
"PHMRC","Pemba","no_shift","local_avg","LCVA",NA,"batch1",1028,0.334453781512605,0.268109432962374,0.602452244119775
"PHMRC","Pemba","no_shift","local_avg","LCVA",NA,"batch1",1029,0.332773109243697,0.280089257337184,0.603726109480053
"PHMRC","Pemba","no_shift","local_avg","LCVA",NA,"batch1",1030,0.336974789915966,0.264626661723159,0.608309213257536
"PHMRC","UP","no_shift","local_avg","LCVA",NA,"batch1",1001,0.260088105726872,0.210587494750574,0.653280529924072
"PHMRC","UP","no_shift","local_avg","LCVA",NA,"batch1",1002,0.258325991189427,0.210033639860799,0.648146553421035
"PHMRC","UP","no_shift","local_avg","LCVA",NA,"batch1",1003,0.261145374449339,0.21300315654421,0.654889487817332
"PHMRC","UP","no_shift","local_avg","LCVA",NA,"batch1",1004,0.250044052863436,0.204945932325722,0.65157327226909
"PHMRC","UP","no_shift","local_avg","LCVA",NA,"batch1",1005,0.259030837004405,0.206461085151181,0.659555403912974
"PHMRC","UP","no_shift","local_avg","LCVA",NA,"batch1",1006,0.26079295154185,0.214106413867569,0.648302131476697
"PHMRC","UP","no_shift","local_avg","LCVA",NA,"batch1",1007,0.260264317180617,0.206847668144585,0.655561379063101
"PHMRC","UP","no_shift","local_avg","LCVA",NA,"batch1",1008,0.250044052863436,0.205968015304444,0.64928046264415
"PHMRC","UP","no_shift","local_avg","LCVA",NA,"batch1",1009,0.261497797356828,0.212093191914474,0.653711898180747
"PHMRC","UP","no_shift","local_avg","LCVA",NA,"batch1",1010,0.256916299559471,0.210343494612895,0.647203546925968
"PHMRC","UP","no_shift","local_avg","LCVA",NA,"batch1",1011,0.257444933920705,0.218901392983532,0.649768499876142
"PHMRC","UP","no_shift","local_avg","LCVA",NA,"batch1",1012,0.256035242290749,0.20438784678223,0.652941524010733
"PHMRC","UP","no_shift","local_avg","LCVA",NA,"batch1",1013,0.257621145374449,0.211707407950739,0.651620358113778
"PHMRC","UP","no_shift","local_avg","LCVA",NA,"batch1",1014,0.26079295154185,0.211418164447793,0.653513206722492
"PHMRC","UP","no_shift","local_avg","LCVA",NA,"batch1",1015,0.254801762114537,0.214479304434607,0.645521374046964
"PHMRC","UP","no_shift","local_avg","LCVA",NA,"batch1",1016,0.259735682819383,0.206742268409658,0.656500837838212
"PHMRC","UP","no_shift","local_avg","LCVA",NA,"batch1",1017,0.262555066079295,0.218964969676487,0.660091170422143
"PHMRC","UP","no_shift","local_avg","LCVA",NA,"batch1",1018,0.253568281938326,0.213163964201483,0.650527692668742
"PHMRC","UP","no_shift","local_avg","LCVA",NA,"batch1",1019,0.251806167400881,0.20610389940723,0.649961613171656
"PHMRC","UP","no_shift","local_avg","LCVA",NA,"batch1",1020,0.250220264317181,0.209007461067697,0.647747205774459
"PHMRC","UP","no_shift","local_avg","LCVA",NA,"batch1",1021,0.258854625550661,0.209243884250938,0.656517039942597
"PHMRC","UP","no_shift","local_avg","LCVA",NA,"batch1",1022,0.257092511013216,0.20995439927916,0.654265907620418
"PHMRC","UP","no_shift","local_avg","LCVA",NA,"batch1",1023,0.260969162995595,0.211932212953161,0.653599701155195
"PHMRC","UP","no_shift","local_avg","LCVA",NA,"batch1",1024,0.253039647577093,0.210234688909138,0.649435178132339
"PHMRC","UP","no_shift","local_avg","LCVA",NA,"batch1",1025,0.254449339207048,0.206557135696135,0.65300759805813
"PHMRC","UP","no_shift","local_avg","LCVA",NA,"batch1",1026,0.248281938325991,0.196859253272947,0.648206194303742
"PHMRC","UP","no_shift","local_avg","LCVA",NA,"batch1",1027,0.25568281938326,0.213980689293404,0.652873891176225
"PHMRC","UP","no_shift","local_avg","LCVA",NA,"batch1",1028,0.249515418502203,0.205529521995969,0.64778689418846
"PHMRC","UP","no_shift","local_avg","LCVA",NA,"batch1",1029,0.255330396475771,0.210506927832682,0.658626571358034
"PHMRC","UP","no_shift","local_avg","LCVA",NA,"batch1",1030,0.253568281938326,0.208654740743205,0.649628861867821
"PHMRC","AP","no_shift","local_self","LCVA",NA,"batch1",1001,0.288817377312953,0.185471861223844,0.632590560488748
"PHMRC","AP","no_shift","local_self","LCVA",NA,"batch1",1002,0.287208366854385,0.164807844230924,0.663863411278732
"PHMRC","AP","no_shift","local_self","LCVA",NA,"batch1",1003,0.263877715205149,0.15928268453373,0.592575048096925
"PHMRC","AP","no_shift","local_self","LCVA",NA,"batch1",1004,0.258246178600161,0.14374390695717,0.604471294195334
"PHMRC","AP","no_shift","local_self","LCVA",NA,"batch1",1005,0.281576830249397,0.173198387386055,0.6421943102312
"PHMRC","AP","no_shift","local_self","LCVA",NA,"batch1",1006,0.231697506033789,0.122723244921946,0.526411016680121
"PHMRC","AP","no_shift","local_self","LCVA",NA,"batch1",1007,0.290426387771521,0.185407027213166,0.600410884719812
"PHMRC","AP","no_shift","local_self","LCVA",NA,"batch1",1008,0.281576830249397,0.162244960357074,0.640357963308871
"PHMRC","AP","no_shift","local_self","LCVA",NA,"batch1",1009,0.263877715205149,0.15318083343906,0.607817411411785
"PHMRC","AP","no_shift","local_self","LCVA",NA,"batch1",1010,0.268704746580853,0.157477880267162,0.631617683131701
"PHMRC","AP","no_shift","local_self","LCVA",NA,"batch1",1011,0.267900241351569,0.146389317089849,0.569355532387342
"PHMRC","AP","no_shift","local_self","LCVA",NA,"batch1",1012,0.279163314561545,0.146531968201515,0.617143701377906
"PHMRC","AP","no_shift","local_self","LCVA",NA,"batch1",1013,0.277554304102977,0.165895119555768,0.621528237102688
"PHMRC","AP","no_shift","local_self","LCVA",NA,"batch1",1014,0.279163314561545,0.178023660687246,0.638676242456054
"PHMRC","AP","no_shift","local_self","LCVA",NA,"batch1",1015,0.3065164923572,0.189290864237883,0.635082074082152
"PHMRC","AP","no_shift","local_self","LCVA",NA,"batch1",1016,0.290426387771521,0.170737218186262,0.606889079060783
"PHMRC","AP","no_shift","local_self","LCVA",NA,"batch1",1017,0.263877715205149,0.150738580178769,0.659660455086127
"PHMRC","AP","no_shift","local_self","LCVA",NA,"batch1",1018,0.263877715205149,0.152104803508615,0.593003972884125
"PHMRC","AP","no_shift","local_self","LCVA",NA,"batch1",1019,0.281576830249397,0.178029871017375,0.590637082218695
"PHMRC","AP","no_shift","local_self","LCVA",NA,"batch1",1020,0.309734513274336,0.180062523452294,0.655505289161424
"PHMRC","AP","no_shift","local_self","LCVA",NA,"batch1",1021,0.287208366854385,0.162852286590591,0.643584118363829
"PHMRC","AP","no_shift","local_self","LCVA",NA,"batch1",1022,0.286403861625101,0.1718363528401,0.647918299216131
"PHMRC","AP","no_shift","local_self","LCVA",NA,"batch1",1023,0.293644408688656,0.169108589397919,0.65199843523227
"PHMRC","AP","no_shift","local_self","LCVA",NA,"batch1",1024,0.291230893000805,0.166988952553827,0.703641350286509
"PHMRC","AP","no_shift","local_self","LCVA",NA,"batch1",1025,0.242156074014481,0.139944816628016,0.544212749089856
"PHMRC","AP","no_shift","local_self","LCVA",NA,"batch1",1026,0.263073209975865,0.165281561733011,0.5530471807993
"PHMRC","AP","no_shift","local_self","LCVA",NA,"batch1",1027,0.283185840707965,0.164806853760359,0.624230096638664
"PHMRC","AP","no_shift","local_self","LCVA",NA,"batch1",1028,0.278358809332261,0.151612660238875,0.644130869161331
"PHMRC","AP","no_shift","local_self","LCVA",NA,"batch1",1029,0.288817377312953,0.185481609391912,0.678090720982811
"PHMRC","AP","no_shift","local_self","LCVA",NA,"batch1",1030,0.271118262268705,0.168687415892814,0.630396108759909
"PHMRC","Bohol","no_shift","local_self","LCVA",NA,"batch1",1001,0.242303872889772,0.0829997275863598,0.570435354097606
"PHMRC","Bohol","no_shift","local_self","LCVA",NA,"batch1",1002,0.286991062562066,0.111707043722579,0.611805134372906
"PHMRC","Bohol","no_shift","local_self","LCVA",NA,"batch1",1003,0.246276067527309,0.0918781123308249,0.544508403014728
"PHMRC","Bohol","no_shift","local_self","LCVA",NA,"batch1",1004,0.261171797418074,0.0874938364563106,0.674121150886902
"PHMRC","Bohol","no_shift","local_self","LCVA",NA,"batch1",1005,0.264150943396226,0.0994632230050372,0.627550634650064
"PHMRC","Bohol","no_shift","local_self","LCVA",NA,"batch1",1006,0.217477656405164,0.0684333402143797,0.570566884619763
"PHMRC","Bohol","no_shift","local_self","LCVA",NA,"batch1",1007,0.27408142999007,0.101141447373606,0.590175262297034
"PHMRC","Bohol","no_shift","local_self","LCVA",NA,"batch1",1008,0.24428997020854,0.0825096460257228,0.641536006315266
"PHMRC","Bohol","no_shift","local_self","LCVA",NA,"batch1",1009,0.267130089374379,0.0879965102484696,0.644665775489823
"PHMRC","Bohol","no_shift","local_self","LCVA",NA,"batch1",1010,0.263157894736842,0.0906305631485067,0.574815410764064
"PHMRC","Bohol","no_shift","local_self","LCVA",NA,"batch1",1011,0.235352532274081,0.0782802411877766,0.561610740034221
"PHMRC","Bohol","no_shift","local_self","LCVA",NA,"batch1",1012,0.283018867924528,0.112593110885726,0.599372977606439
"PHMRC","Bohol","no_shift","local_self","LCVA",NA,"batch1",1013,0.209533267130089,0.0677926939960131,0.566743563261931
"PHMRC","Bohol","no_shift","local_self","LCVA",NA,"batch1",1014,0.269116186693148,0.0954624280635509,0.593985134522604
"PHMRC","Bohol","no_shift","local_self","LCVA",NA,"batch1",1015,0.269116186693148,0.100816923668242,0.584418542875848
"PHMRC","Bohol","no_shift","local_self","LCVA",NA,"batch1",1016,0.264150943396226,0.102902677484266,0.535863573923903
"PHMRC","Bohol","no_shift","local_self","LCVA",NA,"batch1",1017,0.243296921549156,0.0817592306205159,0.614618229995196
"PHMRC","Bohol","no_shift","local_self","LCVA",NA,"batch1",1018,0.291956305858987,0.113492417215518,0.652970900925712
"PHMRC","Bohol","no_shift","local_self","LCVA",NA,"batch1",1019,0.275074478649454,0.0995512212989583,0.616626716871066
"PHMRC","Bohol","no_shift","local_self","LCVA",NA,"batch1",1020,0.247269116186693,0.102524155507373,0.624586270523404
"PHMRC","Bohol","no_shift","local_self","LCVA",NA,"batch1",1021,0.246276067527309,0.0865435782625497,0.639579174178738
"PHMRC","Bohol","no_shift","local_self","LCVA",NA,"batch1",1022,0.271102284011917,0.0939553682271126,0.635523267106783
"PHMRC","Bohol","no_shift","local_self","LCVA",NA,"batch1",1023,0.259185700099305,0.0920069941633667,0.589129468211513
"PHMRC","Bohol","no_shift","local_self","LCVA",NA,"batch1",1024,0.276067527308838,0.108324286990155,0.618463548471451
"PHMRC","Bohol","no_shift","local_self","LCVA",NA,"batch1",1025,0.269116186693148,0.0884469378747996,0.638674824866627
"PHMRC","Bohol","no_shift","local_self","LCVA",NA,"batch1",1026,0.257199602780536,0.0945555903854877,0.56362194307591
"PHMRC","Bohol","no_shift","local_self","LCVA",NA,"batch1",1027,0.277060575968222,0.10668015626473,0.648486406552582
"PHMRC","Bohol","no_shift","local_self","LCVA",NA,"batch1",1028,0.241310824230387,0.0772870612364596,0.55770974054226
"PHMRC","Bohol","no_shift","local_self","LCVA",NA,"batch1",1029,0.28103277060576,0.112738302659617,0.678764152406413
"PHMRC","Bohol","no_shift","local_self","LCVA",NA,"batch1",1030,0.242303872889772,0.0831551457532393,0.66489937026404
"PHMRC","Dar","no_shift","local_self","LCVA",NA,"batch1",1001,0.326574945691528,0.132221158301014,0.63478322320998
"PHMRC","Dar","no_shift","local_self","LCVA",NA,"batch1",1002,0.338884866039102,0.140128516709386,0.591782416640041
"PHMRC","Dar","no_shift","local_self","LCVA",NA,"batch1",1003,0.336712527154236,0.131941600132872,0.592343938667273
"PHMRC","Dar","no_shift","local_self","LCVA",NA,"batch1",1004,0.354815351194786,0.150957082909837,0.630007135736537
"PHMRC","Dar","no_shift","local_self","LCVA",NA,"batch1",1005,0.351194786386676,0.136663632286834,0.591943011425826
"PHMRC","Dar","no_shift","local_self","LCVA",NA,"batch1",1006,0.356987690079652,0.154891792591787,0.644060807356312
"PHMRC","Dar","no_shift","local_self","LCVA",NA,"batch1",1007,0.353367125271542,0.147162171171632,0.66148136933053
"PHMRC","Dar","no_shift","local_self","LCVA",NA,"batch1",1008,0.357711803041274,0.142854421295498,0.566879287437631
"PHMRC","Dar","no_shift","local_self","LCVA",NA,"batch1",1009,0.354091238233164,0.144309337432183,0.655262224211386
"PHMRC","Dar","no_shift","local_self","LCVA",NA,"batch1",1010,0.3454018826937,0.141650273704512,0.59572402240435
"PHMRC","Dar","no_shift","local_self","LCVA",NA,"batch1",1011,0.346850108616944,0.154017695332753,0.648120986855361
"PHMRC","Dar","no_shift","local_self","LCVA",NA,"batch1",1012,0.34902244750181,0.151723620552252,0.63753442825476
"PHMRC","Dar","no_shift","local_self","LCVA",NA,"batch1",1013,0.361332367849384,0.152988117512647,0.656153280892486
"PHMRC","Dar","no_shift","local_self","LCVA",NA,"batch1",1014,0.35988414192614,0.1629883888257,0.674089602676771
"PHMRC","Dar","no_shift","local_self","LCVA",NA,"batch1",1015,0.346125995655322,0.152205460039064,0.627997327114998
"PHMRC","Dar","no_shift","local_self","LCVA",NA,"batch1",1016,0.329471397538016,0.142213238042894,0.675781783416458
"PHMRC","Dar","no_shift","local_self","LCVA",NA,"batch1",1017,0.360608254887762,0.140441839175502,0.568622709875226
"PHMRC","Dar","no_shift","local_self","LCVA",NA,"batch1",1018,0.362780593772629,0.163006153314152,0.582755989460538
"PHMRC","Dar","no_shift","local_self","LCVA",NA,"batch1",1019,0.338884866039102,0.141422585384129,0.632438582613993
"PHMRC","Dar","no_shift","local_self","LCVA",NA,"batch1",1020,0.369297610427227,0.157475589592754,0.684143055276467
"PHMRC","Dar","no_shift","local_self","LCVA",NA,"batch1",1021,0.314265025343954,0.127149001326427,0.553607175441551
"PHMRC","Dar","no_shift","local_self","LCVA",NA,"batch1",1022,0.342505430847212,0.139034213249415,0.620443418712375
"PHMRC","Dar","no_shift","local_self","LCVA",NA,"batch1",1023,0.343953656770456,0.144183508730776,0.597226784197003
"PHMRC","Dar","no_shift","local_self","LCVA",NA,"batch1",1024,0.3454018826937,0.152306118052492,0.603931397898909
"PHMRC","Dar","no_shift","local_self","LCVA",NA,"batch1",1025,0.378711078928313,0.170731762456049,0.646050212703007
"PHMRC","Dar","no_shift","local_self","LCVA",NA,"batch1",1026,0.3454018826937,0.142934661917069,0.596796228475756
"PHMRC","Dar","no_shift","local_self","LCVA",NA,"batch1",1027,0.366401158580739,0.16463943688606,0.607658107893499
"PHMRC","Dar","no_shift","local_self","LCVA",NA,"batch1",1028,0.31643736422882,0.121425295142591,0.548396844063692
"PHMRC","Dar","no_shift","local_self","LCVA",NA,"batch1",1029,0.364228819695873,0.163063537855783,0.579725814796879
"PHMRC","Dar","no_shift","local_self","LCVA",NA,"batch1",1030,0.35626357711803,0.150797846589232,0.665113349711072
"PHMRC","Mexico","no_shift","local_self","LCVA",NA,"batch1",1001,0.275807722616233,0.149125908840977,0.623145948361697
"PHMRC","Mexico","no_shift","local_self","LCVA",NA,"batch1",1002,0.304964539007092,0.195338036901769,0.646738014111084
"PHMRC","Mexico","no_shift","local_self","LCVA",NA,"batch1",1003,0.299448384554768,0.188910473536442,0.707795784592026
"PHMRC","Mexico","no_shift","local_self","LCVA",NA,"batch1",1004,0.263987391646966,0.151439752739194,0.640476296152033
"PHMRC","Mexico","no_shift","local_self","LCVA",NA,"batch1",1005,0.286052009456265,0.172128887918075,0.650473093501918
"PHMRC","Mexico","no_shift","local_self","LCVA",NA,"batch1",1006,0.241922773837667,0.134098128572861,0.63825875155604
"PHMRC","Mexico","no_shift","local_self","LCVA",NA,"batch1",1007,0.289992119779354,0.166942622378524,0.673703888191055
"PHMRC","Mexico","no_shift","local_self","LCVA",NA,"batch1",1008,0.286840031520883,0.16450722402488,0.64650070629821
"PHMRC","Mexico","no_shift","local_self","LCVA",NA,"batch1",1009,0.274231678486998,0.159625220073919,0.67799101659454
"PHMRC","Mexico","no_shift","local_self","LCVA",NA,"batch1",1010,0.283687943262411,0.163284087459488,0.621907851352292
"PHMRC","Mexico","no_shift","local_self","LCVA",NA,"batch1",1011,0.26241134751773,0.14365343578269,0.596823344512328
"PHMRC","Mexico","no_shift","local_self","LCVA",NA,"batch1",1012,0.259259259259259,0.154569868104347,0.667750350526513
"PHMRC","Mexico","no_shift","local_self","LCVA",NA,"batch1",1013,0.25531914893617,0.139424992321521,0.602161368048515
"PHMRC","Mexico","no_shift","local_self","LCVA",NA,"batch1",1014,0.27344365642238,0.179995334186091,0.693716972816412
"PHMRC","Mexico","no_shift","local_self","LCVA",NA,"batch1",1015,0.270291568163909,0.170011474163632,0.664619149460198
"PHMRC","Mexico","no_shift","local_self","LCVA",NA,"batch1",1016,0.271867612293144,0.155380056829393,0.630186061668086
"PHMRC","Mexico","no_shift","local_self","LCVA",NA,"batch1",1017,0.252167060677699,0.139455156786782,0.654674064742257
"PHMRC","Mexico","no_shift","local_self","LCVA",NA,"batch1",1018,0.278959810874705,0.168067006850754,0.62758426002967
"PHMRC","Mexico","no_shift","local_self","LCVA",NA,"batch1",1019,0.24822695035461,0.131266830653669,0.576421127685754
"PHMRC","Mexico","no_shift","local_self","LCVA",NA,"batch1",1020,0.265563435776202,0.164791536933441,0.654470165772513
"PHMRC","Mexico","no_shift","local_self","LCVA",NA,"batch1",1021,0.2876280535855,0.159449727882216,0.686116709298417
"PHMRC","Mexico","no_shift","local_self","LCVA",NA,"batch1",1022,0.250591016548463,0.147349511625549,0.644632691548968
"PHMRC","Mexico","no_shift","local_self","LCVA",NA,"batch1",1023,0.245862884160756,0.139868281683454,0.578491809049052
"PHMRC","Mexico","no_shift","local_self","LCVA",NA,"batch1",1024,0.289204097714736,0.169656548952079,0.663676333607782
"PHMRC","Mexico","no_shift","local_self","LCVA",NA,"batch1",1025,0.278959810874705,0.163225286195452,0.734907490551512
"PHMRC","Mexico","no_shift","local_self","LCVA",NA,"batch1",1026,0.269503546099291,0.151312392750851,0.653221663209639
"PHMRC","Mexico","no_shift","local_self","LCVA",NA,"batch1",1027,0.296296296296296,0.185510453112553,0.738850571213123
"PHMRC","Mexico","no_shift","local_self","LCVA",NA,"batch1",1028,0.283687943262411,0.17786731452799,0.666943115827718
"PHMRC","Mexico","no_shift","local_self","LCVA",NA,"batch1",1029,0.282899921197794,0.169263261358629,0.642963001394822
"PHMRC","Mexico","no_shift","local_self","LCVA",NA,"batch1",1030,0.253743104806935,0.142993856435697,0.641438530035677
"PHMRC","Pemba","no_shift","local_self","LCVA",NA,"batch1",1001,0.357142857142857,0.148943275562773,0.613572628375306
"PHMRC","Pemba","no_shift","local_self","LCVA",NA,"batch1",1002,0.285714285714286,0.14754408947487,0.483001130334183
"PHMRC","Pemba","no_shift","local_self","LCVA",NA,"batch1",1003,0.407563025210084,0.213319702533289,0.641468898797843
"PHMRC","Pemba","no_shift","local_self","LCVA",NA,"batch1",1004,0.365546218487395,0.170289448763955,0.628802787584724
"PHMRC","Pemba","no_shift","local_self","LCVA",NA,"batch1",1005,0.399159663865546,0.18740511493049,0.6426726819442
"PHMRC","Pemba","no_shift","local_self","LCVA",NA,"batch1",1006,0.432773109243697,0.205309418872575,0.673773088737631
"PHMRC","Pemba","no_shift","local_self","LCVA",NA,"batch1",1007,0.298319327731092,0.118918971486366,0.559829891509332
"PHMRC","Pemba","no_shift","local_self","LCVA",NA,"batch1",1008,0.352941176470588,0.185632943445443,0.579749293164126
"PHMRC","Pemba","no_shift","local_self","LCVA",NA,"batch1",1009,0.394957983193277,0.173969890274238,0.654764569218468
"PHMRC","Pemba","no_shift","local_self","LCVA",NA,"batch1",1010,0.399159663865546,0.230476324258294,0.732109254674965
"PHMRC","Pemba","no_shift","local_self","LCVA",NA,"batch1",1011,0.319327731092437,0.165397851059616,0.48919108590007
"PHMRC","Pemba","no_shift","local_self","LCVA",NA,"batch1",1012,0.252100840336134,0.110473517363935,0.566447050576205
"PHMRC","Pemba","no_shift","local_self","LCVA",NA,"batch1",1013,0.357142857142857,0.205660346034966,0.670585201782578
"PHMRC","Pemba","no_shift","local_self","LCVA",NA,"batch1",1014,0.239495798319328,0.0893817204301075,0.430605378622347
"PHMRC","Pemba","no_shift","local_self","LCVA",NA,"batch1",1015,0.373949579831933,0.171131622992471,0.577578269626375
"PHMRC","Pemba","no_shift","local_self","LCVA",NA,"batch1",1016,0.336134453781513,0.157702729003168,0.59474018522001
"PHMRC","Pemba","no_shift","local_self","LCVA",NA,"batch1",1017,0.323529411764706,0.160719849706745,0.507360861164022
"PHMRC","Pemba","no_shift","local_self","LCVA",NA,"batch1",1018,0.302521008403361,0.139756944444444,0.507847107092343
"PHMRC","Pemba","no_shift","local_self","LCVA",NA,"batch1",1019,0.315126050420168,0.154600480655638,0.554695428256621
"PHMRC","Pemba","no_shift","local_self","LCVA",NA,"batch1",1020,0.315126050420168,0.144972332461702,0.549181867145468
"PHMRC","Pemba","no_shift","local_self","LCVA",NA,"batch1",1021,0.323529411764706,0.144246031746032,0.583244631418613
"PHMRC","Pemba","no_shift","local_self","LCVA",NA,"batch1",1022,0.273109243697479,0.153661715522329,0.560828489735637
"PHMRC","Pemba","no_shift","local_self","LCVA",NA,"batch1",1023,0.323529411764706,0.148803474641889,0.511931869910298
"PHMRC","Pemba","no_shift","local_self","LCVA",NA,"batch1",1024,0.399159663865546,0.18506095003188,0.618054428524682
"PHMRC","Pemba","no_shift","local_self","LCVA",NA,"batch1",1025,0.277310924369748,0.119938789596048,0.596518780148546
"PHMRC","Pemba","no_shift","local_self","LCVA",NA,"batch1",1026,0.365546218487395,0.175289831148646,0.543789343764187
"PHMRC","Pemba","no_shift","local_self","LCVA",NA,"batch1",1027,0.289915966386555,0.151619499461839,0.497593560091305
"PHMRC","Pemba","no_shift","local_self","LCVA",NA,"batch1",1028,0.348739495798319,0.171646613190731,0.576327331293045
"PHMRC","Pemba","no_shift","local_self","LCVA",NA,"batch1",1029,0.26890756302521,0.124022493961353,0.541803947965049
"PHMRC","Pemba","no_shift","local_self","LCVA",NA,"batch1",1030,0.352941176470588,0.141124691310387,0.581131709959881
"PHMRC","UP","no_shift","local_self","LCVA",NA,"batch1",1001,0.304845814977974,0.174825988576283,0.604377801614086
"PHMRC","UP","no_shift","local_self","LCVA",NA,"batch1",1002,0.340088105726872,0.226556389286828,0.630753931342501
"PHMRC","UP","no_shift","local_self","LCVA",NA,"batch1",1003,0.314537444933921,0.186402898201104,0.604006424434155
"PHMRC","UP","no_shift","local_self","LCVA",NA,"batch1",1004,0.347136563876652,0.228946137844393,0.64429217781588
"PHMRC","UP","no_shift","local_self","LCVA",NA,"batch1",1005,0.324229074889868,0.191286177092704,0.656701535504675
"PHMRC","UP","no_shift","local_self","LCVA",NA,"batch1",1006,0.298678414096916,0.19672793034179,0.572278691504338
"PHMRC","UP","no_shift","local_self","LCVA",NA,"batch1",1007,0.326872246696035,0.207680298327688,0.638335199439411
"PHMRC","UP","no_shift","local_self","LCVA",NA,"batch1",1008,0.331277533039648,0.216339185530618,0.626155684782886
"PHMRC","UP","no_shift","local_self","LCVA",NA,"batch1",1009,0.354185022026432,0.22703475080171,0.645756595881176
"PHMRC","UP","no_shift","local_self","LCVA",NA,"batch1",1010,0.305726872246696,0.176709683185932,0.594089485176069
"PHMRC","UP","no_shift","local_self","LCVA",NA,"batch1",1011,0.340088105726872,0.224676812490538,0.652753499603289
"PHMRC","UP","no_shift","local_self","LCVA",NA,"batch1",1012,0.38942731277533,0.281393468046214,0.75350372341181
"PHMRC","UP","no_shift","local_self","LCVA",NA,"batch1",1013,0.32511013215859,0.197908979112007,0.592351198214403
"PHMRC","UP","no_shift","local_self","LCVA",NA,"batch1",1014,0.341850220264317,0.204385327970106,0.64555252169996
"PHMRC","UP","no_shift","local_self","LCVA",NA,"batch1",1015,0.293392070484581,0.180615998044496,0.657019733588241
"PHMRC","UP","no_shift","local_self","LCVA",NA,"batch1",1016,0.322466960352423,0.205649620352584,0.650445261862288
"PHMRC","UP","no_shift","local_self","LCVA",NA,"batch1",1017,0.334801762114537,0.221241563131152,0.658546134852799
"PHMRC","UP","no_shift","local_self","LCVA",NA,"batch1",1018,0.297797356828194,0.162391133327332,0.599703610217822
"PHMRC","UP","no_shift","local_self","LCVA",NA,"batch1",1019,0.330396475770925,0.2028183601675,0.664132799307959
"PHMRC","UP","no_shift","local_self","LCVA",NA,"batch1",1020,0.313656387665198,0.193587332671478,0.611485062229132
"PHMRC","UP","no_shift","local_self","LCVA",NA,"batch1",1021,0.302202643171806,0.182005607264603,0.612190835561509
"PHMRC","UP","no_shift","local_self","LCVA",NA,"batch1",1022,0.351541850220264,0.221819922836357,0.6147270824262
"PHMRC","UP","no_shift","local_self","LCVA",NA,"batch1",1023,0.32511013215859,0.195203862377681,0.645704186503705
"PHMRC","UP","no_shift","local_self","LCVA",NA,"batch1",1024,0.316299559471366,0.203996290630999,0.610618170852953
"PHMRC","UP","no_shift","local_self","LCVA",NA,"batch1",1025,0.3215859030837,0.189380222408575,0.697991899947376
"PHMRC","UP","no_shift","local_self","LCVA",NA,"batch1",1026,0.334801762114537,0.215756097681143,0.680989008442757
"PHMRC","UP","no_shift","local_self","LCVA",NA,"batch1",1027,0.330396475770925,0.199636896243799,0.640989354238193
"PHMRC","UP","no_shift","local_self","LCVA",NA,"batch1",1028,0.303083700440529,0.180896177136547,0.554463938072754
"PHMRC","UP","no_shift","local_self","LCVA",NA,"batch1",1029,0.317180616740088,0.183330066491961,0.638292122803226
"PHMRC","UP","no_shift","local_self","LCVA",NA,"batch1",1030,0.318061674008811,0.200867405976425,0.663192188682161
"PHMRC","AP","no_shift","lcva_multi","LCVA",NA,"batch1",1001,0.3668543845535,0.311920518653043,0.774713395298318
"PHMRC","AP","no_shift","lcva_multi","LCVA",NA,"batch1",1002,0.353177795655672,0.294606132215228,0.777291760943359
"PHMRC","AP","no_shift","lcva_multi","LCVA",NA,"batch1",1003,0.355591311343524,0.314427340776662,0.770179115157201
"PHMRC","AP","no_shift","lcva_multi","LCVA",NA,"batch1",1004,0.372485921158488,0.305202812506962,0.782210745867034
"PHMRC","AP","no_shift","lcva_multi","LCVA",NA,"batch1",1005,0.355591311343524,0.314684241293038,0.761959259391815
"PHMRC","AP","no_shift","lcva_multi","LCVA",NA,"batch1",1006,0.359613837489944,0.313751013245782,0.775827440597623
"PHMRC","AP","no_shift","lcva_multi","LCVA",NA,"batch1",1007,0.367658889782784,0.333907931900378,0.766453188949565
"PHMRC","AP","no_shift","lcva_multi","LCVA",NA,"batch1",1008,0.366049879324216,0.319320233952663,0.773365205336298
"PHMRC","AP","no_shift","lcva_multi","LCVA",NA,"batch1",1009,0.364440868865648,0.308155395114719,0.777492544637604
"PHMRC","AP","no_shift","lcva_multi","LCVA",NA,"batch1",1010,0.368463395012068,0.324236198753333,0.777078949865584
"PHMRC","AP","no_shift","lcva_multi","LCVA",NA,"batch1",1011,0.358004827031376,0.315632928415624,0.760737163487792
"PHMRC","AP","no_shift","lcva_multi","LCVA",NA,"batch1",1012,0.358004827031376,0.31569370764082,0.773270828888852
"PHMRC","AP","no_shift","lcva_multi","LCVA",NA,"batch1",1013,0.368463395012068,0.308028380624782,0.775838235430141
"PHMRC","AP","no_shift","lcva_multi","LCVA",NA,"batch1",1014,0.349155269509252,0.309555627316504,0.767576845611898
"PHMRC","AP","no_shift","lcva_multi","LCVA",NA,"batch1",1015,0.3467417538214,0.289403602090712,0.772867763734936
"PHMRC","AP","no_shift","lcva_multi","LCVA",NA,"batch1",1016,0.37087691069992,0.309070523529377,0.766507748561659
"PHMRC","AP","no_shift","lcva_multi","LCVA",NA,"batch1",1017,0.37087691069992,0.332901227124647,0.773995554138107
"PHMRC","AP","no_shift","lcva_multi","LCVA",NA,"batch1",1018,0.368463395012068,0.32383631745055,0.784987585173949
"PHMRC","AP","no_shift","lcva_multi","LCVA",NA,"batch1",1019,0.359613837489944,0.308892626726232,0.769475340203028
"PHMRC","AP","no_shift","lcva_multi","LCVA",NA,"batch1",1020,0.36283185840708,0.311986797639963,0.777878031614197
"PHMRC","AP","no_shift","lcva_multi","LCVA",NA,"batch1",1021,0.360418342719228,0.324938250317441,0.774532324261009
"PHMRC","AP","no_shift","lcva_multi","LCVA",NA,"batch1",1022,0.353982300884956,0.312819418272245,0.761420999932661
"PHMRC","AP","no_shift","lcva_multi","LCVA",NA,"batch1",1023,0.37489943684634,0.334661992695351,0.769258881786055
"PHMRC","AP","no_shift","lcva_multi","LCVA",NA,"batch1",1024,0.35478680611424,0.316622777703321,0.768620443556758
"PHMRC","AP","no_shift","lcva_multi","LCVA",NA,"batch1",1025,0.35880933226066,0.299593160439612,0.778321507686923
"PHMRC","AP","no_shift","lcva_multi","LCVA",NA,"batch1",1026,0.372485921158488,0.324626970890072,0.76926583979164
"PHMRC","AP","no_shift","lcva_multi","LCVA",NA,"batch1",1027,0.373290426387772,0.332661254453837,0.779342527885963
"PHMRC","AP","no_shift","lcva_multi","LCVA",NA,"batch1",1028,0.35478680611424,0.315221845844124,0.770536318057227
"PHMRC","AP","no_shift","lcva_multi","LCVA",NA,"batch1",1029,0.355591311343524,0.319390546583454,0.769021309901266
"PHMRC","AP","no_shift","lcva_multi","LCVA",NA,"batch1",1030,0.353982300884956,0.311824787831953,0.772515267925284
"PHMRC","Bohol","no_shift","lcva_multi","LCVA",NA,"batch1",1001,0.321747765640516,0.263907139219628,0.827681871062474
"PHMRC","Bohol","no_shift","lcva_multi","LCVA",NA,"batch1",1002,0.316782522343595,0.287916608460679,0.830378346357818
"PHMRC","Bohol","no_shift","lcva_multi","LCVA",NA,"batch1",1003,0.348560079443893,0.313362630775965,0.851284609591554
"PHMRC","Bohol","no_shift","lcva_multi","LCVA",NA,"batch1",1004,0.337636544190665,0.297290222337335,0.838822374488487
"PHMRC","Bohol","no_shift","lcva_multi","LCVA",NA,"batch1",1005,0.329692154915591,0.27600429962242,0.850291008751056
"PHMRC","Bohol","no_shift","lcva_multi","LCVA",NA,"batch1",1006,0.337636544190665,0.299767555448166,0.845867582544098
"PHMRC","Bohol","no_shift","lcva_multi","LCVA",NA,"batch1",1007,0.325719960278054,0.282332550372438,0.850174135378946
"PHMRC","Bohol","no_shift","lcva_multi","LCVA",NA,"batch1",1008,0.344587884806355,0.3137846866044,0.84324212397556
"PHMRC","Bohol","no_shift","lcva_multi","LCVA",NA,"batch1",1009,0.334657398212512,0.288667875753316,0.841476453563659
"PHMRC","Bohol","no_shift","lcva_multi","LCVA",NA,"batch1",1010,0.328699106256207,0.295397289082722,0.845322039710853
"PHMRC","Bohol","no_shift","lcva_multi","LCVA",NA,"batch1",1011,0.324726911618669,0.27743216115007,0.836239764414248
"PHMRC","Bohol","no_shift","lcva_multi","LCVA",NA,"batch1",1012,0.328699106256207,0.279884929582551,0.835114978342941
"PHMRC","Bohol","no_shift","lcva_multi","LCVA",NA,"batch1",1013,0.333664349553128,0.288762051226586,0.833163925374462
"PHMRC","Bohol","no_shift","lcva_multi","LCVA",NA,"batch1",1014,0.328699106256207,0.275145628893468,0.845670906178823
"PHMRC","Bohol","no_shift","lcva_multi","LCVA",NA,"batch1",1015,0.318768619662363,0.263490967682883,0.839657387494404
"PHMRC","Bohol","no_shift","lcva_multi","LCVA",NA,"batch1",1016,0.346573982125124,0.277405238750332,0.855223320117613
"PHMRC","Bohol","no_shift","lcva_multi","LCVA",NA,"batch1",1017,0.326713008937438,0.277266332789276,0.844934356351156
"PHMRC","Bohol","no_shift","lcva_multi","LCVA",NA,"batch1",1018,0.337636544190665,0.293458758062883,0.841346922825373
"PHMRC","Bohol","no_shift","lcva_multi","LCVA",NA,"batch1",1019,0.322740814299901,0.282522659187499,0.836802228407551
"PHMRC","Bohol","no_shift","lcva_multi","LCVA",NA,"batch1",1020,0.342601787487587,0.300142883097414,0.848222496776321
"PHMRC","Bohol","no_shift","lcva_multi","LCVA",NA,"batch1",1021,0.33862959285005,0.30064993184432,0.841238694165901
"PHMRC","Bohol","no_shift","lcva_multi","LCVA",NA,"batch1",1022,0.332671300893744,0.297244289742889,0.841443289042104
"PHMRC","Bohol","no_shift","lcva_multi","LCVA",NA,"batch1",1023,0.336643495531281,0.280634605324155,0.840550329977464
"PHMRC","Bohol","no_shift","lcva_multi","LCVA",NA,"batch1",1024,0.336643495531281,0.299473034619426,0.836976487984565
"PHMRC","Bohol","no_shift","lcva_multi","LCVA",NA,"batch1",1025,0.331678252234359,0.307143918606981,0.836751135147251
"PHMRC","Bohol","no_shift","lcva_multi","LCVA",NA,"batch1",1026,0.334657398212512,0.286509554952035,0.847193054886774
"PHMRC","Bohol","no_shift","lcva_multi","LCVA",NA,"batch1",1027,0.346573982125124,0.309668028694214,0.846576844859864
"PHMRC","Bohol","no_shift","lcva_multi","LCVA",NA,"batch1",1028,0.322740814299901,0.271718893550428,0.848642624910767
"PHMRC","Bohol","no_shift","lcva_multi","LCVA",NA,"batch1",1029,0.331678252234359,0.283422774655348,0.851332803696615
"PHMRC","Bohol","no_shift","lcva_multi","LCVA",NA,"batch1",1030,0.331678252234359,0.290857360182946,0.836258246168379
"PHMRC","Dar","no_shift","lcva_multi","LCVA",NA,"batch1",1001,0.330195510499638,0.241433756817644,0.76727529024037
"PHMRC","Dar","no_shift","lcva_multi","LCVA",NA,"batch1",1002,0.337436640115858,0.235213808087153,0.765127392911542
"PHMRC","Dar","no_shift","lcva_multi","LCVA",NA,"batch1",1003,0.335264301230992,0.233513697836573,0.772863661056836
"PHMRC","Dar","no_shift","lcva_multi","LCVA",NA,"batch1",1004,0.33454018826937,0.239041174723276,0.767165055181087
"PHMRC","Dar","no_shift","lcva_multi","LCVA",NA,"batch1",1005,0.340333091962346,0.243777198367803,0.778109830364461
"PHMRC","Dar","no_shift","lcva_multi","LCVA",NA,"batch1",1006,0.33816075307748,0.246671559378376,0.773667856317745
"PHMRC","Dar","no_shift","lcva_multi","LCVA",NA,"batch1",1007,0.335264301230992,0.233139279283498,0.779580420066056
"PHMRC","Dar","no_shift","lcva_multi","LCVA",NA,"batch1",1008,0.33454018826937,0.23274779136402,0.764642969211325
"PHMRC","Dar","no_shift","lcva_multi","LCVA",NA,"batch1",1009,0.329471397538016,0.227298927209962,0.772166988446111
"PHMRC","Dar","no_shift","lcva_multi","LCVA",NA,"batch1",1010,0.337436640115858,0.239965972677573,0.776410081772326
"PHMRC","Dar","no_shift","lcva_multi","LCVA",NA,"batch1",1011,0.330195510499638,0.23875141398199,0.778409375991855
"PHMRC","Dar","no_shift","lcva_multi","LCVA",NA,"batch1",1012,0.33454018826937,0.235909549945329,0.777396252996122
"PHMRC","Dar","no_shift","lcva_multi","LCVA",NA,"batch1",1013,0.324402606806662,0.241053961765509,0.770021643257987
"PHMRC","Dar","no_shift","lcva_multi","LCVA",NA,"batch1",1014,0.326574945691528,0.238717075789253,0.763552131826049
"PHMRC","Dar","no_shift","lcva_multi","LCVA",NA,"batch1",1015,0.322954380883418,0.233350010755253,0.769235366123818
"PHMRC","Dar","no_shift","lcva_multi","LCVA",NA,"batch1",1016,0.333091962346126,0.236860061524878,0.769701154394626
"PHMRC","Dar","no_shift","lcva_multi","LCVA",NA,"batch1",1017,0.342505430847212,0.240882943972258,0.787280765130998
"PHMRC","Dar","no_shift","lcva_multi","LCVA",NA,"batch1",1018,0.328747284576394,0.236400736587546,0.770493119802059
"PHMRC","Dar","no_shift","lcva_multi","LCVA",NA,"batch1",1019,0.328023171614772,0.238327205569355,0.768151813553387
"PHMRC","Dar","no_shift","lcva_multi","LCVA",NA,"batch1",1020,0.333091962346126,0.237354463127331,0.76959916856909
"PHMRC","Dar","no_shift","lcva_multi","LCVA",NA,"batch1",1021,0.341057204923968,0.246756672380599,0.769490314075494
"PHMRC","Dar","no_shift","lcva_multi","LCVA",NA,"batch1",1022,0.333816075307748,0.239261168491774,0.776274341871783
"PHMRC","Dar","no_shift","lcva_multi","LCVA",NA,"batch1",1023,0.328747284576394,0.236628872160002,0.768711804371753
"PHMRC","Dar","no_shift","lcva_multi","LCVA",NA,"batch1",1024,0.339608979000724,0.239599053926215,0.776366216079704
"PHMRC","Dar","no_shift","lcva_multi","LCVA",NA,"batch1",1025,0.337436640115858,0.239562949617797,0.778034933021998
"PHMRC","Dar","no_shift","lcva_multi","LCVA",NA,"batch1",1026,0.339608979000724,0.248497905265153,0.770262831125068
"PHMRC","Dar","no_shift","lcva_multi","LCVA",NA,"batch1",1027,0.333091962346126,0.241207578814511,0.77548748927482
"PHMRC","Dar","no_shift","lcva_multi","LCVA",NA,"batch1",1028,0.330195510499638,0.235100821009083,0.775602983147556
"PHMRC","Dar","no_shift","lcva_multi","LCVA",NA,"batch1",1029,0.343229543808834,0.242279180230039,0.779540922238987
"PHMRC","Dar","no_shift","lcva_multi","LCVA",NA,"batch1",1030,0.331643736422882,0.23576381158233,0.765168993568369
"PHMRC","Mexico","no_shift","lcva_multi","LCVA",NA,"batch1",1001,0.264775413711584,0.203264061221181,0.84018102070068
"PHMRC","Mexico","no_shift","lcva_multi","LCVA",NA,"batch1",1002,0.260835303388495,0.208211740613558,0.855337883960947
"PHMRC","Mexico","no_shift","lcva_multi","LCVA",NA,"batch1",1003,0.264775413711584,0.202736343292012,0.84089379599588
"PHMRC","Mexico","no_shift","lcva_multi","LCVA",NA,"batch1",1004,0.282899921197794,0.209104024952919,0.851327800871247
"PHMRC","Mexico","no_shift","lcva_multi","LCVA",NA,"batch1",1005,0.265563435776202,0.20647519822081,0.843980746337872
"PHMRC","Mexico","no_shift","lcva_multi","LCVA",NA,"batch1",1006,0.281323877068558,0.220114014987191,0.843253418570647
"PHMRC","Mexico","no_shift","lcva_multi","LCVA",NA,"batch1",1007,0.281323877068558,0.217537637389149,0.851890671419028
"PHMRC","Mexico","no_shift","lcva_multi","LCVA",NA,"batch1",1008,0.275807722616233,0.209482010165903,0.847161909294462
"PHMRC","Mexico","no_shift","lcva_multi","LCVA",NA,"batch1",1009,0.264775413711584,0.201875823033282,0.847952441997512
"PHMRC","Mexico","no_shift","lcva_multi","LCVA",NA,"batch1",1010,0.264775413711584,0.206054980536275,0.848725006364055
"PHMRC","Mexico","no_shift","lcva_multi","LCVA",NA,"batch1",1011,0.270291568163909,0.207342848614022,0.854692859604339
"PHMRC","Mexico","no_shift","lcva_multi","LCVA",NA,"batch1",1012,0.267139479905437,0.207268671271195,0.843015198333475
"PHMRC","Mexico","no_shift","lcva_multi","LCVA",NA,"batch1",1013,0.275019700551615,0.207311269144078,0.856336427459651
"PHMRC","Mexico","no_shift","lcva_multi","LCVA",NA,"batch1",1014,0.260047281323877,0.196190706257351,0.844988985549259
"PHMRC","Mexico","no_shift","lcva_multi","LCVA",NA,"batch1",1015,0.27344365642238,0.215592135812633,0.842360839408035
"PHMRC","Mexico","no_shift","lcva_multi","LCVA",NA,"batch1",1016,0.26241134751773,0.204708413088557,0.843398340460615
"PHMRC","Mexico","no_shift","lcva_multi","LCVA",NA,"batch1",1017,0.274231678486998,0.210438390451684,0.843240886897868
"PHMRC","Mexico","no_shift","lcva_multi","LCVA",NA,"batch1",1018,0.267139479905437,0.210093990589899,0.842209265017707
"PHMRC","Mexico","no_shift","lcva_multi","LCVA",NA,"batch1",1019,0.263199369582348,0.198784892639442,0.842985776284355
"PHMRC","Mexico","no_shift","lcva_multi","LCVA",NA,"batch1",1020,0.270291568163909,0.214031109884643,0.845029752832325
"PHMRC","Mexico","no_shift","lcva_multi","LCVA",NA,"batch1",1021,0.277383766745469,0.214773759158391,0.850347891233404
"PHMRC","Mexico","no_shift","lcva_multi","LCVA",NA,"batch1",1022,0.279747832939322,0.214733771694074,0.851791193885554
"PHMRC","Mexico","no_shift","lcva_multi","LCVA",NA,"batch1",1023,0.275019700551615,0.210588089410561,0.849187203618917
"PHMRC","Mexico","no_shift","lcva_multi","LCVA",NA,"batch1",1024,0.267139479905437,0.201762636968334,0.842664775385968
"PHMRC","Mexico","no_shift","lcva_multi","LCVA",NA,"batch1",1025,0.265563435776202,0.206764837955316,0.847436056513674
"PHMRC","Mexico","no_shift","lcva_multi","LCVA",NA,"batch1",1026,0.269503546099291,0.213918904655125,0.850291812660721
"PHMRC","Mexico","no_shift","lcva_multi","LCVA",NA,"batch1",1027,0.27344365642238,0.213072742162098,0.844959635776199
"PHMRC","Mexico","no_shift","lcva_multi","LCVA",NA,"batch1",1028,0.270291568163909,0.211366180702978,0.850328741033841
"PHMRC","Mexico","no_shift","lcva_multi","LCVA",NA,"batch1",1029,0.264775413711584,0.205909715344051,0.839570660765214
"PHMRC","Mexico","no_shift","lcva_multi","LCVA",NA,"batch1",1030,0.260047281323877,0.201939185611815,0.853285491244406
"PHMRC","Pemba","no_shift","lcva_multi","LCVA",NA,"batch1",1001,0.474789915966387,0.456213482766729,0.702142999327456
"PHMRC","Pemba","no_shift","lcva_multi","LCVA",NA,"batch1",1002,0.478991596638655,0.434225224572588,0.715575894307776
"PHMRC","Pemba","no_shift","lcva_multi","LCVA",NA,"batch1",1003,0.478991596638655,0.421927285620676,0.71932857246721
"PHMRC","Pemba","no_shift","lcva_multi","LCVA",NA,"batch1",1004,0.441176470588235,0.425325664805396,0.696566363146279
"PHMRC","Pemba","no_shift","lcva_multi","LCVA",NA,"batch1",1005,0.466386554621849,0.421087876335849,0.70013896348721
"PHMRC","Pemba","no_shift","lcva_multi","LCVA",NA,"batch1",1006,0.474789915966387,0.47029886191786,0.709868125966411
"PHMRC","Pemba","no_shift","lcva_multi","LCVA",NA,"batch1",1007,0.487394957983193,0.402033111587499,0.725551580577433
"PHMRC","Pemba","no_shift","lcva_multi","LCVA",NA,"batch1",1008,0.504201680672269,0.460803970845331,0.721939997219039
"PHMRC","Pemba","no_shift","lcva_multi","LCVA",NA,"batch1",1009,0.478991596638655,0.458432386292798,0.707082895301788
"PHMRC","Pemba","no_shift","lcva_multi","LCVA",NA,"batch1",1010,0.46218487394958,0.448043782730484,0.704500602862092
"PHMRC","Pemba","no_shift","lcva_multi","LCVA",NA,"batch1",1011,0.466386554621849,0.438896403357994,0.704741540730887
"PHMRC","Pemba","no_shift","lcva_multi","LCVA",NA,"batch1",1012,0.46218487394958,0.40421041435816,0.703485719903646
"PHMRC","Pemba","no_shift","lcva_multi","LCVA",NA,"batch1",1013,0.478991596638655,0.454056367518272,0.699155751010499
"PHMRC","Pemba","no_shift","lcva_multi","LCVA",NA,"batch1",1014,0.46218487394958,0.410311355884477,0.697836265429404
"PHMRC","Pemba","no_shift","lcva_multi","LCVA",NA,"batch1",1015,0.457983193277311,0.444074776038155,0.707050679572519
"PHMRC","Pemba","no_shift","lcva_multi","LCVA",NA,"batch1",1016,0.445378151260504,0.433308540674532,0.685937297424001
"PHMRC","Pemba","no_shift","lcva_multi","LCVA",NA,"batch1",1017,0.445378151260504,0.419404009320711,0.698853410293658
"PHMRC","Pemba","no_shift","lcva_multi","LCVA",NA,"batch1",1018,0.466386554621849,0.430984730848861,0.70259008040697
"PHMRC","Pemba","no_shift","lcva_multi","LCVA",NA,"batch1",1019,0.449579831932773,0.439877266747811,0.692459254424878
"PHMRC","Pemba","no_shift","lcva_multi","LCVA",NA,"batch1",1020,0.474789915966387,0.417336415699902,0.713496116927586
"PHMRC","Pemba","no_shift","lcva_multi","LCVA",NA,"batch1",1021,0.457983193277311,0.419952876984127,0.701468604984218
"PHMRC","Pemba","no_shift","lcva_multi","LCVA",NA,"batch1",1022,0.457983193277311,0.417642550331169,0.706640952040993
"PHMRC","Pemba","no_shift","lcva_multi","LCVA",NA,"batch1",1023,0.457983193277311,0.42935012755248,0.685854735227492
"PHMRC","Pemba","no_shift","lcva_multi","LCVA",NA,"batch1",1024,0.478991596638655,0.428058855074614,0.707161351502939
"PHMRC","Pemba","no_shift","lcva_multi","LCVA",NA,"batch1",1025,0.483193277310924,0.447731739253917,0.721731423979887
"PHMRC","Pemba","no_shift","lcva_multi","LCVA",NA,"batch1",1026,0.478991596638655,0.454297173991848,0.702382247062187
"PHMRC","Pemba","no_shift","lcva_multi","LCVA",NA,"batch1",1027,0.487394957983193,0.494262923737505,0.711091441814522
"PHMRC","Pemba","no_shift","lcva_multi","LCVA",NA,"batch1",1028,0.453781512605042,0.444625959515665,0.68728788033648
"PHMRC","Pemba","no_shift","lcva_multi","LCVA",NA,"batch1",1029,0.457983193277311,0.446574429733755,0.704130147759097
"PHMRC","Pemba","no_shift","lcva_multi","LCVA",NA,"batch1",1030,0.453781512605042,0.468745698732294,0.705521700384839
"PHMRC","UP","no_shift","lcva_multi","LCVA",NA,"batch1",1001,0.400881057268722,0.378583111123462,0.81121960096514
"PHMRC","UP","no_shift","lcva_multi","LCVA",NA,"batch1",1002,0.39647577092511,0.370183563114211,0.808588946380786
"PHMRC","UP","no_shift","lcva_multi","LCVA",NA,"batch1",1003,0.398237885462555,0.387243991707864,0.81159677409338
"PHMRC","UP","no_shift","lcva_multi","LCVA",NA,"batch1",1004,0.376211453744493,0.364761674810927,0.808570844171306
"PHMRC","UP","no_shift","lcva_multi","LCVA",NA,"batch1",1005,0.402643171806167,0.388978853957155,0.817820854500345
"PHMRC","UP","no_shift","lcva_multi","LCVA",NA,"batch1",1006,0.406167400881057,0.391165254945648,0.806421718319191
"PHMRC","UP","no_shift","lcva_multi","LCVA",NA,"batch1",1007,0.398237885462555,0.373487393344572,0.82005085398754
"PHMRC","UP","no_shift","lcva_multi","LCVA",NA,"batch1",1008,0.383259911894273,0.372331540544049,0.798360034880831
"PHMRC","UP","no_shift","lcva_multi","LCVA",NA,"batch1",1009,0.406167400881057,0.387436850018887,0.810910385999477
"PHMRC","UP","no_shift","lcva_multi","LCVA",NA,"batch1",1010,0.388546255506608,0.374323417050782,0.806311578344198
"PHMRC","UP","no_shift","lcva_multi","LCVA",NA,"batch1",1011,0.394713656387665,0.379095720774056,0.808824837586406
"PHMRC","UP","no_shift","lcva_multi","LCVA",NA,"batch1",1012,0.393832599118943,0.369140128257671,0.811022082241845
"PHMRC","UP","no_shift","lcva_multi","LCVA",NA,"batch1",1013,0.397356828193833,0.391604087899563,0.808742300831888
"PHMRC","UP","no_shift","lcva_multi","LCVA",NA,"batch1",1014,0.408810572687225,0.389540633660207,0.808450171510863
"PHMRC","UP","no_shift","lcva_multi","LCVA",NA,"batch1",1015,0.38942731277533,0.365133285239769,0.8067998047895
"PHMRC","UP","no_shift","lcva_multi","LCVA",NA,"batch1",1016,0.399118942731278,0.366435149960265,0.818673211031632
"PHMRC","UP","no_shift","lcva_multi","LCVA",NA,"batch1",1017,0.39647577092511,0.377508502686227,0.819923491495
"PHMRC","UP","no_shift","lcva_multi","LCVA",NA,"batch1",1018,0.390308370044053,0.37701331007403,0.808071462016935
"PHMRC","UP","no_shift","lcva_multi","LCVA",NA,"batch1",1019,0.397356828193833,0.382814296418709,0.80630793986064
"PHMRC","UP","no_shift","lcva_multi","LCVA",NA,"batch1",1020,0.385022026431718,0.37578302282279,0.79852326098614
"PHMRC","UP","no_shift","lcva_multi","LCVA",NA,"batch1",1021,0.394713656387665,0.381688242018544,0.81253116650583
"PHMRC","UP","no_shift","lcva_multi","LCVA",NA,"batch1",1022,0.38942731277533,0.372842984650748,0.812879913805674
"PHMRC","UP","no_shift","lcva_multi","LCVA",NA,"batch1",1023,0.401762114537445,0.38908738184484,0.816080592519205
"PHMRC","UP","no_shift","lcva_multi","LCVA",NA,"batch1",1024,0.398237885462555,0.394977247183888,0.803970708315521
"PHMRC","UP","no_shift","lcva_multi","LCVA",NA,"batch1",1025,0.398237885462555,0.38128609615577,0.816661387620439
"PHMRC","UP","no_shift","lcva_multi","LCVA",NA,"batch1",1026,0.386784140969163,0.362510449431154,0.813512247752337
"PHMRC","UP","no_shift","lcva_multi","LCVA",NA,"batch1",1027,0.400881057268722,0.391356227326958,0.818305816948214
"PHMRC","UP","no_shift","lcva_multi","LCVA",NA,"batch1",1028,0.39295154185022,0.389780657981217,0.80518157231842
"PHMRC","UP","no_shift","lcva_multi","LCVA",NA,"batch1",1029,0.390308370044053,0.376780638329805,0.807378943760062
"PHMRC","UP","no_shift","lcva_multi","LCVA",NA,"batch1",1030,0.399118942731278,0.395317365857895,0.804230241317332
"PHMRC","AP","severe","bfl_domain","LCVA","gibbs_dir","batch1",1001,0.229222520107239,0.247731146791518,0.493397220294669
"PHMRC","AP","severe","bfl_domain","LCVA","gibbs_dir","batch1",1002,0.224066390041494,0.22136221090174,0.391981328032246
"PHMRC","AP","severe","bfl_domain","LCVA","gibbs_dir","batch1",1003,0.158753709198813,0.231201031260133,0.279651735472446
"PHMRC","AP","severe","bfl_domain","LCVA","gibbs_dir","batch1",1004,0.112207151664612,0.215104881940317,0.278032877962788
"PHMRC","AP","severe","bfl_domain","LCVA","gibbs_dir","batch1",1005,0.22198275862069,0.237213925044074,0.430839970839974
"PHMRC","AP","severe","bfl_domain","LCVA","gibbs_dir","batch1",1006,0.328337874659401,0.378531397939293,0.45567899384602
"PHMRC","AP","severe","bfl_domain","LCVA","gibbs_dir","batch1",1007,0.223404255319149,0.2810754713342,0.436139691313061
"PHMRC","AP","severe","bfl_domain","LCVA","gibbs_dir","batch1",1008,0.289719626168224,0.292000606754821,0.530036190247957
"PHMRC","AP","severe","bfl_domain","LCVA","gibbs_dir","batch1",1009,0.318991097922849,0.307036991072036,0.459783611224584
"PHMRC","AP","severe","bfl_domain","LCVA","gibbs_dir","batch1",1010,0.228915662650602,0.202472698774545,0.468452693541387
"PHMRC","AP","severe","bfl_domain","LCVA","gibbs_dir","batch1",1011,0.212351029252438,0.229496739934406,0.349047036633266
"PHMRC","AP","severe","bfl_domain","LCVA","gibbs_dir","batch1",1012,0.179723502304147,0.255375057690847,0.32190540978548
"PHMRC","AP","severe","bfl_domain","LCVA","gibbs_dir","batch1",1013,0.262773722627737,0.350774931518225,0.34424827655147
"PHMRC","AP","severe","bfl_domain","LCVA","gibbs_dir","batch1",1014,0.276422764227642,0.376359470468453,0.419714741348934
"PHMRC","AP","severe","bfl_domain","LCVA","gibbs_dir","batch1",1015,0.190578158458244,0.259511127119084,0.3707523365959
"PHMRC","AP","severe","bfl_domain","LCVA","gibbs_dir","batch1",1016,0.292231812577065,0.244944419043313,0.511390800076308
"PHMRC","AP","severe","bfl_domain","LCVA","gibbs_dir","batch1",1017,0.274065685164213,0.230019189167802,0.4385935954383
"PHMRC","AP","severe","bfl_domain","LCVA","gibbs_dir","batch1",1018,0.225744476464938,0.23642878571529,0.452506773868112
"PHMRC","AP","severe","bfl_domain","LCVA","gibbs_dir","batch1",1019,0.216855087358684,0.222124176074273,0.344536739569817
"PHMRC","AP","severe","bfl_domain","LCVA","gibbs_dir","batch1",1020,0.182439024390244,0.275232041534563,0.299576733840129
"PHMRC","AP","severe","bfl_domain","LCVA","gibbs_dir","batch1",1021,0.18227215980025,0.221332696318586,0.362527155245061
"PHMRC","AP","severe","bfl_domain","LCVA","gibbs_dir","batch1",1022,0.180535966149506,0.270111363574689,0.38112425026366
"PHMRC","AP","severe","bfl_domain","LCVA","gibbs_dir","batch1",1023,0.210958904109589,0.282035417752333,0.422273506288045
"PHMRC","AP","severe","bfl_domain","LCVA","gibbs_dir","batch1",1024,0.268440145102781,0.305062563100666,0.443215907252496
"PHMRC","AP","severe","bfl_domain","LCVA","gibbs_dir","batch1",1025,0.222444889779559,0.241555050096373,0.429829288930584
"PHMRC","AP","severe","bfl_domain","LCVA","gibbs_dir","batch1",1026,0.1786133960047,0.227079426394799,0.356820399817977
"PHMRC","AP","severe","bfl_domain","LCVA","gibbs_dir","batch1",1027,0.20299727520436,0.350785511043498,0.389920960715741
"PHMRC","AP","severe","bfl_domain","LCVA","gibbs_dir","batch1",1028,0.155107187894073,0.29439657994332,0.269937466170559
"PHMRC","AP","severe","bfl_domain","LCVA","gibbs_dir","batch1",1029,0.148550724637681,0.275975980368329,0.333548247375488
"PHMRC","AP","severe","bfl_domain","LCVA","gibbs_dir","batch1",1030,0.248940677966102,0.240868383752999,0.426207851278325
"PHMRC","Bohol","severe","bfl_domain","LCVA","gibbs_dir","batch1",1001,0.245664739884393,0.242675643667347,0.380206003619022
"PHMRC","Bohol","severe","bfl_domain","LCVA","gibbs_dir","batch1",1002,0.187096774193548,0.145429874753146,0.275324853371062
"PHMRC","Bohol","severe","bfl_domain","LCVA","gibbs_dir","batch1",1003,0.177383592017738,0.243874749225187,0.284159618330566
"PHMRC","Bohol","severe","bfl_domain","LCVA","gibbs_dir","batch1",1004,0.169971671388102,0.312645840773686,0.257006353084971
"PHMRC","Bohol","severe","bfl_domain","LCVA","gibbs_dir","batch1",1005,0.280442804428044,0.213275568953809,0.563312756645341
"PHMRC","Bohol","severe","bfl_domain","LCVA","gibbs_dir","batch1",1006,0.20704845814978,0.257766169762138,0.291805095800677
"PHMRC","Bohol","severe","bfl_domain","LCVA","gibbs_dir","batch1",1007,0.193506493506494,0.188892963335918,0.391073927924353
"PHMRC","Bohol","severe","bfl_domain","LCVA","gibbs_dir","batch1",1008,0.15552099533437,0.146591404974476,0.333253083700914
"PHMRC","Bohol","severe","bfl_domain","LCVA","gibbs_dir","batch1",1009,0.243119266055046,0.294864910593811,0.367327428074987
"PHMRC","Bohol","severe","bfl_domain","LCVA","gibbs_dir","batch1",1010,0.319761668321748,0.247479863729735,0.756405327572556
"PHMRC","Bohol","severe","bfl_domain","LCVA","gibbs_dir","batch1",1011,0.138810198300283,0.212230882543383,0.28897135365103
"PHMRC","Bohol","severe","bfl_domain","LCVA","gibbs_dir","batch1",1012,0.174661746617466,0.241127761484395,0.378462034774809
"PHMRC","Bohol","severe","bfl_domain","LCVA","gibbs_dir","batch1",1013,0.133428981348637,0.242381587578632,0.297176036177923
"PHMRC","Bohol","severe","bfl_domain","LCVA","gibbs_dir","batch1",1014,0.165191740412979,0.175703399164938,0.329441910342996
"PHMRC","Bohol","severe","bfl_domain","LCVA","gibbs_dir","batch1",1015,0.247914183551847,0.178050880026035,0.428626802427659
"PHMRC","Bohol","severe","bfl_domain","LCVA","gibbs_dir","batch1",1016,0.278877887788779,0.39318419562255,0.432922354560122
"PHMRC","Bohol","severe","bfl_domain","LCVA","gibbs_dir","batch1",1017,0.131868131868132,0.267995794280379,0.278976913066835
"PHMRC","Bohol","severe","bfl_domain","LCVA","gibbs_dir","batch1",1018,0.198366394399067,0.220270399260908,0.316045067263649
"PHMRC","Bohol","severe","bfl_domain","LCVA","gibbs_dir","batch1",1019,0.215536105032823,0.189720095388867,0.452454389445942
"PHMRC","Bohol","severe","bfl_domain","LCVA","gibbs_dir","batch1",1020,0.160592255125285,0.278023876619891,0.366622273892241
"PHMRC","Bohol","severe","bfl_domain","LCVA","gibbs_dir","batch1",1021,0.186356073211314,0.35236531986532,0.294409122096304
"PHMRC","Bohol","severe","bfl_domain","LCVA","gibbs_dir","batch1",1022,0.18577648766328,0.259218676829928,0.314855316271749
"PHMRC","Bohol","severe","bfl_domain","LCVA","gibbs_dir","batch1",1023,0.142329020332717,0.210581503780738,0.267639428087411
"PHMRC","Bohol","severe","bfl_domain","LCVA","gibbs_dir","batch1",1024,0.228384991843393,0.344029094505285,0.349958337746917
"PHMRC","Bohol","severe","bfl_domain","LCVA","gibbs_dir","batch1",1025,0.156553398058252,0.153090933558778,0.273547321380191
"PHMRC","Bohol","severe","bfl_domain","LCVA","gibbs_dir","batch1",1026,0.170802919708029,0.337903442876353,0.327435032908639
"PHMRC","Bohol","severe","bfl_domain","LCVA","gibbs_dir","batch1",1027,0.0843881856540084,0.356705516705517,0.185195429427924
"PHMRC","Bohol","severe","bfl_domain","LCVA","gibbs_dir","batch1",1028,0.140350877192982,0.289711459816557,0.256665102605924
"PHMRC","Bohol","severe","bfl_domain","LCVA","gibbs_dir","batch1",1029,0.237735849056604,0.254731782161708,0.478302373253031
"PHMRC","Bohol","severe","bfl_domain","LCVA","gibbs_dir","batch1",1030,0.195195195195195,0.298099509920704,0.389303908986013
"PHMRC","Dar","severe","bfl_domain","LCVA","gibbs_dir","batch1",1001,0.0560859188544153,0.284253246753247,0.115140200095589
"PHMRC","Dar","severe","bfl_domain","LCVA","gibbs_dir","batch1",1002,0.109969167523124,0.172793597619524,0.226853428776271
"PHMRC","Dar","severe","bfl_domain","LCVA","gibbs_dir","batch1",1003,0.0926339285714286,0.212838993913163,0.17812932113899
"PHMRC","Dar","severe","bfl_domain","LCVA","gibbs_dir","batch1",1004,0.0345211581291759,0.154519157088123,0.0878721907554849
"PHMRC","Dar","severe","bfl_domain","LCVA","gibbs_dir","batch1",1005,0.143329658213892,0.164183778434791,0.238533160539938
"PHMRC","Dar","severe","bfl_domain","LCVA","gibbs_dir","batch1",1006,0.142857142857143,0.220493152072099,0.229146363281604
"PHMRC","Dar","severe","bfl_domain","LCVA","gibbs_dir","batch1",1007,0.14,0.211758489074279,0.254078070012829
"PHMRC","Dar","severe","bfl_domain","LCVA","gibbs_dir","batch1",1008,0.13508064516129,0.148744294062887,0.245307820803726
"PHMRC","Dar","severe","bfl_domain","LCVA","gibbs_dir","batch1",1009,0.108921161825726,0.156709406455367,0.176286899245156
"PHMRC","Dar","severe","bfl_domain","LCVA","gibbs_dir","batch1",1010,0.141295206055509,0.165567120307201,0.236546642714322
"PHMRC","Dar","severe","bfl_domain","LCVA","gibbs_dir","batch1",1011,0.171014492753623,0.207564887844142,0.295351209163962
"PHMRC","Dar","severe","bfl_domain","LCVA","gibbs_dir","batch1",1012,0.142857142857143,0.223854761942997,0.305589446057465
"PHMRC","Dar","severe","bfl_domain","LCVA","gibbs_dir","batch1",1013,0.132686084142395,0.173140557634206,0.261210184381074
"PHMRC","Dar","severe","bfl_domain","LCVA","gibbs_dir","batch1",1014,0.17011701170117,0.21274329915449,0.299203267069422
"PHMRC","Dar","severe","bfl_domain","LCVA","gibbs_dir","batch1",1015,0.269072164948454,0.17546033070117,0.428045320826499
"PHMRC","Dar","severe","bfl_domain","LCVA","gibbs_dir","batch1",1016,0.281920326864147,0.242469667900193,0.404644308969273
"PHMRC","Dar","severe","bfl_domain","LCVA","gibbs_dir","batch1",1017,0.130530973451327,0.124069676629517,0.182085922561729
"PHMRC","Dar","severe","bfl_domain","LCVA","gibbs_dir","batch1",1018,0.0885826771653543,0.159386738424377,0.202588167987164
"PHMRC","Dar","severe","bfl_domain","LCVA","gibbs_dir","batch1",1019,0.141025641025641,0.171459916879245,0.254863015793594
"PHMRC","Dar","severe","bfl_domain","LCVA","gibbs_dir","batch1",1020,0.0584642233856894,0.246370890004167,0.1527071547985
"PHMRC","Dar","severe","bfl_domain","LCVA","gibbs_dir","batch1",1021,0.0558139534883721,0.133934804055125,0.113214759109282
"PHMRC","Dar","severe","bfl_domain","LCVA","gibbs_dir","batch1",1022,0.047682119205298,0.292156862745098,0.111286474158011
"PHMRC","Dar","severe","bfl_domain","LCVA","gibbs_dir","batch1",1023,0.0298507462686567,0.290196078431373,0.09059688283903
"PHMRC","Dar","severe","bfl_domain","LCVA","gibbs_dir","batch1",1024,0.0995575221238938,0.268105158730159,0.158385537954007
"PHMRC","Dar","severe","bfl_domain","LCVA","gibbs_dir","batch1",1025,0.196928635953026,0.171273139206772,0.308711139575577
"PHMRC","Dar","severe","bfl_domain","LCVA","gibbs_dir","batch1",1026,0.0366197183098592,0.189633783963119,0.101085053783363
"PHMRC","Dar","severe","bfl_domain","LCVA","gibbs_dir","batch1",1027,0.0859538784067086,0.220496704416265,0.156973133106484
"PHMRC","Dar","severe","bfl_domain","LCVA","gibbs_dir","batch1",1028,0.103448275862069,0.176696578908572,0.15356557044499
"PHMRC","Dar","severe","bfl_domain","LCVA","gibbs_dir","batch1",1029,0.158744394618834,0.20572920337104,0.283719930378693
"PHMRC","Dar","severe","bfl_domain","LCVA","gibbs_dir","batch1",1030,0.118913857677903,0.139480591954819,0.188479235350227
"PHMRC","Mexico","severe","bfl_domain","LCVA","gibbs_dir","batch1",1001,0.0678941311852704,0.177445899484275,0.152456500985062
"PHMRC","Mexico","severe","bfl_domain","LCVA","gibbs_dir","batch1",1002,0.145474137931034,0.282964935628803,0.318752982896966
"PHMRC","Mexico","severe","bfl_domain","LCVA","gibbs_dir","batch1",1003,0.143990929705215,0.271212237888805,0.231976876452174
"PHMRC","Mexico","severe","bfl_domain","LCVA","gibbs_dir","batch1",1004,0.0715036803364879,0.206888427728835,0.169542342397179
"PHMRC","Mexico","severe","bfl_domain","LCVA","gibbs_dir","batch1",1005,0.137767220902613,0.207073716795221,0.29022700377203
"PHMRC","Mexico","severe","bfl_domain","LCVA","gibbs_dir","batch1",1006,0.0894607843137255,0.296942110177404,0.204858324921718
"PHMRC","Mexico","severe","bfl_domain","LCVA","gibbs_dir","batch1",1007,0.12826899128269,0.201575937968749,0.287215199631121
"PHMRC","Mexico","severe","bfl_domain","LCVA","gibbs_dir","batch1",1008,0.0891861761426979,0.267369259093397,0.215140687676375
"PHMRC","Mexico","severe","bfl_domain","LCVA","gibbs_dir","batch1",1009,0.0734649122807018,0.148456988671004,0.161721425611838
"PHMRC","Mexico","severe","bfl_domain","LCVA","gibbs_dir","batch1",1010,0.141242937853107,0.212495217508813,0.31983182518766
"PHMRC","Mexico","severe","bfl_domain","LCVA","gibbs_dir","batch1",1011,0.128148959474261,0.197078628305829,0.278739923881296
"PHMRC","Mexico","severe","bfl_domain","LCVA","gibbs_dir","batch1",1012,0.115062761506276,0.218705249225038,0.206421175364979
"PHMRC","Mexico","severe","bfl_domain","LCVA","gibbs_dir","batch1",1013,0.123255813953488,0.224138852068483,0.25729673849272
"PHMRC","Mexico","severe","bfl_domain","LCVA","gibbs_dir","batch1",1014,0.122601279317697,0.303035508081189,0.260101345643516
"PHMRC","Mexico","severe","bfl_domain","LCVA","gibbs_dir","batch1",1015,0.118437118437118,0.188574598346374,0.279762448628793
"PHMRC","Mexico","severe","bfl_domain","LCVA","gibbs_dir","batch1",1016,0.098014888337469,0.162339695122714,0.190852294640541
"PHMRC","Mexico","severe","bfl_domain","LCVA","gibbs_dir","batch1",1017,0.0977620730270907,0.22876373853902,0.18764335746329
"PHMRC","Mexico","severe","bfl_domain","LCVA","gibbs_dir","batch1",1018,0.0845383759733037,0.190918116833741,0.267712748372596
"PHMRC","Mexico","severe","bfl_domain","LCVA","gibbs_dir","batch1",1019,0.0862422997946612,0.16301069858491,0.201305363925127
"PHMRC","Mexico","severe","bfl_domain","LCVA","gibbs_dir","batch1",1020,0.0463768115942029,0.208310208310208,0.134286874699222
"PHMRC","Mexico","severe","bfl_domain","LCVA","gibbs_dir","batch1",1021,0.10571736785329,0.184269303681068,0.213578557881284
"PHMRC","Mexico","severe","bfl_domain","LCVA","gibbs_dir","batch1",1022,0.0625909752547307,0.164589796168744,0.198762649596981
"PHMRC","Mexico","severe","bfl_domain","LCVA","gibbs_dir","batch1",1023,0.0373134328358209,0.149530063505723,0.124032824740261
"PHMRC","Mexico","severe","bfl_domain","LCVA","gibbs_dir","batch1",1024,0.0544444444444444,0.13078616525469,0.122002223745333
"PHMRC","Mexico","severe","bfl_domain","LCVA","gibbs_dir","batch1",1025,0.178947368421053,0.231213452569712,0.299981689875874
"PHMRC","Mexico","severe","bfl_domain","LCVA","gibbs_dir","batch1",1026,0.112436115843271,0.264969577784661,0.203059422970378
"PHMRC","Mexico","severe","bfl_domain","LCVA","gibbs_dir","batch1",1027,0.0749414519906323,0.263338493292054,0.163005699053927
"PHMRC","Mexico","severe","bfl_domain","LCVA","gibbs_dir","batch1",1028,0.0655270655270655,0.168527261716379,0.231450339820339
"PHMRC","Mexico","severe","bfl_domain","LCVA","gibbs_dir","batch1",1029,0.13265306122449,0.202830351203867,0.281244731197633
"PHMRC","Mexico","severe","bfl_domain","LCVA","gibbs_dir","batch1",1030,0.140639269406393,0.233122577869131,0.251638664955393
"PHMRC","Pemba","severe","bfl_domain","LCVA","gibbs_dir","batch1",1001,0.376146788990826,0.447891297891298,0.544472363451874
"PHMRC","Pemba","severe","bfl_domain","LCVA","gibbs_dir","batch1",1002,0.425531914893617,0.314502490973079,0.526196147302617
"PHMRC","Pemba","severe","bfl_domain","LCVA","gibbs_dir","batch1",1003,0.337837837837838,0.681195996985471,0.413089027012502
"PHMRC","Pemba","severe","bfl_domain","LCVA","gibbs_dir","batch1",1004,0.376811594202899,0.602873106496295,0.521200654913086
"PHMRC","Pemba","severe","bfl_domain","LCVA","gibbs_dir","batch1",1005,0.408839779005525,0.349826643944291,0.498703123397941
"PHMRC","Pemba","severe","bfl_domain","LCVA","gibbs_dir","batch1",1006,0.25503355704698,0.387062638675542,0.33194872348726
"PHMRC","Pemba","severe","bfl_domain","LCVA","gibbs_dir","batch1",1007,0.393548387096774,0.328814301640389,0.5763742250135
"PHMRC","Pemba","severe","bfl_domain","LCVA","gibbs_dir","batch1",1008,0.305732484076433,0.293725490196078,0.479077420271727
"PHMRC","Pemba","severe","bfl_domain","LCVA","gibbs_dir","batch1",1009,0.30718954248366,0.854545454545455,0.344839936077541
"PHMRC","Pemba","severe","bfl_domain","LCVA","gibbs_dir","batch1",1010,0.393013100436681,0.283311546840959,0.522871403036163
"PHMRC","Pemba","severe","bfl_domain","LCVA","gibbs_dir","batch1",1011,0.341463414634146,0.38151072412436,0.420851305834859
"PHMRC","Pemba","severe","bfl_domain","LCVA","gibbs_dir","batch1",1012,0.315217391304348,0.483391608391608,0.460571358590082
"PHMRC","Pemba","severe","bfl_domain","LCVA","gibbs_dir","batch1",1013,0.354330708661417,0.577094017094017,0.451286677854374
"PHMRC","Pemba","severe","bfl_domain","LCVA","gibbs_dir","batch1",1014,0.360576923076923,0.441183689615667,0.538064712918931
"PHMRC","Pemba","severe","bfl_domain","LCVA","gibbs_dir","batch1",1015,0.46551724137931,0.439315129020855,0.561882288164233
"PHMRC","Pemba","severe","bfl_domain","LCVA","gibbs_dir","batch1",1016,0.434146341463415,0.320578063241107,0.524247101954991
"PHMRC","Pemba","severe","bfl_domain","LCVA","gibbs_dir","batch1",1017,0.353982300884956,0.743055555555556,0.392128217053116
"PHMRC","Pemba","severe","bfl_domain","LCVA","gibbs_dir","batch1",1018,0.383886255924171,0.622568181818182,0.49103122598174
"PHMRC","Pemba","severe","bfl_domain","LCVA","gibbs_dir","batch1",1019,0.395604395604396,0.297170792594134,0.491636046048532
"PHMRC","Pemba","severe","bfl_domain","LCVA","gibbs_dir","batch1",1020,0.386363636363636,0.261293490460157,0.540559119303246
"PHMRC","Pemba","severe","bfl_domain","LCVA","gibbs_dir","batch1",1021,0.460674157303371,0.438212815990594,0.561860140039353
"PHMRC","Pemba","severe","bfl_domain","LCVA","gibbs_dir","batch1",1022,0.285714285714286,0.4886961996337,0.389924977925549
"PHMRC","Pemba","severe","bfl_domain","LCVA","gibbs_dir","batch1",1023,0.317073170731707,0.636597879244938,0.440147819131437
"PHMRC","Pemba","severe","bfl_domain","LCVA","gibbs_dir","batch1",1024,0.34375,0.345245478036176,0.414349157403057
"PHMRC","Pemba","severe","bfl_domain","LCVA","gibbs_dir","batch1",1025,0.310526315789474,0.326302936194241,0.399101210893831
"PHMRC","Pemba","severe","bfl_domain","LCVA","gibbs_dir","batch1",1026,0.276315789473684,0.292063492063492,0.345857762474352
"PHMRC","Pemba","severe","bfl_domain","LCVA","gibbs_dir","batch1",1027,0.287878787878788,0.486441798941799,0.401213525064635
"PHMRC","Pemba","severe","bfl_domain","LCVA","gibbs_dir","batch1",1028,0.575,0.495542834358624,0.567065959247763
"PHMRC","Pemba","severe","bfl_domain","LCVA","gibbs_dir","batch1",1029,0.302631578947368,0.38122483577029,0.385179061056021
"PHMRC","Pemba","severe","bfl_domain","LCVA","gibbs_dir","batch1",1030,0.27319587628866,0.64625850340136,0.335934869967219
"PHMRC","UP","severe","bfl_domain","LCVA","gibbs_dir","batch1",1001,0.393055555555556,0.279248655744184,0.527293403041095
"PHMRC","UP","severe","bfl_domain","LCVA","gibbs_dir","batch1",1002,0.297539149888143,0.325696266672119,0.441647370312223
"PHMRC","UP","severe","bfl_domain","LCVA","gibbs_dir","batch1",1003,0.246414602346806,0.26124568820691,0.423400341441365
"PHMRC","UP","severe","bfl_domain","LCVA","gibbs_dir","batch1",1004,0.315914489311164,0.305719822289651,0.443492183901984
"PHMRC","UP","severe","bfl_domain","LCVA","gibbs_dir","batch1",1005,0.315789473684211,0.306057940447595,0.451022425649186
"PHMRC","UP","severe","bfl_domain","LCVA","gibbs_dir","batch1",1006,0.201298701298701,0.291842372866198,0.283101932255226
"PHMRC","UP","severe","bfl_domain","LCVA","gibbs_dir","batch1",1007,0.207823960880196,0.382655520736262,0.336496308169134
"PHMRC","UP","severe","bfl_domain","LCVA","gibbs_dir","batch1",1008,0.232035928143713,0.254939204455234,0.446167644600952
"PHMRC","UP","severe","bfl_domain","LCVA","gibbs_dir","batch1",1009,0.255054432348367,0.27881778949059,0.401236291690039
"PHMRC","UP","severe","bfl_domain","LCVA","gibbs_dir","batch1",1010,0.297082228116711,0.247597349604916,0.526647255201236
"PHMRC","UP","severe","bfl_domain","LCVA","gibbs_dir","batch1",1011,0.175849941383353,0.308452265268794,0.340895416547257
"PHMRC","UP","severe","bfl_domain","LCVA","gibbs_dir","batch1",1012,0.319306930693069,0.335169278676044,0.486754672059826
"PHMRC","UP","severe","bfl_domain","LCVA","gibbs_dir","batch1",1013,0.167664670658683,0.169195646535548,0.306883506152855
"PHMRC","UP","severe","bfl_domain","LCVA","gibbs_dir","batch1",1014,0.160919540229885,0.210887463439365,0.372359241261703
"PHMRC","UP","severe","bfl_domain","LCVA","gibbs_dir","batch1",1015,0.219013237063779,0.276961548900522,0.382730506531249
"PHMRC","UP","severe","bfl_domain","LCVA","gibbs_dir","batch1",1016,0.317348377997179,0.300988036993814,0.425002792701379
"PHMRC","UP","severe","bfl_domain","LCVA","gibbs_dir","batch1",1017,0.24969696969697,0.366164632592434,0.390887529672263
"PHMRC","UP","severe","bfl_domain","LCVA","gibbs_dir","batch1",1018,0.267836257309942,0.344469980169904,0.459151552112137
"PHMRC","UP","severe","bfl_domain","LCVA","gibbs_dir","batch1",1019,0.219540229885057,0.325369178787857,0.369786165849852
"PHMRC","UP","severe","bfl_domain","LCVA","gibbs_dir","batch1",1020,0.300925925925926,0.289202422128001,0.428597962045251
"PHMRC","UP","severe","bfl_domain","LCVA","gibbs_dir","batch1",1021,0.329283110571081,0.470809586902917,0.46117035271199
"PHMRC","UP","severe","bfl_domain","LCVA","gibbs_dir","batch1",1022,0.324675324675325,0.312170969362949,0.401850353910417
"PHMRC","UP","severe","bfl_domain","LCVA","gibbs_dir","batch1",1023,0.249637155297533,0.338723798581683,0.387040683952769
"PHMRC","UP","severe","bfl_domain","LCVA","gibbs_dir","batch1",1024,0.206489675516224,0.30830365286887,0.348269967853994
"PHMRC","UP","severe","bfl_domain","LCVA","gibbs_dir","batch1",1025,0.261616161616162,0.285916816927358,0.422462218265369
"PHMRC","UP","severe","bfl_domain","LCVA","gibbs_dir","batch1",1026,0.31544502617801,0.291917661509394,0.461918585472729
"PHMRC","UP","severe","bfl_domain","LCVA","gibbs_dir","batch1",1027,0.363864491844417,0.387918257903557,0.528743573497497
"PHMRC","UP","severe","bfl_domain","LCVA","gibbs_dir","batch1",1028,0.218424962852897,0.419904414757356,0.336452947646732
"PHMRC","UP","severe","bfl_domain","LCVA","gibbs_dir","batch1",1029,0.260586319218241,0.30800092134765,0.403990369827534
"PHMRC","UP","severe","bfl_domain","LCVA","gibbs_dir","batch1",1030,0.309941520467836,0.26962704086617,0.532622033397663
"PHMRC","AP","severe","bfl_mix","LCVA","gibbs_dir","batch1",1001,0.239946380697051,0.269684090847706,0.495257094324005
"PHMRC","AP","severe","bfl_mix","LCVA","gibbs_dir","batch1",1002,0.230290456431535,0.267312399123471,0.400087209451393
"PHMRC","AP","severe","bfl_mix","LCVA","gibbs_dir","batch1",1003,0.160237388724036,0.241092265040256,0.279962260580037
"PHMRC","AP","severe","bfl_mix","LCVA","gibbs_dir","batch1",1004,0.1134401972873,0.214993564116395,0.276875174505092
"PHMRC","AP","severe","bfl_mix","LCVA","gibbs_dir","batch1",1005,0.219827586206897,0.243758778450625,0.422104679546614
"PHMRC","AP","severe","bfl_mix","LCVA","gibbs_dir","batch1",1006,0.331062670299728,0.390560966740571,0.46199156271329
"PHMRC","AP","severe","bfl_mix","LCVA","gibbs_dir","batch1",1007,0.228723404255319,0.288202920865995,0.435409666255492
"PHMRC","AP","severe","bfl_mix","LCVA","gibbs_dir","batch1",1008,0.292056074766355,0.303756143247932,0.532019085751162
"PHMRC","AP","severe","bfl_mix","LCVA","gibbs_dir","batch1",1009,0.321958456973294,0.331830328665314,0.463188075202208
"PHMRC","AP","severe","bfl_mix","LCVA","gibbs_dir","batch1",1010,0.224096385542169,0.200057965325416,0.471130063824927
"PHMRC","AP","severe","bfl_mix","LCVA","gibbs_dir","batch1",1011,0.213434452871073,0.237164533385762,0.351403085478933
"PHMRC","AP","severe","bfl_mix","LCVA","gibbs_dir","batch1",1012,0.17741935483871,0.270167212783794,0.320922053169381
"PHMRC","AP","severe","bfl_mix","LCVA","gibbs_dir","batch1",1013,0.277372262773723,0.346026558846448,0.361284463649746
"PHMRC","AP","severe","bfl_mix","LCVA","gibbs_dir","batch1",1014,0.279471544715447,0.391782546183269,0.428080788189346
"PHMRC","AP","severe","bfl_mix","LCVA","gibbs_dir","batch1",1015,0.19593147751606,0.267508034935342,0.366327312476037
"PHMRC","AP","severe","bfl_mix","LCVA","gibbs_dir","batch1",1016,0.292231812577065,0.283783553583537,0.512452771508909
"PHMRC","AP","severe","bfl_mix","LCVA","gibbs_dir","batch1",1017,0.278595696489241,0.247849045833365,0.435774789279047
"PHMRC","AP","severe","bfl_mix","LCVA","gibbs_dir","batch1",1018,0.221902017291066,0.231971532072378,0.453873568166485
"PHMRC","AP","severe","bfl_mix","LCVA","gibbs_dir","batch1",1019,0.219938335046249,0.228639834039563,0.350559990953913
"PHMRC","AP","severe","bfl_mix","LCVA","gibbs_dir","batch1",1020,0.185365853658537,0.281492403386813,0.299712033225871
"PHMRC","AP","severe","bfl_mix","LCVA","gibbs_dir","batch1",1021,0.183520599250936,0.225917549536475,0.362192193770963
"PHMRC","AP","severe","bfl_mix","LCVA","gibbs_dir","batch1",1022,0.179125528913963,0.276234463019441,0.38005594087296
"PHMRC","AP","severe","bfl_mix","LCVA","gibbs_dir","batch1",1023,0.204109589041096,0.275734569999182,0.419771173802744
"PHMRC","AP","severe","bfl_mix","LCVA","gibbs_dir","batch1",1024,0.269649334945586,0.285957099582223,0.450497739054649
"PHMRC","AP","severe","bfl_mix","LCVA","gibbs_dir","batch1",1025,0.229458917835671,0.242454219560906,0.431357715977431
"PHMRC","AP","severe","bfl_mix","LCVA","gibbs_dir","batch1",1026,0.17743830787309,0.22569179696551,0.356982650688857
"PHMRC","AP","severe","bfl_mix","LCVA","gibbs_dir","batch1",1027,0.205722070844687,0.345556752873563,0.393690578411206
"PHMRC","AP","severe","bfl_mix","LCVA","gibbs_dir","batch1",1028,0.162673392181589,0.312673027888241,0.276108993688487
"PHMRC","AP","severe","bfl_mix","LCVA","gibbs_dir","batch1",1029,0.143719806763285,0.269457751500206,0.330761114592743
"PHMRC","AP","severe","bfl_mix","LCVA","gibbs_dir","batch1",1030,0.252118644067797,0.268797831267027,0.443851960964609
"PHMRC","Bohol","severe","bfl_mix","LCVA","gibbs_dir","batch1",1001,0.247109826589595,0.242305865790773,0.390519598673257
"PHMRC","Bohol","severe","bfl_mix","LCVA","gibbs_dir","batch1",1002,0.187096774193548,0.144260931331928,0.276211588289594
"PHMRC","Bohol","severe","bfl_mix","LCVA","gibbs_dir","batch1",1003,0.188470066518847,0.248876415981679,0.288706270020493
"PHMRC","Bohol","severe","bfl_mix","LCVA","gibbs_dir","batch1",1004,0.177053824362606,0.311258690522559,0.267739503834635
"PHMRC","Bohol","severe","bfl_mix","LCVA","gibbs_dir","batch1",1005,0.284132841328413,0.199583140571323,0.5616126540089
"PHMRC","Bohol","severe","bfl_mix","LCVA","gibbs_dir","batch1",1006,0.198237885462555,0.297436804376533,0.287296772265637
"PHMRC","Bohol","severe","bfl_mix","LCVA","gibbs_dir","batch1",1007,0.196103896103896,0.191864473120273,0.393690844384681
"PHMRC","Bohol","severe","bfl_mix","LCVA","gibbs_dir","batch1",1008,0.160186625194401,0.151788489094719,0.326326865674136
"PHMRC","Bohol","severe","bfl_mix","LCVA","gibbs_dir","batch1",1009,0.254587155963303,0.308800998384332,0.372304797727199
"PHMRC","Bohol","severe","bfl_mix","LCVA","gibbs_dir","batch1",1010,0.320754716981132,0.254766700156045,0.754333298981929
"PHMRC","Bohol","severe","bfl_mix","LCVA","gibbs_dir","batch1",1011,0.134560906515581,0.20639414671851,0.291772312636777
"PHMRC","Bohol","severe","bfl_mix","LCVA","gibbs_dir","batch1",1012,0.179581795817958,0.223168928163032,0.379406646405615
"PHMRC","Bohol","severe","bfl_mix","LCVA","gibbs_dir","batch1",1013,0.137733142037303,0.247014365320653,0.30053102561806
"PHMRC","Bohol","severe","bfl_mix","LCVA","gibbs_dir","batch1",1014,0.165191740412979,0.196142959604498,0.335982681640259
"PHMRC","Bohol","severe","bfl_mix","LCVA","gibbs_dir","batch1",1015,0.247914183551847,0.169110259243309,0.429111125942941
"PHMRC","Bohol","severe","bfl_mix","LCVA","gibbs_dir","batch1",1016,0.270627062706271,0.358894892681125,0.432077550052113
"PHMRC","Bohol","severe","bfl_mix","LCVA","gibbs_dir","batch1",1017,0.125588697017268,0.257973638013164,0.276832823841742
"PHMRC","Bohol","severe","bfl_mix","LCVA","gibbs_dir","batch1",1018,0.198366394399067,0.224328389825471,0.320044487479655
"PHMRC","Bohol","severe","bfl_mix","LCVA","gibbs_dir","batch1",1019,0.216630196936543,0.19861618743118,0.445244798093498
"PHMRC","Bohol","severe","bfl_mix","LCVA","gibbs_dir","batch1",1020,0.158314350797267,0.294257333735182,0.362342931722237
"PHMRC","Bohol","severe","bfl_mix","LCVA","gibbs_dir","batch1",1021,0.19134775374376,0.347699214365881,0.296932163674234
"PHMRC","Bohol","severe","bfl_mix","LCVA","gibbs_dir","batch1",1022,0.187227866473149,0.258116582491582,0.313540736981963
"PHMRC","Bohol","severe","bfl_mix","LCVA","gibbs_dir","batch1",1023,0.146025878003697,0.212046231573968,0.269353408704337
"PHMRC","Bohol","severe","bfl_mix","LCVA","gibbs_dir","batch1",1024,0.231647634584013,0.353601567461014,0.352929330139274
"PHMRC","Bohol","severe","bfl_mix","LCVA","gibbs_dir","batch1",1025,0.157766990291262,0.152169208280319,0.2731550417776
"PHMRC","Bohol","severe","bfl_mix","LCVA","gibbs_dir","batch1",1026,0.170802919708029,0.341228447120475,0.325427131322218
"PHMRC","Bohol","severe","bfl_mix","LCVA","gibbs_dir","batch1",1027,0.0857946554149086,0.363927738927739,0.186562433913847
"PHMRC","Bohol","severe","bfl_mix","LCVA","gibbs_dir","batch1",1028,0.140350877192982,0.28816885386242,0.261991127299727
"PHMRC","Bohol","severe","bfl_mix","LCVA","gibbs_dir","batch1",1029,0.237735849056604,0.259826701510323,0.480094759339065
"PHMRC","Bohol","severe","bfl_mix","LCVA","gibbs_dir","batch1",1030,0.195195195195195,0.269077940033822,0.392512255030298
"PHMRC","Dar","severe","bfl_mix","LCVA","gibbs_dir","batch1",1001,0.0560859188544153,0.283845834470023,0.117692008847138
"PHMRC","Dar","severe","bfl_mix","LCVA","gibbs_dir","batch1",1002,0.112024665981501,0.193577828585309,0.233631383454643
"PHMRC","Dar","severe","bfl_mix","LCVA","gibbs_dir","batch1",1003,0.09375,0.238959931798806,0.184243735464995
"PHMRC","Dar","severe","bfl_mix","LCVA","gibbs_dir","batch1",1004,0.032293986636971,0.15437216553288,0.0893578298194377
"PHMRC","Dar","severe","bfl_mix","LCVA","gibbs_dir","batch1",1005,0.145534729878721,0.195776913868338,0.238964348744289
"PHMRC","Dar","severe","bfl_mix","LCVA","gibbs_dir","batch1",1006,0.144047619047619,0.226431403053871,0.228494993871729
"PHMRC","Dar","severe","bfl_mix","LCVA","gibbs_dir","batch1",1007,0.142105263157895,0.219541751657194,0.25602171240246
"PHMRC","Dar","severe","bfl_mix","LCVA","gibbs_dir","batch1",1008,0.136088709677419,0.149292239268367,0.249504029282416
"PHMRC","Dar","severe","bfl_mix","LCVA","gibbs_dir","batch1",1009,0.109958506224066,0.161661079638834,0.177829063102286
"PHMRC","Dar","severe","bfl_mix","LCVA","gibbs_dir","batch1",1010,0.140454163162321,0.16522511808839,0.235958367025196
"PHMRC","Dar","severe","bfl_mix","LCVA","gibbs_dir","batch1",1011,0.167149758454106,0.206101322576321,0.297044153993635
"PHMRC","Dar","severe","bfl_mix","LCVA","gibbs_dir","batch1",1012,0.144827586206897,0.254673700367332,0.305416451398451
"PHMRC","Dar","severe","bfl_mix","LCVA","gibbs_dir","batch1",1013,0.132686084142395,0.17316614398815,0.26035255856929
"PHMRC","Dar","severe","bfl_mix","LCVA","gibbs_dir","batch1",1014,0.171917191719172,0.175945050361941,0.305456487639171
"PHMRC","Dar","severe","bfl_mix","LCVA","gibbs_dir","batch1",1015,0.264948453608247,0.166229769898349,0.424018621201013
"PHMRC","Dar","severe","bfl_mix","LCVA","gibbs_dir","batch1",1016,0.281920326864147,0.242897089712452,0.404407372637572
"PHMRC","Dar","severe","bfl_mix","LCVA","gibbs_dir","batch1",1017,0.130530973451327,0.124715909090909,0.183184632154867
"PHMRC","Dar","severe","bfl_mix","LCVA","gibbs_dir","batch1",1018,0.0875984251968504,0.186248507145829,0.20473211165953
"PHMRC","Dar","severe","bfl_mix","LCVA","gibbs_dir","batch1",1019,0.14017094017094,0.174391558967808,0.254105051150637
"PHMRC","Dar","severe","bfl_mix","LCVA","gibbs_dir","batch1",1020,0.0584642233856894,0.22187267223889,0.153953049786399
"PHMRC","Dar","severe","bfl_mix","LCVA","gibbs_dir","batch1",1021,0.0558139534883721,0.134428994877997,0.115117640846404
"PHMRC","Dar","severe","bfl_mix","LCVA","gibbs_dir","batch1",1022,0.047682119205298,0.262453314659197,0.119240071325785
"PHMRC","Dar","severe","bfl_mix","LCVA","gibbs_dir","batch1",1023,0.0335820895522388,0.242105263157895,0.0919793404447027
"PHMRC","Dar","severe","bfl_mix","LCVA","gibbs_dir","batch1",1024,0.0995575221238938,0.197018543509772,0.155468270656608
"PHMRC","Dar","severe","bfl_mix","LCVA","gibbs_dir","batch1",1025,0.196928635953026,0.177411939695168,0.30978151463703
"PHMRC","Dar","severe","bfl_mix","LCVA","gibbs_dir","batch1",1026,0.0352112676056338,0.189270279782821,0.100654620584906
"PHMRC","Dar","severe","bfl_mix","LCVA","gibbs_dir","batch1",1027,0.0849056603773585,0.216022143931657,0.155898402608808
"PHMRC","Dar","severe","bfl_mix","LCVA","gibbs_dir","batch1",1028,0.104885057471264,0.178613135004694,0.161435591625146
"PHMRC","Dar","severe","bfl_mix","LCVA","gibbs_dir","batch1",1029,0.16322869955157,0.212835794624463,0.288005371547054
"PHMRC","Dar","severe","bfl_mix","LCVA","gibbs_dir","batch1",1030,0.117977528089888,0.139452513298667,0.191356833690562
"PHMRC","Mexico","severe","bfl_mix","LCVA","gibbs_dir","batch1",1001,0.0678941311852704,0.17746705915335,0.15686821619642
"PHMRC","Mexico","severe","bfl_mix","LCVA","gibbs_dir","batch1",1002,0.144396551724138,0.279985462643873,0.322414064922983
"PHMRC","Mexico","severe","bfl_mix","LCVA","gibbs_dir","batch1",1003,0.148526077097506,0.28258894833173,0.232177387940143
"PHMRC","Mexico","severe","bfl_mix","LCVA","gibbs_dir","batch1",1004,0.0672975814931651,0.195811442377656,0.170120657715621
"PHMRC","Mexico","severe","bfl_mix","LCVA","gibbs_dir","batch1",1005,0.137767220902613,0.208801474190893,0.295069629315953
"PHMRC","Mexico","severe","bfl_mix","LCVA","gibbs_dir","batch1",1006,0.0882352941176471,0.295214752567694,0.205738972477537
"PHMRC","Mexico","severe","bfl_mix","LCVA","gibbs_dir","batch1",1007,0.129514321295143,0.209673716824747,0.286213689176145
"PHMRC","Mexico","severe","bfl_mix","LCVA","gibbs_dir","batch1",1008,0.0947603121516165,0.270427091997919,0.221129336838955
"PHMRC","Mexico","severe","bfl_mix","LCVA","gibbs_dir","batch1",1009,0.0734649122807018,0.150735643094447,0.162981928905423
"PHMRC","Mexico","severe","bfl_mix","LCVA","gibbs_dir","batch1",1010,0.142184557438795,0.212928824243046,0.321571026772575
"PHMRC","Mexico","severe","bfl_mix","LCVA","gibbs_dir","batch1",1011,0.127053669222344,0.183938213993773,0.279376980172949
"PHMRC","Mexico","severe","bfl_mix","LCVA","gibbs_dir","batch1",1012,0.112970711297071,0.214582387959319,0.204740740488739
"PHMRC","Mexico","severe","bfl_mix","LCVA","gibbs_dir","batch1",1013,0.12093023255814,0.222829644337171,0.257174897249051
"PHMRC","Mexico","severe","bfl_mix","LCVA","gibbs_dir","batch1",1014,0.122601279317697,0.286897482920608,0.261566048781007
"PHMRC","Mexico","severe","bfl_mix","LCVA","gibbs_dir","batch1",1015,0.120879120879121,0.189495068125838,0.286110930578125
"PHMRC","Mexico","severe","bfl_mix","LCVA","gibbs_dir","batch1",1016,0.104218362282878,0.175472648028394,0.19854560975101
"PHMRC","Mexico","severe","bfl_mix","LCVA","gibbs_dir","batch1",1017,0.0989399293286219,0.230004815827919,0.189993812951649
"PHMRC","Mexico","severe","bfl_mix","LCVA","gibbs_dir","batch1",1018,0.0878754171301446,0.19321976255644,0.271397196522566
"PHMRC","Mexico","severe","bfl_mix","LCVA","gibbs_dir","batch1",1019,0.0872689938398357,0.165337178553698,0.204262582638903
"PHMRC","Mexico","severe","bfl_mix","LCVA","gibbs_dir","batch1",1020,0.0483091787439614,0.215801790801791,0.136940611569372
"PHMRC","Mexico","severe","bfl_mix","LCVA","gibbs_dir","batch1",1021,0.10571736785329,0.192503607503608,0.216004222140981
"PHMRC","Mexico","severe","bfl_mix","LCVA","gibbs_dir","batch1",1022,0.0669577874818049,0.18453180806122,0.205348874372314
"PHMRC","Mexico","severe","bfl_mix","LCVA","gibbs_dir","batch1",1023,0.0373134328358209,0.157950567094884,0.121873666743662
"PHMRC","Mexico","severe","bfl_mix","LCVA","gibbs_dir","batch1",1024,0.0544444444444444,0.124911816578483,0.122248945490643
"PHMRC","Mexico","severe","bfl_mix","LCVA","gibbs_dir","batch1",1025,0.177894736842105,0.231066146172406,0.30022711103637
"PHMRC","Mexico","severe","bfl_mix","LCVA","gibbs_dir","batch1",1026,0.110732538330494,0.260977748697047,0.20780414012197
"PHMRC","Mexico","severe","bfl_mix","LCVA","gibbs_dir","batch1",1027,0.0725995316159251,0.219479965899403,0.162764286196583
"PHMRC","Mexico","severe","bfl_mix","LCVA","gibbs_dir","batch1",1028,0.0641025641025641,0.16755050949559,0.234167951257757
"PHMRC","Mexico","severe","bfl_mix","LCVA","gibbs_dir","batch1",1029,0.131519274376417,0.186034068266956,0.283560293214271
"PHMRC","Mexico","severe","bfl_mix","LCVA","gibbs_dir","batch1",1030,0.140639269406393,0.217475136064511,0.251030618783965
"PHMRC","Pemba","severe","bfl_mix","LCVA","gibbs_dir","batch1",1001,0.371559633027523,0.445188595188595,0.547356607541393
"PHMRC","Pemba","severe","bfl_mix","LCVA","gibbs_dir","batch1",1002,0.420212765957447,0.302629592629593,0.522271688776229
"PHMRC","Pemba","severe","bfl_mix","LCVA","gibbs_dir","batch1",1003,0.344594594594595,0.682132682132682,0.414715608434352
"PHMRC","Pemba","severe","bfl_mix","LCVA","gibbs_dir","batch1",1004,0.376811594202899,0.602873106496295,0.518908030011994
"PHMRC","Pemba","severe","bfl_mix","LCVA","gibbs_dir","batch1",1005,0.403314917127072,0.347662141779789,0.494366088252681
"PHMRC","Pemba","severe","bfl_mix","LCVA","gibbs_dir","batch1",1006,0.281879194630872,0.393292860695238,0.337762271905383
"PHMRC","Pemba","severe","bfl_mix","LCVA","gibbs_dir","batch1",1007,0.4,0.331043956043956,0.582738532273316
"PHMRC","Pemba","severe","bfl_mix","LCVA","gibbs_dir","batch1",1008,0.292993630573248,0.292795257637939,0.470111463757698
"PHMRC","Pemba","severe","bfl_mix","LCVA","gibbs_dir","batch1",1009,0.30718954248366,0.854545454545455,0.345021279504688
"PHMRC","Pemba","severe","bfl_mix","LCVA","gibbs_dir","batch1",1010,0.397379912663755,0.286018518518519,0.525095326261788
"PHMRC","Pemba","severe","bfl_mix","LCVA","gibbs_dir","batch1",1011,0.335365853658537,0.375017217630854,0.41871244041699
"PHMRC","Pemba","severe","bfl_mix","LCVA","gibbs_dir","batch1",1012,0.326086956521739,0.473711473711474,0.466828549641444
"PHMRC","Pemba","severe","bfl_mix","LCVA","gibbs_dir","batch1",1013,0.37007874015748,0.598461538461538,0.447789158093618
"PHMRC","Pemba","severe","bfl_mix","LCVA","gibbs_dir","batch1",1014,0.346153846153846,0.436895473766476,0.538444307457945
"PHMRC","Pemba","severe","bfl_mix","LCVA","gibbs_dir","batch1",1015,0.46551724137931,0.443030303030303,0.564868727042138
"PHMRC","Pemba","severe","bfl_mix","LCVA","gibbs_dir","batch1",1016,0.434146341463415,0.322850790513834,0.525000223390772
"PHMRC","Pemba","severe","bfl_mix","LCVA","gibbs_dir","batch1",1017,0.353982300884956,0.740136054421769,0.386364974560664
"PHMRC","Pemba","severe","bfl_mix","LCVA","gibbs_dir","batch1",1018,0.388625592417062,0.622875874125874,0.48612979834824
"PHMRC","Pemba","severe","bfl_mix","LCVA","gibbs_dir","batch1",1019,0.406593406593407,0.357776853200194,0.489093932397672
"PHMRC","Pemba","severe","bfl_mix","LCVA","gibbs_dir","batch1",1020,0.381818181818182,0.262465929132596,0.533128637677647
"PHMRC","Pemba","severe","bfl_mix","LCVA","gibbs_dir","batch1",1021,0.443820224719101,0.429357559848516,0.560255096666255
"PHMRC","Pemba","severe","bfl_mix","LCVA","gibbs_dir","batch1",1022,0.285714285714286,0.483648459383754,0.393011001569885
"PHMRC","Pemba","severe","bfl_mix","LCVA","gibbs_dir","batch1",1023,0.302439024390244,0.632995925642984,0.43579226948062
"PHMRC","Pemba","severe","bfl_mix","LCVA","gibbs_dir","batch1",1024,0.364583333333333,0.369002787977696,0.415350173296934
"PHMRC","Pemba","severe","bfl_mix","LCVA","gibbs_dir","batch1",1025,0.305263157894737,0.318727178618483,0.398751055475323
"PHMRC","Pemba","severe","bfl_mix","LCVA","gibbs_dir","batch1",1026,0.276315789473684,0.299389499389499,0.341453774506649
"PHMRC","Pemba","severe","bfl_mix","LCVA","gibbs_dir","batch1",1027,0.287878787878788,0.486441798941799,0.399285316851919
"PHMRC","Pemba","severe","bfl_mix","LCVA","gibbs_dir","batch1",1028,0.583333333333333,0.519189915023248,0.563640623594535
"PHMRC","Pemba","severe","bfl_mix","LCVA","gibbs_dir","batch1",1029,0.302631578947368,0.385069475978567,0.385290378112585
"PHMRC","Pemba","severe","bfl_mix","LCVA","gibbs_dir","batch1",1030,0.298969072164948,0.647619047619048,0.338904103520114
"PHMRC","UP","severe","bfl_mix","LCVA","gibbs_dir","batch1",1001,0.386111111111111,0.271272703727194,0.527853611956837
"PHMRC","UP","severe","bfl_mix","LCVA","gibbs_dir","batch1",1002,0.30089485458613,0.336601111419012,0.447818504338056
"PHMRC","UP","severe","bfl_mix","LCVA","gibbs_dir","batch1",1003,0.242503259452412,0.260427983761839,0.424665342150899
"PHMRC","UP","severe","bfl_mix","LCVA","gibbs_dir","batch1",1004,0.317102137767221,0.325183571099553,0.441195757805259
"PHMRC","UP","severe","bfl_mix","LCVA","gibbs_dir","batch1",1005,0.31193838254172,0.301167096878426,0.451984087549916
"PHMRC","UP","severe","bfl_mix","LCVA","gibbs_dir","batch1",1006,0.199675324675325,0.32027076420397,0.283498324056665
"PHMRC","UP","severe","bfl_mix","LCVA","gibbs_dir","batch1",1007,0.21638141809291,0.396653630460449,0.342671414206816
"PHMRC","UP","severe","bfl_mix","LCVA","gibbs_dir","batch1",1008,0.227544910179641,0.254426040760634,0.453458621798442
"PHMRC","UP","severe","bfl_mix","LCVA","gibbs_dir","batch1",1009,0.256609642301711,0.282866517762423,0.402228497782647
"PHMRC","UP","severe","bfl_mix","LCVA","gibbs_dir","batch1",1010,0.295313881520778,0.246222373916006,0.52640707325069
"PHMRC","UP","severe","bfl_mix","LCVA","gibbs_dir","batch1",1011,0.180539273153576,0.305420519592908,0.343854270080981
"PHMRC","UP","severe","bfl_mix","LCVA","gibbs_dir","batch1",1012,0.319306930693069,0.329758023264788,0.490204609925061
"PHMRC","UP","severe","bfl_mix","LCVA","gibbs_dir","batch1",1013,0.175149700598802,0.18092242390488,0.308933048198133
"PHMRC","UP","severe","bfl_mix","LCVA","gibbs_dir","batch1",1014,0.16602809706258,0.209874459055666,0.374459374127924
"PHMRC","UP","severe","bfl_mix","LCVA","gibbs_dir","batch1",1015,0.217809867629362,0.278555252391238,0.388111899855656
"PHMRC","UP","severe","bfl_mix","LCVA","gibbs_dir","batch1",1016,0.314527503526093,0.299855214894545,0.422601599417333
"PHMRC","UP","severe","bfl_mix","LCVA","gibbs_dir","batch1",1017,0.254545454545455,0.372512281593762,0.398390866173513
"PHMRC","UP","severe","bfl_mix","LCVA","gibbs_dir","batch1",1018,0.267836257309942,0.336111789261938,0.46321319844483
"PHMRC","UP","severe","bfl_mix","LCVA","gibbs_dir","batch1",1019,0.216091954022989,0.326855877878684,0.368943772260717
"PHMRC","UP","severe","bfl_mix","LCVA","gibbs_dir","batch1",1020,0.300925925925926,0.291104757039993,0.426359213233162
"PHMRC","UP","severe","bfl_mix","LCVA","gibbs_dir","batch1",1021,0.330498177399757,0.474662466054309,0.458881840776673
"PHMRC","UP","severe","bfl_mix","LCVA","gibbs_dir","batch1",1022,0.324675324675325,0.313896984675921,0.397221076095406
"PHMRC","UP","severe","bfl_mix","LCVA","gibbs_dir","batch1",1023,0.248185776487663,0.335449989057873,0.386475393217978
"PHMRC","UP","severe","bfl_mix","LCVA","gibbs_dir","batch1",1024,0.205014749262537,0.328083148735323,0.347511506050829
"PHMRC","UP","severe","bfl_mix","LCVA","gibbs_dir","batch1",1025,0.260606060606061,0.283579958240613,0.422194806905886
"PHMRC","UP","severe","bfl_mix","LCVA","gibbs_dir","batch1",1026,0.324607329842932,0.367376555239205,0.469518273995333
"PHMRC","UP","severe","bfl_mix","LCVA","gibbs_dir","batch1",1027,0.376411543287327,0.418104201052571,0.539566761890438
"PHMRC","UP","severe","bfl_mix","LCVA","gibbs_dir","batch1",1028,0.219910846953938,0.434722755498239,0.336900044635287
"PHMRC","UP","severe","bfl_mix","LCVA","gibbs_dir","batch1",1029,0.268186753528773,0.320350554046865,0.409966666704339
"PHMRC","UP","severe","bfl_mix","LCVA","gibbs_dir","batch1",1030,0.305263157894737,0.266739269709202,0.527277737373362
"PHMRC","AP","severe","bfl_partial","LCVA","gibbs_dir","batch1",1001,0.270777479892761,0.200456260902802,0.487285282601758
"PHMRC","AP","severe","bfl_partial","LCVA","gibbs_dir","batch1",1002,0.289419087136929,0.185303276171947,0.493947798437832
"PHMRC","AP","severe","bfl_partial","LCVA","gibbs_dir","batch1",1003,0.246290801186944,0.238725046941674,0.44060501807747
"PHMRC","AP","severe","bfl_partial","LCVA","gibbs_dir","batch1",1004,0.237977805178792,0.168635231896786,0.461072508861721
"PHMRC","AP","severe","bfl_partial","LCVA","gibbs_dir","batch1",1005,0.334051724137931,0.259527526349766,0.559332892854518
"PHMRC","AP","severe","bfl_partial","LCVA","gibbs_dir","batch1",1006,0.44550408719346,0.265980475518804,0.615644273753814
"PHMRC","AP","severe","bfl_partial","LCVA","gibbs_dir","batch1",1007,0.291489361702128,0.247921664396716,0.516927227125553
"PHMRC","AP","severe","bfl_partial","LCVA","gibbs_dir","batch1",1008,0.322429906542056,0.198610543040359,0.519511636942976
"PHMRC","AP","severe","bfl_partial","LCVA","gibbs_dir","batch1",1009,0.391691394658754,0.300109774265372,0.569331141181253
"PHMRC","AP","severe","bfl_partial","LCVA","gibbs_dir","batch1",1010,0.252208835341365,0.215091590109642,0.474592455280894
"PHMRC","AP","severe","bfl_partial","LCVA","gibbs_dir","batch1",1011,0.251354279523294,0.280818665550136,0.404953777032641
"PHMRC","AP","severe","bfl_partial","LCVA","gibbs_dir","batch1",1012,0.30184331797235,0.245575828347187,0.509442026532303
"PHMRC","AP","severe","bfl_partial","LCVA","gibbs_dir","batch1",1013,0.328467153284672,0.390464841747941,0.445724981882227
"PHMRC","AP","severe","bfl_partial","LCVA","gibbs_dir","batch1",1014,0.364837398373984,0.283014065591415,0.53422862211671
"PHMRC","AP","severe","bfl_partial","LCVA","gibbs_dir","batch1",1015,0.245182012847966,0.223350164659317,0.449364461986435
"PHMRC","AP","severe","bfl_partial","LCVA","gibbs_dir","batch1",1016,0.35881627620222,0.243735231703955,0.570712085212897
"PHMRC","AP","severe","bfl_partial","LCVA","gibbs_dir","batch1",1017,0.336353340883352,0.234744118559641,0.524702613665428
"PHMRC","AP","severe","bfl_partial","LCVA","gibbs_dir","batch1",1018,0.291066282420749,0.246820140441048,0.529524175427102
"PHMRC","AP","severe","bfl_partial","LCVA","gibbs_dir","batch1",1019,0.302158273381295,0.252930051448248,0.484280427568745
"PHMRC","AP","severe","bfl_partial","LCVA","gibbs_dir","batch1",1020,0.270243902439024,0.220456558040337,0.432276144837417
"PHMRC","AP","severe","bfl_partial","LCVA","gibbs_dir","batch1",1021,0.283395755305868,0.212197183475204,0.489631903846054
"PHMRC","AP","severe","bfl_partial","LCVA","gibbs_dir","batch1",1022,0.296191819464034,0.211309297165034,0.495042115289412
"PHMRC","AP","severe","bfl_partial","LCVA","gibbs_dir","batch1",1023,0.298630136986301,0.271725009763081,0.501626379444149
"PHMRC","AP","severe","bfl_partial","LCVA","gibbs_dir","batch1",1024,0.3409915356711,0.286794658248935,0.499762257983326
"PHMRC","AP","severe","bfl_partial","LCVA","gibbs_dir","batch1",1025,0.233466933867735,0.205511574046134,0.460611110937433
"PHMRC","AP","severe","bfl_partial","LCVA","gibbs_dir","batch1",1026,0.278495887191539,0.204050568945966,0.476095703302154
"PHMRC","AP","severe","bfl_partial","LCVA","gibbs_dir","batch1",1027,0.310626702997275,0.253975924277137,0.540580537636107
"PHMRC","AP","severe","bfl_partial","LCVA","gibbs_dir","batch1",1028,0.240857503152585,0.299774035773691,0.3977243697204
"PHMRC","AP","severe","bfl_partial","LCVA","gibbs_dir","batch1",1029,0.218599033816425,0.210315563114495,0.409694189039148
"PHMRC","AP","severe","bfl_partial","LCVA","gibbs_dir","batch1",1030,0.359110169491525,0.256194129037967,0.55786515356917
"PHMRC","Bohol","severe","bfl_partial","LCVA","gibbs_dir","batch1",1001,0.407514450867052,0.24486585327077,0.626581484393428
"PHMRC","Bohol","severe","bfl_partial","LCVA","gibbs_dir","batch1",1002,0.298064516129032,0.195954103338045,0.627645147546434
"PHMRC","Bohol","severe","bfl_partial","LCVA","gibbs_dir","batch1",1003,0.286031042128603,0.239871316728902,0.578488259382303
"PHMRC","Bohol","severe","bfl_partial","LCVA","gibbs_dir","batch1",1004,0.36685552407932,0.322642983962972,0.577732478701653
"PHMRC","Bohol","severe","bfl_partial","LCVA","gibbs_dir","batch1",1005,0.360393603936039,0.20013008350887,0.751470919640358
"PHMRC","Bohol","severe","bfl_partial","LCVA","gibbs_dir","batch1",1006,0.286343612334802,0.303286715437878,0.457991992000171
"PHMRC","Bohol","severe","bfl_partial","LCVA","gibbs_dir","batch1",1007,0.327272727272727,0.252562603480547,0.691182121626963
"PHMRC","Bohol","severe","bfl_partial","LCVA","gibbs_dir","batch1",1008,0.292379471228616,0.171765401789644,0.591297441849638
"PHMRC","Bohol","severe","bfl_partial","LCVA","gibbs_dir","batch1",1009,0.38302752293578,0.257111256511053,0.60918551132994
"PHMRC","Bohol","severe","bfl_partial","LCVA","gibbs_dir","batch1",1010,0.319761668321748,0.22683293311788,0.765650613371972
"PHMRC","Bohol","severe","bfl_partial","LCVA","gibbs_dir","batch1",1011,0.28328611898017,0.217961136051472,0.711085841358689
"PHMRC","Bohol","severe","bfl_partial","LCVA","gibbs_dir","batch1",1012,0.34440344403444,0.243710026347582,0.696363880263439
"PHMRC","Bohol","severe","bfl_partial","LCVA","gibbs_dir","batch1",1013,0.256814921090387,0.230250581479734,0.626987190588936
"PHMRC","Bohol","severe","bfl_partial","LCVA","gibbs_dir","batch1",1014,0.246312684365782,0.18337355807624,0.538619887676372
"PHMRC","Bohol","severe","bfl_partial","LCVA","gibbs_dir","batch1",1015,0.32896305125149,0.217826905361768,0.702222306109227
"PHMRC","Bohol","severe","bfl_partial","LCVA","gibbs_dir","batch1",1016,0.435643564356436,0.29071596057954,0.653621818593295
"PHMRC","Bohol","severe","bfl_partial","LCVA","gibbs_dir","batch1",1017,0.282574568288854,0.214769633274222,0.657300050186457
"PHMRC","Bohol","severe","bfl_partial","LCVA","gibbs_dir","batch1",1018,0.329054842473746,0.215560758174882,0.616112200975719
"PHMRC","Bohol","severe","bfl_partial","LCVA","gibbs_dir","batch1",1019,0.347921225382932,0.25903751893945,0.736269298135802
"PHMRC","Bohol","severe","bfl_partial","LCVA","gibbs_dir","batch1",1020,0.312072892938497,0.214752923241462,0.637972032659681
"PHMRC","Bohol","severe","bfl_partial","LCVA","gibbs_dir","batch1",1021,0.405990016638935,0.257401882339186,0.65843020572957
"PHMRC","Bohol","severe","bfl_partial","LCVA","gibbs_dir","batch1",1022,0.404934687953556,0.233870476593467,0.707250684949514
"PHMRC","Bohol","severe","bfl_partial","LCVA","gibbs_dir","batch1",1023,0.264325323475046,0.237934822769405,0.527224423747158
"PHMRC","Bohol","severe","bfl_partial","LCVA","gibbs_dir","batch1",1024,0.371941272430669,0.312188282610974,0.66896436621984
"PHMRC","Bohol","severe","bfl_partial","LCVA","gibbs_dir","batch1",1025,0.321601941747573,0.220812752108902,0.70199972892072
"PHMRC","Bohol","severe","bfl_partial","LCVA","gibbs_dir","batch1",1026,0.31970802919708,0.300520605360345,0.536373536285043
"PHMRC","Bohol","severe","bfl_partial","LCVA","gibbs_dir","batch1",1027,0.337552742616034,0.273728968294186,0.62036248620967
"PHMRC","Bohol","severe","bfl_partial","LCVA","gibbs_dir","batch1",1028,0.315789473684211,0.28660202793101,0.61841493379432
"PHMRC","Bohol","severe","bfl_partial","LCVA","gibbs_dir","batch1",1029,0.290566037735849,0.217905490196511,0.71895567902103
"PHMRC","Bohol","severe","bfl_partial","LCVA","gibbs_dir","batch1",1030,0.352852852852853,0.243093074246579,0.668386792324295
"PHMRC","Dar","severe","bfl_partial","LCVA","gibbs_dir","batch1",1001,0.285202863961814,0.221952935487541,0.488431925124958
"PHMRC","Dar","severe","bfl_partial","LCVA","gibbs_dir","batch1",1002,0.138746145940391,0.118958139801507,0.341946559273373
"PHMRC","Dar","severe","bfl_partial","LCVA","gibbs_dir","batch1",1003,0.208705357142857,0.201716989964503,0.370996587465368
"PHMRC","Dar","severe","bfl_partial","LCVA","gibbs_dir","batch1",1004,0.250556792873051,0.217526457628759,0.418758894218414
"PHMRC","Dar","severe","bfl_partial","LCVA","gibbs_dir","batch1",1005,0.227122381477398,0.169728040521532,0.505661685027216
"PHMRC","Dar","severe","bfl_partial","LCVA","gibbs_dir","batch1",1006,0.363095238095238,0.209750521569769,0.523014540333899
"PHMRC","Dar","severe","bfl_partial","LCVA","gibbs_dir","batch1",1007,0.191578947368421,0.202426143569025,0.447541968338657
"PHMRC","Dar","severe","bfl_partial","LCVA","gibbs_dir","batch1",1008,0.266129032258065,0.202593167048945,0.527163601022454
"PHMRC","Dar","severe","bfl_partial","LCVA","gibbs_dir","batch1",1009,0.318464730290456,0.19283315669673,0.574079187252128
"PHMRC","Dar","severe","bfl_partial","LCVA","gibbs_dir","batch1",1010,0.232968881412952,0.162776431898206,0.520909038059425
"PHMRC","Dar","severe","bfl_partial","LCVA","gibbs_dir","batch1",1011,0.218357487922705,0.185523954572359,0.499528971006005
"PHMRC","Dar","severe","bfl_partial","LCVA","gibbs_dir","batch1",1012,0.247290640394089,0.15573436706793,0.540146597928571
"PHMRC","Dar","severe","bfl_partial","LCVA","gibbs_dir","batch1",1013,0.267529665587918,0.190272008178746,0.502336965081422
"PHMRC","Dar","severe","bfl_partial","LCVA","gibbs_dir","batch1",1014,0.292529252925293,0.174854981716496,0.537806256663831
"PHMRC","Dar","severe","bfl_partial","LCVA","gibbs_dir","batch1",1015,0.301030927835052,0.167591105856252,0.5675450649807
"PHMRC","Dar","severe","bfl_partial","LCVA","gibbs_dir","batch1",1016,0.293156281920327,0.173532452728309,0.558301973207051
"PHMRC","Dar","severe","bfl_partial","LCVA","gibbs_dir","batch1",1017,0.234513274336283,0.183598063270199,0.400452888383996
"PHMRC","Dar","severe","bfl_partial","LCVA","gibbs_dir","batch1",1018,0.234251968503937,0.194532495127363,0.423930311663581
"PHMRC","Dar","severe","bfl_partial","LCVA","gibbs_dir","batch1",1019,0.327350427350427,0.179269362252723,0.613923147073863
"PHMRC","Dar","severe","bfl_partial","LCVA","gibbs_dir","batch1",1020,0.218150087260035,0.182477400875616,0.530599933574327
"PHMRC","Dar","severe","bfl_partial","LCVA","gibbs_dir","batch1",1021,0.224418604651163,0.164640589980122,0.407691613990962
"PHMRC","Dar","severe","bfl_partial","LCVA","gibbs_dir","batch1",1022,0.231788079470199,0.191741578915121,0.480694531888099
"PHMRC","Dar","severe","bfl_partial","LCVA","gibbs_dir","batch1",1023,0.205223880597015,0.166066293625264,0.388085725171253
"PHMRC","Dar","severe","bfl_partial","LCVA","gibbs_dir","batch1",1024,0.334070796460177,0.230037679509542,0.504303173614232
"PHMRC","Dar","severe","bfl_partial","LCVA","gibbs_dir","batch1",1025,0.24390243902439,0.139446690721164,0.520443461479419
"PHMRC","Dar","severe","bfl_partial","LCVA","gibbs_dir","batch1",1026,0.201408450704225,0.151685247898432,0.36761783553979
"PHMRC","Dar","severe","bfl_partial","LCVA","gibbs_dir","batch1",1027,0.224318658280922,0.180763262078139,0.439200733567345
"PHMRC","Dar","severe","bfl_partial","LCVA","gibbs_dir","batch1",1028,0.19683908045977,0.178563099476812,0.391260667404493
"PHMRC","Dar","severe","bfl_partial","LCVA","gibbs_dir","batch1",1029,0.261883408071749,0.168685554835307,0.508520981796721
"PHMRC","Dar","severe","bfl_partial","LCVA","gibbs_dir","batch1",1030,0.300561797752809,0.178966918501513,0.56283618208708
"PHMRC","Mexico","severe","bfl_partial","LCVA","gibbs_dir","batch1",1001,0.255466052934407,0.218002396764778,0.695995758710849
"PHMRC","Mexico","severe","bfl_partial","LCVA","gibbs_dir","batch1",1002,0.298491379310345,0.249689935213029,0.662109643585653
"PHMRC","Mexico","severe","bfl_partial","LCVA","gibbs_dir","batch1",1003,0.304988662131519,0.270679923908511,0.671302515367131
"PHMRC","Mexico","severe","bfl_partial","LCVA","gibbs_dir","batch1",1004,0.271293375394322,0.243799692916691,0.739862774487764
"PHMRC","Mexico","severe","bfl_partial","LCVA","gibbs_dir","batch1",1005,0.204275534441805,0.227593923364787,0.635747834086365
"PHMRC","Mexico","severe","bfl_partial","LCVA","gibbs_dir","batch1",1006,0.246323529411765,0.228211734742824,0.71386118671677
"PHMRC","Mexico","severe","bfl_partial","LCVA","gibbs_dir","batch1",1007,0.225404732254047,0.204384759812638,0.535400051988107
"PHMRC","Mexico","severe","bfl_partial","LCVA","gibbs_dir","batch1",1008,0.201783723522854,0.213049097038969,0.633503454553731
"PHMRC","Mexico","severe","bfl_partial","LCVA","gibbs_dir","batch1",1009,0.281798245614035,0.177162789952663,0.680471849036081
"PHMRC","Mexico","severe","bfl_partial","LCVA","gibbs_dir","batch1",1010,0.230696798493409,0.18093387007362,0.69946832094318
"PHMRC","Mexico","severe","bfl_partial","LCVA","gibbs_dir","batch1",1011,0.226725082146769,0.203431446133552,0.665119301125076
"PHMRC","Mexico","severe","bfl_partial","LCVA","gibbs_dir","batch1",1012,0.243723849372385,0.24133970041882,0.634771779912067
"PHMRC","Mexico","severe","bfl_partial","LCVA","gibbs_dir","batch1",1013,0.28953488372093,0.25260767204565,0.675271108105247
"PHMRC","Mexico","severe","bfl_partial","LCVA","gibbs_dir","batch1",1014,0.221748400852878,0.21442463674931,0.614377214234436
"PHMRC","Mexico","severe","bfl_partial","LCVA","gibbs_dir","batch1",1015,0.224664224664225,0.206372989676726,0.643772606430444
"PHMRC","Mexico","severe","bfl_partial","LCVA","gibbs_dir","batch1",1016,0.224565756823821,0.244018186187161,0.517577949051709
"PHMRC","Mexico","severe","bfl_partial","LCVA","gibbs_dir","batch1",1017,0.300353356890459,0.270770404729249,0.676805009339262
"PHMRC","Mexico","severe","bfl_partial","LCVA","gibbs_dir","batch1",1018,0.209121245828699,0.168208870928625,0.633395420932324
"PHMRC","Mexico","severe","bfl_partial","LCVA","gibbs_dir","batch1",1019,0.219712525667351,0.200065751094245,0.588192731319145
"PHMRC","Mexico","severe","bfl_partial","LCVA","gibbs_dir","batch1",1020,0.249275362318841,0.232904041508641,0.577930315760331
"PHMRC","Mexico","severe","bfl_partial","LCVA","gibbs_dir","batch1",1021,0.248112189859763,0.185637784169894,0.648150011938866
"PHMRC","Mexico","severe","bfl_partial","LCVA","gibbs_dir","batch1",1022,0.212518195050946,0.156687387036506,0.589597837076817
"PHMRC","Mexico","severe","bfl_partial","LCVA","gibbs_dir","batch1",1023,0.259950248756219,0.144356317992602,0.688609667296614
"PHMRC","Mexico","severe","bfl_partial","LCVA","gibbs_dir","batch1",1024,0.251111111111111,0.186539940345309,0.570031983204478
"PHMRC","Mexico","severe","bfl_partial","LCVA","gibbs_dir","batch1",1025,0.247368421052632,0.236759078093404,0.632448204887394
"PHMRC","Mexico","severe","bfl_partial","LCVA","gibbs_dir","batch1",1026,0.315161839863714,0.297696328314944,0.538851931917127
"PHMRC","Mexico","severe","bfl_partial","LCVA","gibbs_dir","batch1",1027,0.274004683840749,0.251971421695237,0.576646099199828
"PHMRC","Mexico","severe","bfl_partial","LCVA","gibbs_dir","batch1",1028,0.210826210826211,0.186884620067476,0.66728144977254
"PHMRC","Mexico","severe","bfl_partial","LCVA","gibbs_dir","batch1",1029,0.304988662131519,0.266896281135236,0.65688529374777
"PHMRC","Mexico","severe","bfl_partial","LCVA","gibbs_dir","batch1",1030,0.251141552511416,0.224079944428287,0.755915547507785
"PHMRC","Pemba","severe","bfl_partial","LCVA","gibbs_dir","batch1",1001,0.376146788990826,0.448643177590546,0.526107025399902
"PHMRC","Pemba","severe","bfl_partial","LCVA","gibbs_dir","batch1",1002,0.398936170212766,0.273474388859004,0.509252163274154
"PHMRC","Pemba","severe","bfl_partial","LCVA","gibbs_dir","batch1",1003,0.351351351351351,0.734107997265892,0.394494345594425
"PHMRC","Pemba","severe","bfl_partial","LCVA","gibbs_dir","batch1",1004,0.36231884057971,0.578835192887481,0.502738795072496
"PHMRC","Pemba","severe","bfl_partial","LCVA","gibbs_dir","batch1",1005,0.419889502762431,0.356643356643357,0.511857690006419
"PHMRC","Pemba","severe","bfl_partial","LCVA","gibbs_dir","batch1",1006,0.275167785234899,0.664285714285714,0.349687660137005
"PHMRC","Pemba","severe","bfl_partial","LCVA","gibbs_dir","batch1",1007,0.361290322580645,0.298780435251023,0.508358354418911
"PHMRC","Pemba","severe","bfl_partial","LCVA","gibbs_dir","batch1",1008,0.318471337579618,0.315590111642743,0.493686428285635
"PHMRC","Pemba","severe","bfl_partial","LCVA","gibbs_dir","batch1",1009,0.313725490196078,0.833766233766234,0.364944757245658
"PHMRC","Pemba","severe","bfl_partial","LCVA","gibbs_dir","batch1",1010,0.397379912663755,0.28542328042328,0.528831439505974
"PHMRC","Pemba","severe","bfl_partial","LCVA","gibbs_dir","batch1",1011,0.439024390243902,0.363961245541309,0.504143604217109
"PHMRC","Pemba","severe","bfl_partial","LCVA","gibbs_dir","batch1",1012,0.293478260869565,0.477272727272727,0.432587663064322
"PHMRC","Pemba","severe","bfl_partial","LCVA","gibbs_dir","batch1",1013,0.362204724409449,0.506326422115896,0.476340776025297
"PHMRC","Pemba","severe","bfl_partial","LCVA","gibbs_dir","batch1",1014,0.341346153846154,0.387770562770563,0.500350052188124
"PHMRC","Pemba","severe","bfl_partial","LCVA","gibbs_dir","batch1",1015,0.454022988505747,0.446561771561772,0.568767333131339
"PHMRC","Pemba","severe","bfl_partial","LCVA","gibbs_dir","batch1",1016,0.429268292682927,0.350837320574163,0.518510678781287
"PHMRC","Pemba","severe","bfl_partial","LCVA","gibbs_dir","batch1",1017,0.36283185840708,0.761172161172161,0.394630301643764
"PHMRC","Pemba","severe","bfl_partial","LCVA","gibbs_dir","batch1",1018,0.37914691943128,0.522568181818182,0.492620288201761
"PHMRC","Pemba","severe","bfl_partial","LCVA","gibbs_dir","batch1",1019,0.401098901098901,0.325769132977371,0.503561157143884
"PHMRC","Pemba","severe","bfl_partial","LCVA","gibbs_dir","batch1",1020,0.4,0.27384960718294,0.554654564070504
"PHMRC","Pemba","severe","bfl_partial","LCVA","gibbs_dir","batch1",1021,0.438202247191011,0.416207660652105,0.563462815530652
"PHMRC","Pemba","severe","bfl_partial","LCVA","gibbs_dir","batch1",1022,0.28042328042328,0.519070512820513,0.385485216006585
"PHMRC","Pemba","severe","bfl_partial","LCVA","gibbs_dir","batch1",1023,0.341463414634146,0.627859086218219,0.460309060136824
"PHMRC","Pemba","severe","bfl_partial","LCVA","gibbs_dir","batch1",1024,0.34375,0.345714222838406,0.41454364429172
"PHMRC","Pemba","severe","bfl_partial","LCVA","gibbs_dir","batch1",1025,0.315789473684211,0.315368767035434,0.410803887827303
"PHMRC","Pemba","severe","bfl_partial","LCVA","gibbs_dir","batch1",1026,0.302631578947368,0.350453514739229,0.352525762404572
"PHMRC","Pemba","severe","bfl_partial","LCVA","gibbs_dir","batch1",1027,0.287878787878788,0.486441798941799,0.393110455014047
"PHMRC","Pemba","severe","bfl_partial","LCVA","gibbs_dir","batch1",1028,0.616666666666667,0.474013804253202,0.589113885251696
"PHMRC","Pemba","severe","bfl_partial","LCVA","gibbs_dir","batch1",1029,0.289473684210526,0.37713590757069,0.390441530815736
"PHMRC","Pemba","severe","bfl_partial","LCVA","gibbs_dir","batch1",1030,0.376288659793814,0.617261904761905,0.434483310253445
"PHMRC","UP","severe","bfl_partial","LCVA","gibbs_dir","batch1",1001,0.529166666666667,0.255981408121186,0.719686895001022
"PHMRC","UP","severe","bfl_partial","LCVA","gibbs_dir","batch1",1002,0.370246085011186,0.305918030336813,0.566375455470822
"PHMRC","UP","severe","bfl_partial","LCVA","gibbs_dir","batch1",1003,0.295958279009126,0.269648693411457,0.493033343946251
"PHMRC","UP","severe","bfl_partial","LCVA","gibbs_dir","batch1",1004,0.425178147268409,0.277619405863993,0.605229731558372
"PHMRC","UP","severe","bfl_partial","LCVA","gibbs_dir","batch1",1005,0.432605905006418,0.275598681513418,0.657356609938876
"PHMRC","UP","severe","bfl_partial","LCVA","gibbs_dir","batch1",1006,0.279220779220779,0.336038391029018,0.445112834035592
"PHMRC","UP","severe","bfl_partial","LCVA","gibbs_dir","batch1",1007,0.310513447432763,0.324583725692452,0.517178655637291
"PHMRC","UP","severe","bfl_partial","LCVA","gibbs_dir","batch1",1008,0.31437125748503,0.274712047399991,0.570555095547067
"PHMRC","UP","severe","bfl_partial","LCVA","gibbs_dir","batch1",1009,0.356143079315708,0.275679249825898,0.542591953269463
"PHMRC","UP","severe","bfl_partial","LCVA","gibbs_dir","batch1",1010,0.318302387267904,0.260565998209271,0.527703543079639
"PHMRC","UP","severe","bfl_partial","LCVA","gibbs_dir","batch1",1011,0.260257913247362,0.291408119700161,0.491924879296151
"PHMRC","UP","severe","bfl_partial","LCVA","gibbs_dir","batch1",1012,0.41460396039604,0.297189089768242,0.6037493660827
"PHMRC","UP","severe","bfl_partial","LCVA","gibbs_dir","batch1",1013,0.278443113772455,0.265561588653548,0.442938066432318
"PHMRC","UP","severe","bfl_partial","LCVA","gibbs_dir","batch1",1014,0.231162196679438,0.246939710070367,0.459098372664891
"PHMRC","UP","severe","bfl_partial","LCVA","gibbs_dir","batch1",1015,0.299638989169675,0.251124356432321,0.476170917498644
"PHMRC","UP","severe","bfl_partial","LCVA","gibbs_dir","batch1",1016,0.396332863187588,0.323299431407776,0.618223756846997
"PHMRC","UP","severe","bfl_partial","LCVA","gibbs_dir","batch1",1017,0.288484848484849,0.308307043890699,0.476649900360593
"PHMRC","UP","severe","bfl_partial","LCVA","gibbs_dir","batch1",1018,0.304093567251462,0.292064105983944,0.490996991546121
"PHMRC","UP","severe","bfl_partial","LCVA","gibbs_dir","batch1",1019,0.275862068965517,0.311748304594517,0.476745736018642
"PHMRC","UP","severe","bfl_partial","LCVA","gibbs_dir","batch1",1020,0.418981481481481,0.305188531815672,0.632176705484297
"PHMRC","UP","severe","bfl_partial","LCVA","gibbs_dir","batch1",1021,0.517618469015796,0.362607889642462,0.734433329583117
"PHMRC","UP","severe","bfl_partial","LCVA","gibbs_dir","batch1",1022,0.500721500721501,0.395693215207662,0.650476151880614
"PHMRC","UP","severe","bfl_partial","LCVA","gibbs_dir","batch1",1023,0.391872278664732,0.320213775499255,0.578904096969127
"PHMRC","UP","severe","bfl_partial","LCVA","gibbs_dir","batch1",1024,0.337758112094395,0.289433354460413,0.523913668456164
"PHMRC","UP","severe","bfl_partial","LCVA","gibbs_dir","batch1",1025,0.294949494949495,0.257439782204721,0.501263328387165
"PHMRC","UP","severe","bfl_partial","LCVA","gibbs_dir","batch1",1026,0.428010471204189,0.339512359927261,0.61726495365675
"PHMRC","UP","severe","bfl_partial","LCVA","gibbs_dir","batch1",1027,0.390213299874529,0.291378853506255,0.571642511576816
"PHMRC","UP","severe","bfl_partial","LCVA","gibbs_dir","batch1",1028,0.277860326894502,0.440721863296925,0.445675033687797
"PHMRC","UP","severe","bfl_partial","LCVA","gibbs_dir","batch1",1029,0.277958740499457,0.344232019651039,0.434096739201832
"PHMRC","UP","severe","bfl_partial","LCVA","gibbs_dir","batch1",1030,0.380116959064327,0.246817336916315,0.627855638936896
"PHMRC","AP","severe","gbql_0.5","LCVA",NA,"batch1",1001,NA,NA,0.214497084775174
"PHMRC","AP","severe","gbql_0.5","LCVA",NA,"batch1",1002,NA,NA,0.128746666212276
"PHMRC","AP","severe","gbql_0.5","LCVA",NA,"batch1",1003,NA,NA,0.11970969431834
"PHMRC","AP","severe","gbql_0.5","LCVA",NA,"batch1",1004,NA,NA,0.0965199006653783
"PHMRC","AP","severe","gbql_0.5","LCVA",NA,"batch1",1005,NA,NA,0.164942393871825
"PHMRC","AP","severe","gbql_0.5","LCVA",NA,"batch1",1006,NA,NA,0.115458699903197
"PHMRC","AP","severe","gbql_0.5","LCVA",NA,"batch1",1007,NA,NA,0.0944552382118903
"PHMRC","AP","severe","gbql_0.5","LCVA",NA,"batch1",1008,NA,NA,0.191742763654357
"PHMRC","AP","severe","gbql_0.5","LCVA",NA,"batch1",1009,NA,NA,0.153572525318426
"PHMRC","AP","severe","gbql_0.5","LCVA",NA,"batch1",1010,NA,NA,0.159705647603321
"PHMRC","AP","severe","gbql_0.5","LCVA",NA,"batch1",1011,NA,NA,0.158454992025798
"PHMRC","AP","severe","gbql_0.5","LCVA",NA,"batch1",1012,NA,NA,0.13824332924226
"PHMRC","AP","severe","gbql_0.5","LCVA",NA,"batch1",1013,NA,NA,0.139278456658705
"PHMRC","AP","severe","gbql_0.5","LCVA",NA,"batch1",1014,NA,NA,0.174062479918377
"PHMRC","AP","severe","gbql_0.5","LCVA",NA,"batch1",1015,NA,NA,0.137848696227791
"PHMRC","AP","severe","gbql_0.5","LCVA",NA,"batch1",1016,NA,NA,0.174709363134407
"PHMRC","AP","severe","gbql_0.5","LCVA",NA,"batch1",1017,NA,NA,0.124948283151548
"PHMRC","AP","severe","gbql_0.5","LCVA",NA,"batch1",1018,NA,NA,0.207172237123208
"PHMRC","AP","severe","gbql_0.5","LCVA",NA,"batch1",1019,NA,NA,0.115810875875778
"PHMRC","AP","severe","gbql_0.5","LCVA",NA,"batch1",1020,NA,NA,0.156955036038285
"PHMRC","AP","severe","gbql_0.5","LCVA",NA,"batch1",1021,NA,NA,0.286856236274763
"PHMRC","AP","severe","gbql_0.5","LCVA",NA,"batch1",1022,NA,NA,0.149281799492676
"PHMRC","AP","severe","gbql_0.5","LCVA",NA,"batch1",1023,NA,NA,0.109808435095057
"PHMRC","AP","severe","gbql_0.5","LCVA",NA,"batch1",1024,NA,NA,0.215389698799982
"PHMRC","AP","severe","gbql_0.5","LCVA",NA,"batch1",1025,NA,NA,0.252896539231806
"PHMRC","AP","severe","gbql_0.5","LCVA",NA,"batch1",1026,NA,NA,0.0760900265236196
"PHMRC","AP","severe","gbql_0.5","LCVA",NA,"batch1",1027,NA,NA,0.0829341222637978
"PHMRC","AP","severe","gbql_0.5","LCVA",NA,"batch1",1028,NA,NA,0.12700577490191
"PHMRC","AP","severe","gbql_0.5","LCVA",NA,"batch1",1029,NA,NA,0.223512614049033
"PHMRC","AP","severe","gbql_0.5","LCVA",NA,"batch1",1030,NA,NA,0.131188929589903
"PHMRC","Bohol","severe","gbql_0.5","LCVA",NA,"batch1",1001,NA,NA,0.11681654849839
"PHMRC","Bohol","severe","gbql_0.5","LCVA",NA,"batch1",1002,NA,NA,0.103933545757926
"PHMRC","Bohol","severe","gbql_0.5","LCVA",NA,"batch1",1003,NA,NA,0.218294450778803
"PHMRC","Bohol","severe","gbql_0.5","LCVA",NA,"batch1",1004,NA,NA,0.0930039728432611
"PHMRC","Bohol","severe","gbql_0.5","LCVA",NA,"batch1",1005,NA,NA,0.255666919474952
"PHMRC","Bohol","severe","gbql_0.5","LCVA",NA,"batch1",1006,NA,NA,0.183113522752573
"PHMRC","Bohol","severe","gbql_0.5","LCVA",NA,"batch1",1007,NA,NA,0.290678293958987
"PHMRC","Bohol","severe","gbql_0.5","LCVA",NA,"batch1",1008,NA,NA,0.116995596803746
"PHMRC","Bohol","severe","gbql_0.5","LCVA",NA,"batch1",1009,NA,NA,0.249008030577382
"PHMRC","Bohol","severe","gbql_0.5","LCVA",NA,"batch1",1010,NA,NA,0.409182921103685
"PHMRC","Bohol","severe","gbql_0.5","LCVA",NA,"batch1",1011,NA,NA,0.148739714066676
"PHMRC","Bohol","severe","gbql_0.5","LCVA",NA,"batch1",1012,NA,NA,0.225351976212332
"PHMRC","Bohol","severe","gbql_0.5","LCVA",NA,"batch1",1013,NA,NA,0.130518375218326
"PHMRC","Bohol","severe","gbql_0.5","LCVA",NA,"batch1",1014,NA,NA,0.127445437050028
"PHMRC","Bohol","severe","gbql_0.5","LCVA",NA,"batch1",1015,NA,NA,0.218365665021544
"PHMRC","Bohol","severe","gbql_0.5","LCVA",NA,"batch1",1016,NA,NA,0.168819013942777
"PHMRC","Bohol","severe","gbql_0.5","LCVA",NA,"batch1",1017,NA,NA,0.117175204768908
"PHMRC","Bohol","severe","gbql_0.5","LCVA",NA,"batch1",1018,NA,NA,0.179448434488454
"PHMRC","Bohol","severe","gbql_0.5","LCVA",NA,"batch1",1019,NA,NA,0.254036335232396
"PHMRC","Bohol","severe","gbql_0.5","LCVA",NA,"batch1",1020,NA,NA,0.0467967148278309
"PHMRC","Bohol","severe","gbql_0.5","LCVA",NA,"batch1",1021,NA,NA,0.0752650845754851
"PHMRC","Bohol","severe","gbql_0.5","LCVA",NA,"batch1",1022,NA,NA,0.0705828607694104
"PHMRC","Bohol","severe","gbql_0.5","LCVA",NA,"batch1",1023,NA,NA,0.130590875140457
"PHMRC","Bohol","severe","gbql_0.5","LCVA",NA,"batch1",1024,NA,NA,0.168970329591719
"PHMRC","Bohol","severe","gbql_0.5","LCVA",NA,"batch1",1025,NA,NA,0.262312992287385
"PHMRC","Bohol","severe","gbql_0.5","LCVA",NA,"batch1",1026,NA,NA,0.0790224847503918
"PHMRC","Bohol","severe","gbql_0.5","LCVA",NA,"batch1",1027,NA,NA,0.104707012254696
"PHMRC","Bohol","severe","gbql_0.5","LCVA",NA,"batch1",1028,NA,NA,0.13963940975375
"PHMRC","Bohol","severe","gbql_0.5","LCVA",NA,"batch1",1029,NA,NA,0.203003916094368
"PHMRC","Bohol","severe","gbql_0.5","LCVA",NA,"batch1",1030,NA,NA,0.185849375949469
"PHMRC","Dar","severe","gbql_0.5","LCVA",NA,"batch1",1001,NA,NA,0.0718585441796341
"PHMRC","Dar","severe","gbql_0.5","LCVA",NA,"batch1",1002,NA,NA,0.0648870637643623
"PHMRC","Dar","severe","gbql_0.5","LCVA",NA,"batch1",1003,NA,NA,0.197736457882972
"PHMRC","Dar","severe","gbql_0.5","LCVA",NA,"batch1",1004,NA,NA,0.0296075464536346
"PHMRC","Dar","severe","gbql_0.5","LCVA",NA,"batch1",1005,NA,NA,0.0688052913154306
"PHMRC","Dar","severe","gbql_0.5","LCVA",NA,"batch1",1006,NA,NA,0.116004005576499
"PHMRC","Dar","severe","gbql_0.5","LCVA",NA,"batch1",1007,NA,NA,0.146093567718379
"PHMRC","Dar","severe","gbql_0.5","LCVA",NA,"batch1",1008,NA,NA,0.149135827336578
"PHMRC","Dar","severe","gbql_0.5","LCVA",NA,"batch1",1009,NA,NA,0.120421795018565
"PHMRC","Dar","severe","gbql_0.5","LCVA",NA,"batch1",1010,NA,NA,0.1232326632141
"PHMRC","Dar","severe","gbql_0.5","LCVA",NA,"batch1",1011,NA,NA,0.204609296193888
"PHMRC","Dar","severe","gbql_0.5","LCVA",NA,"batch1",1012,NA,NA,0.0972594179995329
"PHMRC","Dar","severe","gbql_0.5","LCVA",NA,"batch1",1013,NA,NA,0.184565017075184
"PHMRC","Dar","severe","gbql_0.5","LCVA",NA,"batch1",1014,NA,NA,0.207362137164853
"PHMRC","Dar","severe","gbql_0.5","LCVA",NA,"batch1",1015,NA,NA,0.188707071468845
"PHMRC","Dar","severe","gbql_0.5","LCVA",NA,"batch1",1016,NA,NA,0.189362873826929
"PHMRC","Dar","severe","gbql_0.5","LCVA",NA,"batch1",1017,NA,NA,0.129928638590838
"PHMRC","Dar","severe","gbql_0.5","LCVA",NA,"batch1",1018,NA,NA,0.0717657973057773
"PHMRC","Dar","severe","gbql_0.5","LCVA",NA,"batch1",1019,NA,NA,0.149725582229559
"PHMRC","Dar","severe","gbql_0.5","LCVA",NA,"batch1",1020,NA,NA,0.0440728548560885
"PHMRC","Dar","severe","gbql_0.5","LCVA",NA,"batch1",1021,NA,NA,0.0686087192501995
"PHMRC","Dar","severe","gbql_0.5","LCVA",NA,"batch1",1022,NA,NA,0.0555477680106927
"PHMRC","Dar","severe","gbql_0.5","LCVA",NA,"batch1",1023,NA,NA,0.0427881452383259
"PHMRC","Dar","severe","gbql_0.5","LCVA",NA,"batch1",1024,NA,NA,0.110416039572146
"PHMRC","Dar","severe","gbql_0.5","LCVA",NA,"batch1",1025,NA,NA,0.189295574887049
"PHMRC","Dar","severe","gbql_0.5","LCVA",NA,"batch1",1026,NA,NA,0.0526791790536861
"PHMRC","Dar","severe","gbql_0.5","LCVA",NA,"batch1",1027,NA,NA,0.0804595812904175
"PHMRC","Dar","severe","gbql_0.5","LCVA",NA,"batch1",1028,NA,NA,0.101055405025417
"PHMRC","Dar","severe","gbql_0.5","LCVA",NA,"batch1",1029,NA,NA,0.147093560308473
"PHMRC","Dar","severe","gbql_0.5","LCVA",NA,"batch1",1030,NA,NA,0.179723661095873
"PHMRC","Mexico","severe","gbql_0.5","LCVA",NA,"batch1",1001,NA,NA,0.142142763037921
"PHMRC","Mexico","severe","gbql_0.5","LCVA",NA,"batch1",1002,NA,NA,0.206178541554077
"PHMRC","Mexico","severe","gbql_0.5","LCVA",NA,"batch1",1003,NA,NA,0.117811363386735
"PHMRC","Mexico","severe","gbql_0.5","LCVA",NA,"batch1",1004,NA,NA,0.163554746941678
"PHMRC","Mexico","severe","gbql_0.5","LCVA",NA,"batch1",1005,NA,NA,0.23658674159567
"PHMRC","Mexico","severe","gbql_0.5","LCVA",NA,"batch1",1006,NA,NA,0.150378586738636
"PHMRC","Mexico","severe","gbql_0.5","LCVA",NA,"batch1",1007,NA,NA,0.232780394517158
"PHMRC","Mexico","severe","gbql_0.5","LCVA",NA,"batch1",1008,NA,NA,0.208131193048849
"PHMRC","Mexico","severe","gbql_0.5","LCVA",NA,"batch1",1009,NA,NA,0.105963166944741
"PHMRC","Mexico","severe","gbql_0.5","LCVA",NA,"batch1",1010,NA,NA,0.184093614987877
"PHMRC","Mexico","severe","gbql_0.5","LCVA",NA,"batch1",1011,NA,NA,0.217648659048785
"PHMRC","Mexico","severe","gbql_0.5","LCVA",NA,"batch1",1012,NA,NA,0.126362696254439
"PHMRC","Mexico","severe","gbql_0.5","LCVA",NA,"batch1",1013,NA,NA,0.149986023312635
"PHMRC","Mexico","severe","gbql_0.5","LCVA",NA,"batch1",1014,NA,NA,0.131011906715749
"PHMRC","Mexico","severe","gbql_0.5","LCVA",NA,"batch1",1015,NA,NA,0.15910530449247
"PHMRC","Mexico","severe","gbql_0.5","LCVA",NA,"batch1",1016,NA,NA,0.147776536476703
"PHMRC","Mexico","severe","gbql_0.5","LCVA",NA,"batch1",1017,NA,NA,0.0942532646073406
"PHMRC","Mexico","severe","gbql_0.5","LCVA",NA,"batch1",1018,NA,NA,0.233540970271926
"PHMRC","Mexico","severe","gbql_0.5","LCVA",NA,"batch1",1019,NA,NA,0.109813398661229
"PHMRC","Mexico","severe","gbql_0.5","LCVA",NA,"batch1",1020,NA,NA,0.0976025877893318
"PHMRC","Mexico","severe","gbql_0.5","LCVA",NA,"batch1",1021,NA,NA,0.127739656934886
"PHMRC","Mexico","severe","gbql_0.5","LCVA",NA,"batch1",1022,NA,NA,0.214458502952972
"PHMRC","Mexico","severe","gbql_0.5","LCVA",NA,"batch1",1023,NA,NA,0.165485315346896
"PHMRC","Mexico","severe","gbql_0.5","LCVA",NA,"batch1",1024,NA,NA,0.0921341112626791
"PHMRC","Mexico","severe","gbql_0.5","LCVA",NA,"batch1",1025,NA,NA,0.204749039430246
"PHMRC","Mexico","severe","gbql_0.5","LCVA",NA,"batch1",1026,NA,NA,0.10498791142696
"PHMRC","Mexico","severe","gbql_0.5","LCVA",NA,"batch1",1027,NA,NA,0.125514514662755
"PHMRC","Mexico","severe","gbql_0.5","LCVA",NA,"batch1",1028,NA,NA,0.162350571262454
"PHMRC","Mexico","severe","gbql_0.5","LCVA",NA,"batch1",1029,NA,NA,0.19075893044995
"PHMRC","Mexico","severe","gbql_0.5","LCVA",NA,"batch1",1030,NA,NA,0.239935978596082
"PHMRC","Pemba","severe","gbql_0.5","LCVA",NA,"batch1",1001,NA,NA,0.423957967469422
"PHMRC","Pemba","severe","gbql_0.5","LCVA",NA,"batch1",1002,NA,NA,0.286385301995306
"PHMRC","Pemba","severe","gbql_0.5","LCVA",NA,"batch1",1003,NA,NA,0.302560487001946
"PHMRC","Pemba","severe","gbql_0.5","LCVA",NA,"batch1",1004,NA,NA,0.406514753294786
"PHMRC","Pemba","severe","gbql_0.5","LCVA",NA,"batch1",1005,NA,NA,0.326499165247099
"PHMRC","Pemba","severe","gbql_0.5","LCVA",NA,"batch1",1006,NA,NA,0.282499362536236
"PHMRC","Pemba","severe","gbql_0.5","LCVA",NA,"batch1",1007,NA,NA,0.305709827016369
"PHMRC","Pemba","severe","gbql_0.5","LCVA",NA,"batch1",1008,NA,NA,0.536018013786186
"PHMRC","Pemba","severe","gbql_0.5","LCVA",NA,"batch1",1009,NA,NA,0.229636710050302
"PHMRC","Pemba","severe","gbql_0.5","LCVA",NA,"batch1",1010,NA,NA,0.347666322160507
"PHMRC","Pemba","severe","gbql_0.5","LCVA",NA,"batch1",1011,NA,NA,0.404853947758973
"PHMRC","Pemba","severe","gbql_0.5","LCVA",NA,"batch1",1012,NA,NA,0.329872534033854
"PHMRC","Pemba","severe","gbql_0.5","LCVA",NA,"batch1",1013,NA,NA,0.36274402987889
"PHMRC","Pemba","severe","gbql_0.5","LCVA",NA,"batch1",1014,NA,NA,0.555503857056412
"PHMRC","Pemba","severe","gbql_0.5","LCVA",NA,"batch1",1015,NA,NA,0.380882837185065
"PHMRC","Pemba","severe","gbql_0.5","LCVA",NA,"batch1",1016,NA,NA,0.304320965446516
"PHMRC","Pemba","severe","gbql_0.5","LCVA",NA,"batch1",1017,NA,NA,0.273454576721741
"PHMRC","Pemba","severe","gbql_0.5","LCVA",NA,"batch1",1018,NA,NA,0.36940605439278
"PHMRC","Pemba","severe","gbql_0.5","LCVA",NA,"batch1",1019,NA,NA,0.302283341489293
"PHMRC","Pemba","severe","gbql_0.5","LCVA",NA,"batch1",1020,NA,NA,0.498322050590621
"PHMRC","Pemba","severe","gbql_0.5","LCVA",NA,"batch1",1021,NA,NA,0.369287858416526
"PHMRC","Pemba","severe","gbql_0.5","LCVA",NA,"batch1",1022,NA,NA,0.294924707304686
"PHMRC","Pemba","severe","gbql_0.5","LCVA",NA,"batch1",1023,NA,NA,0.50209047872555
"PHMRC","Pemba","severe","gbql_0.5","LCVA",NA,"batch1",1024,NA,NA,0.338412475055165
"PHMRC","Pemba","severe","gbql_0.5","LCVA",NA,"batch1",1025,NA,NA,0.215328319565318
"PHMRC","Pemba","severe","gbql_0.5","LCVA",NA,"batch1",1026,NA,NA,0.148509840072259
"PHMRC","Pemba","severe","gbql_0.5","LCVA",NA,"batch1",1027,NA,NA,0.330180522948644
"PHMRC","Pemba","severe","gbql_0.5","LCVA",NA,"batch1",1028,NA,NA,0.539209315278946
"PHMRC","Pemba","severe","gbql_0.5","LCVA",NA,"batch1",1029,NA,NA,0.321566864171225
"PHMRC","Pemba","severe","gbql_0.5","LCVA",NA,"batch1",1030,NA,NA,0.267362502197097
"PHMRC","UP","severe","gbql_0.5","LCVA",NA,"batch1",1001,NA,NA,0.209181335436689
"PHMRC","UP","severe","gbql_0.5","LCVA",NA,"batch1",1002,NA,NA,0.151911843829729
"PHMRC","UP","severe","gbql_0.5","LCVA",NA,"batch1",1003,NA,NA,0.220518039109322
"PHMRC","UP","severe","gbql_0.5","LCVA",NA,"batch1",1004,NA,NA,0.093605172560717
"PHMRC","UP","severe","gbql_0.5","LCVA",NA,"batch1",1005,NA,NA,0.213848912233193
"PHMRC","UP","severe","gbql_0.5","LCVA",NA,"batch1",1006,NA,NA,0.0932885940299678
"PHMRC","UP","severe","gbql_0.5","LCVA",NA,"batch1",1007,NA,NA,0.247210167046634
"PHMRC","UP","severe","gbql_0.5","LCVA",NA,"batch1",1008,NA,NA,0.101673645419935
"PHMRC","UP","severe","gbql_0.5","LCVA",NA,"batch1",1009,NA,NA,0.0896368997443049
"PHMRC","UP","severe","gbql_0.5","LCVA",NA,"batch1",1010,NA,NA,0.146588876576645
"PHMRC","UP","severe","gbql_0.5","LCVA",NA,"batch1",1011,NA,NA,0.118545335124324
"PHMRC","UP","severe","gbql_0.5","LCVA",NA,"batch1",1012,NA,NA,0.192645327839002
"PHMRC","UP","severe","gbql_0.5","LCVA",NA,"batch1",1013,NA,NA,0.094371674748428
"PHMRC","UP","severe","gbql_0.5","LCVA",NA,"batch1",1014,NA,NA,0.125661364625114
"PHMRC","UP","severe","gbql_0.5","LCVA",NA,"batch1",1015,NA,NA,0.257773702170891
"PHMRC","UP","severe","gbql_0.5","LCVA",NA,"batch1",1016,NA,NA,0.180245642058933
"PHMRC","UP","severe","gbql_0.5","LCVA",NA,"batch1",1017,NA,NA,0.0721562045026384
"PHMRC","UP","severe","gbql_0.5","LCVA",NA,"batch1",1018,NA,NA,0.263924967470651
"PHMRC","UP","severe","gbql_0.5","LCVA",NA,"batch1",1019,NA,NA,0.207571338003065
"PHMRC","UP","severe","gbql_0.5","LCVA",NA,"batch1",1020,NA,NA,0.143296365736276
"PHMRC","UP","severe","gbql_0.5","LCVA",NA,"batch1",1021,NA,NA,0.105810828038194
"PHMRC","UP","severe","gbql_0.5","LCVA",NA,"batch1",1022,NA,NA,0.193237785639572
"PHMRC","UP","severe","gbql_0.5","LCVA",NA,"batch1",1023,NA,NA,0.0722995071840793
"PHMRC","UP","severe","gbql_0.5","LCVA",NA,"batch1",1024,NA,NA,0.12212936605292
"PHMRC","UP","severe","gbql_0.5","LCVA",NA,"batch1",1025,NA,NA,0.245688297596682
"PHMRC","UP","severe","gbql_0.5","LCVA",NA,"batch1",1026,NA,NA,0.128179261318042
"PHMRC","UP","severe","gbql_0.5","LCVA",NA,"batch1",1027,NA,NA,0.191054507577971
"PHMRC","UP","severe","gbql_0.5","LCVA",NA,"batch1",1028,NA,NA,0.107742582932817
"PHMRC","UP","severe","gbql_0.5","LCVA",NA,"batch1",1029,NA,NA,0.14680063414555
"PHMRC","UP","severe","gbql_0.5","LCVA",NA,"batch1",1030,NA,NA,0.10274050252103
"PHMRC","AP","severe","gbql_50","LCVA",NA,"batch1",1001,NA,NA,0.384495410438104
"PHMRC","AP","severe","gbql_50","LCVA",NA,"batch1",1002,NA,NA,0.263651253429401
"PHMRC","AP","severe","gbql_50","LCVA",NA,"batch1",1003,NA,NA,0.207256751937006
"PHMRC","AP","severe","gbql_50","LCVA",NA,"batch1",1004,NA,NA,0.26127490713715
"PHMRC","AP","severe","gbql_50","LCVA",NA,"batch1",1005,NA,NA,0.359493592650879
"PHMRC","AP","severe","gbql_50","LCVA",NA,"batch1",1006,NA,NA,0.23896571370851
"PHMRC","AP","severe","gbql_50","LCVA",NA,"batch1",1007,NA,NA,0.322603354303858
"PHMRC","AP","severe","gbql_50","LCVA",NA,"batch1",1008,NA,NA,0.365489186103685
"PHMRC","AP","severe","gbql_50","LCVA",NA,"batch1",1009,NA,NA,0.329174998890228
"PHMRC","AP","severe","gbql_50","LCVA",NA,"batch1",1010,NA,NA,0.584824731876666
"PHMRC","AP","severe","gbql_50","LCVA",NA,"batch1",1011,NA,NA,0.36618064373057
"PHMRC","AP","severe","gbql_50","LCVA",NA,"batch1",1012,NA,NA,0.259004087475015
"PHMRC","AP","severe","gbql_50","LCVA",NA,"batch1",1013,NA,NA,0.290905355487643
"PHMRC","AP","severe","gbql_50","LCVA",NA,"batch1",1014,NA,NA,0.418235690660101
"PHMRC","AP","severe","gbql_50","LCVA",NA,"batch1",1015,NA,NA,0.352371141750863
"PHMRC","AP","severe","gbql_50","LCVA",NA,"batch1",1016,NA,NA,0.275420175494955
"PHMRC","AP","severe","gbql_50","LCVA",NA,"batch1",1017,NA,NA,0.304632078038637
"PHMRC","AP","severe","gbql_50","LCVA",NA,"batch1",1018,NA,NA,0.282470969185159
"PHMRC","AP","severe","gbql_50","LCVA",NA,"batch1",1019,NA,NA,0.241561368932517
"PHMRC","AP","severe","gbql_50","LCVA",NA,"batch1",1020,NA,NA,0.258999866684589
"PHMRC","AP","severe","gbql_50","LCVA",NA,"batch1",1021,NA,NA,0.367063615051187
"PHMRC","AP","severe","gbql_50","LCVA",NA,"batch1",1022,NA,NA,0.21781290345855
"PHMRC","AP","severe","gbql_50","LCVA",NA,"batch1",1023,NA,NA,0.210142978003967
"PHMRC","AP","severe","gbql_50","LCVA",NA,"batch1",1024,NA,NA,0.39174194056905
"PHMRC","AP","severe","gbql_50","LCVA",NA,"batch1",1025,NA,NA,0.453034844379916
"PHMRC","AP","severe","gbql_50","LCVA",NA,"batch1",1026,NA,NA,0.297258773124872
"PHMRC","AP","severe","gbql_50","LCVA",NA,"batch1",1027,NA,NA,0.20678043089454
"PHMRC","AP","severe","gbql_50","LCVA",NA,"batch1",1028,NA,NA,0.244403243773329
"PHMRC","AP","severe","gbql_50","LCVA",NA,"batch1",1029,NA,NA,0.321442593596729
"PHMRC","AP","severe","gbql_50","LCVA",NA,"batch1",1030,NA,NA,0.223764032971929
"PHMRC","Bohol","severe","gbql_50","LCVA",NA,"batch1",1001,NA,NA,0.262162068921754
"PHMRC","Bohol","severe","gbql_50","LCVA",NA,"batch1",1002,NA,NA,0.205180230402928
"PHMRC","Bohol","severe","gbql_50","LCVA",NA,"batch1",1003,NA,NA,0.282608715556512
"PHMRC","Bohol","severe","gbql_50","LCVA",NA,"batch1",1004,NA,NA,0.189558496869153
"PHMRC","Bohol","severe","gbql_50","LCVA",NA,"batch1",1005,NA,NA,0.371698700551915
"PHMRC","Bohol","severe","gbql_50","LCVA",NA,"batch1",1006,NA,NA,0.275194803082862
"PHMRC","Bohol","severe","gbql_50","LCVA",NA,"batch1",1007,NA,NA,0.390428714273169
"PHMRC","Bohol","severe","gbql_50","LCVA",NA,"batch1",1008,NA,NA,0.351968950106206
"PHMRC","Bohol","severe","gbql_50","LCVA",NA,"batch1",1009,NA,NA,0.332049678499975
"PHMRC","Bohol","severe","gbql_50","LCVA",NA,"batch1",1010,NA,NA,0.769591981048766
"PHMRC","Bohol","severe","gbql_50","LCVA",NA,"batch1",1011,NA,NA,0.25620827194626
"PHMRC","Bohol","severe","gbql_50","LCVA",NA,"batch1",1012,NA,NA,0.350489864617238
"PHMRC","Bohol","severe","gbql_50","LCVA",NA,"batch1",1013,NA,NA,0.184839516056175
"PHMRC","Bohol","severe","gbql_50","LCVA",NA,"batch1",1014,NA,NA,0.259495757054063
"PHMRC","Bohol","severe","gbql_50","LCVA",NA,"batch1",1015,NA,NA,0.3141367723807
"PHMRC","Bohol","severe","gbql_50","LCVA",NA,"batch1",1016,NA,NA,0.267429621542646
"PHMRC","Bohol","severe","gbql_50","LCVA",NA,"batch1",1017,NA,NA,0.248012880197564
"PHMRC","Bohol","severe","gbql_50","LCVA",NA,"batch1",1018,NA,NA,0.347071346872492
"PHMRC","Bohol","severe","gbql_50","LCVA",NA,"batch1",1019,NA,NA,0.353391712719821
"PHMRC","Bohol","severe","gbql_50","LCVA",NA,"batch1",1020,NA,NA,0.154753804780448
"PHMRC","Bohol","severe","gbql_50","LCVA",NA,"batch1",1021,NA,NA,0.248657540105173
"PHMRC","Bohol","severe","gbql_50","LCVA",NA,"batch1",1022,NA,NA,0.164113489930983
"PHMRC","Bohol","severe","gbql_50","LCVA",NA,"batch1",1023,NA,NA,0.153061491390517
"PHMRC","Bohol","severe","gbql_50","LCVA",NA,"batch1",1024,NA,NA,0.213330307363626
"PHMRC","Bohol","severe","gbql_50","LCVA",NA,"batch1",1025,NA,NA,0.414610164416102
"PHMRC","Bohol","severe","gbql_50","LCVA",NA,"batch1",1026,NA,NA,0.273902365853522
"PHMRC","Bohol","severe","gbql_50","LCVA",NA,"batch1",1027,NA,NA,0.275961505540912
"PHMRC","Bohol","severe","gbql_50","LCVA",NA,"batch1",1028,NA,NA,0.228044213313257
"PHMRC","Bohol","severe","gbql_50","LCVA",NA,"batch1",1029,NA,NA,0.341971284913117
"PHMRC","Bohol","severe","gbql_50","LCVA",NA,"batch1",1030,NA,NA,0.254546786533433
"PHMRC","Dar","severe","gbql_50","LCVA",NA,"batch1",1001,NA,NA,0.18325584548681
"PHMRC","Dar","severe","gbql_50","LCVA",NA,"batch1",1002,NA,NA,0.24547202176858
"PHMRC","Dar","severe","gbql_50","LCVA",NA,"batch1",1003,NA,NA,0.255432663788513
"PHMRC","Dar","severe","gbql_50","LCVA",NA,"batch1",1004,NA,NA,0.163497049230807
"PHMRC","Dar","severe","gbql_50","LCVA",NA,"batch1",1005,NA,NA,0.302062351729588
"PHMRC","Dar","severe","gbql_50","LCVA",NA,"batch1",1006,NA,NA,0.250057479660742
"PHMRC","Dar","severe","gbql_50","LCVA",NA,"batch1",1007,NA,NA,0.302366511054991
"PHMRC","Dar","severe","gbql_50","LCVA",NA,"batch1",1008,NA,NA,0.388184852011518
"PHMRC","Dar","severe","gbql_50","LCVA",NA,"batch1",1009,NA,NA,0.23726240713167
"PHMRC","Dar","severe","gbql_50","LCVA",NA,"batch1",1010,NA,NA,0.209046559717205
"PHMRC","Dar","severe","gbql_50","LCVA",NA,"batch1",1011,NA,NA,0.354320271406805
"PHMRC","Dar","severe","gbql_50","LCVA",NA,"batch1",1012,NA,NA,0.274777596292482
"PHMRC","Dar","severe","gbql_50","LCVA",NA,"batch1",1013,NA,NA,0.314120217288047
"PHMRC","Dar","severe","gbql_50","LCVA",NA,"batch1",1014,NA,NA,0.296750330147697
"PHMRC","Dar","severe","gbql_50","LCVA",NA,"batch1",1015,NA,NA,0.427007657056542
"PHMRC","Dar","severe","gbql_50","LCVA",NA,"batch1",1016,NA,NA,0.310748575665614
"PHMRC","Dar","severe","gbql_50","LCVA",NA,"batch1",1017,NA,NA,0.151947310997962
"PHMRC","Dar","severe","gbql_50","LCVA",NA,"batch1",1018,NA,NA,0.303919973762368
"PHMRC","Dar","severe","gbql_50","LCVA",NA,"batch1",1019,NA,NA,0.3322514286158
"PHMRC","Dar","severe","gbql_50","LCVA",NA,"batch1",1020,NA,NA,0.118265076742998
"PHMRC","Dar","severe","gbql_50","LCVA",NA,"batch1",1021,NA,NA,0.124843767839931
"PHMRC","Dar","severe","gbql_50","LCVA",NA,"batch1",1022,NA,NA,0.165439801950835
"PHMRC","Dar","severe","gbql_50","LCVA",NA,"batch1",1023,NA,NA,0.127585175355186
"PHMRC","Dar","severe","gbql_50","LCVA",NA,"batch1",1024,NA,NA,0.232563163324188
"PHMRC","Dar","severe","gbql_50","LCVA",NA,"batch1",1025,NA,NA,0.339768424906533
"PHMRC","Dar","severe","gbql_50","LCVA",NA,"batch1",1026,NA,NA,0.0836867043607789
"PHMRC","Dar","severe","gbql_50","LCVA",NA,"batch1",1027,NA,NA,0.159450568369114
"PHMRC","Dar","severe","gbql_50","LCVA",NA,"batch1",1028,NA,NA,0.255754358510499
"PHMRC","Dar","severe","gbql_50","LCVA",NA,"batch1",1029,NA,NA,0.25114805437452
"PHMRC","Dar","severe","gbql_50","LCVA",NA,"batch1",1030,NA,NA,0.28456131861478
"PHMRC","Mexico","severe","gbql_50","LCVA",NA,"batch1",1001,NA,NA,0.226149143085188
"PHMRC","Mexico","severe","gbql_50","LCVA",NA,"batch1",1002,NA,NA,0.377580982300593
"PHMRC","Mexico","severe","gbql_50","LCVA",NA,"batch1",1003,NA,NA,0.323027795178235
"PHMRC","Mexico","severe","gbql_50","LCVA",NA,"batch1",1004,NA,NA,0.236422846183727
"PHMRC","Mexico","severe","gbql_50","LCVA",NA,"batch1",1005,NA,NA,0.319613585655893
"PHMRC","Mexico","severe","gbql_50","LCVA",NA,"batch1",1006,NA,NA,0.21730051458995
"PHMRC","Mexico","severe","gbql_50","LCVA",NA,"batch1",1007,NA,NA,0.369093767461509
"PHMRC","Mexico","severe","gbql_50","LCVA",NA,"batch1",1008,NA,NA,0.407404378855111
"PHMRC","Mexico","severe","gbql_50","LCVA",NA,"batch1",1009,NA,NA,0.245899042444239
"PHMRC","Mexico","severe","gbql_50","LCVA",NA,"batch1",1010,NA,NA,0.276033428810723
"PHMRC","Mexico","severe","gbql_50","LCVA",NA,"batch1",1011,NA,NA,0.415779525014839
"PHMRC","Mexico","severe","gbql_50","LCVA",NA,"batch1",1012,NA,NA,0.274670699630029
"PHMRC","Mexico","severe","gbql_50","LCVA",NA,"batch1",1013,NA,NA,0.285540972740911
"PHMRC","Mexico","severe","gbql_50","LCVA",NA,"batch1",1014,NA,NA,0.345187443345057
"PHMRC","Mexico","severe","gbql_50","LCVA",NA,"batch1",1015,NA,NA,0.298988621414097
"PHMRC","Mexico","severe","gbql_50","LCVA",NA,"batch1",1016,NA,NA,0.274883585749797
"PHMRC","Mexico","severe","gbql_50","LCVA",NA,"batch1",1017,NA,NA,0.174194156700969
"PHMRC","Mexico","severe","gbql_50","LCVA",NA,"batch1",1018,NA,NA,0.298576960991208
"PHMRC","Mexico","severe","gbql_50","LCVA",NA,"batch1",1019,NA,NA,0.241274966087637
"PHMRC","Mexico","severe","gbql_50","LCVA",NA,"batch1",1020,NA,NA,0.167092234878009
"PHMRC","Mexico","severe","gbql_50","LCVA",NA,"batch1",1021,NA,NA,0.23870451378317
"PHMRC","Mexico","severe","gbql_50","LCVA",NA,"batch1",1022,NA,NA,0.28942153431981
"PHMRC","Mexico","severe","gbql_50","LCVA",NA,"batch1",1023,NA,NA,0.245570451069031
"PHMRC","Mexico","severe","gbql_50","LCVA",NA,"batch1",1024,NA,NA,0.202687041477828
"PHMRC","Mexico","severe","gbql_50","LCVA",NA,"batch1",1025,NA,NA,0.331499958392552
"PHMRC","Mexico","severe","gbql_50","LCVA",NA,"batch1",1026,NA,NA,0.199668336058577
"PHMRC","Mexico","severe","gbql_50","LCVA",NA,"batch1",1027,NA,NA,0.208154150607647
"PHMRC","Mexico","severe","gbql_50","LCVA",NA,"batch1",1028,NA,NA,0.192136998108111
"PHMRC","Mexico","severe","gbql_50","LCVA",NA,"batch1",1029,NA,NA,0.343738443877873
"PHMRC","Mexico","severe","gbql_50","LCVA",NA,"batch1",1030,NA,NA,0.331471131841668
"PHMRC","Pemba","severe","gbql_50","LCVA",NA,"batch1",1001,NA,NA,0.401279316152443
"PHMRC","Pemba","severe","gbql_50","LCVA",NA,"batch1",1002,NA,NA,0.280364202503316
"PHMRC","Pemba","severe","gbql_50","LCVA",NA,"batch1",1003,NA,NA,0.2508077988443
"PHMRC","Pemba","severe","gbql_50","LCVA",NA,"batch1",1004,NA,NA,0.433653165130295
"PHMRC","Pemba","severe","gbql_50","LCVA",NA,"batch1",1005,NA,NA,0.385668955139041
"PHMRC","Pemba","severe","gbql_50","LCVA",NA,"batch1",1006,NA,NA,0.290660949108334
"PHMRC","Pemba","severe","gbql_50","LCVA",NA,"batch1",1007,NA,NA,0.476306257256635
"PHMRC","Pemba","severe","gbql_50","LCVA",NA,"batch1",1008,NA,NA,0.445466567556543
"PHMRC","Pemba","severe","gbql_50","LCVA",NA,"batch1",1009,NA,NA,0.187145408086279
"PHMRC","Pemba","severe","gbql_50","LCVA",NA,"batch1",1010,NA,NA,0.402845227284545
"PHMRC","Pemba","severe","gbql_50","LCVA",NA,"batch1",1011,NA,NA,0.447314444644676
"PHMRC","Pemba","severe","gbql_50","LCVA",NA,"batch1",1012,NA,NA,0.337609974480333
"PHMRC","Pemba","severe","gbql_50","LCVA",NA,"batch1",1013,NA,NA,0.38115149378704
"PHMRC","Pemba","severe","gbql_50","LCVA",NA,"batch1",1014,NA,NA,0.531323197351882
"PHMRC","Pemba","severe","gbql_50","LCVA",NA,"batch1",1015,NA,NA,0.471971920983409
"PHMRC","Pemba","severe","gbql_50","LCVA",NA,"batch1",1016,NA,NA,0.328806559462906
"PHMRC","Pemba","severe","gbql_50","LCVA",NA,"batch1",1017,NA,NA,0.24787690440378
"PHMRC","Pemba","severe","gbql_50","LCVA",NA,"batch1",1018,NA,NA,0.43234896631702
"PHMRC","Pemba","severe","gbql_50","LCVA",NA,"batch1",1019,NA,NA,0.267145665309657
"PHMRC","Pemba","severe","gbql_50","LCVA",NA,"batch1",1020,NA,NA,0.419287722614253
"PHMRC","Pemba","severe","gbql_50","LCVA",NA,"batch1",1021,NA,NA,0.337866181283569
"PHMRC","Pemba","severe","gbql_50","LCVA",NA,"batch1",1022,NA,NA,0.251003955623097
"PHMRC","Pemba","severe","gbql_50","LCVA",NA,"batch1",1023,NA,NA,0.420475081195799
"PHMRC","Pemba","severe","gbql_50","LCVA",NA,"batch1",1024,NA,NA,0.367628197607176
"PHMRC","Pemba","severe","gbql_50","LCVA",NA,"batch1",1025,NA,NA,0.262646401037001
"PHMRC","Pemba","severe","gbql_50","LCVA",NA,"batch1",1026,NA,NA,0.241939753680599
"PHMRC","Pemba","severe","gbql_50","LCVA",NA,"batch1",1027,NA,NA,0.294971412621642
"PHMRC","Pemba","severe","gbql_50","LCVA",NA,"batch1",1028,NA,NA,0.637099231295264
"PHMRC","Pemba","severe","gbql_50","LCVA",NA,"batch1",1029,NA,NA,0.301511304163047
"PHMRC","Pemba","severe","gbql_50","LCVA",NA,"batch1",1030,NA,NA,0.238764939791001
"PHMRC","UP","severe","gbql_50","LCVA",NA,"batch1",1001,NA,NA,0.313171420119821
"PHMRC","UP","severe","gbql_50","LCVA",NA,"batch1",1002,NA,NA,0.304928850908001
"PHMRC","UP","severe","gbql_50","LCVA",NA,"batch1",1003,NA,NA,0.316555458396748
"PHMRC","UP","severe","gbql_50","LCVA",NA,"batch1",1004,NA,NA,0.214530624821428
"PHMRC","UP","severe","gbql_50","LCVA",NA,"batch1",1005,NA,NA,0.437436131959966
"PHMRC","UP","severe","gbql_50","LCVA",NA,"batch1",1006,NA,NA,0.199853856147482
"PHMRC","UP","severe","gbql_50","LCVA",NA,"batch1",1007,NA,NA,0.327134641200233
"PHMRC","UP","severe","gbql_50","LCVA",NA,"batch1",1008,NA,NA,0.358236036829908
"PHMRC","UP","severe","gbql_50","LCVA",NA,"batch1",1009,NA,NA,0.211701424231394
"PHMRC","UP","severe","gbql_50","LCVA",NA,"batch1",1010,NA,NA,0.379255589316308
"PHMRC","UP","severe","gbql_50","LCVA",NA,"batch1",1011,NA,NA,0.283869510855389
"PHMRC","UP","severe","gbql_50","LCVA",NA,"batch1",1012,NA,NA,0.329052051182107
"PHMRC","UP","severe","gbql_50","LCVA",NA,"batch1",1013,NA,NA,0.233874806667457
"PHMRC","UP","severe","gbql_50","LCVA",NA,"batch1",1014,NA,NA,0.280424306009669
"PHMRC","UP","severe","gbql_50","LCVA",NA,"batch1",1015,NA,NA,0.336029332152194
"PHMRC","UP","severe","gbql_50","LCVA",NA,"batch1",1016,NA,NA,0.254365462890221
"PHMRC","UP","severe","gbql_50","LCVA",NA,"batch1",1017,NA,NA,0.14195696636958
"PHMRC","UP","severe","gbql_50","LCVA",NA,"batch1",1018,NA,NA,0.333662969548342
"PHMRC","UP","severe","gbql_50","LCVA",NA,"batch1",1019,NA,NA,0.307849458782293
"PHMRC","UP","severe","gbql_50","LCVA",NA,"batch1",1020,NA,NA,0.200664002099265
"PHMRC","UP","severe","gbql_50","LCVA",NA,"batch1",1021,NA,NA,0.30307517061851
"PHMRC","UP","severe","gbql_50","LCVA",NA,"batch1",1022,NA,NA,0.207967250497881
"PHMRC","UP","severe","gbql_50","LCVA",NA,"batch1",1023,NA,NA,0.197243484035704
"PHMRC","UP","severe","gbql_50","LCVA",NA,"batch1",1024,NA,NA,0.148154794178589
"PHMRC","UP","severe","gbql_50","LCVA",NA,"batch1",1025,NA,NA,0.410739988198096
"PHMRC","UP","severe","gbql_50","LCVA",NA,"batch1",1026,NA,NA,0.324708154589479
"PHMRC","UP","severe","gbql_50","LCVA",NA,"batch1",1027,NA,NA,0.306805878392517
"PHMRC","UP","severe","gbql_50","LCVA",NA,"batch1",1028,NA,NA,0.205659228533274
"PHMRC","UP","severe","gbql_50","LCVA",NA,"batch1",1029,NA,NA,0.247922856070802
"PHMRC","UP","severe","gbql_50","LCVA",NA,"batch1",1030,NA,NA,0.218825500710345
"PHMRC","AP","severe","local_avg","LCVA",NA,"batch1",1001,0.205361930294906,0.152580823238883,0.388266335182294
"PHMRC","AP","severe","local_avg","LCVA",NA,"batch1",1002,0.215352697095436,0.170434025036093,0.3715730450461
"PHMRC","AP","severe","local_avg","LCVA",NA,"batch1",1003,0.145697329376855,0.154651403436787,0.277839023531446
"PHMRC","AP","severe","local_avg","LCVA",NA,"batch1",1004,0.144266337854501,0.138370901677862,0.29090593794895
"PHMRC","AP","severe","local_avg","LCVA",NA,"batch1",1005,0.257327586206897,0.207860957307071,0.473474140684312
"PHMRC","AP","severe","local_avg","LCVA",NA,"batch1",1006,0.263215258855586,0.169846152113824,0.237991934694963
"PHMRC","AP","severe","local_avg","LCVA",NA,"batch1",1007,0.221914893617021,0.180588775934182,0.411221462727582
"PHMRC","AP","severe","local_avg","LCVA",NA,"batch1",1008,0.244158878504673,0.167024564292038,0.376348351680412
"PHMRC","AP","severe","local_avg","LCVA",NA,"batch1",1009,0.22700296735905,0.149718620775471,0.273282291171446
"PHMRC","AP","severe","local_avg","LCVA",NA,"batch1",1010,0.206265060240964,0.168280590952363,0.489253307877541
"PHMRC","AP","severe","local_avg","LCVA",NA,"batch1",1011,0.188949079089924,0.172207808281621,0.357255631521493
"PHMRC","AP","severe","local_avg","LCVA",NA,"batch1",1012,0.221658986175115,0.16188202421394,0.380006964324355
"PHMRC","AP","severe","local_avg","LCVA",NA,"batch1",1013,0.253284671532847,0.156754768370899,0.321379750303409
"PHMRC","AP","severe","local_avg","LCVA",NA,"batch1",1014,0.259552845528455,0.19342076708331,0.421649807496372
"PHMRC","AP","severe","local_avg","LCVA",NA,"batch1",1015,0.202355460385439,0.175709886189772,0.409500062843792
"PHMRC","AP","severe","local_avg","LCVA",NA,"batch1",1016,0.239704069050555,0.178001388251984,0.340302133847953
"PHMRC","AP","severe","local_avg","LCVA",NA,"batch1",1017,0.230124575311438,0.168009185300818,0.298117355453184
"PHMRC","AP","severe","local_avg","LCVA",NA,"batch1",1018,0.215369836695485,0.176510495254405,0.462924416384919
"PHMRC","AP","severe","local_avg","LCVA",NA,"batch1",1019,0.25344295991778,0.175804272281181,0.438455440484031
"PHMRC","AP","severe","local_avg","LCVA",NA,"batch1",1020,0.242926829268293,0.176311245105475,0.360572171655746
"PHMRC","AP","severe","local_avg","LCVA",NA,"batch1",1021,0.220973782771536,0.159148622827204,0.365902990954597
"PHMRC","AP","severe","local_avg","LCVA",NA,"batch1",1022,0.174047954866008,0.171384578273235,0.261261581991472
"PHMRC","AP","severe","local_avg","LCVA",NA,"batch1",1023,0.165205479452055,0.164027436028128,0.245289543895654
"PHMRC","AP","severe","local_avg","LCVA",NA,"batch1",1024,0.25223700120919,0.183180263463863,0.372442743051048
"PHMRC","AP","severe","local_avg","LCVA",NA,"batch1",1025,0.198997995991984,0.175370347164987,0.44846621130607
"PHMRC","AP","severe","local_avg","LCVA",NA,"batch1",1026,0.213160987074031,0.148597283792857,0.341990458611861
"PHMRC","AP","severe","local_avg","LCVA",NA,"batch1",1027,0.222615803814714,0.17161692763501,0.340022125934613
"PHMRC","AP","severe","local_avg","LCVA",NA,"batch1",1028,0.173770491803279,0.161323729100193,0.293524009110432
"PHMRC","AP","severe","local_avg","LCVA",NA,"batch1",1029,0.161835748792271,0.145843583878484,0.350845631353769
"PHMRC","AP","severe","local_avg","LCVA",NA,"batch1",1030,0.225423728813559,0.144639885506871,0.31863483177388
"PHMRC","Bohol","severe","local_avg","LCVA",NA,"batch1",1001,0.223410404624277,0.165240347657325,0.338453318918004
"PHMRC","Bohol","severe","local_avg","LCVA",NA,"batch1",1002,0.228903225806452,0.130174494690848,0.388679205962271
"PHMRC","Bohol","severe","local_avg","LCVA",NA,"batch1",1003,0.211529933481153,0.15751078755923,0.304039823162245
"PHMRC","Bohol","severe","local_avg","LCVA",NA,"batch1",1004,0.217847025495751,0.14593000898287,0.307489833325562
"PHMRC","Bohol","severe","local_avg","LCVA",NA,"batch1",1005,0.239360393603936,0.159307981646797,0.453824734420656
"PHMRC","Bohol","severe","local_avg","LCVA",NA,"batch1",1006,0.183700440528634,0.145255267323228,0.222866664702883
"PHMRC","Bohol","severe","local_avg","LCVA",NA,"batch1",1007,0.240519480519481,0.169004676969791,0.459876603973002
"PHMRC","Bohol","severe","local_avg","LCVA",NA,"batch1",1008,0.152410575427683,0.128100211681649,0.314469462505304
"PHMRC","Bohol","severe","local_avg","LCVA",NA,"batch1",1009,0.222477064220183,0.147489442884989,0.260688312629825
"PHMRC","Bohol","severe","local_avg","LCVA",NA,"batch1",1010,0.245680238331678,0.179647339189461,0.591114159693465
"PHMRC","Bohol","severe","local_avg","LCVA",NA,"batch1",1011,0.219546742209632,0.171334350435019,0.426513864309879
"PHMRC","Bohol","severe","local_avg","LCVA",NA,"batch1",1012,0.244526445264453,0.157651366443927,0.455379280178493
"PHMRC","Bohol","severe","local_avg","LCVA",NA,"batch1",1013,0.185939741750359,0.142075859692796,0.372093787866585
"PHMRC","Bohol","severe","local_avg","LCVA",NA,"batch1",1014,0.160176991150442,0.155979557765306,0.335090952806151
"PHMRC","Bohol","severe","local_avg","LCVA",NA,"batch1",1015,0.247914183551847,0.174143412079816,0.455058643731631
"PHMRC","Bohol","severe","local_avg","LCVA",NA,"batch1",1016,0.232013201320132,0.154176703356615,0.288079337504262
"PHMRC","Bohol","severe","local_avg","LCVA",NA,"batch1",1017,0.2,0.176041655251407,0.318837515729957
"PHMRC","Bohol","severe","local_avg","LCVA",NA,"batch1",1018,0.235705950991832,0.156754030455744,0.44351821809092
"PHMRC","Bohol","severe","local_avg","LCVA",NA,"batch1",1019,0.247702407002188,0.182557477328781,0.489182299653075
"PHMRC","Bohol","severe","local_avg","LCVA",NA,"batch1",1020,0.189066059225513,0.112923260203585,0.367448780234542
"PHMRC","Bohol","severe","local_avg","LCVA",NA,"batch1",1021,0.205657237936772,0.142579321589034,0.24754155221693
"PHMRC","Bohol","severe","local_avg","LCVA",NA,"batch1",1022,0.224963715529753,0.140103093971943,0.285411530859061
"PHMRC","Bohol","severe","local_avg","LCVA",NA,"batch1",1023,0.144916820702403,0.112483234348298,0.225868410367551
"PHMRC","Bohol","severe","local_avg","LCVA",NA,"batch1",1024,0.19021207177814,0.1641636502949,0.266746748973936
"PHMRC","Bohol","severe","local_avg","LCVA",NA,"batch1",1025,0.249757281553398,0.163271457302252,0.468099244347391
"PHMRC","Bohol","severe","local_avg","LCVA",NA,"batch1",1026,0.20029197080292,0.166543067645634,0.301700438794564
"PHMRC","Bohol","severe","local_avg","LCVA",NA,"batch1",1027,0.234036568213783,0.165975932264083,0.336072893990589
"PHMRC","Bohol","severe","local_avg","LCVA",NA,"batch1",1028,0.188070175438596,0.163605627224575,0.266972940004148
"PHMRC","Bohol","severe","local_avg","LCVA",NA,"batch1",1029,0.230943396226415,0.154478036883509,0.494023568150889
"PHMRC","Bohol","severe","local_avg","LCVA",NA,"batch1",1030,0.201801801801802,0.148252684511492,0.328294532620527
"PHMRC","Dar","severe","local_avg","LCVA",NA,"batch1",1001,0.183532219570406,0.132594901760126,0.240832736691574
"PHMRC","Dar","severe","local_avg","LCVA",NA,"batch1",1002,0.144707091469681,0.10040758443527,0.324730681546057
"PHMRC","Dar","severe","local_avg","LCVA",NA,"batch1",1003,0.216294642857143,0.124251914219453,0.326879968563226
"PHMRC","Dar","severe","local_avg","LCVA",NA,"batch1",1004,0.160356347438753,0.131643601855187,0.191027152677672
"PHMRC","Dar","severe","local_avg","LCVA",NA,"batch1",1005,0.138919514884234,0.135792660009487,0.306556659296372
"PHMRC","Dar","severe","local_avg","LCVA",NA,"batch1",1006,0.232380952380952,0.162797321650203,0.239683102137996
"PHMRC","Dar","severe","local_avg","LCVA",NA,"batch1",1007,0.188421052631579,0.165657484282965,0.384778070825313
"PHMRC","Dar","severe","local_avg","LCVA",NA,"batch1",1008,0.178225806451613,0.155791873989198,0.352101408699173
"PHMRC","Dar","severe","local_avg","LCVA",NA,"batch1",1009,0.239211618257261,0.152744570058045,0.351621026794207
"PHMRC","Dar","severe","local_avg","LCVA",NA,"batch1",1010,0.175609756097561,0.145690666157764,0.342561388258831
"PHMRC","Dar","severe","local_avg","LCVA",NA,"batch1",1011,0.206763285024155,0.158622948193613,0.420448414790462
"PHMRC","Dar","severe","local_avg","LCVA",NA,"batch1",1012,0.18935960591133,0.141533720048267,0.331574800146711
"PHMRC","Dar","severe","local_avg","LCVA",NA,"batch1",1013,0.214886731391586,0.162619566220449,0.368077657075546
"PHMRC","Dar","severe","local_avg","LCVA",NA,"batch1",1014,0.211701170117012,0.143290092095631,0.389497064601481
"PHMRC","Dar","severe","local_avg","LCVA",NA,"batch1",1015,0.22020618556701,0.152896800746354,0.378676378692363
"PHMRC","Dar","severe","local_avg","LCVA",NA,"batch1",1016,0.235342185903984,0.146913811026677,0.385563373611974
"PHMRC","Dar","severe","local_avg","LCVA",NA,"batch1",1017,0.169469026548673,0.129425929935271,0.243409808694325
"PHMRC","Dar","severe","local_avg","LCVA",NA,"batch1",1018,0.166535433070866,0.146534794650335,0.292658627397062
"PHMRC","Dar","severe","local_avg","LCVA",NA,"batch1",1019,0.230940170940171,0.157009045984494,0.400295596461369
"PHMRC","Dar","severe","local_avg","LCVA",NA,"batch1",1020,0.165794066317627,0.134579127478854,0.346990626529864
"PHMRC","Dar","severe","local_avg","LCVA",NA,"batch1",1021,0.119767441860465,0.113773201856025,0.195190351707338
"PHMRC","Dar","severe","local_avg","LCVA",NA,"batch1",1022,0.146754966887417,0.109231385644723,0.211969708903727
"PHMRC","Dar","severe","local_avg","LCVA",NA,"batch1",1023,0.135074626865672,0.117109290356711,0.176581199085156
"PHMRC","Dar","severe","local_avg","LCVA",NA,"batch1",1024,0.198230088495575,0.146378714065829,0.260077955291281
"PHMRC","Dar","severe","local_avg","LCVA",NA,"batch1",1025,0.188256549232159,0.132176338521302,0.39072657136437
"PHMRC","Dar","severe","local_avg","LCVA",NA,"batch1",1026,0.112957746478873,0.0934352494563633,0.14773217620027
"PHMRC","Dar","severe","local_avg","LCVA",NA,"batch1",1027,0.19853249475891,0.162658171561289,0.289404160246679
"PHMRC","Dar","severe","local_avg","LCVA",NA,"batch1",1028,0.127298850574713,0.110716296884998,0.228856270262465
"PHMRC","Dar","severe","local_avg","LCVA",NA,"batch1",1029,0.202511210762332,0.127670113654047,0.37457116312181
"PHMRC","Dar","severe","local_avg","LCVA",NA,"batch1",1030,0.216479400749064,0.139860971342124,0.350375361972217
"PHMRC","Mexico","severe","local_avg","LCVA",NA,"batch1",1001,0.220023014959724,0.156807320173035,0.405873897316881
"PHMRC","Mexico","severe","local_avg","LCVA",NA,"batch1",1002,0.24073275862069,0.152976245669338,0.409542745565249
"PHMRC","Mexico","severe","local_avg","LCVA",NA,"batch1",1003,0.229705215419501,0.158196568483435,0.35503611217367
"PHMRC","Mexico","severe","local_avg","LCVA",NA,"batch1",1004,0.216193480546793,0.143526705781209,0.411864512507268
"PHMRC","Mexico","severe","local_avg","LCVA",NA,"batch1",1005,0.157957244655582,0.156162045695042,0.415979265462712
"PHMRC","Mexico","severe","local_avg","LCVA",NA,"batch1",1006,0.194117647058824,0.162457004672073,0.362278567630422
"PHMRC","Mexico","severe","local_avg","LCVA",NA,"batch1",1007,0.189539227895392,0.144879662887301,0.370410001165899
"PHMRC","Mexico","severe","local_avg","LCVA",NA,"batch1",1008,0.181270903010033,0.143908780809279,0.42873176252316
"PHMRC","Mexico","severe","local_avg","LCVA",NA,"batch1",1009,0.219736842105263,0.12879504604109,0.361906320218592
"PHMRC","Mexico","severe","local_avg","LCVA",NA,"batch1",1010,0.173258003766478,0.151270499378708,0.450128628693081
"PHMRC","Mexico","severe","local_avg","LCVA",NA,"batch1",1011,0.174151150054765,0.123565512728187,0.432430163616628
"PHMRC","Mexico","severe","local_avg","LCVA",NA,"batch1",1012,0.212970711297071,0.191800464290574,0.418242165409495
"PHMRC","Mexico","severe","local_avg","LCVA",NA,"batch1",1013,0.241395348837209,0.169851987530836,0.385960060126107
"PHMRC","Mexico","severe","local_avg","LCVA",NA,"batch1",1014,0.181876332622601,0.147892134399985,0.383629179515728
"PHMRC","Mexico","severe","local_avg","LCVA",NA,"batch1",1015,0.151648351648352,0.128210521820521,0.350908474847265
"PHMRC","Mexico","severe","local_avg","LCVA",NA,"batch1",1016,0.199751861042184,0.148769197075024,0.313204452745866
"PHMRC","Mexico","severe","local_avg","LCVA",NA,"batch1",1017,0.2075382803298,0.148054024424488,0.303245434962422
"PHMRC","Mexico","severe","local_avg","LCVA",NA,"batch1",1018,0.168631813125695,0.128651017787694,0.419715986974844
"PHMRC","Mexico","severe","local_avg","LCVA",NA,"batch1",1019,0.163244353182752,0.152461002962661,0.352932255106669
"PHMRC","Mexico","severe","local_avg","LCVA",NA,"batch1",1020,0.196135265700483,0.136956768404453,0.331319685697782
"PHMRC","Mexico","severe","local_avg","LCVA",NA,"batch1",1021,0.202373247033441,0.12938052408275,0.370850297469491
"PHMRC","Mexico","severe","local_avg","LCVA",NA,"batch1",1022,0.185735080058224,0.109110367856673,0.322355403546996
"PHMRC","Mexico","severe","local_avg","LCVA",NA,"batch1",1023,0.180348258706468,0.0974531127349355,0.332787029636628
"PHMRC","Mexico","severe","local_avg","LCVA",NA,"batch1",1024,0.191333333333333,0.127375638183276,0.296867973735541
"PHMRC","Mexico","severe","local_avg","LCVA",NA,"batch1",1025,0.184421052631579,0.143018565974173,0.394481719196859
"PHMRC","Mexico","severe","local_avg","LCVA",NA,"batch1",1026,0.205792163543441,0.133702906455825,0.176473721341236
"PHMRC","Mexico","severe","local_avg","LCVA",NA,"batch1",1027,0.228103044496487,0.162111559229882,0.324602869483646
"PHMRC","Mexico","severe","local_avg","LCVA",NA,"batch1",1028,0.114814814814815,0.109228597119096,0.284990049197188
"PHMRC","Mexico","severe","local_avg","LCVA",NA,"batch1",1029,0.205442176870748,0.144418801300708,0.32696845889377
"PHMRC","Mexico","severe","local_avg","LCVA",NA,"batch1",1030,0.223561643835616,0.165142830909978,0.504998236139108
"PHMRC","Pemba","severe","local_avg","LCVA",NA,"batch1",1001,0.329357798165138,0.25255365395055,0.421834242799995
"PHMRC","Pemba","severe","local_avg","LCVA",NA,"batch1",1002,0.324468085106383,0.270526292990991,0.389716278660125
"PHMRC","Pemba","severe","local_avg","LCVA",NA,"batch1",1003,0.262162162162162,0.295416355146779,0.269804064289692
"PHMRC","Pemba","severe","local_avg","LCVA",NA,"batch1",1004,0.31207729468599,0.284180637066417,0.440987592989401
"PHMRC","Pemba","severe","local_avg","LCVA",NA,"batch1",1005,0.348066298342541,0.235256115328579,0.360943418945687
"PHMRC","Pemba","severe","local_avg","LCVA",NA,"batch1",1006,0.256375838926174,0.183734002411794,0.301851115531526
"PHMRC","Pemba","severe","local_avg","LCVA",NA,"batch1",1007,0.323870967741935,0.258577935222672,0.435391415395823
"PHMRC","Pemba","severe","local_avg","LCVA",NA,"batch1",1008,0.360509554140127,0.218866930171278,0.35637175096583
"PHMRC","Pemba","severe","local_avg","LCVA",NA,"batch1",1009,0.264052287581699,0.238614035610185,0.229273224889577
"PHMRC","Pemba","severe","local_avg","LCVA",NA,"batch1",1010,0.343231441048035,0.270285387838386,0.439256497728051
"PHMRC","Pemba","severe","local_avg","LCVA",NA,"batch1",1011,0.390243902439024,0.25681770803722,0.399106654425693
"PHMRC","Pemba","severe","local_avg","LCVA",NA,"batch1",1012,0.254347826086956,0.29093409902353,0.338514222146394
"PHMRC","Pemba","severe","local_avg","LCVA",NA,"batch1",1013,0.308661417322835,0.221998465427447,0.363146024278573
"PHMRC","Pemba","severe","local_avg","LCVA",NA,"batch1",1014,0.35,0.233325012404253,0.481628242096465
"PHMRC","Pemba","severe","local_avg","LCVA",NA,"batch1",1015,0.379310344827586,0.347501571088528,0.443682235508568
"PHMRC","Pemba","severe","local_avg","LCVA",NA,"batch1",1016,0.372682926829268,0.231911240615474,0.419585424127719
"PHMRC","Pemba","severe","local_avg","LCVA",NA,"batch1",1017,0.246017699115044,0.245188846241478,0.17335208350438
"PHMRC","Pemba","severe","local_avg","LCVA",NA,"batch1",1018,0.33175355450237,0.310810140854211,0.401613872910424
"PHMRC","Pemba","severe","local_avg","LCVA",NA,"batch1",1019,0.323076923076923,0.248503978576442,0.323782502218321
"PHMRC","Pemba","severe","local_avg","LCVA",NA,"batch1",1020,0.337272727272727,0.220779569330294,0.405731673900599
"PHMRC","Pemba","severe","local_avg","LCVA",NA,"batch1",1021,0.352808988764045,0.289291465378422,0.350237411553977
"PHMRC","Pemba","severe","local_avg","LCVA",NA,"batch1",1022,0.244444444444444,0.259973589739315,0.258553004157544
"PHMRC","Pemba","severe","local_avg","LCVA",NA,"batch1",1023,0.348292682926829,0.279376535643768,0.383210613651177
"PHMRC","Pemba","severe","local_avg","LCVA",NA,"batch1",1024,0.315625,0.227087175803169,0.304126544451665
"PHMRC","Pemba","severe","local_avg","LCVA",NA,"batch1",1025,0.251578947368421,0.268021052636437,0.327955190007982
"PHMRC","Pemba","severe","local_avg","LCVA",NA,"batch1",1026,0.194736842105263,0.183650793650794,0.212090316576833
"PHMRC","Pemba","severe","local_avg","LCVA",NA,"batch1",1027,0.234343434343434,0.225107016096858,0.304962609310759
"PHMRC","Pemba","severe","local_avg","LCVA",NA,"batch1",1028,0.495,0.265974967061924,0.379260054931487
"PHMRC","Pemba","severe","local_avg","LCVA",NA,"batch1",1029,0.189473684210526,0.260061554607009,0.243833680331044
"PHMRC","Pemba","severe","local_avg","LCVA",NA,"batch1",1030,0.339175257731959,0.179021260904389,0.311400724471165
"PHMRC","UP","severe","local_avg","LCVA",NA,"batch1",1001,0.341666666666667,0.202992384422861,0.361777108498836
"PHMRC","UP","severe","local_avg","LCVA",NA,"batch1",1002,0.268903803131991,0.215464978047959,0.403001280776978
"PHMRC","UP","severe","local_avg","LCVA",NA,"batch1",1003,0.190352020860495,0.209311816303594,0.353118016818011
"PHMRC","UP","severe","local_avg","LCVA",NA,"batch1",1004,0.296437054631829,0.241914325939483,0.381955704264457
"PHMRC","UP","severe","local_avg","LCVA",NA,"batch1",1005,0.309370988446727,0.220740623816167,0.419110771555025
"PHMRC","UP","severe","local_avg","LCVA",NA,"batch1",1006,0.174025974025974,0.184333716152227,0.225835293498346
"PHMRC","UP","severe","local_avg","LCVA",NA,"batch1",1007,0.251100244498777,0.215671363900451,0.402159067273713
"PHMRC","UP","severe","local_avg","LCVA",NA,"batch1",1008,0.198802395209581,0.185699754911732,0.339941320170376
"PHMRC","UP","severe","local_avg","LCVA",NA,"batch1",1009,0.162674961119751,0.17784854600445,0.237002733389068
"PHMRC","UP","severe","local_avg","LCVA",NA,"batch1",1010,0.261715296198055,0.21325049418633,0.526404970449785
"PHMRC","UP","severe","local_avg","LCVA",NA,"batch1",1011,0.166236811254396,0.201957941345087,0.369999833388923
"PHMRC","UP","severe","local_avg","LCVA",NA,"batch1",1012,0.299752475247525,0.210625126244654,0.38703044165334
"PHMRC","UP","severe","local_avg","LCVA",NA,"batch1",1013,0.179940119760479,0.182733661982559,0.31681257425061
"PHMRC","UP","severe","local_avg","LCVA",NA,"batch1",1014,0.137420178799489,0.152743622477148,0.325257371901617
"PHMRC","UP","severe","local_avg","LCVA",NA,"batch1",1015,0.232972322503008,0.186330737558654,0.402627008296528
"PHMRC","UP","severe","local_avg","LCVA",NA,"batch1",1016,0.271932299012694,0.206665860128052,0.290465896423507
"PHMRC","UP","severe","local_avg","LCVA",NA,"batch1",1017,0.191030303030303,0.233592551351331,0.295988808181342
"PHMRC","UP","severe","local_avg","LCVA",NA,"batch1",1018,0.262690058479532,0.191743250846499,0.44634785886931
"PHMRC","UP","severe","local_avg","LCVA",NA,"batch1",1019,0.242298850574713,0.235410753019889,0.432465351037315
"PHMRC","UP","severe","local_avg","LCVA",NA,"batch1",1020,0.26712962962963,0.243075819742626,0.37414854496449
"PHMRC","UP","severe","local_avg","LCVA",NA,"batch1",1021,0.331470230862697,0.2415600413691,0.39246280037149
"PHMRC","UP","severe","local_avg","LCVA",NA,"batch1",1022,0.3004329004329,0.176617592145518,0.275595631614919
"PHMRC","UP","severe","local_avg","LCVA",NA,"batch1",1023,0.185486211901306,0.164941806420243,0.252563070191631
"PHMRC","UP","severe","local_avg","LCVA",NA,"batch1",1024,0.21740412979351,0.205868337527612,0.334616682424888
"PHMRC","UP","severe","local_avg","LCVA",NA,"batch1",1025,0.24040404040404,0.21576160576083,0.487564877816715
"PHMRC","UP","severe","local_avg","LCVA",NA,"batch1",1026,0.297643979057592,0.211867872453699,0.37214905771403
"PHMRC","UP","severe","local_avg","LCVA",NA,"batch1",1027,0.276286072772898,0.225859053061442,0.348627056082843
"PHMRC","UP","severe","local_avg","LCVA",NA,"batch1",1028,0.19851411589896,0.235090307492725,0.278376675148962
"PHMRC","UP","severe","local_avg","LCVA",NA,"batch1",1029,0.20499457111835,0.197341440233575,0.391322727176329
"PHMRC","UP","severe","local_avg","LCVA",NA,"batch1",1030,0.212631578947368,0.189181482289664,0.360159313564992
"PHMRC","AP","severe","local_self","LCVA",NA,"batch1",1001,0.151474530831099,0.170620420185638,0.268516380633388
"PHMRC","AP","severe","local_self","LCVA",NA,"batch1",1002,0.0674273858921162,0.191706803834463,0.116219242353147
"PHMRC","AP","severe","local_self","LCVA",NA,"batch1",1003,0.0504451038575668,0.167936507936508,0.0981062705518917
"PHMRC","AP","severe","local_self","LCVA",NA,"batch1",1004,0.0406905055487053,0.117709437963945,0.0652928603251103
"PHMRC","AP","severe","local_self","LCVA",NA,"batch1",1005,0.0915948275862069,0.168803333245524,0.196257382761609
"PHMRC","AP","severe","local_self","LCVA",NA,"batch1",1006,0.0108991825613079,0.0494505494505495,0.0516779564652934
"PHMRC","AP","severe","local_self","LCVA",NA,"batch1",1007,0.0340425531914894,0.0985609377850757,0.140590902364749
"PHMRC","AP","severe","local_self","LCVA",NA,"batch1",1008,0.113317757009346,0.15320035774028,0.198457560270413
"PHMRC","AP","severe","local_self","LCVA",NA,"batch1",1009,0.0148367952522255,0.0441025641025641,0.0694085224966099
"PHMRC","AP","severe","local_self","LCVA",NA,"batch1",1010,0.072289156626506,0.131110120816003,0.132885015836601
"PHMRC","AP","severe","local_self","LCVA",NA,"batch1",1011,0.100758396533044,0.164391349989424,0.168970635633298
"PHMRC","AP","severe","local_self","LCVA",NA,"batch1",1012,0.0518433179723502,0.120640229335882,0.109295273046882
"PHMRC","AP","severe","local_self","LCVA",NA,"batch1",1013,0.0389294403892944,0.0869371980676329,0.0960118013873942
"PHMRC","AP","severe","local_self","LCVA",NA,"batch1",1014,0.0335365853658537,0.129280354116955,0.0790384513526714
"PHMRC","AP","severe","local_self","LCVA",NA,"batch1",1015,0.101713062098501,0.192253128272865,0.178867103060409
"PHMRC","AP","severe","local_self","LCVA",NA,"batch1",1016,0.061652281134402,0.102744037157035,0.121142720048414
"PHMRC","AP","severe","local_self","LCVA",NA,"batch1",1017,0.028312570781427,0.140873015873016,0.0578792432837827
"PHMRC","AP","severe","local_self","LCVA",NA,"batch1",1018,0.0701248799231508,0.149654930093571,0.158623971629508
"PHMRC","AP","severe","local_self","LCVA",NA,"batch1",1019,0.0575539568345324,0.136508005569092,0.0827512842208387
"PHMRC","AP","severe","local_self","LCVA",NA,"batch1",1020,0.00292682926829268,0.0227272727272727,0.00880422081980647
"PHMRC","AP","severe","local_self","LCVA",NA,"batch1",1021,0.0112359550561798,0.0255952380952381,0.0406684601382077
"PHMRC","AP","severe","local_self","LCVA",NA,"batch1",1022,0.0197461212976023,0.0811107051516259,0.0608736895768914
"PHMRC","AP","severe","local_self","LCVA",NA,"batch1",1023,0.0465753424657534,0.109148550724638,0.077508710318468
"PHMRC","AP","severe","local_self","LCVA",NA,"batch1",1024,0.0133010882708585,0.074,0.0382368983330764
"PHMRC","AP","severe","local_self","LCVA",NA,"batch1",1025,0.0801603206412826,0.143640414933579,0.127992146609044
"PHMRC","AP","severe","local_self","LCVA",NA,"batch1",1026,0.0434782608695652,0.109696312987658,0.134954748707847
"PHMRC","AP","severe","local_self","LCVA",NA,"batch1",1027,0.0449591280653951,0.167742743190314,0.0694822888283378
"PHMRC","AP","severe","local_self","LCVA",NA,"batch1",1028,0.0416141235813367,0.126378446115288,0.089025755959741
"PHMRC","AP","severe","local_self","LCVA",NA,"batch1",1029,0.072463768115942,0.156108274849216,0.231286793474978
"PHMRC","AP","severe","local_self","LCVA",NA,"batch1",1030,0.0127118644067797,0.0458553791887125,0.0476454305911355
"PHMRC","Bohol","severe","local_self","LCVA",NA,"batch1",1001,0.0404624277456647,0.117174781237281,0.113032780638291
"PHMRC","Bohol","severe","local_self","LCVA",NA,"batch1",1002,0.04,0.111842105263158,0.0579814013856448
"PHMRC","Bohol","severe","local_self","LCVA",NA,"batch1",1003,0.0643015521064302,0.130972906403941,0.133596979335528
"PHMRC","Bohol","severe","local_self","LCVA",NA,"batch1",1004,0.0127478753541076,0.0338345864661654,0.0286557860405007
"PHMRC","Bohol","severe","local_self","LCVA",NA,"batch1",1005,0.0811808118081181,0.125527632561613,0.233733219394777
"PHMRC","Bohol","severe","local_self","LCVA",NA,"batch1",1006,0.0220264317180617,0.0210526315789474,0.0691598144479227
"PHMRC","Bohol","severe","local_self","LCVA",NA,"batch1",1007,0.119480519480519,0.107216142270862,0.242442970217211
"PHMRC","Bohol","severe","local_self","LCVA",NA,"batch1",1008,0.0248833592534992,0.0567476002258611,0.0929576697526807
"PHMRC","Bohol","severe","local_self","LCVA",NA,"batch1",1009,0.0481651376146789,0.0654545454545455,0.139829813764573
"PHMRC","Bohol","severe","local_self","LCVA",NA,"batch1",1010,0.163853028798411,0.12380033112295,0.37290061524337
"PHMRC","Bohol","severe","local_self","LCVA",NA,"batch1",1011,0.0524079320113314,0.0838831867057673,0.132941081692968
"PHMRC","Bohol","severe","local_self","LCVA",NA,"batch1",1012,0.019680196801968,0.0377050309572433,0.114190401885542
"PHMRC","Bohol","severe","local_self","LCVA",NA,"batch1",1013,0.03012912482066,0.0648489050023577,0.0823514077751687
"PHMRC","Bohol","severe","local_self","LCVA",NA,"batch1",1014,0.023598820058997,0.0861313236313236,0.0855199858980596
"PHMRC","Bohol","severe","local_self","LCVA",NA,"batch1",1015,0.0929678188319428,0.100994894098342,0.178583468844543
"PHMRC","Bohol","severe","local_self","LCVA",NA,"batch1",1016,0.0346534653465347,0.0733333333333333,0.111351811927882
"PHMRC","Bohol","severe","local_self","LCVA",NA,"batch1",1017,0.0156985871271586,0.0975378787878788,0.0459829294027548
"PHMRC","Bohol","severe","local_self","LCVA",NA,"batch1",1018,0.0758459743290548,0.126199100822487,0.189685013698257
"PHMRC","Bohol","severe","local_self","LCVA",NA,"batch1",1019,0.0361050328227571,0.139314203212183,0.152597937059939
"PHMRC","Bohol","severe","local_self","LCVA",NA,"batch1",1020,0,0,0.00907492922717656
"PHMRC","Bohol","severe","local_self","LCVA",NA,"batch1",1021,0.00332778702163062,0.0434782608695652,0.0157764118007702
"PHMRC","Bohol","severe","local_self","LCVA",NA,"batch1",1022,0.0101596516690856,0.0388888888888889,0.0216967910178739
"PHMRC","Bohol","severe","local_self","LCVA",NA,"batch1",1023,0.00739371534195933,0.0117647058823529,0.0387001240558521
"PHMRC","Bohol","severe","local_self","LCVA",NA,"batch1",1024,0.066884176182708,0.0685261707988981,0.0864211880442006
"PHMRC","Bohol","severe","local_self","LCVA",NA,"batch1",1025,0.0509708737864078,0.0637899126197671,0.107792350721061
"PHMRC","Bohol","severe","local_self","LCVA",NA,"batch1",1026,0.0102189781021898,0.0284369464013513,0.0757142393244099
"PHMRC","Bohol","severe","local_self","LCVA",NA,"batch1",1027,0.0070323488045007,0.0183150183150183,0.0409268072234621
"PHMRC","Bohol","severe","local_self","LCVA",NA,"batch1",1028,0.068421052631579,0.122368421052632,0.105665481778511
"PHMRC","Bohol","severe","local_self","LCVA",NA,"batch1",1029,0.130817610062893,0.0663673244318406,0.241194692931233
"PHMRC","Bohol","severe","local_self","LCVA",NA,"batch1",1030,0.0255255255255255,0.0267755262640173,0.106606606606607
"PHMRC","Dar","severe","local_self","LCVA",NA,"batch1",1001,0.0167064439140811,0.103666666666667,0.0611836899745538
"PHMRC","Dar","severe","local_self","LCVA",NA,"batch1",1002,0.0945529290853032,0.151087310701867,0.169699442111533
"PHMRC","Dar","severe","local_self","LCVA",NA,"batch1",1003,0.0558035714285714,0.109794433902593,0.1313005664346
"PHMRC","Dar","severe","local_self","LCVA",NA,"batch1",1004,0.0044543429844098,0.0363636363636364,0.0186762703062023
"PHMRC","Dar","severe","local_self","LCVA",NA,"batch1",1005,0.0882028665931643,0.12404228038903,0.133813715089633
"PHMRC","Dar","severe","local_self","LCVA",NA,"batch1",1006,0.0273809523809524,0.116231358005208,0.075778573147111
"PHMRC","Dar","severe","local_self","LCVA",NA,"batch1",1007,0.134736842105263,0.118799351653489,0.201410340519491
"PHMRC","Dar","severe","local_self","LCVA",NA,"batch1",1008,0.137096774193548,0.162233746466623,0.266693264500499
"PHMRC","Dar","severe","local_self","LCVA",NA,"batch1",1009,0.0145228215767635,0.0689236510492549,0.0515177987829282
"PHMRC","Dar","severe","local_self","LCVA",NA,"batch1",1010,0.121110176619008,0.134393979706803,0.153103594969718
"PHMRC","Dar","severe","local_self","LCVA",NA,"batch1",1011,0.0811594202898551,0.107876987987156,0.196574671415757
"PHMRC","Dar","severe","local_self","LCVA",NA,"batch1",1012,0.0482758620689655,0.0852659558845126,0.095691650206885
"PHMRC","Dar","severe","local_self","LCVA",NA,"batch1",1013,0.110032362459547,0.0967636738906089,0.166608987192677
"PHMRC","Dar","severe","local_self","LCVA",NA,"batch1",1014,0.0603060306030603,0.107074370319403,0.170040564913253
"PHMRC","Dar","severe","local_self","LCVA",NA,"batch1",1015,0.155670103092784,0.13271871622006,0.291310686640722
"PHMRC","Dar","severe","local_self","LCVA",NA,"batch1",1016,0.121552604698672,0.142282529940758,0.194100999220529
"PHMRC","Dar","severe","local_self","LCVA",NA,"batch1",1017,0.0176991150442478,0.0833333333333333,0.029944639912596
"PHMRC","Dar","severe","local_self","LCVA",NA,"batch1",1018,0.0531496062992126,0.076961151510983,0.136516146390658
"PHMRC","Dar","severe","local_self","LCVA",NA,"batch1",1019,0.0230769230769231,0.0644588661958389,0.0682933455617954
"PHMRC","Dar","severe","local_self","LCVA",NA,"batch1",1020,0.00174520069808028,0.0144927536231884,0.00886312936397804
"PHMRC","Dar","severe","local_self","LCVA",NA,"batch1",1021,0.0395348837209302,0.0488105004101723,0.0732607732406748
"PHMRC","Dar","severe","local_self","LCVA",NA,"batch1",1022,0.0145695364238411,0.0573333333333333,0.0551834993057434
"PHMRC","Dar","severe","local_self","LCVA",NA,"batch1",1023,0.00746268656716418,0.0554626532887402,0.026161180248754
"PHMRC","Dar","severe","local_self","LCVA",NA,"batch1",1024,0.00663716814159292,0.0357142857142857,0.0194031626989993
"PHMRC","Dar","severe","local_self","LCVA",NA,"batch1",1025,0.0975609756097561,0.116889558853845,0.16599233600448
"PHMRC","Dar","severe","local_self","LCVA",NA,"batch1",1026,0.0253521126760563,0.110869565217391,0.040650028397713
"PHMRC","Dar","severe","local_self","LCVA",NA,"batch1",1027,0.0450733752620545,0.0908902691511387,0.0587602690903671
"PHMRC","Dar","severe","local_self","LCVA",NA,"batch1",1028,0.0574712643678161,0.0743042788497334,0.0932063992059746
"PHMRC","Dar","severe","local_self","LCVA",NA,"batch1",1029,0.0780269058295964,0.1695199795045,0.145441495888571
"PHMRC","Dar","severe","local_self","LCVA",NA,"batch1",1030,0.0346441947565543,0.0527011974380395,0.0693291657871931
"PHMRC","Mexico","severe","local_self","LCVA",NA,"batch1",1001,0.0264672036823936,0.0795454545454545,0.0701990613899456
"PHMRC","Mexico","severe","local_self","LCVA",NA,"batch1",1002,0.0603448275862069,0.0942251461988304,0.166652777740226
"PHMRC","Mexico","severe","local_self","LCVA",NA,"batch1",1003,0.0804988662131519,0.117398226946021,0.127130787029515
"PHMRC","Mexico","severe","local_self","LCVA",NA,"batch1",1004,0.0147213459516299,0.0588744588744589,0.0696733255948527
"PHMRC","Mexico","severe","local_self","LCVA",NA,"batch1",1005,0.130641330166271,0.177664049226248,0.228070875086879
"PHMRC","Mexico","severe","local_self","LCVA",NA,"batch1",1006,0.0575980392156863,0.122690058479532,0.0869801761522911
"PHMRC","Mexico","severe","local_self","LCVA",NA,"batch1",1007,0.0473225404732254,0.0764433710642727,0.171478635383566
"PHMRC","Mexico","severe","local_self","LCVA",NA,"batch1",1008,0.0758082497212932,0.116219763633557,0.194990449747589
"PHMRC","Mexico","severe","local_self","LCVA",NA,"batch1",1009,0.0383771929824561,0.121727272727273,0.0939585029936536
"PHMRC","Mexico","severe","local_self","LCVA",NA,"batch1",1010,0.0687382297551789,0.116937229437229,0.113667153911585
"PHMRC","Mexico","severe","local_self","LCVA",NA,"batch1",1011,0.107338444687842,0.113016679938419,0.22050766597968
"PHMRC","Mexico","severe","local_self","LCVA",NA,"batch1",1012,0.0617154811715481,0.144395038717241,0.106508290262259
"PHMRC","Mexico","severe","local_self","LCVA",NA,"batch1",1013,0.0534883720930233,0.0847402597402597,0.133874971107908
"PHMRC","Mexico","severe","local_self","LCVA",NA,"batch1",1014,0.0692963752665245,0.107984494408087,0.116817729321343
"PHMRC","Mexico","severe","local_self","LCVA",NA,"batch1",1015,0.0647130647130647,0.116032204974513,0.160019401261622
"PHMRC","Mexico","severe","local_self","LCVA",NA,"batch1",1016,0.0409429280397022,0.0865144515029013,0.10550045592925
"PHMRC","Mexico","severe","local_self","LCVA",NA,"batch1",1017,0.0117785630153121,0.0863636363636364,0.0298329670043781
"PHMRC","Mexico","severe","local_self","LCVA",NA,"batch1",1018,0.0467185761957731,0.062507991903077,0.174747105891997
"PHMRC","Mexico","severe","local_self","LCVA",NA,"batch1",1019,0.026694045174538,0.105180124223602,0.0628585471546327
"PHMRC","Mexico","severe","local_self","LCVA",NA,"batch1",1020,0,0,0.00772946859903378
"PHMRC","Mexico","severe","local_self","LCVA",NA,"batch1",1021,0.0517799352750809,0.0976455293947711,0.0978751343473102
"PHMRC","Mexico","severe","local_self","LCVA",NA,"batch1",1022,0.0393013100436681,0.0818012675155532,0.159429209256398
"PHMRC","Mexico","severe","local_self","LCVA",NA,"batch1",1023,0.00870646766169154,0.0600738936543236,0.0739540975213508
"PHMRC","Mexico","severe","local_self","LCVA",NA,"batch1",1024,0.0111111111111111,0.0634920634920635,0.0286601613738862
"PHMRC","Mexico","severe","local_self","LCVA",NA,"batch1",1025,0.14,0.109138407265182,0.218144927058425
"PHMRC","Mexico","severe","local_self","LCVA",NA,"batch1",1026,0.0272572402044293,0.103174603174603,0.0545144804088586
"PHMRC","Mexico","severe","local_self","LCVA",NA,"batch1",1027,0.00819672131147541,0.0447845804988662,0.0574166197604875
"PHMRC","Mexico","severe","local_self","LCVA",NA,"batch1",1028,0.0256410256410256,0.126022727272727,0.131205843766046
"PHMRC","Mexico","severe","local_self","LCVA",NA,"batch1",1029,0.0351473922902494,0.0724730488906005,0.127793291574098
"PHMRC","Mexico","severe","local_self","LCVA",NA,"batch1",1030,0.0876712328767123,0.146816816816817,0.15301601904941
"PHMRC","Pemba","severe","local_self","LCVA",NA,"batch1",1001,0.0642201834862385,0.175324675324675,0.0864735246875611
"PHMRC","Pemba","severe","local_self","LCVA",NA,"batch1",1002,0.106382978723404,0.117521367521368,0.138297872340426
"PHMRC","Pemba","severe","local_self","LCVA",NA,"batch1",1003,0.0472972972972973,0.1125,0.0959288536564987
"PHMRC","Pemba","severe","local_self","LCVA",NA,"batch1",1004,0.144927536231884,0.150372208436725,0.189629793161821
"PHMRC","Pemba","severe","local_self","LCVA",NA,"batch1",1005,0.0662983425414365,0.0590277777777778,0.130842619271034
"PHMRC","Pemba","severe","local_self","LCVA",NA,"batch1",1006,0.0536912751677852,0.0888888888888889,0.0829480148805569
"PHMRC","Pemba","severe","local_self","LCVA",NA,"batch1",1007,0.180645161290323,0.220352564102564,0.232110430485798
"PHMRC","Pemba","severe","local_self","LCVA",NA,"batch1",1008,0.101910828025478,0.0909090909090909,0.21015833660398
"PHMRC","Pemba","severe","local_self","LCVA",NA,"batch1",1009,0.0522875816993464,0.0888888888888889,0.065359477124183
"PHMRC","Pemba","severe","local_self","LCVA",NA,"batch1",1010,0.11353711790393,0.167222222222222,0.150403860948685
"PHMRC","Pemba","severe","local_self","LCVA",NA,"batch1",1011,0.0792682926829268,0.119791666666667,0.120958009187754
"PHMRC","Pemba","severe","local_self","LCVA",NA,"batch1",1012,0.108695652173913,0.161111111111111,0.119402057028945
"PHMRC","Pemba","severe","local_self","LCVA",NA,"batch1",1013,0.141732283464567,0.0699095022624434,0.203790187065337
"PHMRC","Pemba","severe","local_self","LCVA",NA,"batch1",1014,0.153846153846154,0.119909688013136,0.232912661782726
"PHMRC","Pemba","severe","local_self","LCVA",NA,"batch1",1015,0.0747126436781609,0.13018018018018,0.151316826746408
"PHMRC","Pemba","severe","local_self","LCVA",NA,"batch1",1016,0.0634146341463415,0.08125,0.0962729923372412
"PHMRC","Pemba","severe","local_self","LCVA",NA,"batch1",1017,0.0265486725663717,0.1,0.0265486725663716
"PHMRC","Pemba","severe","local_self","LCVA",NA,"batch1",1018,0.118483412322275,0.182758620689655,0.156443643609339
"PHMRC","Pemba","severe","local_self","LCVA",NA,"batch1",1019,0.0164835164835165,0.0833333333333333,0.0218337802311779
"PHMRC","Pemba","severe","local_self","LCVA",NA,"batch1",1020,0,0,0.00539118345592626
"PHMRC","Pemba","severe","local_self","LCVA",NA,"batch1",1021,0.0786516853932584,0.172222222222222,0.111978294837881
"PHMRC","Pemba","severe","local_self","LCVA",NA,"batch1",1022,0.0264550264550265,0.125,0.0350206734625309
"PHMRC","Pemba","severe","local_self","LCVA",NA,"batch1",1023,0.102439024390244,0.225,0.126829268292683
"PHMRC","Pemba","severe","local_self","LCVA",NA,"batch1",1024,0.0208333333333333,0.111111111111111,0.0315219033021917
"PHMRC","Pemba","severe","local_self","LCVA",NA,"batch1",1025,0.0473684210526316,0.0979020979020979,0.101909954302591
"PHMRC","Pemba","severe","local_self","LCVA",NA,"batch1",1026,0.0460526315789474,0.035,0.0698048959011233
"PHMRC","Pemba","severe","local_self","LCVA",NA,"batch1",1027,0.0252525252525253,0.0625,0.0474019261323819
"PHMRC","Pemba","severe","local_self","LCVA",NA,"batch1",1028,0.208333333333333,0.181666666666667,0.257391745224701
"PHMRC","Pemba","severe","local_self","LCVA",NA,"batch1",1029,0.0921052631578947,0.107655502392345,0.14427316759675
"PHMRC","Pemba","severe","local_self","LCVA",NA,"batch1",1030,0,0,0.0104847173942805
"PHMRC","UP","severe","local_self","LCVA",NA,"batch1",1001,0.0125,0.0729166666666667,0.07285653257929
"PHMRC","UP","severe","local_self","LCVA",NA,"batch1",1002,0.0592841163310962,0.221319169960474,0.0840578956051898
"PHMRC","UP","severe","local_self","LCVA",NA,"batch1",1003,0.0508474576271186,0.156641598986603,0.1745113799036
"PHMRC","UP","severe","local_self","LCVA",NA,"batch1",1004,0.0973871733966746,0.138893280632411,0.115972160216561
"PHMRC","UP","severe","local_self","LCVA",NA,"batch1",1005,0.0641848523748395,0.17828719084533,0.118583808262373
"PHMRC","UP","severe","local_self","LCVA",NA,"batch1",1006,0.0649350649350649,0.117091836734694,0.120499036604619
"PHMRC","UP","severe","local_self","LCVA",NA,"batch1",1007,0.17481662591687,0.195724718871843,0.219907055635126
"PHMRC","UP","severe","local_self","LCVA",NA,"batch1",1008,0.0254491017964072,0.0820793882291209,0.105256844048905
"PHMRC","UP","severe","local_self","LCVA",NA,"batch1",1009,0.0248833592534992,0.0997474747474748,0.0631174412411754
"PHMRC","UP","severe","local_self","LCVA",NA,"batch1",1010,0.0459770114942529,0.0836142830566895,0.150501284410046
"PHMRC","UP","severe","local_self","LCVA",NA,"batch1",1011,0.109026963657679,0.163666690254036,0.172786357146894
"PHMRC","UP","severe","local_self","LCVA",NA,"batch1",1012,0.0297029702970297,0.145652173913043,0.0593608366568058
"PHMRC","UP","severe","local_self","LCVA",NA,"batch1",1013,0.0479041916167665,0.0899369149369149,0.117355421407426
"PHMRC","UP","severe","local_self","LCVA",NA,"batch1",1014,0.0727969348659004,0.126492263195079,0.135877537549742
"PHMRC","UP","severe","local_self","LCVA",NA,"batch1",1015,0.0409145607701564,0.160698644661626,0.135761305874541
"PHMRC","UP","severe","local_self","LCVA",NA,"batch1",1016,0.0296191819464034,0.147079772079772,0.067992759143594
"PHMRC","UP","severe","local_self","LCVA",NA,"batch1",1017,0.0193939393939394,0.198160535117057,0.0389479181255616
"PHMRC","UP","severe","local_self","LCVA",NA,"batch1",1018,0.0818713450292398,0.0970769352594105,0.195925800524598
"PHMRC","UP","severe","local_self","LCVA",NA,"batch1",1019,0.064367816091954,0.235940285204991,0.123397392862612
"PHMRC","UP","severe","local_self","LCVA",NA,"batch1",1020,0.00810185185185185,0.0884353741496599,0.0104166666666666
"PHMRC","UP","severe","local_self","LCVA",NA,"batch1",1021,0,0,0.0200662199336908
"PHMRC","UP","severe","local_self","LCVA",NA,"batch1",1022,0.0562770562770563,0.0803571428571429,0.0746990327295555
"PHMRC","UP","severe","local_self","LCVA",NA,"batch1",1023,0.058055152394775,0.0718450956937799,0.0824332510710984
"PHMRC","UP","severe","local_self","LCVA",NA,"batch1",1024,0.0398230088495575,0.067258064516129,0.0566043887779943
"PHMRC","UP","severe","local_self","LCVA",NA,"batch1",1025,0.149494949494949,0.148811708874256,0.251349255610861
"PHMRC","UP","severe","local_self","LCVA",NA,"batch1",1026,0.0261780104712042,0.0937600041530754,0.0957868060798968
"PHMRC","UP","severe","local_self","LCVA",NA,"batch1",1027,0.135508155583438,0.192123983739837,0.148173109002384
"PHMRC","UP","severe","local_self","LCVA",NA,"batch1",1028,0.0728083209509658,0.215703083466241,0.0993000656944971
"PHMRC","UP","severe","local_self","LCVA",NA,"batch1",1029,0.106406080347448,0.104763210645564,0.155012060612096
"PHMRC","UP","severe","local_self","LCVA",NA,"batch1",1030,0.0491228070175439,0.101656268568033,0.0760382935463467
"PHMRC","AP","severe","lcva_multi","LCVA",NA,"batch1",1001,0.308310991957105,0.291155680483096,0.461742698153231
"PHMRC","AP","severe","lcva_multi","LCVA",NA,"batch1",1002,0.319502074688797,0.251424850379252,0.423020278129156
"PHMRC","AP","severe","lcva_multi","LCVA",NA,"batch1",1003,0.258160237388724,0.264213478133141,0.3011548219699
"PHMRC","AP","severe","lcva_multi","LCVA",NA,"batch1",1004,0.18865598027127,0.20778591008381,0.297898958488951
"PHMRC","AP","severe","lcva_multi","LCVA",NA,"batch1",1005,0.413793103448276,0.340805062230879,0.528461844758956
"PHMRC","AP","severe","lcva_multi","LCVA",NA,"batch1",1006,0.412806539509537,0.29379611700407,0.308616910915605
"PHMRC","AP","severe","lcva_multi","LCVA",NA,"batch1",1007,0.373404255319149,0.323769903680037,0.471444945814265
"PHMRC","AP","severe","lcva_multi","LCVA",NA,"batch1",1008,0.339953271028037,0.270638880886646,0.451334708799611
"PHMRC","AP","severe","lcva_multi","LCVA",NA,"batch1",1009,0.402077151335312,0.296684150227202,0.33328851640238
"PHMRC","AP","severe","lcva_multi","LCVA",NA,"batch1",1010,0.338152610441767,0.334227234671461,0.596073326239679
"PHMRC","AP","severe","lcva_multi","LCVA",NA,"batch1",1011,0.343445287107259,0.311055477631151,0.43194357554342
"PHMRC","AP","severe","lcva_multi","LCVA",NA,"batch1",1012,0.387096774193548,0.306846796969316,0.446630876964341
"PHMRC","AP","severe","lcva_multi","LCVA",NA,"batch1",1013,0.386861313868613,0.256788744428108,0.356190213101872
"PHMRC","AP","severe","lcva_multi","LCVA",NA,"batch1",1014,0.389227642276423,0.322990512003377,0.486821016185518
"PHMRC","AP","severe","lcva_multi","LCVA",NA,"batch1",1015,0.292291220556745,0.319749857528754,0.424459052971695
"PHMRC","AP","severe","lcva_multi","LCVA",NA,"batch1",1016,0.36498150431566,0.295468014579209,0.378020421289706
"PHMRC","AP","severe","lcva_multi","LCVA",NA,"batch1",1017,0.391845979614949,0.314212208014955,0.408489986601964
"PHMRC","AP","severe","lcva_multi","LCVA",NA,"batch1",1018,0.316042267050913,0.3396913712025,0.495544351456109
"PHMRC","AP","severe","lcva_multi","LCVA",NA,"batch1",1019,0.357656731757451,0.319169916448558,0.452859390488358
"PHMRC","AP","severe","lcva_multi","LCVA",NA,"batch1",1020,0.343414634146341,0.280159588467264,0.388692720805799
"PHMRC","AP","severe","lcva_multi","LCVA",NA,"batch1",1021,0.292134831460674,0.266421304778515,0.38464179669651
"PHMRC","AP","severe","lcva_multi","LCVA",NA,"batch1",1022,0.392101551480959,0.353239635121706,0.348106301989637
"PHMRC","AP","severe","lcva_multi","LCVA",NA,"batch1",1023,0.293150684931507,0.266172099337638,0.330262602659675
"PHMRC","AP","severe","lcva_multi","LCVA",NA,"batch1",1024,0.399032648125756,0.3080295376733,0.38560725431235
"PHMRC","AP","severe","lcva_multi","LCVA",NA,"batch1",1025,0.312625250501002,0.300734212927465,0.506878564570733
"PHMRC","AP","severe","lcva_multi","LCVA",NA,"batch1",1026,0.280846063454759,0.250597943447035,0.36414444162509
"PHMRC","AP","severe","lcva_multi","LCVA",NA,"batch1",1027,0.361035422343324,0.334919672633277,0.401706951053784
"PHMRC","AP","severe","lcva_multi","LCVA",NA,"batch1",1028,0.324085750315258,0.32415503344583,0.331242077746124
"PHMRC","AP","severe","lcva_multi","LCVA",NA,"batch1",1029,0.274154589371981,0.299820860497093,0.395354280357637
"PHMRC","AP","severe","lcva_multi","LCVA",NA,"batch1",1030,0.404661016949153,0.297025562302501,0.415520537884937
"PHMRC","Bohol","severe","lcva_multi","LCVA",NA,"batch1",1001,0.348265895953757,0.269196346546404,0.379249837449894
"PHMRC","Bohol","severe","lcva_multi","LCVA",NA,"batch1",1002,0.310967741935484,0.225424279221699,0.402169579067476
"PHMRC","Bohol","severe","lcva_multi","LCVA",NA,"batch1",1003,0.232815964523282,0.24262890421962,0.275513511534676
"PHMRC","Bohol","severe","lcva_multi","LCVA",NA,"batch1",1004,0.318696883852691,0.249470755534059,0.308040583442884
"PHMRC","Bohol","severe","lcva_multi","LCVA",NA,"batch1",1005,0.337023370233702,0.258607402520752,0.503060240218232
"PHMRC","Bohol","severe","lcva_multi","LCVA",NA,"batch1",1006,0.286343612334802,0.260733178098579,0.250179367939549
"PHMRC","Bohol","severe","lcva_multi","LCVA",NA,"batch1",1007,0.353246753246753,0.262327418671502,0.5151936655763
"PHMRC","Bohol","severe","lcva_multi","LCVA",NA,"batch1",1008,0.233281493001555,0.23142201411457,0.338815189672493
"PHMRC","Bohol","severe","lcva_multi","LCVA",NA,"batch1",1009,0.346330275229358,0.227935645988668,0.277909144144826
"PHMRC","Bohol","severe","lcva_multi","LCVA",NA,"batch1",1010,0.33862959285005,0.31557287121267,0.736676093196936
"PHMRC","Bohol","severe","lcva_multi","LCVA",NA,"batch1",1011,0.301699716713881,0.276507436358069,0.423555086382547
"PHMRC","Bohol","severe","lcva_multi","LCVA",NA,"batch1",1012,0.346863468634686,0.302945336071501,0.512820792569184
"PHMRC","Bohol","severe","lcva_multi","LCVA",NA,"batch1",1013,0.27116212338594,0.238622165424368,0.381161849094911
"PHMRC","Bohol","severe","lcva_multi","LCVA",NA,"batch1",1014,0.246312684365782,0.283270674285428,0.347222864745211
"PHMRC","Bohol","severe","lcva_multi","LCVA",NA,"batch1",1015,0.31942789034565,0.308155031859201,0.493980791554505
"PHMRC","Bohol","severe","lcva_multi","LCVA",NA,"batch1",1016,0.376237623762376,0.274904002241626,0.338163491088625
"PHMRC","Bohol","severe","lcva_multi","LCVA",NA,"batch1",1017,0.260596546310832,0.285101215338242,0.309505571127046
"PHMRC","Bohol","severe","lcva_multi","LCVA",NA,"batch1",1018,0.320886814469078,0.252430461006247,0.4762822384293
"PHMRC","Bohol","severe","lcva_multi","LCVA",NA,"batch1",1019,0.327133479212254,0.292937199310209,0.560903841839999
"PHMRC","Bohol","severe","lcva_multi","LCVA",NA,"batch1",1020,0.29498861047836,0.214302428665764,0.456630534503171
"PHMRC","Bohol","severe","lcva_multi","LCVA",NA,"batch1",1021,0.341098169717138,0.285462777739663,0.286011774746465
"PHMRC","Bohol","severe","lcva_multi","LCVA",NA,"batch1",1022,0.362844702467344,0.236948680517738,0.328176568304353
"PHMRC","Bohol","severe","lcva_multi","LCVA",NA,"batch1",1023,0.214417744916821,0.230968018048069,0.217650011271775
"PHMRC","Bohol","severe","lcva_multi","LCVA",NA,"batch1",1024,0.292006525285481,0.263257611900886,0.299086738127685
"PHMRC","Bohol","severe","lcva_multi","LCVA",NA,"batch1",1025,0.311893203883495,0.297887780404057,0.45603055856081
"PHMRC","Bohol","severe","lcva_multi","LCVA",NA,"batch1",1026,0.291970802919708,0.248902312034221,0.333990244922031
"PHMRC","Bohol","severe","lcva_multi","LCVA",NA,"batch1",1027,0.320675105485232,0.293311090127922,0.334354954824807
"PHMRC","Bohol","severe","lcva_multi","LCVA",NA,"batch1",1028,0.285964912280702,0.270379357166538,0.281965284204847
"PHMRC","Bohol","severe","lcva_multi","LCVA",NA,"batch1",1029,0.260377358490566,0.290947275113247,0.480730397873215
"PHMRC","Bohol","severe","lcva_multi","LCVA",NA,"batch1",1030,0.33033033033033,0.25655451576513,0.384694323373401
"PHMRC","Dar","severe","lcva_multi","LCVA",NA,"batch1",1001,0.307875894988067,0.216131676782914,0.29630225717328
"PHMRC","Dar","severe","lcva_multi","LCVA",NA,"batch1",1002,0.20863309352518,0.153041406200871,0.342968205953369
"PHMRC","Dar","severe","lcva_multi","LCVA",NA,"batch1",1003,0.292410714285714,0.182499702134363,0.348940106375196
"PHMRC","Dar","severe","lcva_multi","LCVA",NA,"batch1",1004,0.265033407572383,0.215216901398404,0.238563446334781
"PHMRC","Dar","severe","lcva_multi","LCVA",NA,"batch1",1005,0.269018743109151,0.219875360189934,0.418335302390572
"PHMRC","Dar","severe","lcva_multi","LCVA",NA,"batch1",1006,0.438095238095238,0.304160210418816,0.375633688069513
"PHMRC","Dar","severe","lcva_multi","LCVA",NA,"batch1",1007,0.264210526315789,0.258780328896942,0.393440987836934
"PHMRC","Dar","severe","lcva_multi","LCVA",NA,"batch1",1008,0.327620967741935,0.297643612572779,0.477437518428441
"PHMRC","Dar","severe","lcva_multi","LCVA",NA,"batch1",1009,0.387966804979253,0.289198345318479,0.431929979575319
"PHMRC","Dar","severe","lcva_multi","LCVA",NA,"batch1",1010,0.277544154751892,0.243928997572074,0.453644291644684
"PHMRC","Dar","severe","lcva_multi","LCVA",NA,"batch1",1011,0.285024154589372,0.24857581613061,0.465682607645441
"PHMRC","Dar","severe","lcva_multi","LCVA",NA,"batch1",1012,0.318226600985222,0.233007400915225,0.406674736448172
"PHMRC","Dar","severe","lcva_multi","LCVA",NA,"batch1",1013,0.370010787486516,0.265486454724133,0.446617540509935
"PHMRC","Dar","severe","lcva_multi","LCVA",NA,"batch1",1014,0.343834383438344,0.24277396486752,0.49387130505244
"PHMRC","Dar","severe","lcva_multi","LCVA",NA,"batch1",1015,0.375257731958763,0.271755496060793,0.507966150553718
"PHMRC","Dar","severe","lcva_multi","LCVA",NA,"batch1",1016,0.348314606741573,0.27670144899974,0.459671746271629
"PHMRC","Dar","severe","lcva_multi","LCVA",NA,"batch1",1017,0.294247787610619,0.246151108836296,0.302101737438043
"PHMRC","Dar","severe","lcva_multi","LCVA",NA,"batch1",1018,0.290354330708661,0.24631238679096,0.391400080841811
"PHMRC","Dar","severe","lcva_multi","LCVA",NA,"batch1",1019,0.394871794871795,0.262322182308555,0.533903759124612
"PHMRC","Dar","severe","lcva_multi","LCVA",NA,"batch1",1020,0.246073298429319,0.215370225690226,0.372939814532841
"PHMRC","Dar","severe","lcva_multi","LCVA",NA,"batch1",1021,0.222093023255814,0.160369498815298,0.245004667478803
"PHMRC","Dar","severe","lcva_multi","LCVA",NA,"batch1",1022,0.198675496688742,0.186949344798829,0.22263347453306
"PHMRC","Dar","severe","lcva_multi","LCVA",NA,"batch1",1023,0.194029850746269,0.195259173418031,0.207538935895492
"PHMRC","Dar","severe","lcva_multi","LCVA",NA,"batch1",1024,0.334070796460177,0.251508399068407,0.315967839076894
"PHMRC","Dar","severe","lcva_multi","LCVA",NA,"batch1",1025,0.288166214995483,0.222899655655337,0.508714310309189
"PHMRC","Dar","severe","lcva_multi","LCVA",NA,"batch1",1026,0.197183098591549,0.191792349182203,0.189180309209432
"PHMRC","Dar","severe","lcva_multi","LCVA",NA,"batch1",1027,0.293501048218029,0.283754422216502,0.344130559770195
"PHMRC","Dar","severe","lcva_multi","LCVA",NA,"batch1",1028,0.192528735632184,0.189224546344812,0.222158167657043
"PHMRC","Dar","severe","lcva_multi","LCVA",NA,"batch1",1029,0.282511210762332,0.164715720508003,0.430901184061616
"PHMRC","Dar","severe","lcva_multi","LCVA",NA,"batch1",1030,0.372659176029963,0.249630727558572,0.455042436594164
"PHMRC","Mexico","severe","lcva_multi","LCVA",NA,"batch1",1001,0.265822784810127,0.217438209530177,0.369883915803718
"PHMRC","Mexico","severe","lcva_multi","LCVA",NA,"batch1",1002,0.311422413793103,0.209905087578019,0.473148447331469
"PHMRC","Mexico","severe","lcva_multi","LCVA",NA,"batch1",1003,0.315192743764172,0.247148321099594,0.407418886780162
"PHMRC","Mexico","severe","lcva_multi","LCVA",NA,"batch1",1004,0.270241850683491,0.20484839993179,0.425982105116333
"PHMRC","Mexico","severe","lcva_multi","LCVA",NA,"batch1",1005,0.207838479809976,0.240940354415624,0.450095793186385
"PHMRC","Mexico","severe","lcva_multi","LCVA",NA,"batch1",1006,0.248774509803922,0.211426672775512,0.38179969920892
"PHMRC","Mexico","severe","lcva_multi","LCVA",NA,"batch1",1007,0.222914072229141,0.17152255171949,0.395364961023407
"PHMRC","Mexico","severe","lcva_multi","LCVA",NA,"batch1",1008,0.202898550724638,0.177264962480164,0.442664247365022
"PHMRC","Mexico","severe","lcva_multi","LCVA",NA,"batch1",1009,0.283991228070175,0.165888738218493,0.406973998865373
"PHMRC","Mexico","severe","lcva_multi","LCVA",NA,"batch1",1010,0.229755178907721,0.182880135683894,0.520190227947426
"PHMRC","Mexico","severe","lcva_multi","LCVA",NA,"batch1",1011,0.231106243154436,0.199058737451818,0.482137059105985
"PHMRC","Mexico","severe","lcva_multi","LCVA",NA,"batch1",1012,0.265690376569038,0.256595897560139,0.434323439393532
"PHMRC","Mexico","severe","lcva_multi","LCVA",NA,"batch1",1013,0.317441860465116,0.209546506602097,0.413023263318664
"PHMRC","Mexico","severe","lcva_multi","LCVA",NA,"batch1",1014,0.233475479744136,0.191724606089396,0.444429320104646
"PHMRC","Mexico","severe","lcva_multi","LCVA",NA,"batch1",1015,0.208791208791209,0.182843858300036,0.394650778599238
"PHMRC","Mexico","severe","lcva_multi","LCVA",NA,"batch1",1016,0.229528535980149,0.174311216331025,0.33587196168144
"PHMRC","Mexico","severe","lcva_multi","LCVA",NA,"batch1",1017,0.282685512367491,0.216308033887457,0.316890288341994
"PHMRC","Mexico","severe","lcva_multi","LCVA",NA,"batch1",1018,0.225806451612903,0.176498277064694,0.469564306044262
"PHMRC","Mexico","severe","lcva_multi","LCVA",NA,"batch1",1019,0.204312114989733,0.162573940195279,0.394579289422567
"PHMRC","Mexico","severe","lcva_multi","LCVA",NA,"batch1",1020,0.260869565217391,0.178799097643094,0.379245615988156
"PHMRC","Mexico","severe","lcva_multi","LCVA",NA,"batch1",1021,0.251348435814455,0.22354235778216,0.357961174906556
"PHMRC","Mexico","severe","lcva_multi","LCVA",NA,"batch1",1022,0.250363901018923,0.159270288353715,0.347451147907916
"PHMRC","Mexico","severe","lcva_multi","LCVA",NA,"batch1",1023,0.242537313432836,0.129126932613627,0.356751887131649
"PHMRC","Mexico","severe","lcva_multi","LCVA",NA,"batch1",1024,0.262222222222222,0.179521958648959,0.32794074362554
"PHMRC","Mexico","severe","lcva_multi","LCVA",NA,"batch1",1025,0.241052631578947,0.185685979699175,0.453235378306498
"PHMRC","Mexico","severe","lcva_multi","LCVA",NA,"batch1",1026,0.293015332197615,0.165896685103269,0.202129322699053
"PHMRC","Mexico","severe","lcva_multi","LCVA",NA,"batch1",1027,0.275175644028103,0.199792679547077,0.343178089593049
"PHMRC","Mexico","severe","lcva_multi","LCVA",NA,"batch1",1028,0.138176638176638,0.159845684412885,0.25709432649211
"PHMRC","Mexico","severe","lcva_multi","LCVA",NA,"batch1",1029,0.257369614512472,0.171187457795656,0.377039202009988
"PHMRC","Mexico","severe","lcva_multi","LCVA",NA,"batch1",1030,0.278538812785388,0.219073827091498,0.589084412586553
"PHMRC","Pemba","severe","lcva_multi","LCVA",NA,"batch1",1001,0.472477064220183,0.513014902482752,0.498589117106052
"PHMRC","Pemba","severe","lcva_multi","LCVA",NA,"batch1",1002,0.531914893617021,0.468424280041738,0.474520389381861
"PHMRC","Pemba","severe","lcva_multi","LCVA",NA,"batch1",1003,0.337837837837838,0.43736522356548,0.274275940008013
"PHMRC","Pemba","severe","lcva_multi","LCVA",NA,"batch1",1004,0.444444444444444,0.498566492908504,0.530599265761018
"PHMRC","Pemba","severe","lcva_multi","LCVA",NA,"batch1",1005,0.486187845303867,0.349043401579633,0.412297706644634
"PHMRC","Pemba","severe","lcva_multi","LCVA",NA,"batch1",1006,0.328859060402685,0.286759866862563,0.320131151812834
"PHMRC","Pemba","severe","lcva_multi","LCVA",NA,"batch1",1007,0.490322580645161,0.418184885290148,0.521592786049655
"PHMRC","Pemba","severe","lcva_multi","LCVA",NA,"batch1",1008,0.414012738853503,0.317142438881569,0.394631699492908
"PHMRC","Pemba","severe","lcva_multi","LCVA",NA,"batch1",1009,0.366013071895425,0.452058225614066,0.252416653721951
"PHMRC","Pemba","severe","lcva_multi","LCVA",NA,"batch1",1010,0.48471615720524,0.462119880185378,0.538532716933582
"PHMRC","Pemba","severe","lcva_multi","LCVA",NA,"batch1",1011,0.475609756097561,0.423702906172418,0.409556080073874
"PHMRC","Pemba","severe","lcva_multi","LCVA",NA,"batch1",1012,0.402173913043478,0.468203961801523,0.427454372439902
"PHMRC","Pemba","severe","lcva_multi","LCVA",NA,"batch1",1013,0.409448818897638,0.369055764895076,0.366877692058426
"PHMRC","Pemba","severe","lcva_multi","LCVA",NA,"batch1",1014,0.413461538461538,0.372478491653355,0.492982238986474
"PHMRC","Pemba","severe","lcva_multi","LCVA",NA,"batch1",1015,0.488505747126437,0.468533733207646,0.496437968525789
"PHMRC","Pemba","severe","lcva_multi","LCVA",NA,"batch1",1016,0.492682926829268,0.404477068507389,0.480452709972844
"PHMRC","Pemba","severe","lcva_multi","LCVA",NA,"batch1",1017,0.353982300884956,0.338507983244825,0.177387880506032
"PHMRC","Pemba","severe","lcva_multi","LCVA",NA,"batch1",1018,0.421800947867299,0.392325676697418,0.470199917332529
"PHMRC","Pemba","severe","lcva_multi","LCVA",NA,"batch1",1019,0.445054945054945,0.450590003126235,0.382740218570756
"PHMRC","Pemba","severe","lcva_multi","LCVA",NA,"batch1",1020,0.486363636363636,0.403445046704009,0.499686713549877
"PHMRC","Pemba","severe","lcva_multi","LCVA",NA,"batch1",1021,0.51685393258427,0.451466528640442,0.419368768536032
"PHMRC","Pemba","severe","lcva_multi","LCVA",NA,"batch1",1022,0.380952380952381,0.488314436003781,0.337450708259579
"PHMRC","Pemba","severe","lcva_multi","LCVA",NA,"batch1",1023,0.44390243902439,0.585519134943843,0.411391226409549
"PHMRC","Pemba","severe","lcva_multi","LCVA",NA,"batch1",1024,0.385416666666667,0.328040310115062,0.322154115547997
"PHMRC","Pemba","severe","lcva_multi","LCVA",NA,"batch1",1025,0.384210526315789,0.430189160958392,0.410872765460068
"PHMRC","Pemba","severe","lcva_multi","LCVA",NA,"batch1",1026,0.401315789473684,0.42119708994709,0.291140017714996
"PHMRC","Pemba","severe","lcva_multi","LCVA",NA,"batch1",1027,0.363636363636364,0.397454868318434,0.375584413572603
"PHMRC","Pemba","severe","lcva_multi","LCVA",NA,"batch1",1028,0.7,0.482108036890646,0.408777165526896
"PHMRC","Pemba","severe","lcva_multi","LCVA",NA,"batch1",1029,0.348684210526316,0.443263134172225,0.328302815527691
"PHMRC","Pemba","severe","lcva_multi","LCVA",NA,"batch1",1030,0.427835051546392,0.276381202687225,0.334475888574401
"PHMRC","UP","severe","lcva_multi","LCVA",NA,"batch1",1001,0.515277777777778,0.354492144659768,0.413205143476673
"PHMRC","UP","severe","lcva_multi","LCVA",NA,"batch1",1002,0.434004474272931,0.361514022255366,0.498284245287417
"PHMRC","UP","severe","lcva_multi","LCVA",NA,"batch1",1003,0.308996088657106,0.321037403178135,0.386586479297569
"PHMRC","UP","severe","lcva_multi","LCVA",NA,"batch1",1004,0.412114014251781,0.426864293310663,0.380974161147874
"PHMRC","UP","severe","lcva_multi","LCVA",NA,"batch1",1005,0.459563543003851,0.39080545408304,0.443124675526884
"PHMRC","UP","severe","lcva_multi","LCVA",NA,"batch1",1006,0.300324675324675,0.312472867397284,0.28045821391976
"PHMRC","UP","severe","lcva_multi","LCVA",NA,"batch1",1007,0.32640586797066,0.322537749506575,0.413761391417821
"PHMRC","UP","severe","lcva_multi","LCVA",NA,"batch1",1008,0.344311377245509,0.333667649968152,0.398033573393795
"PHMRC","UP","severe","lcva_multi","LCVA",NA,"batch1",1009,0.312597200622084,0.327786652747357,0.294852706259798
"PHMRC","UP","severe","lcva_multi","LCVA",NA,"batch1",1010,0.394341290893015,0.407023869086606,0.651561988184452
"PHMRC","UP","severe","lcva_multi","LCVA",NA,"batch1",1011,0.267291910902696,0.347340315902049,0.425169410533407
"PHMRC","UP","severe","lcva_multi","LCVA",NA,"batch1",1012,0.454207920792079,0.419950024273248,0.416978853312647
"PHMRC","UP","severe","lcva_multi","LCVA",NA,"batch1",1013,0.336826347305389,0.348061682245793,0.368417821736496
"PHMRC","UP","severe","lcva_multi","LCVA",NA,"batch1",1014,0.27330779054917,0.338900347849675,0.412348786652024
"PHMRC","UP","severe","lcva_multi","LCVA",NA,"batch1",1015,0.34777376654633,0.328193325247602,0.453653340771532
"PHMRC","UP","severe","lcva_multi","LCVA",NA,"batch1",1016,0.418899858956276,0.365164254627627,0.338950959145177
"PHMRC","UP","severe","lcva_multi","LCVA",NA,"batch1",1017,0.380606060606061,0.410083266140833,0.407994605496287
"PHMRC","UP","severe","lcva_multi","LCVA",NA,"batch1",1018,0.362573099415205,0.312294714948366,0.493887037716431
"PHMRC","UP","severe","lcva_multi","LCVA",NA,"batch1",1019,0.310344827586207,0.372346724180017,0.430954633999652
"PHMRC","UP","severe","lcva_multi","LCVA",NA,"batch1",1020,0.446759259259259,0.415214424795002,0.47510913086472
"PHMRC","UP","severe","lcva_multi","LCVA",NA,"batch1",1021,0.477521263669502,0.375706196453162,0.432910995302464
"PHMRC","UP","severe","lcva_multi","LCVA",NA,"batch1",1022,0.506493506493506,0.354005829919861,0.353842541029795
"PHMRC","UP","severe","lcva_multi","LCVA",NA,"batch1",1023,0.387518142235123,0.325222158344913,0.333933718436563
"PHMRC","UP","severe","lcva_multi","LCVA",NA,"batch1",1024,0.330383480825959,0.30509047886064,0.306760380505477
"PHMRC","UP","severe","lcva_multi","LCVA",NA,"batch1",1025,0.329292929292929,0.378358365827815,0.505935940076737
"PHMRC","UP","severe","lcva_multi","LCVA",NA,"batch1",1026,0.458115183246073,0.420334631040341,0.397351428417601
"PHMRC","UP","severe","lcva_multi","LCVA",NA,"batch1",1027,0.411543287327478,0.305235185420537,0.383577541068802
"PHMRC","UP","severe","lcva_multi","LCVA",NA,"batch1",1028,0.325408618127786,0.408527899000344,0.312813473522097
"PHMRC","UP","severe","lcva_multi","LCVA",NA,"batch1",1029,0.332247557003257,0.328539565497931,0.457697297646339
"PHMRC","UP","severe","lcva_multi","LCVA",NA,"batch1",1030,0.378947368421053,0.348694190858485,0.426915825773308
