"dataset","method","frac","sampler","batch","seed","top1_acc","balanced_acc","csmf_acc"
"CHAMPS","bfl_base",0,"gibbs_dir","batch8",8001,0.633663366336634,0.243872253167836,0.777779319080018
"CHAMPS","bfl_base",0,"gibbs_dir","batch8",8002,0.633663366336634,0.243872253167836,0.777875888368882
"CHAMPS","bfl_base",0,"gibbs_dir","batch8",8003,0.633663366336634,0.243872253167836,0.777362751631937
"CHAMPS","bfl_base",0,"gibbs_dir","batch8",8004,0.633663366336634,0.243872253167836,0.777657335447357
"CHAMPS","bfl_base",0,"gibbs_dir","batch8",8005,0.633663366336634,0.243872253167836,0.777614339020391
"CHAMPS","bfl_base",0,"gibbs_dir","batch8",8006,0.633663366336634,0.243872253167836,0.777836638822017
"CHAMPS","bfl_base",0,"gibbs_dir","batch8",8007,0.633663366336634,0.243872253167836,0.778041929102548
"CHAMPS","bfl_base",0,"gibbs_dir","batch8",8008,0.633663366336634,0.243872253167836,0.778504463413971
"CHAMPS","bfl_base",0,"gibbs_dir","batch8",8009,0.633663366336634,0.243872253167836,0.778682885345291
"CHAMPS","bfl_base",0,"gibbs_dir","batch8",8010,0.633663366336634,0.243872253167836,0.77872707294598
"CHAMPS","bfl_base",0,"gibbs_dir","batch8",8011,0.633663366336634,0.243872253167836,0.778764766035892
"CHAMPS","bfl_base",0,"gibbs_dir","batch8",8012,0.633663366336634,0.243872253167836,0.778366949245004
"CHAMPS","bfl_base",0,"gibbs_dir","batch8",8013,0.633663366336634,0.243872253167836,0.778373331535151
"CHAMPS","bfl_base",0,"gibbs_dir","batch8",8014,0.633663366336634,0.243872253167836,0.778326355685667
"CHAMPS","bfl_base",0,"gibbs_dir","batch8",8015,0.633663366336634,0.243872253167836,0.7784129120853
"CHAMPS","bfl_base",0,"gibbs_dir","batch8",8016,0.633663366336634,0.243872253167836,0.778530543791506
"CHAMPS","bfl_base",0,"gibbs_dir","batch8",8017,0.633663366336634,0.243872253167836,0.778352909768605
"CHAMPS","bfl_base",0,"gibbs_dir","batch8",8018,0.633663366336634,0.243872253167836,0.778434421965522
"CHAMPS","bfl_base",0,"gibbs_dir","batch8",8019,0.633663366336634,0.243872253167836,0.778463340245183
"CHAMPS","bfl_base",0,"gibbs_dir","batch8",8020,0.633663366336634,0.243872253167836,0.778412582914056
"CHAMPS","bfl_base",0,"gibbs_dir","batch8",8021,0.633663366336634,0.243872253167836,0.778490898656947
"CHAMPS","bfl_base",0,"gibbs_dir","batch8",8022,0.633663366336634,0.243872253167836,0.778340321525232
"CHAMPS","bfl_base",0,"gibbs_dir","batch8",8023,0.633663366336634,0.243872253167836,0.778305661435461
"CHAMPS","bfl_base",0,"gibbs_dir","batch8",8024,0.633663366336634,0.243872253167836,0.778293728381114
"CHAMPS","bfl_base",0,"gibbs_dir","batch8",8025,0.633663366336634,0.243872253167836,0.778220707610541
"CHAMPS","bfl_base",0,"gibbs_dir","batch8",8026,0.633663366336634,0.243872253167836,0.778185157253066
"CHAMPS","bfl_base",0,"gibbs_dir","batch8",8027,0.633663366336634,0.243872253167836,0.778214880940598
"CHAMPS","bfl_base",0,"gibbs_dir","batch8",8028,0.633663366336634,0.243872253167836,0.778409847116622
"CHAMPS","bfl_base",0,"gibbs_dir","batch8",8029,0.633663366336634,0.243872253167836,0.778125725378788
"CHAMPS","bfl_base",0,"gibbs_dir","batch8",8030,0.633663366336634,0.243872253167836,0.778200396410516
"CHAMPS","bfl_base",0,"gibbs_dir","batch8",8031,0.633663366336634,0.243872253167836,0.77814810175901
"CHAMPS","bfl_base",0,"gibbs_dir","batch8",8032,0.633663366336634,0.243872253167836,0.778015416133794
"CHAMPS","bfl_base",0,"gibbs_dir","batch8",8033,0.633663366336634,0.243872253167836,0.778173624450861
"CHAMPS","bfl_base",0,"gibbs_dir","batch8",8034,0.633663366336634,0.243872253167836,0.778160097350062
"CHAMPS","bfl_base",0,"gibbs_dir","batch8",8035,0.633663366336634,0.243872253167836,0.77861504225388
"CHAMPS","bfl_base",0,"gibbs_dir","batch8",8036,0.633663366336634,0.243872253167836,0.778349091410025
"CHAMPS","bfl_base",0,"gibbs_dir","batch8",8037,0.633663366336634,0.243872253167836,0.778278014742257
"CHAMPS","bfl_base",0,"gibbs_dir","batch8",8038,0.633663366336634,0.243872253167836,0.778358050243181
"CHAMPS","bfl_base",0,"gibbs_dir","batch8",8039,0.633663366336634,0.243872253167836,0.777473006944126
"CHAMPS","bfl_base",0,"gibbs_dir","batch8",8040,0.633663366336634,0.243872253167836,0.777652439798473
"CHAMPS","bfl_base",0,"gibbs_dir","batch8",8041,0.633663366336634,0.243872253167836,0.778125041081042
"CHAMPS","bfl_base",0,"gibbs_dir","batch8",8042,0.633663366336634,0.243872253167836,0.777997477367042
"CHAMPS","bfl_base",0,"gibbs_dir","batch8",8043,0.633663366336634,0.243872253167836,0.778428990282242
"CHAMPS","bfl_base",0,"gibbs_dir","batch8",8044,0.633663366336634,0.243872253167836,0.778652797325096
"CHAMPS","bfl_base",0,"gibbs_dir","batch8",8045,0.633663366336634,0.243872253167836,0.778451576768647
"CHAMPS","bfl_base",0,"gibbs_dir","batch8",8046,0.633663366336634,0.243872253167836,0.77816953998027
"CHAMPS","bfl_base",0,"gibbs_dir","batch8",8047,0.633663366336634,0.243872253167836,0.778067399268009
"CHAMPS","bfl_base",0,"gibbs_dir","batch8",8048,0.633663366336634,0.243872253167836,0.778739662897234
"CHAMPS","bfl_base",0,"gibbs_dir","batch8",8049,0.633663366336634,0.243872253167836,0.778774889475499
"CHAMPS","bfl_base",0,"gibbs_dir","batch8",8050,0.633663366336634,0.243872253167836,0.778914083121134
"CHAMPS","bfl_base",0,"gibbs_dir","batch8",8051,0.633663366336634,0.243872253167836,0.778549597138121
"CHAMPS","bfl_base",0,"gibbs_dir","batch8",8052,0.633663366336634,0.243872253167836,0.777786396151794
"CHAMPS","bfl_base",0,"gibbs_dir","batch8",8053,0.633663366336634,0.243872253167836,0.777690078287927
"CHAMPS","bfl_base",0,"gibbs_dir","batch8",8054,0.633663366336634,0.243872253167836,0.777877988261364
"CHAMPS","bfl_base",0,"gibbs_dir","batch8",8055,0.633663366336634,0.243872253167836,0.778284675524602
"CHAMPS","bfl_base",0,"gibbs_dir","batch8",8056,0.633663366336634,0.243872253167836,0.778366069745046
"CHAMPS","bfl_base",0,"gibbs_dir","batch8",8057,0.633663366336634,0.243872253167836,0.778263969674273
"CHAMPS","bfl_base",0,"gibbs_dir","batch8",8058,0.633663366336634,0.243872253167836,0.778188288712315
"CHAMPS","bfl_base",0,"gibbs_dir","batch8",8059,0.633663366336634,0.243872253167836,0.778253419974776
"CHAMPS","bfl_base",0,"gibbs_dir","batch8",8060,0.633663366336634,0.243872253167836,0.778137898032576
"CHAMPS","bfl_base",0,"gibbs_dir","batch8",8061,0.633663366336634,0.243872253167836,0.778252581961055
"CHAMPS","bfl_base",0,"gibbs_dir","batch8",8062,0.633663366336634,0.243872253167836,0.778115402405292
"CHAMPS","bfl_base",0,"gibbs_dir","batch8",8063,0.633663366336634,0.243872253167836,0.778111138654099
"CHAMPS","bfl_base",0,"gibbs_dir","batch8",8064,0.633663366336634,0.243872253167836,0.778346946844966
"CHAMPS","bfl_base",0,"gibbs_dir","batch8",8065,0.633663366336634,0.243872253167836,0.778374815664273
"CHAMPS","bfl_base",0,"gibbs_dir","batch8",8066,0.633663366336634,0.243872253167836,0.778592880043572
"CHAMPS","bfl_base",0,"gibbs_dir","batch8",8067,0.633663366336634,0.243872253167836,0.778532861566128
"CHAMPS","bfl_base",0,"gibbs_dir","batch8",8068,0.633663366336634,0.243872253167836,0.778196217060258
"CHAMPS","bfl_base",0,"gibbs_dir","batch8",8069,0.633663366336634,0.243872253167836,0.778083749823536
"CHAMPS","bfl_base",0,"gibbs_dir","batch8",8070,0.633663366336634,0.243872253167836,0.778125642825833
"CHAMPS","bfl_base",0,"gibbs_dir","batch8",8071,0.633663366336634,0.243872253167836,0.778221899529682
"CHAMPS","bfl_base",0,"gibbs_dir","batch8",8072,0.633663366336634,0.243872253167836,0.778142470360773
"CHAMPS","bfl_base",0,"gibbs_dir","batch8",8073,0.633663366336634,0.243872253167836,0.778320048418564
"CHAMPS","bfl_base",0,"gibbs_dir","batch8",8074,0.633663366336634,0.243872253167836,0.778378253583399
"CHAMPS","bfl_base",0,"gibbs_dir","batch8",8075,0.633663366336634,0.243872253167836,0.778342229447627
"CHAMPS","bfl_base",0,"gibbs_dir","batch8",8076,0.633663366336634,0.243872253167836,0.778613496894181
"CHAMPS","bfl_base",0,"gibbs_dir","batch8",8077,0.633663366336634,0.243872253167836,0.778259058936124
"CHAMPS","bfl_base",0,"gibbs_dir","batch8",8078,0.633663366336634,0.243872253167836,0.778225254710989
"CHAMPS","bfl_base",0,"gibbs_dir","batch8",8079,0.633663366336634,0.243872253167836,0.778251011620711
"CHAMPS","bfl_base",0,"gibbs_dir","batch8",8080,0.633663366336634,0.243872253167836,0.778225061701991
"CHAMPS","bfl_base",0,"gibbs_dir","batch8",8081,0.633663366336634,0.243872253167836,0.778277729814941
"CHAMPS","bfl_base",0,"gibbs_dir","batch8",8082,0.633663366336634,0.243872253167836,0.778439105427926
"CHAMPS","bfl_base",0,"gibbs_dir","batch8",8083,0.633663366336634,0.243872253167836,0.778374537080521
"CHAMPS","bfl_base",0,"gibbs_dir","batch8",8084,0.633663366336634,0.243872253167836,0.778112435935509
"CHAMPS","bfl_base",0,"gibbs_dir","batch8",8085,0.633663366336634,0.243872253167836,0.778554649747385
"CHAMPS","bfl_base",0,"gibbs_dir","batch8",8086,0.633663366336634,0.243872253167836,0.77829552539345
"CHAMPS","bfl_base",0,"gibbs_dir","batch8",8087,0.633663366336634,0.243872253167836,0.778493939368008
"CHAMPS","bfl_base",0,"gibbs_dir","batch8",8088,0.633663366336634,0.243872253167836,0.778925873839805
"CHAMPS","bfl_base",0,"gibbs_dir","batch8",8089,0.633663366336634,0.243872253167836,0.77877311013238
"CHAMPS","bfl_base",0,"gibbs_dir","batch8",8090,0.633663366336634,0.243872253167836,0.778888390083147
"CHAMPS","bfl_base",0,"gibbs_dir","batch8",8091,0.633663366336634,0.243872253167836,0.77888051317329
"CHAMPS","bfl_base",0,"gibbs_dir","batch8",8092,0.633663366336634,0.243872253167836,0.778640468414346
"CHAMPS","bfl_base",0,"gibbs_dir","batch8",8093,0.633663366336634,0.243872253167836,0.778325220960718
"CHAMPS","bfl_base",0,"gibbs_dir","batch8",8094,0.633663366336634,0.243872253167836,0.778637267607024
"CHAMPS","bfl_base",0,"gibbs_dir","batch8",8095,0.633663366336634,0.243872253167836,0.778604799373628
"CHAMPS","bfl_base",0,"gibbs_dir","batch8",8096,0.633663366336634,0.243872253167836,0.778668962367478
"CHAMPS","bfl_base",0,"gibbs_dir","batch8",8097,0.633663366336634,0.243872253167836,0.778884708751879
"CHAMPS","bfl_base",0,"gibbs_dir","batch8",8098,0.633663366336634,0.243872253167836,0.778100576011854
"CHAMPS","bfl_base",0,"gibbs_dir","batch8",8099,0.633663366336634,0.243872253167836,0.77815681280669
"CHAMPS","bfl_base",0,"gibbs_dir","batch8",8100,0.633663366336634,0.243872253167836,0.778082948455618
"CHAMPS","bfl_base",0,"gibbs_dir","batch8",8101,0.633663366336634,0.243872253167836,0.777988543058374
"CHAMPS","bfl_base",0,"gibbs_dir","batch8",8102,0.633663366336634,0.243872253167836,0.778416084551409
"CHAMPS","bfl_base",0,"gibbs_dir","batch8",8103,0.633663366336634,0.243872253167836,0.778168888060559
"CHAMPS","bfl_base",0,"gibbs_dir","batch8",8104,0.633663366336634,0.243872253167836,0.778230360090182
"CHAMPS","bfl_base",0,"gibbs_dir","batch8",8105,0.633663366336634,0.243872253167836,0.778208009297665
"CHAMPS","bfl_base",0,"gibbs_dir","batch8",8106,0.633663366336634,0.243872253167836,0.778332590717593
"CHAMPS","bfl_base",0,"gibbs_dir","batch8",8107,0.633663366336634,0.243872253167836,0.77858866907275
"CHAMPS","bfl_base",0,"gibbs_dir","batch8",8108,0.633663366336634,0.243872253167836,0.778236440745789
"CHAMPS","bfl_base",0,"gibbs_dir","batch8",8109,0.633663366336634,0.243872253167836,0.778727471176124
"CHAMPS","bfl_base",0,"gibbs_dir","batch8",8110,0.633663366336634,0.243872253167836,0.778453709831594
"CHAMPS","bfl_base",0,"gibbs_dir","batch8",8111,0.633663366336634,0.243872253167836,0.778072056675386
"CHAMPS","bfl_base",0,"gibbs_dir","batch8",8112,0.633663366336634,0.243872253167836,0.778455702215287
"CHAMPS","bfl_base",0,"gibbs_dir","batch8",8113,0.633663366336634,0.243872253167836,0.778075109012711
"CHAMPS","bfl_base",0,"gibbs_dir","batch8",8114,0.633663366336634,0.243872253167836,0.778114439488701
"CHAMPS","bfl_base",0,"gibbs_dir","batch8",8115,0.633663366336634,0.243872253167836,0.778509615790196
"CHAMPS","bfl_base",0,"gibbs_dir","batch8",8116,0.633663366336634,0.243872253167836,0.778128680323289
"CHAMPS","bfl_base",0,"gibbs_dir","batch8",8117,0.633663366336634,0.243872253167836,0.77806870499153
"CHAMPS","bfl_base",0,"gibbs_dir","batch8",8118,0.633663366336634,0.243872253167836,0.778292232347166
"CHAMPS","bfl_base",0,"gibbs_dir","batch8",8119,0.633663366336634,0.243872253167836,0.778357761578903
"CHAMPS","bfl_base",0,"gibbs_dir","batch8",8120,0.633663366336634,0.243872253167836,0.778720713277242
"CHAMPS","bfl_base",0,"gibbs_dir","batch8",8121,0.633663366336634,0.243872253167836,0.778925273914753
"CHAMPS","bfl_base",0,"gibbs_dir","batch8",8122,0.633663366336634,0.243872253167836,0.778935379446604
"CHAMPS","bfl_base",0,"gibbs_dir","batch8",8123,0.633663366336634,0.243872253167836,0.778961212208488
"CHAMPS","bfl_base",0,"gibbs_dir","batch8",8124,0.633663366336634,0.243872253167836,0.77870167242463
"CHAMPS","bfl_base",0,"gibbs_dir","batch8",8125,0.633663366336634,0.243872253167836,0.778495697311745
"CHAMPS","bfl_base",0,"gibbs_dir","batch8",8126,0.633663366336634,0.243872253167836,0.778470339857458
"CHAMPS","bfl_base",0,"gibbs_dir","batch8",8127,0.633663366336634,0.243872253167836,0.778266158385733
"CHAMPS","bfl_base",0,"gibbs_dir","batch8",8128,0.633663366336634,0.243872253167836,0.778666036634562
"CHAMPS","bfl_base",0,"gibbs_dir","batch8",8129,0.633663366336634,0.243872253167836,0.778322326967626
"CHAMPS","bfl_base",0,"gibbs_dir","batch8",8130,0.633663366336634,0.243872253167836,0.778351170039271
"CHAMPS","bfl_base",0,"gibbs_dir","batch8",8131,0.633663366336634,0.243872253167836,0.778019491407064
"CHAMPS","bfl_base",0,"gibbs_dir","batch8",8132,0.633663366336634,0.243872253167836,0.77773547109649
"CHAMPS","bfl_base",0,"gibbs_dir","batch8",8133,0.633663366336634,0.243872253167836,0.778073541563952
"CHAMPS","bfl_base",0,"gibbs_dir","batch8",8134,0.633663366336634,0.243872253167836,0.777939089678793
"CHAMPS","bfl_base",0,"gibbs_dir","batch8",8135,0.633663366336634,0.243872253167836,0.77840746374767
"CHAMPS","bfl_base",0,"gibbs_dir","batch8",8136,0.633663366336634,0.243872253167836,0.778341081685259
"CHAMPS","bfl_base",0,"gibbs_dir","batch8",8137,0.633663366336634,0.243872253167836,0.778507145433031
"CHAMPS","bfl_base",0,"gibbs_dir","batch8",8138,0.633663366336634,0.243872253167836,0.778282206663752
"CHAMPS","bfl_base",0,"gibbs_dir","batch8",8139,0.633663366336634,0.243872253167836,0.77777288715534
"CHAMPS","bfl_base",0,"gibbs_dir","batch8",8140,0.633663366336634,0.243872253167836,0.778131558734748
"CHAMPS","bfl_base",0,"gibbs_dir","batch8",8141,0.633663366336634,0.243872253167836,0.777899705267009
"CHAMPS","bfl_base",0,"gibbs_dir","batch8",8142,0.633663366336634,0.243872253167836,0.777761015886111
"CHAMPS","bfl_base",0,"gibbs_dir","batch8",8143,0.633663366336634,0.243872253167836,0.777823857210578
"CHAMPS","bfl_base",0,"gibbs_dir","batch8",8144,0.633663366336634,0.243872253167836,0.777897026270119
"CHAMPS","bfl_base",0,"gibbs_dir","batch8",8145,0.633663366336634,0.243872253167836,0.778242823441475
"CHAMPS","bfl_base",0,"gibbs_dir","batch8",8146,0.633663366336634,0.243872253167836,0.778610500317753
"CHAMPS","bfl_base",0,"gibbs_dir","batch8",8147,0.633663366336634,0.243872253167836,0.778548645414732
"CHAMPS","bfl_base",0,"gibbs_dir","batch8",8148,0.633663366336634,0.243872253167836,0.777952958413627
"CHAMPS","bfl_base",0,"gibbs_dir","batch8",8149,0.633663366336634,0.243872253167836,0.777639951248099
"CHAMPS","bfl_base",0,"gibbs_dir","batch8",8150,0.633663366336634,0.243872253167836,0.777630687739685
"CHAMPS","bfl_base",0,"gibbs_dir","batch8",8151,0.633663366336634,0.243872253167836,0.778205579969867
"CHAMPS","bfl_base",0,"gibbs_dir","batch8",8152,0.633663366336634,0.243872253167836,0.778266218305703
"CHAMPS","bfl_base",0,"gibbs_dir","batch8",8153,0.633663366336634,0.243872253167836,0.778328334754845
"CHAMPS","bfl_base",0,"gibbs_dir","batch8",8154,0.633663366336634,0.243872253167836,0.777850516005108
"CHAMPS","bfl_base",0,"gibbs_dir","batch8",8155,0.633663366336634,0.243872253167836,0.777673101848785
"CHAMPS","bfl_base",0,"gibbs_dir","batch8",8156,0.633663366336634,0.243872253167836,0.778035098918164
"CHAMPS","bfl_base",0,"gibbs_dir","batch8",8157,0.633663366336634,0.243872253167836,0.778147059824536
"CHAMPS","bfl_base",0,"gibbs_dir","batch8",8158,0.633663366336634,0.243872253167836,0.778513886171129
"CHAMPS","bfl_base",0,"gibbs_dir","batch8",8159,0.633663366336634,0.243872253167836,0.778062307871943
"CHAMPS","bfl_base",0,"gibbs_dir","batch8",8160,0.633663366336634,0.243872253167836,0.777528723451876
"CHAMPS","bfl_base",0,"gibbs_dir","batch8",8161,0.633663366336634,0.243872253167836,0.777484331120679
"CHAMPS","bfl_base",0,"gibbs_dir","batch8",8162,0.633663366336634,0.243872253167836,0.777454463622447
"CHAMPS","bfl_base",0,"gibbs_dir","batch8",8163,0.633663366336634,0.243872253167836,0.777921800131151
"CHAMPS","bfl_base",0,"gibbs_dir","batch8",8164,0.633663366336634,0.243872253167836,0.778402766820494
"CHAMPS","bfl_base",0,"gibbs_dir","batch8",8165,0.633663366336634,0.243872253167836,0.778238211322233
"CHAMPS","bfl_base",0,"gibbs_dir","batch8",8166,0.633663366336634,0.243872253167836,0.778096280093016
"CHAMPS","bfl_base",0,"gibbs_dir","batch8",8167,0.633663366336634,0.243872253167836,0.777784112072861
"CHAMPS","bfl_base",0,"gibbs_dir","batch8",8168,0.633663366336634,0.243872253167836,0.777643978021254
"CHAMPS","bfl_base",0,"gibbs_dir","batch8",8169,0.633663366336634,0.243872253167836,0.777730921830341
"CHAMPS","bfl_base",0,"gibbs_dir","batch8",8170,0.633663366336634,0.243872253167836,0.778209657633039
"CHAMPS","bfl_base",0,"gibbs_dir","batch8",8171,0.633663366336634,0.243872253167836,0.778397174746768
"CHAMPS","bfl_base",0,"gibbs_dir","batch8",8172,0.633663366336634,0.243872253167836,0.778391484017231
"CHAMPS","bfl_base",0,"gibbs_dir","batch8",8173,0.633663366336634,0.243872253167836,0.77801408697429
"CHAMPS","bfl_base",0,"gibbs_dir","batch8",8174,0.633663366336634,0.243872253167836,0.777978555883351
"CHAMPS","bfl_base",0,"gibbs_dir","batch8",8175,0.633663366336634,0.243872253167836,0.778146723939742
"CHAMPS","bfl_base",0,"gibbs_dir","batch8",8176,0.633663366336634,0.243872253167836,0.77825981147051
"CHAMPS","bfl_base",0,"gibbs_dir","batch8",8177,0.633663366336634,0.243872253167836,0.778660879410715
"CHAMPS","bfl_base",0,"gibbs_dir","batch8",8178,0.633663366336634,0.243872253167836,0.778584917397786
"CHAMPS","bfl_base",0,"gibbs_dir","batch8",8179,0.633663366336634,0.243872253167836,0.778124989240586
"CHAMPS","bfl_base",0,"gibbs_dir","batch8",8180,0.633663366336634,0.243872253167836,0.778044156619558
"CHAMPS","bfl_base",0,"gibbs_dir","batch8",8181,0.633663366336634,0.243872253167836,0.778215423129752
"CHAMPS","bfl_base",0,"gibbs_dir","batch8",8182,0.633663366336634,0.243872253167836,0.777944413337818
"CHAMPS","bfl_base",0,"gibbs_dir","batch8",8183,0.633663366336634,0.243872253167836,0.778281322096929
"CHAMPS","bfl_base",0,"gibbs_dir","batch8",8184,0.633663366336634,0.243872253167836,0.778736870058414
"CHAMPS","bfl_base",0,"gibbs_dir","batch8",8185,0.633663366336634,0.243872253167836,0.778351512990124
"CHAMPS","bfl_base",0,"gibbs_dir","batch8",8186,0.633663366336634,0.243872253167836,0.778479213523115
"CHAMPS","bfl_base",0,"gibbs_dir","batch8",8187,0.633663366336634,0.243872253167836,0.77824413771803
"CHAMPS","bfl_base",0,"gibbs_dir","batch8",8188,0.633663366336634,0.243872253167836,0.777776821375375
"CHAMPS","bfl_base",0,"gibbs_dir","batch8",8189,0.633663366336634,0.243872253167836,0.777525500170952
"CHAMPS","bfl_base",0,"gibbs_dir","batch8",8190,0.633663366336634,0.243872253167836,0.777329166330456
"CHAMPS","bfl_base",0,"gibbs_dir","batch8",8191,0.633663366336634,0.243872253167836,0.777433443776731
"CHAMPS","bfl_base",0,"gibbs_dir","batch8",8192,0.633663366336634,0.243872253167836,0.777428597533342
"CHAMPS","bfl_base",0,"gibbs_dir","batch8",8193,0.633663366336634,0.243872253167836,0.778003566609455
"CHAMPS","bfl_base",0,"gibbs_dir","batch8",8194,0.633663366336634,0.243872253167836,0.778272936719943
"CHAMPS","bfl_base",0,"gibbs_dir","batch8",8195,0.633663366336634,0.243872253167836,0.7783728376512
"CHAMPS","bfl_base",0,"gibbs_dir","batch8",8196,0.633663366336634,0.243872253167836,0.778234188762102
"CHAMPS","bfl_base",0,"gibbs_dir","batch8",8197,0.633663366336634,0.243872253167836,0.778209129665283
"CHAMPS","bfl_base",0,"gibbs_dir","batch8",8198,0.633663366336634,0.243872253167836,0.777812192992512
"CHAMPS","bfl_base",0,"gibbs_dir","batch8",8199,0.633663366336634,0.243872253167836,0.777454576353985
"CHAMPS","bfl_base",0,"gibbs_dir","batch8",8200,0.633663366336634,0.243872253167836,0.777713930355455
"CHAMPS","bfl_base",0,"gibbs_dir","batch8",8201,0.633663366336634,0.243872253167836,0.777725127283672
"CHAMPS","bfl_base",0,"gibbs_dir","batch8",8202,0.633663366336634,0.243872253167836,0.778280741662504
"CHAMPS","bfl_base",0,"gibbs_dir","batch8",8203,0.633663366336634,0.243872253167836,0.77839856830044
"CHAMPS","bfl_base",0,"gibbs_dir","batch8",8204,0.633663366336634,0.243872253167836,0.77827444212507
"CHAMPS","bfl_base",0,"gibbs_dir","batch8",8205,0.633663366336634,0.243872253167836,0.778117327565689
"CHAMPS","bfl_base",0,"gibbs_dir","batch8",8206,0.633663366336634,0.243872253167836,0.778072069324457
"CHAMPS","bfl_base",0,"gibbs_dir","batch8",8207,0.633663366336634,0.243872253167836,0.778173996389706
"CHAMPS","bfl_base",0,"gibbs_dir","batch8",8208,0.633663366336634,0.243872253167836,0.777794866356494
"CHAMPS","bfl_base",0,"gibbs_dir","batch8",8209,0.633663366336634,0.243872253167836,0.777822865057697
"CHAMPS","bfl_base",0,"gibbs_dir","batch8",8210,0.633663366336634,0.243872253167836,0.777685137414353
"CHAMPS","bfl_base",0,"gibbs_dir","batch8",8211,0.633663366336634,0.243872253167836,0.777976919847084
"CHAMPS","bfl_base",0,"gibbs_dir","batch8",8212,0.633663366336634,0.243872253167836,0.777930759577463
"CHAMPS","bfl_base",0,"gibbs_dir","batch8",8213,0.633663366336634,0.243872253167836,0.777863792743408
"CHAMPS","bfl_base",0,"gibbs_dir","batch8",8214,0.633663366336634,0.243872253167836,0.777892289133488
"CHAMPS","bfl_base",0,"gibbs_dir","batch8",8215,0.633663366336634,0.243872253167836,0.77787965440498
"CHAMPS","bfl_base",0,"gibbs_dir","batch8",8216,0.633663366336634,0.243872253167836,0.778129129490319
"CHAMPS","bfl_base",0,"gibbs_dir","batch8",8217,0.633663366336634,0.243872253167836,0.77816615990595
"CHAMPS","bfl_base",0,"gibbs_dir","batch8",8218,0.633663366336634,0.243872253167836,0.777797373727775
"CHAMPS","bfl_base",0,"gibbs_dir","batch8",8219,0.633663366336634,0.243872253167836,0.777633717919658
"CHAMPS","bfl_base",0,"gibbs_dir","batch8",8220,0.633663366336634,0.243872253167836,0.778032419107514
"CHAMPS","bfl_base",0,"gibbs_dir","batch8",8221,0.633663366336634,0.243872253167836,0.778040109237266
"CHAMPS","bfl_base",0,"gibbs_dir","batch8",8222,0.633663366336634,0.243872253167836,0.778333235206155
"CHAMPS","bfl_base",0,"gibbs_dir","batch8",8223,0.633663366336634,0.243872253167836,0.778124995861967
"CHAMPS","bfl_base",0,"gibbs_dir","batch8",8224,0.633663366336634,0.243872253167836,0.777783023467137
"CHAMPS","bfl_base",0,"gibbs_dir","batch8",8225,0.633663366336634,0.243872253167836,0.77786589624196
"CHAMPS","bfl_base",0,"gibbs_dir","batch8",8226,0.633663366336634,0.243872253167836,0.777772868837305
"CHAMPS","bfl_base",0,"gibbs_dir","batch8",8227,0.633663366336634,0.243872253167836,0.777773606102353
"CHAMPS","bfl_base",0,"gibbs_dir","batch8",8228,0.633663366336634,0.243872253167836,0.77793875304468
"CHAMPS","bfl_base",0,"gibbs_dir","batch8",8229,0.633663366336634,0.243872253167836,0.778033573432267
"CHAMPS","bfl_base",0,"gibbs_dir","batch8",8230,0.633663366336634,0.243872253167836,0.778274473433326
"CHAMPS","bfl_base",0,"gibbs_dir","batch8",8231,0.633663366336634,0.243872253167836,0.778573514590087
"CHAMPS","bfl_base",0,"gibbs_dir","batch8",8232,0.633663366336634,0.243872253167836,0.778500068054869
"CHAMPS","bfl_base",0,"gibbs_dir","batch8",8233,0.633663366336634,0.243872253167836,0.778197962334717
"CHAMPS","bfl_base",0,"gibbs_dir","batch8",8234,0.633663366336634,0.243872253167836,0.777999388386286
"CHAMPS","bfl_base",0,"gibbs_dir","batch8",8235,0.633663366336634,0.243872253167836,0.778136160132251
"CHAMPS","bfl_base",0,"gibbs_dir","batch8",8236,0.633663366336634,0.243872253167836,0.778053105520792
"CHAMPS","bfl_base",0,"gibbs_dir","batch8",8237,0.633663366336634,0.243872253167836,0.778205000015146
"CHAMPS","bfl_base",0,"gibbs_dir","batch8",8238,0.633663366336634,0.243872253167836,0.77818227520969
"CHAMPS","bfl_base",0,"gibbs_dir","batch8",8239,0.633663366336634,0.243872253167836,0.777845585613914
"CHAMPS","bfl_base",0,"gibbs_dir","batch8",8240,0.633663366336634,0.243872253167836,0.778031905507423
"CHAMPS","bfl_base",0,"gibbs_dir","batch8",8241,0.633663366336634,0.243872253167836,0.778213685039185
"CHAMPS","bfl_base",0,"gibbs_dir","batch8",8242,0.633663366336634,0.243872253167836,0.778043576241187
"CHAMPS","bfl_base",0,"gibbs_dir","batch8",8243,0.633663366336634,0.243872253167836,0.778067020546528
"CHAMPS","bfl_base",0,"gibbs_dir","batch8",8244,0.633663366336634,0.243872253167836,0.778052611232252
"CHAMPS","bfl_base",0,"gibbs_dir","batch8",8245,0.633663366336634,0.243872253167836,0.777946838003397
"CHAMPS","bfl_base",0,"gibbs_dir","batch8",8246,0.633663366336634,0.243872253167836,0.778185570634285
"CHAMPS","bfl_base",0,"gibbs_dir","batch8",8247,0.633663366336634,0.243872253167836,0.778458607793996
"CHAMPS","bfl_base",0,"gibbs_dir","batch8",8248,0.633663366336634,0.243872253167836,0.778266240304448
"CHAMPS","bfl_base",0,"gibbs_dir","batch8",8249,0.633663366336634,0.243872253167836,0.778200950525849
"CHAMPS","bfl_base",0,"gibbs_dir","batch8",8250,0.633663366336634,0.243872253167836,0.77813007763831
"CHAMPS","bfl_base",0,"gibbs_dir","batch8",8251,0.633663366336634,0.243872253167836,0.778066741137346
"CHAMPS","bfl_base",0,"gibbs_dir","batch8",8252,0.633663366336634,0.243872253167836,0.777979839872101
"CHAMPS","bfl_base",0,"gibbs_dir","batch8",8253,0.633663366336634,0.243872253167836,0.777641002081226
"CHAMPS","bfl_base",0,"gibbs_dir","batch8",8254,0.633663366336634,0.243872253167836,0.777703630471488
"CHAMPS","bfl_base",0,"gibbs_dir","batch8",8255,0.633663366336634,0.243872253167836,0.777307553871152
"CHAMPS","bfl_base",0,"gibbs_dir","batch8",8256,0.633663366336634,0.243872253167836,0.777524221563467
"CHAMPS","bfl_base",0,"gibbs_dir","batch8",8257,0.633663366336634,0.243872253167836,0.778043808192945
"CHAMPS","bfl_base",0,"gibbs_dir","batch8",8258,0.633663366336634,0.243872253167836,0.777860300740027
"CHAMPS","bfl_base",0,"gibbs_dir","batch8",8259,0.633663366336634,0.243872253167836,0.777945170822334
"CHAMPS","bfl_base",0,"gibbs_dir","batch8",8260,0.633663366336634,0.243872253167836,0.777944930502249
"CHAMPS","bfl_base",0,"gibbs_dir","batch8",8261,0.633663366336634,0.243872253167836,0.777833251993082
"CHAMPS","bfl_base",0,"gibbs_dir","batch8",8262,0.633663366336634,0.243872253167836,0.777905952460596
"CHAMPS","bfl_base",0,"gibbs_dir","batch8",8263,0.633663366336634,0.243872253167836,0.777979930454002
"CHAMPS","bfl_base",0,"gibbs_dir","batch8",8264,0.633663366336634,0.243872253167836,0.778086739137096
"CHAMPS","bfl_base",0,"gibbs_dir","batch8",8265,0.633663366336634,0.243872253167836,0.7778871616782
"CHAMPS","bfl_base",0,"gibbs_dir","batch8",8266,0.633663366336634,0.243872253167836,0.777969924419251
"CHAMPS","bfl_base",0,"gibbs_dir","batch8",8267,0.633663366336634,0.243872253167836,0.777950362580189
"CHAMPS","bfl_base",0,"gibbs_dir","batch8",8268,0.633663366336634,0.243872253167836,0.778011444489577
"CHAMPS","bfl_base",0,"gibbs_dir","batch8",8269,0.633663366336634,0.243872253167836,0.778533609960372
"CHAMPS","bfl_base",0,"gibbs_dir","batch8",8270,0.633663366336634,0.243872253167836,0.778385896274781
"CHAMPS","bfl_base",0,"gibbs_dir","batch8",8271,0.633663366336634,0.243872253167836,0.77879857840237
"CHAMPS","bfl_base",0,"gibbs_dir","batch8",8272,0.633663366336634,0.243872253167836,0.778742264289188
"CHAMPS","bfl_base",0,"gibbs_dir","batch8",8273,0.633663366336634,0.243872253167836,0.778605718502803
"CHAMPS","bfl_base",0,"gibbs_dir","batch8",8274,0.633663366336634,0.243872253167836,0.77899439519563
"CHAMPS","bfl_base",0,"gibbs_dir","batch8",8275,0.633663366336634,0.243872253167836,0.778821885616312
"CHAMPS","bfl_base",0,"gibbs_dir","batch8",8276,0.633663366336634,0.243872253167836,0.778926664729127
"CHAMPS","bfl_base",0,"gibbs_dir","batch8",8277,0.633663366336634,0.243872253167836,0.778607376468801
"CHAMPS","bfl_base",0,"gibbs_dir","batch8",8278,0.633663366336634,0.243872253167836,0.778200708172325
"CHAMPS","bfl_base",0,"gibbs_dir","batch8",8279,0.633663366336634,0.243872253167836,0.777943753835955
"CHAMPS","bfl_base",0,"gibbs_dir","batch8",8280,0.633663366336634,0.243872253167836,0.77765219636657
"CHAMPS","bfl_base",0,"gibbs_dir","batch8",8281,0.633663366336634,0.243872253167836,0.777885570626925
"CHAMPS","bfl_base",0,"gibbs_dir","batch8",8282,0.633663366336634,0.243872253167836,0.7780677761805
"CHAMPS","bfl_base",0,"gibbs_dir","batch8",8283,0.633663366336634,0.243872253167836,0.778076332992455
"CHAMPS","bfl_base",0,"gibbs_dir","batch8",8284,0.633663366336634,0.243872253167836,0.778097819339582
"CHAMPS","bfl_base",0,"gibbs_dir","batch8",8285,0.633663366336634,0.243872253167836,0.777755990649312
"CHAMPS","bfl_base",0,"gibbs_dir","batch8",8286,0.633663366336634,0.243872253167836,0.777549565414299
"CHAMPS","bfl_base",0,"gibbs_dir","batch8",8287,0.633663366336634,0.243872253167836,0.777796450196107
"CHAMPS","bfl_base",0,"gibbs_dir","batch8",8288,0.633663366336634,0.243872253167836,0.778023454647589
"CHAMPS","bfl_base",0,"gibbs_dir","batch8",8289,0.633663366336634,0.243872253167836,0.778096693911841
"CHAMPS","bfl_base",0,"gibbs_dir","batch8",8290,0.633663366336634,0.243872253167836,0.778105556834678
"CHAMPS","bfl_base",0,"gibbs_dir","batch8",8291,0.633663366336634,0.243872253167836,0.778406969770506
"CHAMPS","bfl_base",0,"gibbs_dir","batch8",8292,0.633663366336634,0.243872253167836,0.778408525127614
"CHAMPS","bfl_base",0,"gibbs_dir","batch8",8293,0.633663366336634,0.243872253167836,0.778844528757946
"CHAMPS","bfl_base",0,"gibbs_dir","batch8",8294,0.633663366336634,0.243872253167836,0.779249078185448
"CHAMPS","bfl_base",0,"gibbs_dir","batch8",8295,0.633663366336634,0.243872253167836,0.779153930982181
"CHAMPS","bfl_base",0,"gibbs_dir","batch8",8296,0.633663366336634,0.243872253167836,0.779201635889318
"CHAMPS","bfl_base",0,"gibbs_dir","batch8",8297,0.633663366336634,0.243872253167836,0.77860028315555
"CHAMPS","bfl_base",0,"gibbs_dir","batch8",8298,0.633663366336634,0.243872253167836,0.778570923475112
"CHAMPS","bfl_base",0,"gibbs_dir","batch8",8299,0.633663366336634,0.243872253167836,0.778235878003947
"CHAMPS","bfl_base",0,"gibbs_dir","batch8",8300,0.633663366336634,0.243872253167836,0.777805976397678
"CHAMPS","bfl_base",0,"gibbs_dir","batch8",8301,0.633663366336634,0.243872253167836,0.778167803553523
"CHAMPS","bfl_base",0,"gibbs_dir","batch8",8302,0.633663366336634,0.243872253167836,0.777993735078673
"CHAMPS","bfl_base",0,"gibbs_dir","batch8",8303,0.633663366336634,0.243872253167836,0.777886034470811
"CHAMPS","bfl_base",0,"gibbs_dir","batch8",8304,0.633663366336634,0.243872253167836,0.777869684430668
"CHAMPS","bfl_base",0,"gibbs_dir","batch8",8305,0.633663366336634,0.243872253167836,0.777564706340818
"CHAMPS","bfl_base",0,"gibbs_dir","batch8",8306,0.633663366336634,0.243872253167836,0.777198463848863
"CHAMPS","bfl_base",0,"gibbs_dir","batch8",8307,0.633663366336634,0.243872253167836,0.777458369482241
"CHAMPS","bfl_base",0,"gibbs_dir","batch8",8308,0.633663366336634,0.243872253167836,0.777667601998695
"CHAMPS","bfl_base",0,"gibbs_dir","batch8",8309,0.633663366336634,0.243872253167836,0.777953352274014
"CHAMPS","bfl_base",0,"gibbs_dir","batch8",8310,0.633663366336634,0.243872253167836,0.778426613333726
"CHAMPS","bfl_base",0,"gibbs_dir","batch8",8311,0.633663366336634,0.243872253167836,0.778255964866311
"CHAMPS","bfl_base",0,"gibbs_dir","batch8",8312,0.633663366336634,0.243872253167836,0.778274601538959
"CHAMPS","bfl_base",0,"gibbs_dir","batch8",8313,0.633663366336634,0.243872253167836,0.778064843741274
"CHAMPS","bfl_base",0,"gibbs_dir","batch8",8314,0.633663366336634,0.243872253167836,0.778164357928661
"CHAMPS","bfl_base",0,"gibbs_dir","batch8",8315,0.633663366336634,0.243872253167836,0.778115839745593
"CHAMPS","bfl_base",0,"gibbs_dir","batch8",8316,0.633663366336634,0.243872253167836,0.778395025106205
"CHAMPS","bfl_base",0,"gibbs_dir","batch8",8317,0.633663366336634,0.243872253167836,0.778051001245543
"CHAMPS","bfl_base",0,"gibbs_dir","batch8",8318,0.633663366336634,0.243872253167836,0.778306333576907
"CHAMPS","bfl_base",0,"gibbs_dir","batch8",8319,0.633663366336634,0.243872253167836,0.778545419975502
"CHAMPS","bfl_base",0,"gibbs_dir","batch8",8320,0.633663366336634,0.243872253167836,0.778398715853938
"CHAMPS","bfl_base",0,"gibbs_dir","batch8",8321,0.633663366336634,0.243872253167836,0.778770210557435
"CHAMPS","bfl_base",0,"gibbs_dir","batch8",8322,0.633663366336634,0.243872253167836,0.777976907568935
"CHAMPS","bfl_base",0,"gibbs_dir","batch8",8323,0.633663366336634,0.243872253167836,0.778111830111966
"CHAMPS","bfl_base",0,"gibbs_dir","batch8",8324,0.633663366336634,0.243872253167836,0.777898531071747
"CHAMPS","bfl_base",0,"gibbs_dir","batch8",8325,0.633663366336634,0.243872253167836,0.77797832425833
"CHAMPS","bfl_base",0,"gibbs_dir","batch8",8326,0.633663366336634,0.243872253167836,0.778324670480783
"CHAMPS","bfl_base",0,"gibbs_dir","batch8",8327,0.633663366336634,0.243872253167836,0.778347940667101
"CHAMPS","bfl_base",0,"gibbs_dir","batch8",8328,0.633663366336634,0.243872253167836,0.778393997004561
"CHAMPS","bfl_base",0,"gibbs_dir","batch8",8329,0.633663366336634,0.243872253167836,0.77861594515011
"CHAMPS","bfl_base",0,"gibbs_dir","batch8",8330,0.633663366336634,0.243872253167836,0.778597806453403
"CHAMPS","bfl_base",0,"gibbs_dir","batch8",8331,0.633663366336634,0.243872253167836,0.778243467941539
"CHAMPS","bfl_base",0,"gibbs_dir","batch8",8332,0.633663366336634,0.243872253167836,0.778504713350357
"CHAMPS","bfl_base",0,"gibbs_dir","batch8",8333,0.633663366336634,0.243872253167836,0.778178889365098
"CHAMPS","bfl_base",0,"gibbs_dir","batch8",8334,0.633663366336634,0.243872253167836,0.777989284644289
"CHAMPS","bfl_base",0,"gibbs_dir","batch8",8335,0.633663366336634,0.243872253167836,0.778129732744614
"CHAMPS","bfl_base",0,"gibbs_dir","batch8",8336,0.633663366336634,0.243872253167836,0.778021344316878
"CHAMPS","bfl_base",0,"gibbs_dir","batch8",8337,0.633663366336634,0.243872253167836,0.778575315242714
"CHAMPS","bfl_base",0,"gibbs_dir","batch8",8338,0.633663366336634,0.243872253167836,0.778592833214692
"CHAMPS","bfl_base",0,"gibbs_dir","batch8",8339,0.633663366336634,0.243872253167836,0.778371191798431
"CHAMPS","bfl_base",0,"gibbs_dir","batch8",8340,0.633663366336634,0.243872253167836,0.778010353005852
"CHAMPS","bfl_base",0,"gibbs_dir","batch8",8341,0.633663366336634,0.243872253167836,0.777677701913654
"CHAMPS","bfl_base",0,"gibbs_dir","batch8",8342,0.633663366336634,0.243872253167836,0.777831878965103
"CHAMPS","bfl_base",0,"gibbs_dir","batch8",8343,0.633663366336634,0.243872253167836,0.778331540152503
"CHAMPS","bfl_base",0,"gibbs_dir","batch8",8344,0.633663366336634,0.243872253167836,0.778559104044129
"CHAMPS","bfl_base",0,"gibbs_dir","batch8",8345,0.633663366336634,0.243872253167836,0.778612881353399
"CHAMPS","bfl_base",0,"gibbs_dir","batch8",8346,0.633663366336634,0.243872253167836,0.778650686963943
"CHAMPS","bfl_base",0,"gibbs_dir","batch8",8347,0.633663366336634,0.243872253167836,0.777981541805457
"CHAMPS","bfl_base",0,"gibbs_dir","batch8",8348,0.633663366336634,0.243872253167836,0.77813109556775
"CHAMPS","bfl_base",0,"gibbs_dir","batch8",8349,0.633663366336634,0.243872253167836,0.77820365334956
"CHAMPS","bfl_base",0,"gibbs_dir","batch8",8350,0.633663366336634,0.243872253167836,0.778219328180621
"CHAMPS","bfl_base",0,"gibbs_dir","batch8",8351,0.633663366336634,0.243872253167836,0.778219326590065
"CHAMPS","bfl_base",0,"gibbs_dir","batch8",8352,0.633663366336634,0.243872253167836,0.77818529353464
"CHAMPS","bfl_base",0,"gibbs_dir","batch8",8353,0.633663366336634,0.243872253167836,0.777919245739199
"CHAMPS","bfl_base",0,"gibbs_dir","batch8",8354,0.633663366336634,0.243872253167836,0.777828011021632
"CHAMPS","bfl_base",0,"gibbs_dir","batch8",8355,0.633663366336634,0.243872253167836,0.778427383435021
"CHAMPS","bfl_base",0,"gibbs_dir","batch8",8356,0.633663366336634,0.243872253167836,0.778130112074175
"CHAMPS","bfl_base",0,"gibbs_dir","batch8",8357,0.633663366336634,0.243872253167836,0.778102826560147
"CHAMPS","bfl_base",0,"gibbs_dir","batch8",8358,0.633663366336634,0.243872253167836,0.778115651618213
"CHAMPS","bfl_base",0,"gibbs_dir","batch8",8359,0.633663366336634,0.243872253167836,0.777540958992327
"CHAMPS","bfl_base",0,"gibbs_dir","batch8",8360,0.633663366336634,0.243872253167836,0.777976702162976
"CHAMPS","bfl_base",0,"gibbs_dir","batch8",8361,0.633663366336634,0.243872253167836,0.778067594711092
"CHAMPS","bfl_base",0,"gibbs_dir","batch8",8362,0.633663366336634,0.243872253167836,0.778392163537813
"CHAMPS","bfl_base",0,"gibbs_dir","batch8",8363,0.633663366336634,0.243872253167836,0.778621198592284
"CHAMPS","bfl_base",0,"gibbs_dir","batch8",8364,0.633663366336634,0.243872253167836,0.778455698528123
"CHAMPS","bfl_base",0,"gibbs_dir","batch8",8365,0.633663366336634,0.243872253167836,0.778498715953539
"CHAMPS","bfl_base",0,"gibbs_dir","batch8",8366,0.633663366336634,0.243872253167836,0.778057319049695
"CHAMPS","bfl_base",0,"gibbs_dir","batch8",8367,0.633663366336634,0.243872253167836,0.777869710536932
"CHAMPS","bfl_base",0,"gibbs_dir","batch8",8368,0.633663366336634,0.243872253167836,0.777933027166693
"CHAMPS","bfl_base",0,"gibbs_dir","batch8",8369,0.633663366336634,0.243872253167836,0.778318265301018
"CHAMPS","bfl_base",0,"gibbs_dir","batch8",8370,0.633663366336634,0.243872253167836,0.778508497995265
"CHAMPS","bfl_base",0,"gibbs_dir","batch8",8371,0.633663366336634,0.243872253167836,0.778706266693047
"CHAMPS","bfl_base",0,"gibbs_dir","batch8",8372,0.633663366336634,0.243872253167836,0.778874277473911
"CHAMPS","bfl_base",0,"gibbs_dir","batch8",8373,0.633663366336634,0.243872253167836,0.778312619292695
"CHAMPS","bfl_base",0,"gibbs_dir","batch8",8374,0.633663366336634,0.243872253167836,0.778501741720264
"CHAMPS","bfl_base",0,"gibbs_dir","batch8",8375,0.633663366336634,0.243872253167836,0.778603274413819
"CHAMPS","bfl_base",0,"gibbs_dir","batch8",8376,0.633663366336634,0.243872253167836,0.778245726317011
"CHAMPS","bfl_base",0,"gibbs_dir","batch8",8377,0.633663366336634,0.243872253167836,0.778633204655547
"CHAMPS","bfl_base",0,"gibbs_dir","batch8",8378,0.633663366336634,0.243872253167836,0.778408092575225
"CHAMPS","bfl_base",0,"gibbs_dir","batch8",8379,0.633663366336634,0.243872253167836,0.778332419947001
"CHAMPS","bfl_base",0,"gibbs_dir","batch8",8380,0.633663366336634,0.243872253167836,0.778301994872864
"CHAMPS","bfl_base",0,"gibbs_dir","batch8",8381,0.633663366336634,0.243872253167836,0.778253726199438
"CHAMPS","bfl_base",0,"gibbs_dir","batch8",8382,0.633663366336634,0.243872253167836,0.778325311356577
"CHAMPS","bfl_base",0,"gibbs_dir","batch8",8383,0.633663366336634,0.243872253167836,0.778762636501448
"CHAMPS","bfl_base",0,"gibbs_dir","batch8",8384,0.633663366336634,0.243872253167836,0.779132823796308
"CHAMPS","bfl_base",0,"gibbs_dir","batch8",8385,0.633663366336634,0.243872253167836,0.779042801944249
"CHAMPS","bfl_base",0,"gibbs_dir","batch8",8386,0.633663366336634,0.243872253167836,0.779135553882195
"CHAMPS","bfl_base",0,"gibbs_dir","batch8",8387,0.633663366336634,0.243872253167836,0.778542635666666
"CHAMPS","bfl_base",0,"gibbs_dir","batch8",8388,0.633663366336634,0.243872253167836,0.778268195078476
"CHAMPS","bfl_base",0,"gibbs_dir","batch8",8389,0.633663366336634,0.243872253167836,0.778069335398077
"CHAMPS","bfl_base",0,"gibbs_dir","batch8",8390,0.633663366336634,0.243872253167836,0.777577489648309
"CHAMPS","bfl_base",0,"gibbs_dir","batch8",8391,0.633663366336634,0.243872253167836,0.777769879509557
"CHAMPS","bfl_base",0,"gibbs_dir","batch8",8392,0.633663366336634,0.243872253167836,0.777771667651276
"CHAMPS","bfl_base",0,"gibbs_dir","batch8",8393,0.633663366336634,0.243872253167836,0.777896472894624
"CHAMPS","bfl_base",0,"gibbs_dir","batch8",8394,0.633663366336634,0.243872253167836,0.778487869971202
"CHAMPS","bfl_base",0,"gibbs_dir","batch8",8395,0.633663366336634,0.243872253167836,0.778511715934386
"CHAMPS","bfl_base",0,"gibbs_dir","batch8",8396,0.633663366336634,0.243872253167836,0.778404870643293
"CHAMPS","bfl_base",0,"gibbs_dir","batch8",8397,0.633663366336634,0.243872253167836,0.778459106806053
"CHAMPS","bfl_base",0,"gibbs_dir","batch8",8398,0.633663366336634,0.243872253167836,0.778173105885599
"CHAMPS","bfl_base",0,"gibbs_dir","batch8",8399,0.633663366336634,0.243872253167836,0.778173526918934
"CHAMPS","bfl_base",0,"gibbs_dir","batch8",8400,0.633663366336634,0.243872253167836,0.778508643638343
"CHAMPS","bfl_base",0,"gibbs_dir","batch8",8401,0.633663366336634,0.243872253167836,0.778457160050805
"CHAMPS","bfl_base",0,"gibbs_dir","batch8",8402,0.633663366336634,0.243872253167836,0.778440791957384
"CHAMPS","bfl_base",0,"gibbs_dir","batch8",8403,0.633663366336634,0.243872253167836,0.778301539475166
"CHAMPS","bfl_base",0,"gibbs_dir","batch8",8404,0.633663366336634,0.243872253167836,0.778337760588631
"CHAMPS","bfl_base",0,"gibbs_dir","batch8",8405,0.633663366336634,0.243872253167836,0.778640719599994
"CHAMPS","bfl_base",0,"gibbs_dir","batch8",8406,0.633663366336634,0.243872253167836,0.778853533374639
"CHAMPS","bfl_base",0,"gibbs_dir","batch8",8407,0.633663366336634,0.243872253167836,0.77868841784
"CHAMPS","bfl_base",0,"gibbs_dir","batch8",8408,0.633663366336634,0.243872253167836,0.77837919639684
"CHAMPS","bfl_base",0,"gibbs_dir","batch8",8409,0.633663366336634,0.243872253167836,0.778282641203657
"CHAMPS","bfl_base",0,"gibbs_dir","batch8",8410,0.633663366336634,0.243872253167836,0.778211131065858
"CHAMPS","bfl_base",0,"gibbs_dir","batch8",8411,0.633663366336634,0.243872253167836,0.77833467473545
"CHAMPS","bfl_base",0,"gibbs_dir","batch8",8412,0.633663366336634,0.243872253167836,0.778315142828976
"CHAMPS","bfl_base",0,"gibbs_dir","batch8",8413,0.633663366336634,0.243872253167836,0.778232162444972
"CHAMPS","bfl_base",0,"gibbs_dir","batch8",8414,0.633663366336634,0.243872253167836,0.778097761065055
"CHAMPS","bfl_base",0,"gibbs_dir","batch8",8415,0.633663366336634,0.243872253167836,0.778296649602622
"CHAMPS","bfl_base",0,"gibbs_dir","batch8",8416,0.633663366336634,0.243872253167836,0.77853716291196
"CHAMPS","bfl_base",0,"gibbs_dir","batch8",8417,0.633663366336634,0.243872253167836,0.777848156567106
"CHAMPS","bfl_base",0,"gibbs_dir","batch8",8418,0.633663366336634,0.243872253167836,0.777882477411533
"CHAMPS","bfl_base",0,"gibbs_dir","batch8",8419,0.633663366336634,0.243872253167836,0.777865724853558
"CHAMPS","bfl_base",0,"gibbs_dir","batch8",8420,0.633663366336634,0.243872253167836,0.777677937589531
"CHAMPS","bfl_base",0,"gibbs_dir","batch8",8421,0.633663366336634,0.243872253167836,0.778069931620952
"CHAMPS","bfl_base",0,"gibbs_dir","batch8",8422,0.633663366336634,0.243872253167836,0.778116600992324
"CHAMPS","bfl_base",0,"gibbs_dir","batch8",8423,0.633663366336634,0.243872253167836,0.778152228595132
"CHAMPS","bfl_base",0,"gibbs_dir","batch8",8424,0.633663366336634,0.243872253167836,0.778001573659137
"CHAMPS","bfl_base",0,"gibbs_dir","batch8",8425,0.633663366336634,0.243872253167836,0.778159213293814
"CHAMPS","bfl_base",0,"gibbs_dir","batch8",8426,0.633663366336634,0.243872253167836,0.778396845369939
"CHAMPS","bfl_base",0,"gibbs_dir","batch8",8427,0.633663366336634,0.243872253167836,0.778434910364498
"CHAMPS","bfl_base",0,"gibbs_dir","batch8",8428,0.633663366336634,0.243872253167836,0.778546485081897
"CHAMPS","bfl_base",0,"gibbs_dir","batch8",8429,0.633663366336634,0.243872253167836,0.778484837282476
"CHAMPS","bfl_base",0,"gibbs_dir","batch8",8430,0.633663366336634,0.243872253167836,0.778470564843915
"CHAMPS","bfl_base",0,"gibbs_dir","batch8",8431,0.633663366336634,0.243872253167836,0.778700505894888
"CHAMPS","bfl_base",0,"gibbs_dir","batch8",8432,0.633663366336634,0.243872253167836,0.778685780438525
"CHAMPS","bfl_base",0,"gibbs_dir","batch8",8433,0.633663366336634,0.243872253167836,0.778939746164707
"CHAMPS","bfl_base",0,"gibbs_dir","batch8",8434,0.633663366336634,0.243872253167836,0.778599927791177
"CHAMPS","bfl_base",0,"gibbs_dir","batch8",8435,0.633663366336634,0.243872253167836,0.777819902325531
"CHAMPS","bfl_base",0,"gibbs_dir","batch8",8436,0.633663366336634,0.243872253167836,0.777817932427744
"CHAMPS","bfl_base",0,"gibbs_dir","batch8",8437,0.633663366336634,0.243872253167836,0.777664324493729
"CHAMPS","bfl_base",0,"gibbs_dir","batch8",8438,0.633663366336634,0.243872253167836,0.77786615502874
"CHAMPS","bfl_base",0,"gibbs_dir","batch8",8439,0.633663366336634,0.243872253167836,0.778633359578511
"CHAMPS","bfl_base",0,"gibbs_dir","batch8",8440,0.633663366336634,0.243872253167836,0.778809209596852
"CHAMPS","bfl_base",0,"gibbs_dir","batch8",8441,0.633663366336634,0.243872253167836,0.778916048236309
"CHAMPS","bfl_base",0,"gibbs_dir","batch8",8442,0.633663366336634,0.243872253167836,0.778952571902585
"CHAMPS","bfl_base",0,"gibbs_dir","batch8",8443,0.633663366336634,0.243872253167836,0.778622908678035
"CHAMPS","bfl_base",0,"gibbs_dir","batch8",8444,0.633663366336634,0.243872253167836,0.778503547150867
"CHAMPS","bfl_base",0,"gibbs_dir","batch8",8445,0.633663366336634,0.243872253167836,0.778178053869364
"CHAMPS","bfl_base",0,"gibbs_dir","batch8",8446,0.633663366336634,0.243872253167836,0.777740616675
"CHAMPS","bfl_base",0,"gibbs_dir","batch8",8447,0.633663366336634,0.243872253167836,0.777624719984355
"CHAMPS","bfl_base",0,"gibbs_dir","batch8",8448,0.633663366336634,0.243872253167836,0.777776836853743
"CHAMPS","bfl_base",0,"gibbs_dir","batch8",8449,0.633663366336634,0.243872253167836,0.777553192097958
"CHAMPS","bfl_base",0,"gibbs_dir","batch8",8450,0.633663366336634,0.243872253167836,0.777495987876004
"CHAMPS","bfl_base",0,"gibbs_dir","batch8",8451,0.633663366336634,0.243872253167836,0.777844627189647
"CHAMPS","bfl_base",0,"gibbs_dir","batch8",8452,0.633663366336634,0.243872253167836,0.777859411994058
"CHAMPS","bfl_base",0,"gibbs_dir","batch8",8453,0.633663366336634,0.243872253167836,0.778174185201936
"CHAMPS","bfl_base",0,"gibbs_dir","batch8",8454,0.633663366336634,0.243872253167836,0.778504612331943
"CHAMPS","bfl_base",0,"gibbs_dir","batch8",8455,0.633663366336634,0.243872253167836,0.778231361376515
"CHAMPS","bfl_base",0,"gibbs_dir","batch8",8456,0.633663366336634,0.243872253167836,0.778179397524369
"CHAMPS","bfl_base",0,"gibbs_dir","batch8",8457,0.633663366336634,0.243872253167836,0.778339813482956
"CHAMPS","bfl_base",0,"gibbs_dir","batch8",8458,0.633663366336634,0.243872253167836,0.778236443256963
"CHAMPS","bfl_base",0,"gibbs_dir","batch8",8459,0.633663366336634,0.243872253167836,0.778080212416992
"CHAMPS","bfl_base",0,"gibbs_dir","batch8",8460,0.633663366336634,0.243872253167836,0.778422903016136
"CHAMPS","bfl_base",0,"gibbs_dir","batch8",8461,0.633663366336634,0.243872253167836,0.778457037886617
"CHAMPS","bfl_base",0,"gibbs_dir","batch8",8462,0.633663366336634,0.243872253167836,0.778783280414695
"CHAMPS","bfl_base",0,"gibbs_dir","batch8",8463,0.633663366336634,0.243872253167836,0.779040165304218
"CHAMPS","bfl_base",0,"gibbs_dir","batch8",8464,0.633663366336634,0.243872253167836,0.778863085785016
"CHAMPS","bfl_base",0,"gibbs_dir","batch8",8465,0.633663366336634,0.243872253167836,0.778967873724228
"CHAMPS","bfl_base",0,"gibbs_dir","batch8",8466,0.633663366336634,0.243872253167836,0.778849619163792
"CHAMPS","bfl_base",0,"gibbs_dir","batch8",8467,0.633663366336634,0.243872253167836,0.778769337497571
"CHAMPS","bfl_base",0,"gibbs_dir","batch8",8468,0.633663366336634,0.243872253167836,0.778882321036309
"CHAMPS","bfl_base",0,"gibbs_dir","batch8",8469,0.633663366336634,0.243872253167836,0.77865099480336
"CHAMPS","bfl_base",0,"gibbs_dir","batch8",8470,0.633663366336634,0.243872253167836,0.778595105705974
"CHAMPS","bfl_base",0,"gibbs_dir","batch8",8471,0.633663366336634,0.243872253167836,0.778672086845555
"CHAMPS","bfl_base",0,"gibbs_dir","batch8",8472,0.633663366336634,0.243872253167836,0.778207814262359
"CHAMPS","bfl_base",0,"gibbs_dir","batch8",8473,0.633663366336634,0.243872253167836,0.778027087759711
"CHAMPS","bfl_base",0,"gibbs_dir","batch8",8474,0.633663366336634,0.243872253167836,0.77811607234201
"CHAMPS","bfl_base",0,"gibbs_dir","batch8",8475,0.633663366336634,0.243872253167836,0.778152272775385
"CHAMPS","bfl_base",0,"gibbs_dir","batch8",8476,0.633663366336634,0.243872253167836,0.778217800202044
"CHAMPS","bfl_base",0,"gibbs_dir","batch8",8477,0.633663366336634,0.243872253167836,0.778243802741869
"CHAMPS","bfl_base",0,"gibbs_dir","batch8",8478,0.633663366336634,0.243872253167836,0.778137438606422
"CHAMPS","bfl_base",0,"gibbs_dir","batch8",8479,0.633663366336634,0.243872253167836,0.777647394083767
"CHAMPS","bfl_base",0,"gibbs_dir","batch8",8480,0.633663366336634,0.243872253167836,0.777698392024542
"CHAMPS","bfl_base",0,"gibbs_dir","batch8",8481,0.633663366336634,0.243872253167836,0.77776530793086
"CHAMPS","bfl_base",0,"gibbs_dir","batch8",8482,0.633663366336634,0.243872253167836,0.777638940199354
"CHAMPS","bfl_base",0,"gibbs_dir","batch8",8483,0.633663366336634,0.243872253167836,0.777799303628792
"CHAMPS","bfl_base",0,"gibbs_dir","batch8",8484,0.633663366336634,0.243872253167836,0.777649180968309
"CHAMPS","bfl_base",0,"gibbs_dir","batch8",8485,0.633663366336634,0.243872253167836,0.777549998054091
"CHAMPS","bfl_base",0,"gibbs_dir","batch8",8486,0.633663366336634,0.243872253167836,0.777527952006747
"CHAMPS","bfl_base",0,"gibbs_dir","batch8",8487,0.633663366336634,0.243872253167836,0.777944694522563
"CHAMPS","bfl_base",0,"gibbs_dir","batch8",8488,0.633663366336634,0.243872253167836,0.778069835974292
"CHAMPS","bfl_base",0,"gibbs_dir","batch8",8489,0.633663366336634,0.243872253167836,0.778318732529098
"CHAMPS","bfl_base",0,"gibbs_dir","batch8",8490,0.633663366336634,0.243872253167836,0.778729862715134
"CHAMPS","bfl_base",0,"gibbs_dir","batch8",8491,0.633663366336634,0.243872253167836,0.778283620960435
"CHAMPS","bfl_base",0,"gibbs_dir","batch8",8492,0.633663366336634,0.243872253167836,0.778596773228323
"CHAMPS","bfl_base",0,"gibbs_dir","batch8",8493,0.633663366336634,0.243872253167836,0.778514228465231
"CHAMPS","bfl_base",0,"gibbs_dir","batch8",8494,0.633663366336634,0.243872253167836,0.778425056813026
"CHAMPS","bfl_base",0,"gibbs_dir","batch8",8495,0.633663366336634,0.243872253167836,0.778990160487796
"CHAMPS","bfl_base",0,"gibbs_dir","batch8",8496,0.633663366336634,0.243872253167836,0.779041671626978
"CHAMPS","bfl_base",0,"gibbs_dir","batch8",8497,0.633663366336634,0.243872253167836,0.778876608553999
"CHAMPS","bfl_base",0,"gibbs_dir","batch8",8498,0.633663366336634,0.243872253167836,0.778679378925248
"CHAMPS","bfl_base",0,"gibbs_dir","batch8",8499,0.633663366336634,0.243872253167836,0.778481948323886
"CHAMPS","bfl_base",0,"gibbs_dir","batch8",8500,0.633663366336634,0.243872253167836,0.778199839017416
"CHAMPS","bfl_domain",0.2,"gibbs_dir","batch8",8001,0.650990099009901,0.253370232482787,0.802159409213828
"CHAMPS","bfl_domain",0.2,"gibbs_dir","batch8",8002,0.631188118811881,0.267173297523281,0.814108251185543
"CHAMPS","bfl_domain",0.2,"gibbs_dir","batch8",8003,0.670792079207921,0.269614809014848,0.809132761333217
"CHAMPS","bfl_domain",0.2,"gibbs_dir","batch8",8004,0.673267326732673,0.28008964719491,0.810786104474519
"CHAMPS","bfl_domain",0.2,"gibbs_dir","batch8",8005,0.668316831683168,0.265404474586412,0.834370851322325
"CHAMPS","bfl_domain",0.2,"gibbs_dir","batch8",8006,0.658415841584158,0.256096986531168,0.813871629180081
"CHAMPS","bfl_domain",0.2,"gibbs_dir","batch8",8007,0.675742574257426,0.269936112274822,0.826129633823092
"CHAMPS","bfl_domain",0.2,"gibbs_dir","batch8",8008,0.658415841584158,0.271537708272575,0.820483853256622
"CHAMPS","bfl_domain",0.2,"gibbs_dir","batch8",8009,0.646039603960396,0.262338199910281,0.776519380079275
"CHAMPS","bfl_domain",0.2,"gibbs_dir","batch8",8010,0.658415841584158,0.254622667780563,0.812828070583548
"CHAMPS","bfl_domain",0.2,"gibbs_dir","batch8",8011,0.660891089108911,0.268462913749892,0.81871564951348
"CHAMPS","bfl_domain",0.2,"gibbs_dir","batch8",8012,0.646039603960396,0.205494925882737,0.791139847143028
"CHAMPS","bfl_domain",0.2,"gibbs_dir","batch8",8013,0.678217821782178,0.262782581303594,0.834878688492249
"CHAMPS","bfl_domain",0.2,"gibbs_dir","batch8",8014,0.670792079207921,0.283599347850425,0.840837704667715
"CHAMPS","bfl_domain",0.2,"gibbs_dir","batch8",8015,0.660891089108911,0.254088167701276,0.802070027544662
"CHAMPS","bfl_domain",0.2,"gibbs_dir","batch8",8016,0.653465346534653,0.252063673434189,0.809858578247955
"CHAMPS","bfl_domain",0.2,"gibbs_dir","batch8",8017,0.650990099009901,0.245334336180124,0.837830305449439
"CHAMPS","bfl_domain",0.2,"gibbs_dir","batch8",8018,0.650990099009901,0.214424514200299,0.795223457718159
"CHAMPS","bfl_domain",0.2,"gibbs_dir","batch8",8019,0.643564356435644,0.269566052227343,0.807319334695054
"CHAMPS","bfl_domain",0.2,"gibbs_dir","batch8",8020,0.668316831683168,0.228270431754038,0.84126094340929
"CHAMPS","bfl_domain",0.2,"gibbs_dir","batch8",8021,0.643564356435644,0.270464293564514,0.823314176624669
"CHAMPS","bfl_domain",0.2,"gibbs_dir","batch8",8022,0.643564356435644,0.267445054945055,0.799155647454648
"CHAMPS","bfl_domain",0.2,"gibbs_dir","batch8",8023,0.650990099009901,0.275668603652097,0.809403615568756
"CHAMPS","bfl_domain",0.2,"gibbs_dir","batch8",8024,0.638613861386139,0.269120040346648,0.803930600509008
"CHAMPS","bfl_domain",0.2,"gibbs_dir","batch8",8025,0.660891089108911,0.25836638898866,0.812597744866219
"CHAMPS","bfl_domain",0.2,"gibbs_dir","batch8",8026,0.633663366336634,0.233693528693529,0.779707049059388
"CHAMPS","bfl_domain",0.2,"gibbs_dir","batch8",8027,0.638613861386139,0.218909911927153,0.792218656803702
"CHAMPS","bfl_domain",0.2,"gibbs_dir","batch8",8028,0.641089108910891,0.274093945342523,0.814058558017858
"CHAMPS","bfl_domain",0.2,"gibbs_dir","batch8",8029,0.658415841584158,0.250506116012445,0.832310730615257
"CHAMPS","bfl_domain",0.2,"gibbs_dir","batch8",8030,0.643564356435644,0.23336929238632,0.782822662883197
"CHAMPS","bfl_domain",0.2,"gibbs_dir","batch8",8031,0.658415841584158,0.253752651329744,0.816547760829606
"CHAMPS","bfl_domain",0.2,"gibbs_dir","batch8",8032,0.655940594059406,0.26685450787098,0.81827360189658
"CHAMPS","bfl_domain",0.2,"gibbs_dir","batch8",8033,0.673267326732673,0.249101453081232,0.840895913776764
"CHAMPS","bfl_domain",0.2,"gibbs_dir","batch8",8034,0.641089108910891,0.24695560515873,0.813518378503686
"CHAMPS","bfl_domain",0.2,"gibbs_dir","batch8",8035,0.648514851485149,0.268273199307682,0.815933103342654
"CHAMPS","bfl_domain",0.2,"gibbs_dir","batch8",8036,0.663366336633663,0.280755184589792,0.832113723422816
"CHAMPS","bfl_domain",0.2,"gibbs_dir","batch8",8037,0.655940594059406,0.252137981044231,0.803116829106901
"CHAMPS","bfl_domain",0.2,"gibbs_dir","batch8",8038,0.638613861386139,0.255077030812325,0.8134644682091
"CHAMPS","bfl_domain",0.2,"gibbs_dir","batch8",8039,0.628712871287129,0.236241119431644,0.824448032607698
"CHAMPS","bfl_domain",0.2,"gibbs_dir","batch8",8040,0.655940594059406,0.257886904761905,0.818802855740504
"CHAMPS","bfl_domain",0.2,"gibbs_dir","batch8",8041,0.678217821782178,0.276821215931567,0.839869076071441
"CHAMPS","bfl_domain",0.2,"gibbs_dir","batch8",8042,0.650990099009901,0.253033398714177,0.80601099450873
"CHAMPS","bfl_domain",0.2,"gibbs_dir","batch8",8043,0.643564356435644,0.237210081150208,0.79290583788654
"CHAMPS","bfl_domain",0.2,"gibbs_dir","batch8",8044,0.675742574257426,0.266236605532945,0.828019974550181
"CHAMPS","bfl_domain",0.2,"gibbs_dir","batch8",8045,0.670792079207921,0.283462080206327,0.82903866457475
"CHAMPS","bfl_domain",0.2,"gibbs_dir","batch8",8046,0.658415841584158,0.270104510914373,0.844032532740766
"CHAMPS","bfl_domain",0.2,"gibbs_dir","batch8",8047,0.650990099009901,0.22233328265937,0.815710844765991
"CHAMPS","bfl_domain",0.2,"gibbs_dir","batch8",8048,0.663366336633663,0.254869000386078,0.833250677185377
"CHAMPS","bfl_domain",0.2,"gibbs_dir","batch8",8049,0.646039603960396,0.223416478236292,0.833260496999442
"CHAMPS","bfl_domain",0.2,"gibbs_dir","batch8",8050,0.650990099009901,0.278610306735307,0.812022338581318
"CHAMPS","bfl_domain",0.2,"gibbs_dir","batch8",8051,0.653465346534653,0.290347222222222,0.825104671075021
"CHAMPS","bfl_domain",0.2,"gibbs_dir","batch8",8052,0.658415841584158,0.264182754182754,0.826855343437779
"CHAMPS","bfl_domain",0.2,"gibbs_dir","batch8",8053,0.655940594059406,0.260456037796284,0.811208077904935
"CHAMPS","bfl_domain",0.2,"gibbs_dir","batch8",8054,0.648514851485149,0.248122854157337,0.812285869035049
"CHAMPS","bfl_domain",0.2,"gibbs_dir","batch8",8055,0.668316831683168,0.260591630591631,0.811066789639284
"CHAMPS","bfl_domain",0.2,"gibbs_dir","batch8",8056,0.638613861386139,0.264298380969209,0.78682261496598
"CHAMPS","bfl_domain",0.2,"gibbs_dir","batch8",8057,0.641089108910891,0.270194717563139,0.821250348492157
"CHAMPS","bfl_domain",0.2,"gibbs_dir","batch8",8058,0.628712871287129,0.2125290885585,0.771730744010493
"CHAMPS","bfl_domain",0.2,"gibbs_dir","batch8",8059,0.665841584158416,0.261760545647072,0.829163941248985
"CHAMPS","bfl_domain",0.2,"gibbs_dir","batch8",8060,0.653465346534653,0.251425253378378,0.823608706317002
"CHAMPS","bfl_domain",0.2,"gibbs_dir","batch8",8061,0.636138613861386,0.233153277401065,0.778748357483052
"CHAMPS","bfl_domain",0.2,"gibbs_dir","batch8",8062,0.663366336633663,0.269278315846112,0.837250606660402
"CHAMPS","bfl_domain",0.2,"gibbs_dir","batch8",8063,0.670792079207921,0.283119416815069,0.838703896508819
"CHAMPS","bfl_domain",0.2,"gibbs_dir","batch8",8064,0.646039603960396,0.243775879917184,0.787216788948112
"CHAMPS","bfl_domain",0.2,"gibbs_dir","batch8",8065,0.663366336633663,0.251401775501283,0.830213650886068
"CHAMPS","bfl_domain",0.2,"gibbs_dir","batch8",8066,0.665841584158416,0.246241667698176,0.829552842771215
"CHAMPS","bfl_domain",0.2,"gibbs_dir","batch8",8067,0.631188118811881,0.219103389049695,0.792445596866635
"CHAMPS","bfl_domain",0.2,"gibbs_dir","batch8",8068,0.658415841584158,0.277304174511747,0.843202895621777
"CHAMPS","bfl_domain",0.2,"gibbs_dir","batch8",8069,0.663366336633663,0.269758921328305,0.820601499622007
"CHAMPS","bfl_domain",0.2,"gibbs_dir","batch8",8070,0.670792079207921,0.257956908113801,0.823239236869736
"CHAMPS","bfl_domain",0.2,"gibbs_dir","batch8",8071,0.650990099009901,0.235168957350843,0.815282650157598
"CHAMPS","bfl_domain",0.2,"gibbs_dir","batch8",8072,0.650990099009901,0.235189084490071,0.809914860696788
"CHAMPS","bfl_domain",0.2,"gibbs_dir","batch8",8073,0.658415841584158,0.27756441571844,0.848322683331133
"CHAMPS","bfl_domain",0.2,"gibbs_dir","batch8",8074,0.653465346534653,0.246788436139073,0.792061584053317
"CHAMPS","bfl_domain",0.2,"gibbs_dir","batch8",8075,0.673267326732673,0.249859422492401,0.81506976540787
"CHAMPS","bfl_domain",0.2,"gibbs_dir","batch8",8076,0.660891089108911,0.265821463482754,0.814468434670597
"CHAMPS","bfl_domain",0.2,"gibbs_dir","batch8",8077,0.650990099009901,0.270170246334784,0.804259969340842
"CHAMPS","bfl_domain",0.2,"gibbs_dir","batch8",8078,0.638613861386139,0.238268737988469,0.785904513005248
"CHAMPS","bfl_domain",0.2,"gibbs_dir","batch8",8079,0.648514851485149,0.24513791753597,0.802024717441114
"CHAMPS","bfl_domain",0.2,"gibbs_dir","batch8",8080,0.653465346534653,0.267577178732785,0.803817646906842
"CHAMPS","bfl_domain",0.2,"gibbs_dir","batch8",8081,0.638613861386139,0.237506961849067,0.813545977878264
"CHAMPS","bfl_domain",0.2,"gibbs_dir","batch8",8082,0.633663366336634,0.224955636627675,0.772172327845246
"CHAMPS","bfl_domain",0.2,"gibbs_dir","batch8",8083,0.646039603960396,0.253990253116312,0.807781447006949
"CHAMPS","bfl_domain",0.2,"gibbs_dir","batch8",8084,0.653465346534653,0.267093685300207,0.821288777486088
"CHAMPS","bfl_domain",0.2,"gibbs_dir","batch8",8085,0.660891089108911,0.241503543341111,0.821311517726924
"CHAMPS","bfl_domain",0.2,"gibbs_dir","batch8",8086,0.655940594059406,0.247416726791727,0.798349670215743
"CHAMPS","bfl_domain",0.2,"gibbs_dir","batch8",8087,0.653465346534653,0.263510338345865,0.824117790138102
"CHAMPS","bfl_domain",0.2,"gibbs_dir","batch8",8088,0.670792079207921,0.246465171816218,0.812264175694451
"CHAMPS","bfl_domain",0.2,"gibbs_dir","batch8",8089,0.653465346534653,0.278887556266288,0.818203220487079
"CHAMPS","bfl_domain",0.2,"gibbs_dir","batch8",8090,0.668316831683168,0.258951998243173,0.841178164542236
"CHAMPS","bfl_domain",0.2,"gibbs_dir","batch8",8091,0.648514851485149,0.279226456664537,0.809399309665276
"CHAMPS","bfl_domain",0.2,"gibbs_dir","batch8",8092,0.638613861386139,0.265805410552231,0.779317195101711
"CHAMPS","bfl_domain",0.2,"gibbs_dir","batch8",8093,0.643564356435644,0.266321974594033,0.792999392213694
"CHAMPS","bfl_domain",0.2,"gibbs_dir","batch8",8094,0.680693069306931,0.270998496409485,0.80548551228761
"CHAMPS","bfl_domain",0.2,"gibbs_dir","batch8",8095,0.636138613861386,0.235546103254861,0.801847295239077
"CHAMPS","bfl_domain",0.2,"gibbs_dir","batch8",8096,0.633663366336634,0.228020593317972,0.772895736391356
"CHAMPS","bfl_domain",0.2,"gibbs_dir","batch8",8097,0.648514851485149,0.274969287469287,0.811663556116477
"CHAMPS","bfl_domain",0.2,"gibbs_dir","batch8",8098,0.650990099009901,0.270377074848329,0.811668726404574
"CHAMPS","bfl_domain",0.2,"gibbs_dir","batch8",8099,0.633663366336634,0.25672899188349,0.794110552669106
"CHAMPS","bfl_domain",0.2,"gibbs_dir","batch8",8100,0.663366336633663,0.279500828764503,0.831663050771417
"CHAMPS","bfl_domain",0.2,"gibbs_dir","batch8",8101,0.665841584158416,0.288804001242641,0.821841861883266
"CHAMPS","bfl_domain",0.2,"gibbs_dir","batch8",8102,0.658415841584158,0.247757839110399,0.809506905338496
"CHAMPS","bfl_domain",0.2,"gibbs_dir","batch8",8103,0.650990099009901,0.243137218105965,0.795607892976367
"CHAMPS","bfl_domain",0.2,"gibbs_dir","batch8",8104,0.648514851485149,0.225395525750329,0.798130817746315
"CHAMPS","bfl_domain",0.2,"gibbs_dir","batch8",8105,0.665841584158416,0.232921466617119,0.820880217127646
"CHAMPS","bfl_domain",0.2,"gibbs_dir","batch8",8106,0.648514851485149,0.241762243369818,0.811227435195199
"CHAMPS","bfl_domain",0.2,"gibbs_dir","batch8",8107,0.643564356435644,0.219467141756965,0.781533869958746
"CHAMPS","bfl_domain",0.2,"gibbs_dir","batch8",8108,0.668316831683168,0.266229956291432,0.822899198013162
"CHAMPS","bfl_domain",0.2,"gibbs_dir","batch8",8109,0.648514851485149,0.269086779448622,0.809069730651185
"CHAMPS","bfl_domain",0.2,"gibbs_dir","batch8",8110,0.650990099009901,0.253395659612964,0.83377683791796
"CHAMPS","bfl_domain",0.2,"gibbs_dir","batch8",8111,0.655940594059406,0.272157261006116,0.821595126069581
"CHAMPS","bfl_domain",0.2,"gibbs_dir","batch8",8112,0.665841584158416,0.282569465069465,0.821314119195337
"CHAMPS","bfl_domain",0.2,"gibbs_dir","batch8",8113,0.668316831683168,0.276246156127501,0.796169655465021
"CHAMPS","bfl_domain",0.2,"gibbs_dir","batch8",8114,0.665841584158416,0.239730878826402,0.814271107663059
"CHAMPS","bfl_domain",0.2,"gibbs_dir","batch8",8115,0.641089108910891,0.239390473414087,0.804467670996776
"CHAMPS","bfl_domain",0.2,"gibbs_dir","batch8",8116,0.658415841584158,0.287437971864201,0.832761709966397
"CHAMPS","bfl_domain",0.2,"gibbs_dir","batch8",8117,0.660891089108911,0.253116678951304,0.814776094920319
"CHAMPS","bfl_domain",0.2,"gibbs_dir","batch8",8118,0.670792079207921,0.2764358927705,0.819130912509448
"CHAMPS","bfl_domain",0.2,"gibbs_dir","batch8",8119,0.653465346534653,0.269398996972526,0.831068457234889
"CHAMPS","bfl_domain",0.2,"gibbs_dir","batch8",8120,0.650990099009901,0.261853706112088,0.799162831257848
"CHAMPS","bfl_domain",0.2,"gibbs_dir","batch8",8121,0.641089108910891,0.228539207132957,0.789460098414163
"CHAMPS","bfl_domain",0.2,"gibbs_dir","batch8",8122,0.665841584158416,0.276249253619943,0.812448512952429
"CHAMPS","bfl_domain",0.2,"gibbs_dir","batch8",8123,0.680693069306931,0.258491779748756,0.836771030685283
"CHAMPS","bfl_domain",0.2,"gibbs_dir","batch8",8124,0.653465346534653,0.237337551389276,0.808489203251912
"CHAMPS","bfl_domain",0.2,"gibbs_dir","batch8",8125,0.646039603960396,0.256375185163902,0.786502904853208
"CHAMPS","bfl_domain",0.2,"gibbs_dir","batch8",8126,0.660891089108911,0.231684061941812,0.82058709369042
"CHAMPS","bfl_domain",0.2,"gibbs_dir","batch8",8127,0.665841584158416,0.250772838272838,0.820779619734266
"CHAMPS","bfl_domain",0.2,"gibbs_dir","batch8",8128,0.670792079207921,0.269034814422464,0.810138820921936
"CHAMPS","bfl_domain",0.2,"gibbs_dir","batch8",8129,0.653465346534653,0.243227920653907,0.818670706409948
"CHAMPS","bfl_domain",0.2,"gibbs_dir","batch8",8130,0.631188118811881,0.249024152930403,0.7805964990851
"CHAMPS","bfl_domain",0.2,"gibbs_dir","batch8",8131,0.670792079207921,0.257455925716795,0.817654227408302
"CHAMPS","bfl_domain",0.2,"gibbs_dir","batch8",8132,0.643564356435644,0.263619763619764,0.799674970496154
"CHAMPS","bfl_domain",0.2,"gibbs_dir","batch8",8133,0.655940594059406,0.237575151297977,0.823794201890608
"CHAMPS","bfl_domain",0.2,"gibbs_dir","batch8",8134,0.631188118811881,0.231433347672162,0.796866798157736
"CHAMPS","bfl_domain",0.2,"gibbs_dir","batch8",8135,0.673267326732673,0.253818814479393,0.832235246068228
"CHAMPS","bfl_domain",0.2,"gibbs_dir","batch8",8136,0.670792079207921,0.25936638668279,0.844978170682911
"CHAMPS","bfl_domain",0.2,"gibbs_dir","batch8",8137,0.643564356435644,0.238308511663775,0.789843242076199
"CHAMPS","bfl_domain",0.2,"gibbs_dir","batch8",8138,0.653465346534653,0.229223556623413,0.797585637458873
"CHAMPS","bfl_domain",0.2,"gibbs_dir","batch8",8139,0.648514851485149,0.266086827970236,0.812690996388979
"CHAMPS","bfl_domain",0.2,"gibbs_dir","batch8",8140,0.665841584158416,0.260506888166463,0.8227199490281
"CHAMPS","bfl_domain",0.2,"gibbs_dir","batch8",8141,0.673267326732673,0.285676171654432,0.826512852120157
"CHAMPS","bfl_domain",0.2,"gibbs_dir","batch8",8142,0.638613861386139,0.251742788461538,0.788607515457061
"CHAMPS","bfl_domain",0.2,"gibbs_dir","batch8",8143,0.655940594059406,0.272598457064366,0.815920012758992
"CHAMPS","bfl_domain",0.2,"gibbs_dir","batch8",8144,0.636138613861386,0.254154870623909,0.784181857661221
"CHAMPS","bfl_domain",0.2,"gibbs_dir","batch8",8145,0.653465346534653,0.235105419975205,0.808607110658538
"CHAMPS","bfl_domain",0.2,"gibbs_dir","batch8",8146,0.653465346534653,0.253194481334677,0.828285320891831
"CHAMPS","bfl_domain",0.2,"gibbs_dir","batch8",8147,0.660891089108911,0.282660681759042,0.816513275048091
"CHAMPS","bfl_domain",0.2,"gibbs_dir","batch8",8148,0.641089108910891,0.229637650655796,0.796711192904739
"CHAMPS","bfl_domain",0.2,"gibbs_dir","batch8",8149,0.668316831683168,0.243055809309733,0.830457642145355
"CHAMPS","bfl_domain",0.2,"gibbs_dir","batch8",8150,0.650990099009901,0.261874805477747,0.810832992699486
"CHAMPS","bfl_domain",0.2,"gibbs_dir","batch8",8151,0.641089108910891,0.241291943600397,0.805253242882467
"CHAMPS","bfl_domain",0.2,"gibbs_dir","batch8",8152,0.663366336633663,0.282866222821003,0.812945061926846
"CHAMPS","bfl_domain",0.2,"gibbs_dir","batch8",8153,0.646039603960396,0.246268987881891,0.793128640210049
"CHAMPS","bfl_domain",0.2,"gibbs_dir","batch8",8154,0.655940594059406,0.278895768833849,0.805985259845809
"CHAMPS","bfl_domain",0.2,"gibbs_dir","batch8",8155,0.658415841584158,0.263744588744589,0.829354881131332
"CHAMPS","bfl_domain",0.2,"gibbs_dir","batch8",8156,0.658415841584158,0.253220963064713,0.852805744761117
"CHAMPS","bfl_domain",0.2,"gibbs_dir","batch8",8157,0.638613861386139,0.239503968253968,0.807403102412437
"CHAMPS","bfl_domain",0.2,"gibbs_dir","batch8",8158,0.665841584158416,0.268821169772257,0.829086606891784
"CHAMPS","bfl_domain",0.2,"gibbs_dir","batch8",8159,0.638613861386139,0.204927550710997,0.796904447026305
"CHAMPS","bfl_domain",0.2,"gibbs_dir","batch8",8160,0.641089108910891,0.284919056039746,0.834071547534373
"CHAMPS","bfl_domain",0.2,"gibbs_dir","batch8",8161,0.621287128712871,0.218973343757827,0.785735760394254
"CHAMPS","bfl_domain",0.2,"gibbs_dir","batch8",8162,0.618811881188119,0.247473471968988,0.77587787984437
"CHAMPS","bfl_domain",0.2,"gibbs_dir","batch8",8163,0.613861386138614,0.225372991035605,0.762730350079928
"CHAMPS","bfl_domain",0.2,"gibbs_dir","batch8",8164,0.680693069306931,0.275277752893242,0.822083962069797
"CHAMPS","bfl_domain",0.2,"gibbs_dir","batch8",8165,0.663366336633663,0.217767558528428,0.820061815920672
"CHAMPS","bfl_domain",0.2,"gibbs_dir","batch8",8166,0.633663366336634,0.213575644610127,0.780493177498974
"CHAMPS","bfl_domain",0.2,"gibbs_dir","batch8",8167,0.653465346534653,0.246339771339771,0.798116976811715
"CHAMPS","bfl_domain",0.2,"gibbs_dir","batch8",8168,0.670792079207921,0.258562236461085,0.813026870028121
"CHAMPS","bfl_domain",0.2,"gibbs_dir","batch8",8169,0.655940594059406,0.24020896656535,0.815826121271834
"CHAMPS","bfl_domain",0.2,"gibbs_dir","batch8",8170,0.660891089108911,0.251041520627958,0.823572623703587
"CHAMPS","bfl_domain",0.2,"gibbs_dir","batch8",8171,0.660891089108911,0.274983544397261,0.806581589432671
"CHAMPS","bfl_domain",0.2,"gibbs_dir","batch8",8172,0.631188118811881,0.256477574742494,0.787183914556372
"CHAMPS","bfl_domain",0.2,"gibbs_dir","batch8",8173,0.665841584158416,0.280416138526393,0.836437562764633
"CHAMPS","bfl_domain",0.2,"gibbs_dir","batch8",8174,0.641089108910891,0.240310637553369,0.811750890103122
"CHAMPS","bfl_domain",0.2,"gibbs_dir","batch8",8175,0.670792079207921,0.256093468242837,0.836019365350286
"CHAMPS","bfl_domain",0.2,"gibbs_dir","batch8",8176,0.663366336633663,0.262379581766917,0.812196717987233
"CHAMPS","bfl_domain",0.2,"gibbs_dir","batch8",8177,0.628712871287129,0.237301587301587,0.777283825581458
"CHAMPS","bfl_domain",0.2,"gibbs_dir","batch8",8178,0.643564356435644,0.242750524539318,0.804385246816926
"CHAMPS","bfl_domain",0.2,"gibbs_dir","batch8",8179,0.633663366336634,0.247788845033167,0.776503908087481
"CHAMPS","bfl_domain",0.2,"gibbs_dir","batch8",8180,0.668316831683168,0.230310061877858,0.807285406005064
"CHAMPS","bfl_domain",0.2,"gibbs_dir","batch8",8181,0.675742574257426,0.276500041860211,0.825787867255397
"CHAMPS","bfl_domain",0.2,"gibbs_dir","batch8",8182,0.660891089108911,0.280446852548488,0.828423271029618
"CHAMPS","bfl_domain",0.2,"gibbs_dir","batch8",8183,0.648514851485149,0.281892943629264,0.811705697697529
"CHAMPS","bfl_domain",0.2,"gibbs_dir","batch8",8184,0.643564356435644,0.244456296143846,0.778614979668478
"CHAMPS","bfl_domain",0.2,"gibbs_dir","batch8",8185,0.660891089108911,0.257010582010582,0.811600035586242
"CHAMPS","bfl_domain",0.2,"gibbs_dir","batch8",8186,0.670792079207921,0.262473519689139,0.811891401338747
"CHAMPS","bfl_domain",0.2,"gibbs_dir","batch8",8187,0.648514851485149,0.247381133829549,0.79758414773993
"CHAMPS","bfl_domain",0.2,"gibbs_dir","batch8",8188,0.658415841584158,0.247310985797828,0.794806622758425
"CHAMPS","bfl_domain",0.2,"gibbs_dir","batch8",8189,0.655940594059406,0.226584846967963,0.811563950214986
"CHAMPS","bfl_domain",0.2,"gibbs_dir","batch8",8190,0.668316831683168,0.246952643025834,0.831905250407153
"CHAMPS","bfl_domain",0.2,"gibbs_dir","batch8",8191,0.643564356435644,0.240258632692843,0.794584146303573
"CHAMPS","bfl_domain",0.2,"gibbs_dir","batch8",8192,0.660891089108911,0.250359457118968,0.807204173473694
"CHAMPS","bfl_domain",0.2,"gibbs_dir","batch8",8193,0.668316831683168,0.274382754557427,0.816231177096765
"CHAMPS","bfl_domain",0.2,"gibbs_dir","batch8",8194,0.643564356435644,0.262823840874278,0.802371310789852
"CHAMPS","bfl_domain",0.2,"gibbs_dir","batch8",8195,0.655940594059406,0.252008082874967,0.828667809395911
"CHAMPS","bfl_domain",0.2,"gibbs_dir","batch8",8196,0.683168316831683,0.263650121065375,0.850906984571391
"CHAMPS","bfl_domain",0.2,"gibbs_dir","batch8",8197,0.648514851485149,0.23983136983137,0.812371946865459
"CHAMPS","bfl_domain",0.2,"gibbs_dir","batch8",8198,0.638613861386139,0.198745566264197,0.770334610277808
"CHAMPS","bfl_domain",0.2,"gibbs_dir","batch8",8199,0.650990099009901,0.239342546026468,0.791158369718092
"CHAMPS","bfl_domain",0.2,"gibbs_dir","batch8",8200,0.633663366336634,0.241723233363858,0.798476104069031
"CHAMPS","bfl_domain",0.2,"gibbs_dir","batch8",8201,0.665841584158416,0.260385338345865,0.832057630095644
"CHAMPS","bfl_domain",0.2,"gibbs_dir","batch8",8202,0.658415841584158,0.255267104104638,0.816885959504008
"CHAMPS","bfl_domain",0.2,"gibbs_dir","batch8",8203,0.668316831683168,0.259975165280987,0.832306360440232
"CHAMPS","bfl_domain",0.2,"gibbs_dir","batch8",8204,0.648514851485149,0.224108159705079,0.791194433488433
"CHAMPS","bfl_domain",0.2,"gibbs_dir","batch8",8205,0.626237623762376,0.252400445732754,0.75735247009775
"CHAMPS","bfl_domain",0.2,"gibbs_dir","batch8",8206,0.665841584158416,0.261414835164835,0.818387568219457
"CHAMPS","bfl_domain",0.2,"gibbs_dir","batch8",8207,0.675742574257426,0.265560612809849,0.82484687505385
"CHAMPS","bfl_domain",0.2,"gibbs_dir","batch8",8208,0.685643564356436,0.277653511363189,0.832913191948515
"CHAMPS","bfl_domain",0.2,"gibbs_dir","batch8",8209,0.665841584158416,0.254858000363032,0.816522897711923
"CHAMPS","bfl_domain",0.2,"gibbs_dir","batch8",8210,0.680693069306931,0.262575374517288,0.831931393063061
"CHAMPS","bfl_domain",0.2,"gibbs_dir","batch8",8211,0.663366336633663,0.227837962733227,0.816040956857757
"CHAMPS","bfl_domain",0.2,"gibbs_dir","batch8",8212,0.646039603960396,0.259136771300448,0.789759270363357
"CHAMPS","bfl_domain",0.2,"gibbs_dir","batch8",8213,0.643564356435644,0.252039201207999,0.80193267747167
"CHAMPS","bfl_domain",0.2,"gibbs_dir","batch8",8214,0.663366336633663,0.268189123189123,0.795490325739916
"CHAMPS","bfl_domain",0.2,"gibbs_dir","batch8",8215,0.628712871287129,0.219431170266165,0.801540623311777
"CHAMPS","bfl_domain",0.2,"gibbs_dir","batch8",8216,0.641089108910891,0.255639028739249,0.817731538102301
"CHAMPS","bfl_domain",0.2,"gibbs_dir","batch8",8217,0.638613861386139,0.248393683862434,0.801990578349565
"CHAMPS","bfl_domain",0.2,"gibbs_dir","batch8",8218,0.648514851485149,0.258888047978318,0.793835947123166
"CHAMPS","bfl_domain",0.2,"gibbs_dir","batch8",8219,0.663366336633663,0.253611297633037,0.83811771594458
"CHAMPS","bfl_domain",0.2,"gibbs_dir","batch8",8220,0.665841584158416,0.251187413838922,0.801922152548815
"CHAMPS","bfl_domain",0.2,"gibbs_dir","batch8",8221,0.658415841584158,0.27384305015884,0.815506244098073
"CHAMPS","bfl_domain",0.2,"gibbs_dir","batch8",8222,0.633663366336634,0.211302630909192,0.784886974486296
"CHAMPS","bfl_domain",0.2,"gibbs_dir","batch8",8223,0.643564356435644,0.238850486431132,0.790793560897895
"CHAMPS","bfl_domain",0.2,"gibbs_dir","batch8",8224,0.658415841584158,0.231229114452799,0.806215207085248
"CHAMPS","bfl_domain",0.2,"gibbs_dir","batch8",8225,0.663366336633663,0.263592680263936,0.805260779134968
"CHAMPS","bfl_domain",0.2,"gibbs_dir","batch8",8226,0.618811881188119,0.222599095131326,0.758328388562447
"CHAMPS","bfl_domain",0.2,"gibbs_dir","batch8",8227,0.623762376237624,0.222663288288288,0.779817979078665
"CHAMPS","bfl_domain",0.2,"gibbs_dir","batch8",8228,0.653465346534653,0.220894200469937,0.802372284186702
"CHAMPS","bfl_domain",0.2,"gibbs_dir","batch8",8229,0.618811881188119,0.235074839559566,0.772208947519107
"CHAMPS","bfl_domain",0.2,"gibbs_dir","batch8",8230,0.680693069306931,0.270312057878547,0.808606013755506
"CHAMPS","bfl_domain",0.2,"gibbs_dir","batch8",8231,0.668316831683168,0.263165412608558,0.838880473912602
"CHAMPS","bfl_domain",0.2,"gibbs_dir","batch8",8232,0.648514851485149,0.247195117195117,0.788358439281521
"CHAMPS","bfl_domain",0.2,"gibbs_dir","batch8",8233,0.655940594059406,0.241893753053742,0.813848678173948
"CHAMPS","bfl_domain",0.2,"gibbs_dir","batch8",8234,0.650990099009901,0.288281325035056,0.826369738871444
"CHAMPS","bfl_domain",0.2,"gibbs_dir","batch8",8235,0.658415841584158,0.255403930131004,0.835775909760662
"CHAMPS","bfl_domain",0.2,"gibbs_dir","batch8",8236,0.631188118811881,0.249548440065681,0.775694983600621
"CHAMPS","bfl_domain",0.2,"gibbs_dir","batch8",8237,0.668316831683168,0.262214289013452,0.817323402367555
"CHAMPS","bfl_domain",0.2,"gibbs_dir","batch8",8238,0.668316831683168,0.279463719739199,0.818277305448841
"CHAMPS","bfl_domain",0.2,"gibbs_dir","batch8",8239,0.658415841584158,0.263640893640894,0.807908076354664
"CHAMPS","bfl_domain",0.2,"gibbs_dir","batch8",8240,0.663366336633663,0.241113232261301,0.834094281043506
"CHAMPS","bfl_domain",0.2,"gibbs_dir","batch8",8241,0.663366336633663,0.248844049367177,0.779646475975982
"CHAMPS","bfl_domain",0.2,"gibbs_dir","batch8",8242,0.670792079207921,0.282966689178452,0.833947500288578
"CHAMPS","bfl_domain",0.2,"gibbs_dir","batch8",8243,0.655940594059406,0.265581140350877,0.807696585072742
"CHAMPS","bfl_domain",0.2,"gibbs_dir","batch8",8244,0.648514851485149,0.219001588134161,0.830717870939759
"CHAMPS","bfl_domain",0.2,"gibbs_dir","batch8",8245,0.660891089108911,0.256814240908972,0.80045317222385
"CHAMPS","bfl_domain",0.2,"gibbs_dir","batch8",8246,0.650990099009901,0.255473602484472,0.793398374705211
"CHAMPS","bfl_domain",0.2,"gibbs_dir","batch8",8247,0.660891089108911,0.269699505069902,0.82138416702107
"CHAMPS","bfl_domain",0.2,"gibbs_dir","batch8",8248,0.650990099009901,0.265296862932699,0.808201124738578
"CHAMPS","bfl_domain",0.2,"gibbs_dir","batch8",8249,0.653465346534653,0.223392311224719,0.783083471355308
"CHAMPS","bfl_domain",0.2,"gibbs_dir","batch8",8250,0.683168316831683,0.281582530372853,0.8380387759222
"CHAMPS","bfl_domain",0.2,"gibbs_dir","batch8",8251,0.668316831683168,0.27091703441261,0.836124170556806
"CHAMPS","bfl_domain",0.2,"gibbs_dir","batch8",8252,0.633663366336634,0.236215538847118,0.801343742379451
"CHAMPS","bfl_domain",0.2,"gibbs_dir","batch8",8253,0.653465346534653,0.262374914893572,0.790031315557731
"CHAMPS","bfl_domain",0.2,"gibbs_dir","batch8",8254,0.663366336633663,0.265058873500357,0.833712222411626
"CHAMPS","bfl_domain",0.2,"gibbs_dir","batch8",8255,0.655940594059406,0.272988775818857,0.840346173541278
"CHAMPS","bfl_domain",0.2,"gibbs_dir","batch8",8256,0.660891089108911,0.2606022808268,0.795558231468192
"CHAMPS","bfl_domain",0.2,"gibbs_dir","batch8",8257,0.646039603960396,0.235629654843517,0.777712466632007
"CHAMPS","bfl_domain",0.2,"gibbs_dir","batch8",8258,0.650990099009901,0.224231959906846,0.794519583517165
"CHAMPS","bfl_domain",0.2,"gibbs_dir","batch8",8259,0.631188118811881,0.258392545912215,0.793500321237432
"CHAMPS","bfl_domain",0.2,"gibbs_dir","batch8",8260,0.658415841584158,0.276693335903862,0.837396749513406
"CHAMPS","bfl_domain",0.2,"gibbs_dir","batch8",8261,0.655940594059406,0.259322629036922,0.804249274010479
"CHAMPS","bfl_domain",0.2,"gibbs_dir","batch8",8262,0.660891089108911,0.275226338435945,0.815226789760297
"CHAMPS","bfl_domain",0.2,"gibbs_dir","batch8",8263,0.650990099009901,0.263325958124478,0.801310099671204
"CHAMPS","bfl_domain",0.2,"gibbs_dir","batch8",8264,0.665841584158416,0.259925699850138,0.845580882089291
"CHAMPS","bfl_domain",0.2,"gibbs_dir","batch8",8265,0.631188118811881,0.248330662393162,0.776874014086011
"CHAMPS","bfl_domain",0.2,"gibbs_dir","batch8",8266,0.646039603960396,0.237041370092644,0.839856574785706
"CHAMPS","bfl_domain",0.2,"gibbs_dir","batch8",8267,0.636138613861386,0.241770539187335,0.795213475878169
"CHAMPS","bfl_domain",0.2,"gibbs_dir","batch8",8268,0.618811881188119,0.208331891799634,0.759450138526781
"CHAMPS","bfl_domain",0.2,"gibbs_dir","batch8",8269,0.638613861386139,0.224314278617557,0.774639077298665
"CHAMPS","bfl_domain",0.2,"gibbs_dir","batch8",8270,0.648514851485149,0.242400347614342,0.796344332180321
"CHAMPS","bfl_domain",0.2,"gibbs_dir","batch8",8271,0.648514851485149,0.222132066276803,0.813789828559602
"CHAMPS","bfl_domain",0.2,"gibbs_dir","batch8",8272,0.636138613861386,0.232822690410027,0.781214910411274
"CHAMPS","bfl_domain",0.2,"gibbs_dir","batch8",8273,0.670792079207921,0.283823683658485,0.822453148657734
"CHAMPS","bfl_domain",0.2,"gibbs_dir","batch8",8274,0.646039603960396,0.245041877370417,0.818349541709302
"CHAMPS","bfl_domain",0.2,"gibbs_dir","batch8",8275,0.658415841584158,0.266955088902514,0.834759458188047
"CHAMPS","bfl_domain",0.2,"gibbs_dir","batch8",8276,0.648514851485149,0.233809523809524,0.804006846214226
"CHAMPS","bfl_domain",0.2,"gibbs_dir","batch8",8277,0.638613861386139,0.258197724654378,0.805525668832847
"CHAMPS","bfl_domain",0.2,"gibbs_dir","batch8",8278,0.648514851485149,0.22918607424755,0.788054734466578
"CHAMPS","bfl_domain",0.2,"gibbs_dir","batch8",8279,0.655940594059406,0.24819267943019,0.817776474571307
"CHAMPS","bfl_domain",0.2,"gibbs_dir","batch8",8280,0.653465346534653,0.247669662143346,0.805071226158982
"CHAMPS","bfl_domain",0.2,"gibbs_dir","batch8",8281,0.646039603960396,0.24978335941224,0.800730816768072
"CHAMPS","bfl_domain",0.2,"gibbs_dir","batch8",8282,0.646039603960396,0.284366082147436,0.824046723536957
"CHAMPS","bfl_domain",0.2,"gibbs_dir","batch8",8283,0.658415841584158,0.229728604728605,0.816845314923559
"CHAMPS","bfl_domain",0.2,"gibbs_dir","batch8",8284,0.646039603960396,0.254112666108182,0.802021602686219
"CHAMPS","bfl_domain",0.2,"gibbs_dir","batch8",8285,0.650990099009901,0.251299936241699,0.818464949578122
"CHAMPS","bfl_domain",0.2,"gibbs_dir","batch8",8286,0.613861386138614,0.222602708047914,0.746459801633067
"CHAMPS","bfl_domain",0.2,"gibbs_dir","batch8",8287,0.670792079207921,0.272448935164452,0.811913518575589
"CHAMPS","bfl_domain",0.2,"gibbs_dir","batch8",8288,0.678217821782178,0.282977677425102,0.836728803762178
"CHAMPS","bfl_domain",0.2,"gibbs_dir","batch8",8289,0.670792079207921,0.260380463263809,0.834846991636547
"CHAMPS","bfl_domain",0.2,"gibbs_dir","batch8",8290,0.663366336633663,0.258818365082667,0.810456938182929
"CHAMPS","bfl_domain",0.2,"gibbs_dir","batch8",8291,0.648514851485149,0.262709687481134,0.809261925908975
"CHAMPS","bfl_domain",0.2,"gibbs_dir","batch8",8292,0.628712871287129,0.241325141073476,0.774569425380689
"CHAMPS","bfl_domain",0.2,"gibbs_dir","batch8",8293,0.655940594059406,0.252321217334996,0.830100722766913
"CHAMPS","bfl_domain",0.2,"gibbs_dir","batch8",8294,0.636138613861386,0.241446715747703,0.785672092921924
"CHAMPS","bfl_domain",0.2,"gibbs_dir","batch8",8295,0.673267326732673,0.27277088712401,0.826722243179659
"CHAMPS","bfl_domain",0.2,"gibbs_dir","batch8",8296,0.665841584158416,0.275137046046489,0.820263513358592
"CHAMPS","bfl_domain",0.2,"gibbs_dir","batch8",8297,0.665841584158416,0.282368797084732,0.808919627812148
"CHAMPS","bfl_domain",0.2,"gibbs_dir","batch8",8298,0.646039603960396,0.213517076470025,0.791492711528824
"CHAMPS","bfl_domain",0.2,"gibbs_dir","batch8",8299,0.643564356435644,0.261572400552664,0.789541642302292
"CHAMPS","bfl_domain",0.2,"gibbs_dir","batch8",8300,0.678217821782178,0.259832522328015,0.832693863961721
"CHAMPS","bfl_domain",0.2,"gibbs_dir","batch8",8301,0.668316831683168,0.267379611419036,0.843739036798966
"CHAMPS","bfl_domain",0.2,"gibbs_dir","batch8",8302,0.641089108910891,0.232207602644035,0.788659306309692
"CHAMPS","bfl_domain",0.2,"gibbs_dir","batch8",8303,0.650990099009901,0.256618096407056,0.799680554042223
"CHAMPS","bfl_domain",0.2,"gibbs_dir","batch8",8304,0.660891089108911,0.252525577484611,0.803420652522699
"CHAMPS","bfl_domain",0.2,"gibbs_dir","batch8",8305,0.631188118811881,0.244705791446319,0.781527224141207
"CHAMPS","bfl_domain",0.2,"gibbs_dir","batch8",8306,0.670792079207921,0.277934918818786,0.830207413853306
"CHAMPS","bfl_domain",0.2,"gibbs_dir","batch8",8307,0.638613861386139,0.21586155961156,0.767651173866443
"CHAMPS","bfl_domain",0.2,"gibbs_dir","batch8",8308,0.650990099009901,0.254095051851293,0.788578878834543
"CHAMPS","bfl_domain",0.2,"gibbs_dir","batch8",8309,0.663366336633663,0.24471693413048,0.802203611040819
"CHAMPS","bfl_domain",0.2,"gibbs_dir","batch8",8310,0.641089108910891,0.260095551378446,0.802490284467793
"CHAMPS","bfl_domain",0.2,"gibbs_dir","batch8",8311,0.655940594059406,0.257133020735492,0.8204759533714
"CHAMPS","bfl_domain",0.2,"gibbs_dir","batch8",8312,0.675742574257426,0.272575156121412,0.818496639408371
"CHAMPS","bfl_domain",0.2,"gibbs_dir","batch8",8313,0.655940594059406,0.272696695665446,0.808758647606607
"CHAMPS","bfl_domain",0.2,"gibbs_dir","batch8",8314,0.665841584158416,0.245625329436805,0.809571865195946
"CHAMPS","bfl_domain",0.2,"gibbs_dir","batch8",8315,0.643564356435644,0.230123850070156,0.78957301858628
"CHAMPS","bfl_domain",0.2,"gibbs_dir","batch8",8316,0.665841584158416,0.260327704451346,0.813130051549471
"CHAMPS","bfl_domain",0.2,"gibbs_dir","batch8",8317,0.663366336633663,0.258629241926656,0.820293404303819
"CHAMPS","bfl_domain",0.2,"gibbs_dir","batch8",8318,0.663366336633663,0.206588080756081,0.79511569725109
"CHAMPS","bfl_domain",0.2,"gibbs_dir","batch8",8319,0.641089108910891,0.25912756941518,0.805342706064371
"CHAMPS","bfl_domain",0.2,"gibbs_dir","batch8",8320,0.660891089108911,0.264677533946236,0.812667580526476
"CHAMPS","bfl_domain",0.2,"gibbs_dir","batch8",8321,0.653465346534653,0.279607010636422,0.787830411024172
"CHAMPS","bfl_domain",0.2,"gibbs_dir","batch8",8322,0.650990099009901,0.277296168228856,0.832826876929724
"CHAMPS","bfl_domain",0.2,"gibbs_dir","batch8",8323,0.680693069306931,0.242933455433455,0.83000700326731
"CHAMPS","bfl_domain",0.2,"gibbs_dir","batch8",8324,0.636138613861386,0.231625939849624,0.799838553686158
"CHAMPS","bfl_domain",0.2,"gibbs_dir","batch8",8325,0.688118811881188,0.288933346422148,0.825715083991503
"CHAMPS","bfl_domain",0.2,"gibbs_dir","batch8",8326,0.650990099009901,0.244344339792133,0.810051833127555
"CHAMPS","bfl_domain",0.2,"gibbs_dir","batch8",8327,0.650990099009901,0.238112062327309,0.833288269267557
"CHAMPS","bfl_domain",0.2,"gibbs_dir","batch8",8328,0.655940594059406,0.268005224810661,0.814313710021995
"CHAMPS","bfl_domain",0.2,"gibbs_dir","batch8",8329,0.660891089108911,0.244265980848861,0.825149742992902
"CHAMPS","bfl_domain",0.2,"gibbs_dir","batch8",8330,0.655940594059406,0.262042638570278,0.827166005545543
"CHAMPS","bfl_domain",0.2,"gibbs_dir","batch8",8331,0.653465346534653,0.260382775119617,0.800869842231059
"CHAMPS","bfl_domain",0.2,"gibbs_dir","batch8",8332,0.665841584158416,0.244110638403305,0.813578235957777
"CHAMPS","bfl_domain",0.2,"gibbs_dir","batch8",8333,0.668316831683168,0.279170976082741,0.842408925101899
"CHAMPS","bfl_domain",0.2,"gibbs_dir","batch8",8334,0.658415841584158,0.283841533841534,0.812334663414558
"CHAMPS","bfl_domain",0.2,"gibbs_dir","batch8",8335,0.643564356435644,0.25158039112312,0.823570290298421
"CHAMPS","bfl_domain",0.2,"gibbs_dir","batch8",8336,0.663366336633663,0.272980001793561,0.831363947516202
"CHAMPS","bfl_domain",0.2,"gibbs_dir","batch8",8337,0.668316831683168,0.26048448834183,0.8311660063926
"CHAMPS","bfl_domain",0.2,"gibbs_dir","batch8",8338,0.660891089108911,0.25558729586317,0.816095806872983
"CHAMPS","bfl_domain",0.2,"gibbs_dir","batch8",8339,0.660891089108911,0.256405803410823,0.829070769255295
"CHAMPS","bfl_domain",0.2,"gibbs_dir","batch8",8340,0.663366336633663,0.272743498340681,0.824232922464828
"CHAMPS","bfl_domain",0.2,"gibbs_dir","batch8",8341,0.663366336633663,0.2771617506787,0.816170193790674
"CHAMPS","bfl_domain",0.2,"gibbs_dir","batch8",8342,0.665841584158416,0.249695873924791,0.79683619256919
"CHAMPS","bfl_domain",0.2,"gibbs_dir","batch8",8343,0.675742574257426,0.231776909034758,0.846547526746735
"CHAMPS","bfl_domain",0.2,"gibbs_dir","batch8",8344,0.658415841584158,0.228879293160843,0.794357992360384
"CHAMPS","bfl_domain",0.2,"gibbs_dir","batch8",8345,0.673267326732673,0.230912134308799,0.824513501374969
"CHAMPS","bfl_domain",0.2,"gibbs_dir","batch8",8346,0.658415841584158,0.281698949031311,0.815935654397307
"CHAMPS","bfl_domain",0.2,"gibbs_dir","batch8",8347,0.665841584158416,0.220688652544574,0.80241310441898
"CHAMPS","bfl_domain",0.2,"gibbs_dir","batch8",8348,0.646039603960396,0.227573352573353,0.785890779997155
"CHAMPS","bfl_domain",0.2,"gibbs_dir","batch8",8349,0.638613861386139,0.20333435161307,0.78846286364059
"CHAMPS","bfl_domain",0.2,"gibbs_dir","batch8",8350,0.658415841584158,0.263492063492063,0.816403177176196
"CHAMPS","bfl_domain",0.2,"gibbs_dir","batch8",8351,0.655940594059406,0.247244197300419,0.801175596544047
"CHAMPS","bfl_domain",0.2,"gibbs_dir","batch8",8352,0.641089108910891,0.233971337147428,0.780205562341011
"CHAMPS","bfl_domain",0.2,"gibbs_dir","batch8",8353,0.663366336633663,0.248979718527591,0.846196252644176
"CHAMPS","bfl_domain",0.2,"gibbs_dir","batch8",8354,0.673267326732673,0.270260279708749,0.820812920513798
"CHAMPS","bfl_domain",0.2,"gibbs_dir","batch8",8355,0.646039603960396,0.25178656482836,0.797991407601482
"CHAMPS","bfl_domain",0.2,"gibbs_dir","batch8",8356,0.646039603960396,0.268443651190136,0.819924907565062
"CHAMPS","bfl_domain",0.2,"gibbs_dir","batch8",8357,0.658415841584158,0.259590001350377,0.829805904524358
"CHAMPS","bfl_domain",0.2,"gibbs_dir","batch8",8358,0.650990099009901,0.257172441099011,0.798657962090686
"CHAMPS","bfl_domain",0.2,"gibbs_dir","batch8",8359,0.663366336633663,0.253677368176909,0.806793525761904
"CHAMPS","bfl_domain",0.2,"gibbs_dir","batch8",8360,0.638613861386139,0.248462526036055,0.778892684077755
"CHAMPS","bfl_domain",0.2,"gibbs_dir","batch8",8361,0.618811881188119,0.234876454022704,0.780492035043731
"CHAMPS","bfl_domain",0.2,"gibbs_dir","batch8",8362,0.678217821782178,0.274876505011254,0.831709981578751
"CHAMPS","bfl_domain",0.2,"gibbs_dir","batch8",8363,0.663366336633663,0.255805874453415,0.822345181807539
"CHAMPS","bfl_domain",0.2,"gibbs_dir","batch8",8364,0.648514851485149,0.260906240720175,0.820500982538604
"CHAMPS","bfl_domain",0.2,"gibbs_dir","batch8",8365,0.650990099009901,0.241549901671583,0.817024717074202
"CHAMPS","bfl_domain",0.2,"gibbs_dir","batch8",8366,0.641089108910891,0.258084386321042,0.791489634320231
"CHAMPS","bfl_domain",0.2,"gibbs_dir","batch8",8367,0.655940594059406,0.277124958374958,0.831220708204823
"CHAMPS","bfl_domain",0.2,"gibbs_dir","batch8",8368,0.663366336633663,0.268080473158598,0.819721854615904
"CHAMPS","bfl_domain",0.2,"gibbs_dir","batch8",8369,0.665841584158416,0.26830138793556,0.838802604902702
"CHAMPS","bfl_domain",0.2,"gibbs_dir","batch8",8370,0.678217821782178,0.284500895002168,0.824133848719061
"CHAMPS","bfl_domain",0.2,"gibbs_dir","batch8",8371,0.648514851485149,0.25143567616275,0.827392735658374
"CHAMPS","bfl_domain",0.2,"gibbs_dir","batch8",8372,0.636138613861386,0.243869297897431,0.789307801745605
"CHAMPS","bfl_domain",0.2,"gibbs_dir","batch8",8373,0.668316831683168,0.273455527010409,0.824419300682526
"CHAMPS","bfl_domain",0.2,"gibbs_dir","batch8",8374,0.646039603960396,0.267144620085797,0.789049980847249
"CHAMPS","bfl_domain",0.2,"gibbs_dir","batch8",8375,0.673267326732673,0.230857927247769,0.824510823779741
"CHAMPS","bfl_domain",0.2,"gibbs_dir","batch8",8376,0.638613861386139,0.221820464532329,0.803359620371487
"CHAMPS","bfl_domain",0.2,"gibbs_dir","batch8",8377,0.655940594059406,0.215419087258266,0.798181475187457
"CHAMPS","bfl_domain",0.2,"gibbs_dir","batch8",8378,0.658415841584158,0.233754740834387,0.809371157685954
"CHAMPS","bfl_domain",0.2,"gibbs_dir","batch8",8379,0.643564356435644,0.275446428571429,0.809447637028237
"CHAMPS","bfl_domain",0.2,"gibbs_dir","batch8",8380,0.650990099009901,0.242674668006526,0.791598558786183
"CHAMPS","bfl_domain",0.2,"gibbs_dir","batch8",8381,0.675742574257426,0.258912977119499,0.84705461047632
"CHAMPS","bfl_domain",0.2,"gibbs_dir","batch8",8382,0.648514851485149,0.265630341880342,0.814319330448471
"CHAMPS","bfl_domain",0.2,"gibbs_dir","batch8",8383,0.621287128712871,0.270805682767562,0.802332728857979
"CHAMPS","bfl_domain",0.2,"gibbs_dir","batch8",8384,0.660891089108911,0.278070797976824,0.80252337258562
"CHAMPS","bfl_domain",0.2,"gibbs_dir","batch8",8385,0.646039603960396,0.242037037037037,0.792340143302147
"CHAMPS","bfl_domain",0.2,"gibbs_dir","batch8",8386,0.658415841584158,0.248967878741259,0.809421201631551
"CHAMPS","bfl_domain",0.2,"gibbs_dir","batch8",8387,0.623762376237624,0.234503747774296,0.773616656017886
"CHAMPS","bfl_domain",0.2,"gibbs_dir","batch8",8388,0.663366336633663,0.240593959815928,0.802814743834474
"CHAMPS","bfl_domain",0.2,"gibbs_dir","batch8",8389,0.655940594059406,0.263921238785369,0.841207202100826
"CHAMPS","bfl_domain",0.2,"gibbs_dir","batch8",8390,0.655940594059406,0.267025651045176,0.809474606074984
"CHAMPS","bfl_domain",0.2,"gibbs_dir","batch8",8391,0.636138613861386,0.229448467480176,0.772796473762745
"CHAMPS","bfl_domain",0.2,"gibbs_dir","batch8",8392,0.658415841584158,0.248374911921167,0.797819276979103
"CHAMPS","bfl_domain",0.2,"gibbs_dir","batch8",8393,0.641089108910891,0.255771384766586,0.814206809881791
"CHAMPS","bfl_domain",0.2,"gibbs_dir","batch8",8394,0.660891089108911,0.243141538228874,0.798430045817447
"CHAMPS","bfl_domain",0.2,"gibbs_dir","batch8",8395,0.673267326732673,0.233474067269644,0.812844345781216
"CHAMPS","bfl_domain",0.2,"gibbs_dir","batch8",8396,0.665841584158416,0.263701576201576,0.794107350060928
"CHAMPS","bfl_domain",0.2,"gibbs_dir","batch8",8397,0.653465346534653,0.26151048202135,0.810773466516903
"CHAMPS","bfl_domain",0.2,"gibbs_dir","batch8",8398,0.650990099009901,0.207727667350843,0.81454055612855
"CHAMPS","bfl_domain",0.2,"gibbs_dir","batch8",8399,0.646039603960396,0.257770360283462,0.821561298894462
"CHAMPS","bfl_domain",0.2,"gibbs_dir","batch8",8400,0.648514851485149,0.262131971174621,0.804502975812073
"CHAMPS","bfl_domain",0.2,"gibbs_dir","batch8",8401,0.663366336633663,0.223965026543657,0.824110057686929
"CHAMPS","bfl_domain",0.2,"gibbs_dir","batch8",8402,0.685643564356436,0.288988735279058,0.8358616744768
"CHAMPS","bfl_domain",0.2,"gibbs_dir","batch8",8403,0.653465346534653,0.257060365490892,0.801490687077463
"CHAMPS","bfl_domain",0.2,"gibbs_dir","batch8",8404,0.628712871287129,0.265728638755898,0.810974669923432
"CHAMPS","bfl_domain",0.2,"gibbs_dir","batch8",8405,0.653465346534653,0.253244231449789,0.843418457618731
"CHAMPS","bfl_domain",0.2,"gibbs_dir","batch8",8406,0.636138613861386,0.220698244212775,0.765684203277968
"CHAMPS","bfl_domain",0.2,"gibbs_dir","batch8",8407,0.660891089108911,0.261950066114874,0.836738663176301
"CHAMPS","bfl_domain",0.2,"gibbs_dir","batch8",8408,0.678217821782178,0.262014612712038,0.83386575000835
"CHAMPS","bfl_domain",0.2,"gibbs_dir","batch8",8409,0.663366336633663,0.267964226995064,0.787350715004944
"CHAMPS","bfl_domain",0.2,"gibbs_dir","batch8",8410,0.660891089108911,0.238138163919414,0.805434829687963
"CHAMPS","bfl_domain",0.2,"gibbs_dir","batch8",8411,0.643564356435644,0.237379952914001,0.781442119824083
"CHAMPS","bfl_domain",0.2,"gibbs_dir","batch8",8412,0.643564356435644,0.265029558382965,0.807129834851531
"CHAMPS","bfl_domain",0.2,"gibbs_dir","batch8",8413,0.631188118811881,0.248255559997631,0.783145312441941
"CHAMPS","bfl_domain",0.2,"gibbs_dir","batch8",8414,0.648514851485149,0.20972582972583,0.770298808084459
"CHAMPS","bfl_domain",0.2,"gibbs_dir","batch8",8415,0.670792079207921,0.268205256764579,0.822029484920384
"CHAMPS","bfl_domain",0.2,"gibbs_dir","batch8",8416,0.650990099009901,0.265234226979917,0.817875079417724
"CHAMPS","bfl_domain",0.2,"gibbs_dir","batch8",8417,0.653465346534653,0.241456587792795,0.833869073044537
"CHAMPS","bfl_domain",0.2,"gibbs_dir","batch8",8418,0.646039603960396,0.266512041598248,0.795053632107189
"CHAMPS","bfl_domain",0.2,"gibbs_dir","batch8",8419,0.668316831683168,0.252602499845147,0.834542338113006
"CHAMPS","bfl_domain",0.2,"gibbs_dir","batch8",8420,0.646039603960396,0.25076791671227,0.78928091060914
"CHAMPS","bfl_domain",0.2,"gibbs_dir","batch8",8421,0.660891089108911,0.263678461369139,0.816489115553096
"CHAMPS","bfl_domain",0.2,"gibbs_dir","batch8",8422,0.663366336633663,0.291798333245702,0.833646972414997
"CHAMPS","bfl_domain",0.2,"gibbs_dir","batch8",8423,0.646039603960396,0.223046483670607,0.819276885542369
"CHAMPS","bfl_domain",0.2,"gibbs_dir","batch8",8424,0.665841584158416,0.260954944178628,0.82347600959919
"CHAMPS","bfl_domain",0.2,"gibbs_dir","batch8",8425,0.648514851485149,0.247799099739398,0.80263824618577
"CHAMPS","bfl_domain",0.2,"gibbs_dir","batch8",8426,0.660891089108911,0.246631983916467,0.82236510776905
"CHAMPS","bfl_domain",0.2,"gibbs_dir","batch8",8427,0.641089108910891,0.268433080372542,0.795115623205655
"CHAMPS","bfl_domain",0.2,"gibbs_dir","batch8",8428,0.658415841584158,0.272662258308937,0.806942601322487
"CHAMPS","bfl_domain",0.2,"gibbs_dir","batch8",8429,0.660891089108911,0.246185686918446,0.829225360697602
"CHAMPS","bfl_domain",0.2,"gibbs_dir","batch8",8430,0.646039603960396,0.261316594981586,0.788805117888563
"CHAMPS","bfl_domain",0.2,"gibbs_dir","batch8",8431,0.660891089108911,0.276937077438587,0.822191601269285
"CHAMPS","bfl_domain",0.2,"gibbs_dir","batch8",8432,0.655940594059406,0.270444455444455,0.810826601519251
"CHAMPS","bfl_domain",0.2,"gibbs_dir","batch8",8433,0.631188118811881,0.233120635223337,0.786480501784019
"CHAMPS","bfl_domain",0.2,"gibbs_dir","batch8",8434,0.646039603960396,0.239977956158055,0.79499402657555
"CHAMPS","bfl_domain",0.2,"gibbs_dir","batch8",8435,0.670792079207921,0.257020184462794,0.827637431311149
"CHAMPS","bfl_domain",0.2,"gibbs_dir","batch8",8436,0.680693069306931,0.285584052675577,0.816105595003039
"CHAMPS","bfl_domain",0.2,"gibbs_dir","batch8",8437,0.636138613861386,0.265551111523203,0.796164814439563
"CHAMPS","bfl_domain",0.2,"gibbs_dir","batch8",8438,0.648514851485149,0.263590764545773,0.802475861481097
"CHAMPS","bfl_domain",0.2,"gibbs_dir","batch8",8439,0.638613861386139,0.251608539853736,0.806793088044095
"CHAMPS","bfl_domain",0.2,"gibbs_dir","batch8",8440,0.646039603960396,0.235913635584688,0.78372686965526
"CHAMPS","bfl_domain",0.2,"gibbs_dir","batch8",8441,0.650990099009901,0.265529078357303,0.824626003055525
"CHAMPS","bfl_domain",0.2,"gibbs_dir","batch8",8442,0.648514851485149,0.248505157812119,0.815808699123006
"CHAMPS","bfl_domain",0.2,"gibbs_dir","batch8",8443,0.646039603960396,0.246828678078678,0.777256575736379
"CHAMPS","bfl_domain",0.2,"gibbs_dir","batch8",8444,0.660891089108911,0.271679567121707,0.823215739986792
"CHAMPS","bfl_domain",0.2,"gibbs_dir","batch8",8445,0.638613861386139,0.243806468806469,0.79628702539982
"CHAMPS","bfl_domain",0.2,"gibbs_dir","batch8",8446,0.650990099009901,0.235383852258852,0.803390097318265
"CHAMPS","bfl_domain",0.2,"gibbs_dir","batch8",8447,0.641089108910891,0.247191336770294,0.798381838559828
"CHAMPS","bfl_domain",0.2,"gibbs_dir","batch8",8448,0.675742574257426,0.25723137973138,0.811767812791431
"CHAMPS","bfl_domain",0.2,"gibbs_dir","batch8",8449,0.655940594059406,0.227769758270748,0.832796514161694
"CHAMPS","bfl_domain",0.2,"gibbs_dir","batch8",8450,0.653465346534653,0.271727693602694,0.81347987924742
"CHAMPS","bfl_domain",0.2,"gibbs_dir","batch8",8451,0.648514851485149,0.234786121949799,0.792673239075112
"CHAMPS","bfl_domain",0.2,"gibbs_dir","batch8",8452,0.631188118811881,0.23125465652133,0.79329225605465
"CHAMPS","bfl_domain",0.2,"gibbs_dir","batch8",8453,0.655940594059406,0.27308352402746,0.808750506095061
"CHAMPS","bfl_domain",0.2,"gibbs_dir","batch8",8454,0.688118811881188,0.25659540866742,0.834221896794226
"CHAMPS","bfl_domain",0.2,"gibbs_dir","batch8",8455,0.643564356435644,0.242374428994023,0.789934735302278
"CHAMPS","bfl_domain",0.2,"gibbs_dir","batch8",8456,0.660891089108911,0.239438851264248,0.806557517176157
"CHAMPS","bfl_domain",0.2,"gibbs_dir","batch8",8457,0.675742574257426,0.28539649024645,0.81726537587454
"CHAMPS","bfl_domain",0.2,"gibbs_dir","batch8",8458,0.643564356435644,0.222274585172629,0.799748766704143
"CHAMPS","bfl_domain",0.2,"gibbs_dir","batch8",8459,0.658415841584158,0.28071380374012,0.807325873016916
"CHAMPS","bfl_domain",0.2,"gibbs_dir","batch8",8460,0.655940594059406,0.259159482758621,0.787324866269452
"CHAMPS","bfl_domain",0.2,"gibbs_dir","batch8",8461,0.648514851485149,0.257657228440675,0.810304545803847
"CHAMPS","bfl_domain",0.2,"gibbs_dir","batch8",8462,0.658415841584158,0.262788764907409,0.806280831608956
"CHAMPS","bfl_domain",0.2,"gibbs_dir","batch8",8463,0.638613861386139,0.246618454321645,0.809456456553489
"CHAMPS","bfl_domain",0.2,"gibbs_dir","batch8",8464,0.678217821782178,0.258094421203502,0.845505360977316
"CHAMPS","bfl_domain",0.2,"gibbs_dir","batch8",8465,0.633663366336634,0.248036747756479,0.777670474093305
"CHAMPS","bfl_domain",0.2,"gibbs_dir","batch8",8466,0.663366336633663,0.271258579077962,0.807998315906377
"CHAMPS","bfl_domain",0.2,"gibbs_dir","batch8",8467,0.653465346534653,0.253969217872739,0.795653230515336
"CHAMPS","bfl_domain",0.2,"gibbs_dir","batch8",8468,0.665841584158416,0.276519457245264,0.804544334790105
"CHAMPS","bfl_domain",0.2,"gibbs_dir","batch8",8469,0.658415841584158,0.253685573481829,0.793062479586343
"CHAMPS","bfl_domain",0.2,"gibbs_dir","batch8",8470,0.650990099009901,0.262820275988379,0.802340640923275
"CHAMPS","bfl_domain",0.2,"gibbs_dir","batch8",8471,0.663366336633663,0.269198193509868,0.811410105858386
"CHAMPS","bfl_domain",0.2,"gibbs_dir","batch8",8472,0.646039603960396,0.240489127989128,0.786925530296772
"CHAMPS","bfl_domain",0.2,"gibbs_dir","batch8",8473,0.648514851485149,0.198310356880226,0.80207013738769
"CHAMPS","bfl_domain",0.2,"gibbs_dir","batch8",8474,0.650990099009901,0.266146169043165,0.821982743892053
"CHAMPS","bfl_domain",0.2,"gibbs_dir","batch8",8475,0.670792079207921,0.279948864095723,0.832141894243116
"CHAMPS","bfl_domain",0.2,"gibbs_dir","batch8",8476,0.641089108910891,0.259865807882818,0.831966752860397
"CHAMPS","bfl_domain",0.2,"gibbs_dir","batch8",8477,0.655940594059406,0.285195015557919,0.805632502950727
"CHAMPS","bfl_domain",0.2,"gibbs_dir","batch8",8478,0.663366336633663,0.239426120894715,0.817928112465628
"CHAMPS","bfl_domain",0.2,"gibbs_dir","batch8",8479,0.650990099009901,0.252105259214709,0.806737504605244
"CHAMPS","bfl_domain",0.2,"gibbs_dir","batch8",8480,0.668316831683168,0.266110025344471,0.824341477773345
"CHAMPS","bfl_domain",0.2,"gibbs_dir","batch8",8481,0.655940594059406,0.253714407495038,0.797638940936962
"CHAMPS","bfl_domain",0.2,"gibbs_dir","batch8",8482,0.655940594059406,0.250061894226717,0.794349289455532
"CHAMPS","bfl_domain",0.2,"gibbs_dir","batch8",8483,0.690594059405941,0.296517647867991,0.824181713321556
"CHAMPS","bfl_domain",0.2,"gibbs_dir","batch8",8484,0.655940594059406,0.235052632239996,0.785269214706929
"CHAMPS","bfl_domain",0.2,"gibbs_dir","batch8",8485,0.650990099009901,0.243823779267328,0.836002818751831
"CHAMPS","bfl_domain",0.2,"gibbs_dir","batch8",8486,0.663366336633663,0.261546002102029,0.816937686937169
"CHAMPS","bfl_domain",0.2,"gibbs_dir","batch8",8487,0.668316831683168,0.265990283459965,0.839357568817464
"CHAMPS","bfl_domain",0.2,"gibbs_dir","batch8",8488,0.660891089108911,0.281549351464606,0.826248093739746
"CHAMPS","bfl_domain",0.2,"gibbs_dir","batch8",8489,0.680693069306931,0.274042496868584,0.837830190337586
"CHAMPS","bfl_domain",0.2,"gibbs_dir","batch8",8490,0.680693069306931,0.290554968749924,0.824102691658477
"CHAMPS","bfl_domain",0.2,"gibbs_dir","batch8",8491,0.665841584158416,0.235590282580542,0.825093341720752
"CHAMPS","bfl_domain",0.2,"gibbs_dir","batch8",8492,0.683168316831683,0.290343102574852,0.829001084030265
"CHAMPS","bfl_domain",0.2,"gibbs_dir","batch8",8493,0.638613861386139,0.23284970351342,0.779315159450614
"CHAMPS","bfl_domain",0.2,"gibbs_dir","batch8",8494,0.663366336633663,0.233318893198657,0.825065634207085
"CHAMPS","bfl_domain",0.2,"gibbs_dir","batch8",8495,0.643564356435644,0.255244973367244,0.780751509040501
"CHAMPS","bfl_domain",0.2,"gibbs_dir","batch8",8496,0.641089108910891,0.258019553021913,0.790340487735973
"CHAMPS","bfl_domain",0.2,"gibbs_dir","batch8",8497,0.663366336633663,0.270140910163625,0.815610341382028
"CHAMPS","bfl_domain",0.2,"gibbs_dir","batch8",8498,0.658415841584158,0.243609184293694,0.813764314789464
"CHAMPS","bfl_domain",0.2,"gibbs_dir","batch8",8499,0.653465346534653,0.282554399565004,0.810260570386849
"CHAMPS","bfl_domain",0.2,"gibbs_dir","batch8",8500,0.648514851485149,0.211214618930348,0.792848826448789
"CHAMPS","bfl_mix",0.2,"gibbs_dir","batch8",8001,0.650990099009901,0.251661660457226,0.821873794463942
"CHAMPS","bfl_mix",0.2,"gibbs_dir","batch8",8002,0.616336633663366,0.256987136652188,0.813893266803996
"CHAMPS","bfl_mix",0.2,"gibbs_dir","batch8",8003,0.653465346534653,0.243925373417714,0.828169829744596
"CHAMPS","bfl_mix",0.2,"gibbs_dir","batch8",8004,0.643564356435644,0.255102299016773,0.800259362790915
"CHAMPS","bfl_mix",0.2,"gibbs_dir","batch8",8005,0.646039603960396,0.250226147923766,0.846912194956547
"CHAMPS","bfl_mix",0.2,"gibbs_dir","batch8",8006,0.633663366336634,0.235056684880385,0.828254921006759
"CHAMPS","bfl_mix",0.2,"gibbs_dir","batch8",8007,0.643564356435644,0.249626448819997,0.856945171160738
"CHAMPS","bfl_mix",0.2,"gibbs_dir","batch8",8008,0.641089108910891,0.257063945484582,0.826650951547724
"CHAMPS","bfl_mix",0.2,"gibbs_dir","batch8",8009,0.646039603960396,0.239066412462787,0.791637852549742
"CHAMPS","bfl_mix",0.2,"gibbs_dir","batch8",8010,0.650990099009901,0.238499166459693,0.823714389308562
"CHAMPS","bfl_mix",0.2,"gibbs_dir","batch8",8011,0.641089108910891,0.260919810301616,0.83291992522331
"CHAMPS","bfl_mix",0.2,"gibbs_dir","batch8",8012,0.650990099009901,0.229384162576558,0.802209690325924
"CHAMPS","bfl_mix",0.2,"gibbs_dir","batch8",8013,0.655940594059406,0.249447451993249,0.846608251722153
"CHAMPS","bfl_mix",0.2,"gibbs_dir","batch8",8014,0.668316831683168,0.237623502575011,0.833526784605277
"CHAMPS","bfl_mix",0.2,"gibbs_dir","batch8",8015,0.655940594059406,0.251527433358186,0.821713013977169
"CHAMPS","bfl_mix",0.2,"gibbs_dir","batch8",8016,0.653465346534653,0.232041991080668,0.812668579411527
"CHAMPS","bfl_mix",0.2,"gibbs_dir","batch8",8017,0.638613861386139,0.238388004658385,0.830909425167551
"CHAMPS","bfl_mix",0.2,"gibbs_dir","batch8",8018,0.633663366336634,0.232124275201629,0.821847533332731
"CHAMPS","bfl_mix",0.2,"gibbs_dir","batch8",8019,0.633663366336634,0.233850486431132,0.797721800100349
"CHAMPS","bfl_mix",0.2,"gibbs_dir","batch8",8020,0.655940594059406,0.212236033547509,0.848576199105676
"CHAMPS","bfl_mix",0.2,"gibbs_dir","batch8",8021,0.633663366336634,0.259406601256822,0.828419165597706
"CHAMPS","bfl_mix",0.2,"gibbs_dir","batch8",8022,0.631188118811881,0.247433035714286,0.811224995117151
"CHAMPS","bfl_mix",0.2,"gibbs_dir","batch8",8023,0.638613861386139,0.263815649002532,0.81839740194635
"CHAMPS","bfl_mix",0.2,"gibbs_dir","batch8",8024,0.638613861386139,0.26476848582906,0.806775024074021
"CHAMPS","bfl_mix",0.2,"gibbs_dir","batch8",8025,0.655940594059406,0.25064461153435,0.822806849163052
"CHAMPS","bfl_mix",0.2,"gibbs_dir","batch8",8026,0.623762376237624,0.211312576312576,0.797674116869969
"CHAMPS","bfl_mix",0.2,"gibbs_dir","batch8",8027,0.628712871287129,0.210672488431109,0.812598357920494
"CHAMPS","bfl_mix",0.2,"gibbs_dir","batch8",8028,0.638613861386139,0.260999517864018,0.823280087904741
"CHAMPS","bfl_mix",0.2,"gibbs_dir","batch8",8029,0.650990099009901,0.228035706674947,0.855730279409942
"CHAMPS","bfl_mix",0.2,"gibbs_dir","batch8",8030,0.655940594059406,0.244725808677047,0.817525320848521
"CHAMPS","bfl_mix",0.2,"gibbs_dir","batch8",8031,0.646039603960396,0.24669894879146,0.833769008437969
"CHAMPS","bfl_mix",0.2,"gibbs_dir","batch8",8032,0.650990099009901,0.247169605401831,0.806641989632921
"CHAMPS","bfl_mix",0.2,"gibbs_dir","batch8",8033,0.658415841584158,0.235970703622358,0.846662850468932
"CHAMPS","bfl_mix",0.2,"gibbs_dir","batch8",8034,0.638613861386139,0.238952132936508,0.808406450224578
"CHAMPS","bfl_mix",0.2,"gibbs_dir","batch8",8035,0.638613861386139,0.258281036298278,0.822296429733874
"CHAMPS","bfl_mix",0.2,"gibbs_dir","batch8",8036,0.653465346534653,0.251089103763776,0.829829035636841
"CHAMPS","bfl_mix",0.2,"gibbs_dir","batch8",8037,0.648514851485149,0.251828915110165,0.818802738818011
"CHAMPS","bfl_mix",0.2,"gibbs_dir","batch8",8038,0.621287128712871,0.218356269633359,0.812963649293835
"CHAMPS","bfl_mix",0.2,"gibbs_dir","batch8",8039,0.621287128712871,0.227833381336406,0.824878769643671
"CHAMPS","bfl_mix",0.2,"gibbs_dir","batch8",8040,0.646039603960396,0.245576298701299,0.82240304839597
"CHAMPS","bfl_mix",0.2,"gibbs_dir","batch8",8041,0.668316831683168,0.265748254558177,0.849586642339597
"CHAMPS","bfl_mix",0.2,"gibbs_dir","batch8",8042,0.636138613861386,0.265066425120773,0.833811979229367
"CHAMPS","bfl_mix",0.2,"gibbs_dir","batch8",8043,0.643564356435644,0.237210081150208,0.807549969686339
"CHAMPS","bfl_mix",0.2,"gibbs_dir","batch8",8044,0.670792079207921,0.265043982793262,0.829688586188409
"CHAMPS","bfl_mix",0.2,"gibbs_dir","batch8",8045,0.646039603960396,0.247943578291382,0.847476003241848
"CHAMPS","bfl_mix",0.2,"gibbs_dir","batch8",8046,0.648514851485149,0.26027138464376,0.846463925073105
"CHAMPS","bfl_mix",0.2,"gibbs_dir","batch8",8047,0.650990099009901,0.214815800141887,0.828093821289722
"CHAMPS","bfl_mix",0.2,"gibbs_dir","batch8",8048,0.653465346534653,0.22820285738929,0.824649397708791
"CHAMPS","bfl_mix",0.2,"gibbs_dir","batch8",8049,0.636138613861386,0.245535159089074,0.846365134356296
"CHAMPS","bfl_mix",0.2,"gibbs_dir","batch8",8050,0.638613861386139,0.267268607893608,0.811981094994898
"CHAMPS","bfl_mix",0.2,"gibbs_dir","batch8",8051,0.628712871287129,0.260029761904762,0.834669366420009
"CHAMPS","bfl_mix",0.2,"gibbs_dir","batch8",8052,0.641089108910891,0.261791076791077,0.823524947553502
"CHAMPS","bfl_mix",0.2,"gibbs_dir","batch8",8053,0.641089108910891,0.246192498644853,0.828225924006548
"CHAMPS","bfl_mix",0.2,"gibbs_dir","batch8",8054,0.641089108910891,0.24468082517183,0.841755924850225
"CHAMPS","bfl_mix",0.2,"gibbs_dir","batch8",8055,0.670792079207921,0.268477633477633,0.826278849911571
"CHAMPS","bfl_mix",0.2,"gibbs_dir","batch8",8056,0.626237623762376,0.258569290325507,0.804691198961218
"CHAMPS","bfl_mix",0.2,"gibbs_dir","batch8",8057,0.641089108910891,0.267923414304993,0.821928627188798
"CHAMPS","bfl_mix",0.2,"gibbs_dir","batch8",8058,0.646039603960396,0.242320620555915,0.794771618481962
"CHAMPS","bfl_mix",0.2,"gibbs_dir","batch8",8059,0.646039603960396,0.248105910748323,0.839852114403439
"CHAMPS","bfl_mix",0.2,"gibbs_dir","batch8",8060,0.643564356435644,0.243612753378378,0.822906071614867
"CHAMPS","bfl_mix",0.2,"gibbs_dir","batch8",8061,0.641089108910891,0.234019237890919,0.80950874669766
"CHAMPS","bfl_mix",0.2,"gibbs_dir","batch8",8062,0.650990099009901,0.248706962223911,0.8353005814244
"CHAMPS","bfl_mix",0.2,"gibbs_dir","batch8",8063,0.660891089108911,0.254336679944097,0.834465234410695
"CHAMPS","bfl_mix",0.2,"gibbs_dir","batch8",8064,0.646039603960396,0.250763457556936,0.804681145473264
"CHAMPS","bfl_mix",0.2,"gibbs_dir","batch8",8065,0.653465346534653,0.235093234664043,0.83625055644885
"CHAMPS","bfl_mix",0.2,"gibbs_dir","batch8",8066,0.668316831683168,0.2429853938302,0.842144828050258
"CHAMPS","bfl_mix",0.2,"gibbs_dir","batch8",8067,0.631188118811881,0.217769987772348,0.791150560928092
"CHAMPS","bfl_mix",0.2,"gibbs_dir","batch8",8068,0.648514851485149,0.251412575022272,0.851451743955894
"CHAMPS","bfl_mix",0.2,"gibbs_dir","batch8",8069,0.653465346534653,0.25078448533845,0.813307384805578
"CHAMPS","bfl_mix",0.2,"gibbs_dir","batch8",8070,0.648514851485149,0.25892493510421,0.837001998644956
"CHAMPS","bfl_mix",0.2,"gibbs_dir","batch8",8071,0.638613861386139,0.226313876366444,0.835627781124092
"CHAMPS","bfl_mix",0.2,"gibbs_dir","batch8",8072,0.638613861386139,0.222416267029754,0.808001563255102
"CHAMPS","bfl_mix",0.2,"gibbs_dir","batch8",8073,0.653465346534653,0.258534487957863,0.833421654980769
"CHAMPS","bfl_mix",0.2,"gibbs_dir","batch8",8074,0.660891089108911,0.25932915020081,0.806654971912587
"CHAMPS","bfl_mix",0.2,"gibbs_dir","batch8",8075,0.653465346534653,0.229234422492401,0.83438752354923
"CHAMPS","bfl_mix",0.2,"gibbs_dir","batch8",8076,0.646039603960396,0.253690825303729,0.835958154476136
"CHAMPS","bfl_mix",0.2,"gibbs_dir","batch8",8077,0.623762376237624,0.248508125162396,0.82097540270972
"CHAMPS","bfl_mix",0.2,"gibbs_dir","batch8",8078,0.628712871287129,0.236295340258674,0.802374979147318
"CHAMPS","bfl_mix",0.2,"gibbs_dir","batch8",8079,0.631188118811881,0.243538081693561,0.827787758388486
"CHAMPS","bfl_mix",0.2,"gibbs_dir","batch8",8080,0.633663366336634,0.254700924552183,0.83610248221096
"CHAMPS","bfl_mix",0.2,"gibbs_dir","batch8",8081,0.643564356435644,0.248654622667781,0.837814844511615
"CHAMPS","bfl_mix",0.2,"gibbs_dir","batch8",8082,0.631188118811881,0.225666085190662,0.82017711665813
"CHAMPS","bfl_mix",0.2,"gibbs_dir","batch8",8083,0.621287128712871,0.226428963770065,0.824818027862097
"CHAMPS","bfl_mix",0.2,"gibbs_dir","batch8",8084,0.648514851485149,0.265761918751049,0.83798513228525
"CHAMPS","bfl_mix",0.2,"gibbs_dir","batch8",8085,0.646039603960396,0.231654027309653,0.837745942017234
"CHAMPS","bfl_mix",0.2,"gibbs_dir","batch8",8086,0.650990099009901,0.243628848003848,0.798510309426656
"CHAMPS","bfl_mix",0.2,"gibbs_dir","batch8",8087,0.646039603960396,0.249420426065163,0.832638855137233
"CHAMPS","bfl_mix",0.2,"gibbs_dir","batch8",8088,0.655940594059406,0.22869149965963,0.816622189043322
"CHAMPS","bfl_mix",0.2,"gibbs_dir","batch8",8089,0.636138613861386,0.257873937491475,0.795248208287084
"CHAMPS","bfl_mix",0.2,"gibbs_dir","batch8",8090,0.636138613861386,0.236117729507617,0.852345415874783
"CHAMPS","bfl_mix",0.2,"gibbs_dir","batch8",8091,0.636138613861386,0.273195754910151,0.82454074378854
"CHAMPS","bfl_mix",0.2,"gibbs_dir","batch8",8092,0.633663366336634,0.245266870023912,0.830511406208109
"CHAMPS","bfl_mix",0.2,"gibbs_dir","batch8",8093,0.636138613861386,0.264625142014848,0.818077341989249
"CHAMPS","bfl_mix",0.2,"gibbs_dir","batch8",8094,0.665841584158416,0.262479355072659,0.810140570805206
"CHAMPS","bfl_mix",0.2,"gibbs_dir","batch8",8095,0.633663366336634,0.227992867635392,0.796383526458438
"CHAMPS","bfl_mix",0.2,"gibbs_dir","batch8",8096,0.631188118811881,0.227462557603687,0.792516422869835
"CHAMPS","bfl_mix",0.2,"gibbs_dir","batch8",8097,0.643564356435644,0.264552620802621,0.804836254645755
"CHAMPS","bfl_mix",0.2,"gibbs_dir","batch8",8098,0.636138613861386,0.250494874331345,0.818586781445952
"CHAMPS","bfl_mix",0.2,"gibbs_dir","batch8",8099,0.636138613861386,0.241385512142939,0.792138280745613
"CHAMPS","bfl_mix",0.2,"gibbs_dir","batch8",8100,0.658415841584158,0.256564795747825,0.832375579389909
"CHAMPS","bfl_mix",0.2,"gibbs_dir","batch8",8101,0.660891089108911,0.249824747677132,0.818027518057358
"CHAMPS","bfl_mix",0.2,"gibbs_dir","batch8",8102,0.663366336633663,0.251543194416617,0.823546023215654
"CHAMPS","bfl_mix",0.2,"gibbs_dir","batch8",8103,0.641089108910891,0.23494049679449,0.799312152389586
"CHAMPS","bfl_mix",0.2,"gibbs_dir","batch8",8104,0.646039603960396,0.236754436126707,0.812075444245443
"CHAMPS","bfl_mix",0.2,"gibbs_dir","batch8",8105,0.660891089108911,0.232945355771443,0.843246322893473
"CHAMPS","bfl_mix",0.2,"gibbs_dir","batch8",8106,0.643564356435644,0.226145612594028,0.826932616972873
"CHAMPS","bfl_mix",0.2,"gibbs_dir","batch8",8107,0.646039603960396,0.217106486188345,0.784463352253037
"CHAMPS","bfl_mix",0.2,"gibbs_dir","batch8",8108,0.660891089108911,0.259953246889722,0.831430961205133
"CHAMPS","bfl_mix",0.2,"gibbs_dir","batch8",8109,0.648514851485149,0.25172305764411,0.826754492811551
"CHAMPS","bfl_mix",0.2,"gibbs_dir","batch8",8110,0.646039603960396,0.245497856356199,0.82546146430623
"CHAMPS","bfl_mix",0.2,"gibbs_dir","batch8",8111,0.648514851485149,0.24786727717707,0.826137178147178
"CHAMPS","bfl_mix",0.2,"gibbs_dir","batch8",8112,0.631188118811881,0.242297792297792,0.836717902168747
"CHAMPS","bfl_mix",0.2,"gibbs_dir","batch8",8113,0.655940594059406,0.246426742417866,0.801435115908337
"CHAMPS","bfl_mix",0.2,"gibbs_dir","batch8",8114,0.646039603960396,0.234355983108938,0.842780838330479
"CHAMPS","bfl_mix",0.2,"gibbs_dir","batch8",8115,0.621287128712871,0.226185964557404,0.824820740456364
"CHAMPS","bfl_mix",0.2,"gibbs_dir","batch8",8116,0.636138613861386,0.236066529099316,0.832256953627681
"CHAMPS","bfl_mix",0.2,"gibbs_dir","batch8",8117,0.658415841584158,0.249630272415172,0.827587616701731
"CHAMPS","bfl_mix",0.2,"gibbs_dir","batch8",8118,0.638613861386139,0.261851043182921,0.843012457932863
"CHAMPS","bfl_mix",0.2,"gibbs_dir","batch8",8119,0.636138613861386,0.259391357553122,0.845821439129835
"CHAMPS","bfl_mix",0.2,"gibbs_dir","batch8",8120,0.650990099009901,0.246115207322742,0.812676542956159
"CHAMPS","bfl_mix",0.2,"gibbs_dir","batch8",8121,0.641089108910891,0.24013165981916,0.797000080014822
"CHAMPS","bfl_mix",0.2,"gibbs_dir","batch8",8122,0.653465346534653,0.252801724137931,0.839168873786178
"CHAMPS","bfl_mix",0.2,"gibbs_dir","batch8",8123,0.650990099009901,0.244522473854092,0.859616752587383
"CHAMPS","bfl_mix",0.2,"gibbs_dir","batch8",8124,0.638613861386139,0.253404128490335,0.84483486891031
"CHAMPS","bfl_mix",0.2,"gibbs_dir","batch8",8125,0.650990099009901,0.258584781123498,0.809652703254647
"CHAMPS","bfl_mix",0.2,"gibbs_dir","batch8",8126,0.673267326732673,0.244439328098712,0.826395051126837
"CHAMPS","bfl_mix",0.2,"gibbs_dir","batch8",8127,0.653465346534653,0.22901196026196,0.802465287088403
"CHAMPS","bfl_mix",0.2,"gibbs_dir","batch8",8128,0.641089108910891,0.23404883080239,0.838882748579937
"CHAMPS","bfl_mix",0.2,"gibbs_dir","batch8",8129,0.660891089108911,0.241596088943951,0.826329686607156
"CHAMPS","bfl_mix",0.2,"gibbs_dir","batch8",8130,0.618811881188119,0.232875457875458,0.831632720753421
"CHAMPS","bfl_mix",0.2,"gibbs_dir","batch8",8131,0.648514851485149,0.240770280444193,0.842244118134413
"CHAMPS","bfl_mix",0.2,"gibbs_dir","batch8",8132,0.641089108910891,0.261725824225824,0.812914111148235
"CHAMPS","bfl_mix",0.2,"gibbs_dir","batch8",8133,0.646039603960396,0.23374044433827,0.839662343426388
"CHAMPS","bfl_mix",0.2,"gibbs_dir","batch8",8134,0.641089108910891,0.23562452414275,0.808739583443591
"CHAMPS","bfl_mix",0.2,"gibbs_dir","batch8",8135,0.663366336633663,0.246016554085524,0.837774601476657
"CHAMPS","bfl_mix",0.2,"gibbs_dir","batch8",8136,0.665841584158416,0.246783771466338,0.841826575873146
"CHAMPS","bfl_mix",0.2,"gibbs_dir","batch8",8137,0.643564356435644,0.238308511663775,0.79571548989654
"CHAMPS","bfl_mix",0.2,"gibbs_dir","batch8",8138,0.641089108910891,0.220862811009378,0.815475665047669
"CHAMPS","bfl_mix",0.2,"gibbs_dir","batch8",8139,0.641089108910891,0.258542162869517,0.813191461040275
"CHAMPS","bfl_mix",0.2,"gibbs_dir","batch8",8140,0.660891089108911,0.248998184104567,0.826554880511597
"CHAMPS","bfl_mix",0.2,"gibbs_dir","batch8",8141,0.660891089108911,0.266181771127423,0.817471577226276
"CHAMPS","bfl_mix",0.2,"gibbs_dir","batch8",8142,0.628712871287129,0.250875686813187,0.819176260047714
"CHAMPS","bfl_mix",0.2,"gibbs_dir","batch8",8143,0.636138613861386,0.264035399949807,0.835810318932485
"CHAMPS","bfl_mix",0.2,"gibbs_dir","batch8",8144,0.641089108910891,0.258392158759502,0.801079200167568
"CHAMPS","bfl_mix",0.2,"gibbs_dir","batch8",8145,0.646039603960396,0.227963773075849,0.795501670451395
"CHAMPS","bfl_mix",0.2,"gibbs_dir","batch8",8146,0.621287128712871,0.236233132650467,0.844761653157476
"CHAMPS","bfl_mix",0.2,"gibbs_dir","batch8",8147,0.628712871287129,0.25045363865036,0.797050883854758
"CHAMPS","bfl_mix",0.2,"gibbs_dir","batch8",8148,0.638613861386139,0.227746144984048,0.819621626594224
"CHAMPS","bfl_mix",0.2,"gibbs_dir","batch8",8149,0.660891089108911,0.241460064628882,0.844356002342737
"CHAMPS","bfl_mix",0.2,"gibbs_dir","batch8",8150,0.643564356435644,0.256360099595394,0.811740871135011
"CHAMPS","bfl_mix",0.2,"gibbs_dir","batch8",8151,0.636138613861386,0.196910417637013,0.793318572769349
"CHAMPS","bfl_mix",0.2,"gibbs_dir","batch8",8152,0.665841584158416,0.275776839201964,0.821652856108636
"CHAMPS","bfl_mix",0.2,"gibbs_dir","batch8",8153,0.658415841584158,0.256349633043181,0.814727672902148
"CHAMPS","bfl_mix",0.2,"gibbs_dir","batch8",8154,0.636138613861386,0.274509803921569,0.819716986143578
"CHAMPS","bfl_mix",0.2,"gibbs_dir","batch8",8155,0.655940594059406,0.268742726807243,0.845572769900442
"CHAMPS","bfl_mix",0.2,"gibbs_dir","batch8",8156,0.648514851485149,0.248455338064713,0.858986770328482
"CHAMPS","bfl_mix",0.2,"gibbs_dir","batch8",8157,0.641089108910891,0.242916666666667,0.821068692651633
"CHAMPS","bfl_mix",0.2,"gibbs_dir","batch8",8158,0.650990099009901,0.24465450310559,0.829317160477321
"CHAMPS","bfl_mix",0.2,"gibbs_dir","batch8",8159,0.650990099009901,0.233925513532489,0.824011581771742
"CHAMPS","bfl_mix",0.2,"gibbs_dir","batch8",8160,0.646039603960396,0.280130104361739,0.846007064925016
"CHAMPS","bfl_mix",0.2,"gibbs_dir","batch8",8161,0.613861386138614,0.239977339761823,0.8300931472961
"CHAMPS","bfl_mix",0.2,"gibbs_dir","batch8",8162,0.626237623762376,0.253449465332873,0.801602229017361
"CHAMPS","bfl_mix",0.2,"gibbs_dir","batch8",8163,0.616336633663366,0.226475270536717,0.782447794415483
"CHAMPS","bfl_mix",0.2,"gibbs_dir","batch8",8164,0.660891089108911,0.238324549092212,0.827199063688266
"CHAMPS","bfl_mix",0.2,"gibbs_dir","batch8",8165,0.648514851485149,0.230315336837076,0.849478009183133
"CHAMPS","bfl_mix",0.2,"gibbs_dir","batch8",8166,0.641089108910891,0.241564308590447,0.814477013948975
"CHAMPS","bfl_mix",0.2,"gibbs_dir","batch8",8167,0.653465346534653,0.24755772005772,0.823373514774614
"CHAMPS","bfl_mix",0.2,"gibbs_dir","batch8",8168,0.648514851485149,0.25081826716284,0.835826405991184
"CHAMPS","bfl_mix",0.2,"gibbs_dir","batch8",8169,0.653465346534653,0.23793946301925,0.81302624077628
"CHAMPS","bfl_mix",0.2,"gibbs_dir","batch8",8170,0.643564356435644,0.241467458106297,0.833748504172077
"CHAMPS","bfl_mix",0.2,"gibbs_dir","batch8",8171,0.643564356435644,0.256142306971953,0.821524236851982
"CHAMPS","bfl_mix",0.2,"gibbs_dir","batch8",8172,0.638613861386139,0.262429955694875,0.808403239833078
"CHAMPS","bfl_mix",0.2,"gibbs_dir","batch8",8173,0.663366336633663,0.270610104043634,0.839193254888276
"CHAMPS","bfl_mix",0.2,"gibbs_dir","batch8",8174,0.628712871287129,0.226051463417155,0.797663066617406
"CHAMPS","bfl_mix",0.2,"gibbs_dir","batch8",8175,0.646039603960396,0.237626788825947,0.84798852283535
"CHAMPS","bfl_mix",0.2,"gibbs_dir","batch8",8176,0.646039603960396,0.231912789786967,0.829834331561899
"CHAMPS","bfl_mix",0.2,"gibbs_dir","batch8",8177,0.636138613861386,0.245734126984127,0.786744589679298
"CHAMPS","bfl_mix",0.2,"gibbs_dir","batch8",8178,0.636138613861386,0.23758210180624,0.818172341261686
"CHAMPS","bfl_mix",0.2,"gibbs_dir","batch8",8179,0.621287128712871,0.238532979930528,0.775286900998137
"CHAMPS","bfl_mix",0.2,"gibbs_dir","batch8",8180,0.646039603960396,0.219164545435732,0.821272820305874
"CHAMPS","bfl_mix",0.2,"gibbs_dir","batch8",8181,0.665841584158416,0.250027220895865,0.810520438474203
"CHAMPS","bfl_mix",0.2,"gibbs_dir","batch8",8182,0.643564356435644,0.251753830354359,0.838637849258583
"CHAMPS","bfl_mix",0.2,"gibbs_dir","batch8",8183,0.626237623762376,0.258871458197623,0.825778167073577
"CHAMPS","bfl_mix",0.2,"gibbs_dir","batch8",8184,0.641089108910891,0.221807845939342,0.798643560311872
"CHAMPS","bfl_mix",0.2,"gibbs_dir","batch8",8185,0.643564356435644,0.238835978835979,0.803679943615701
"CHAMPS","bfl_mix",0.2,"gibbs_dir","batch8",8186,0.633663366336634,0.229295817368822,0.794454800811596
"CHAMPS","bfl_mix",0.2,"gibbs_dir","batch8",8187,0.641089108910891,0.238401810254162,0.789607659709042
"CHAMPS","bfl_mix",0.2,"gibbs_dir","batch8",8188,0.638613861386139,0.237407755499861,0.824093367601367
"CHAMPS","bfl_mix",0.2,"gibbs_dir","batch8",8189,0.648514851485149,0.216525660845955,0.792635995814704
"CHAMPS","bfl_mix",0.2,"gibbs_dir","batch8",8190,0.653465346534653,0.228164687560247,0.827967143810939
"CHAMPS","bfl_mix",0.2,"gibbs_dir","batch8",8191,0.638613861386139,0.237627053745475,0.807115763341867
"CHAMPS","bfl_mix",0.2,"gibbs_dir","batch8",8192,0.641089108910891,0.231879889811276,0.79910615233377
"CHAMPS","bfl_mix",0.2,"gibbs_dir","batch8",8193,0.655940594059406,0.267592738696643,0.832440927023559
"CHAMPS","bfl_mix",0.2,"gibbs_dir","batch8",8194,0.633663366336634,0.240440408334596,0.815926491119501
"CHAMPS","bfl_mix",0.2,"gibbs_dir","batch8",8195,0.663366336633663,0.268160618978415,0.830959891399891
"CHAMPS","bfl_mix",0.2,"gibbs_dir","batch8",8196,0.663366336633663,0.233410260290557,0.861805278246897
"CHAMPS","bfl_mix",0.2,"gibbs_dir","batch8",8197,0.643564356435644,0.246089001089001,0.826201655247372
"CHAMPS","bfl_mix",0.2,"gibbs_dir","batch8",8198,0.658415841584158,0.214370566264197,0.788551278393877
"CHAMPS","bfl_mix",0.2,"gibbs_dir","batch8",8199,0.636138613861386,0.227130156645937,0.805854655615702
"CHAMPS","bfl_mix",0.2,"gibbs_dir","batch8",8200,0.641089108910891,0.222789701617827,0.815861150272835
"CHAMPS","bfl_mix",0.2,"gibbs_dir","batch8",8201,0.655940594059406,0.24968149540518,0.821752518324137
"CHAMPS","bfl_mix",0.2,"gibbs_dir","batch8",8202,0.646039603960396,0.240072023761252,0.823050104780479
"CHAMPS","bfl_mix",0.2,"gibbs_dir","batch8",8203,0.650990099009901,0.233779824144599,0.839361116387118
"CHAMPS","bfl_mix",0.2,"gibbs_dir","batch8",8204,0.648514851485149,0.235985288424313,0.803836240122586
"CHAMPS","bfl_mix",0.2,"gibbs_dir","batch8",8205,0.618811881188119,0.249300531741929,0.774337157759173
"CHAMPS","bfl_mix",0.2,"gibbs_dir","batch8",8206,0.655940594059406,0.249813797313797,0.822787513345304
"CHAMPS","bfl_mix",0.2,"gibbs_dir","batch8",8207,0.673267326732673,0.258952874549221,0.823882224142349
"CHAMPS","bfl_mix",0.2,"gibbs_dir","batch8",8208,0.668316831683168,0.268948068060971,0.829883094630067
"CHAMPS","bfl_mix",0.2,"gibbs_dir","batch8",8209,0.663366336633663,0.245291541570258,0.81356828448287
"CHAMPS","bfl_mix",0.2,"gibbs_dir","batch8",8210,0.653465346534653,0.247524321344928,0.846484286662556
"CHAMPS","bfl_mix",0.2,"gibbs_dir","batch8",8211,0.655940594059406,0.224796125340271,0.812410575209755
"CHAMPS","bfl_mix",0.2,"gibbs_dir","batch8",8212,0.641089108910891,0.258301507909131,0.798114103355764
"CHAMPS","bfl_mix",0.2,"gibbs_dir","batch8",8213,0.626237623762376,0.220508639378524,0.79464547754002
"CHAMPS","bfl_mix",0.2,"gibbs_dir","batch8",8214,0.628712871287129,0.229434544434544,0.799498645874867
"CHAMPS","bfl_mix",0.2,"gibbs_dir","batch8",8215,0.631188118811881,0.251473778704586,0.816197479080587
"CHAMPS","bfl_mix",0.2,"gibbs_dir","batch8",8216,0.641089108910891,0.22869066940479,0.820761678368256
"CHAMPS","bfl_mix",0.2,"gibbs_dir","batch8",8217,0.646039603960396,0.262127562830688,0.817620733955576
"CHAMPS","bfl_mix",0.2,"gibbs_dir","batch8",8218,0.650990099009901,0.264252243633795,0.819119494016644
"CHAMPS","bfl_mix",0.2,"gibbs_dir","batch8",8219,0.653465346534653,0.228798927032623,0.83668451678899
"CHAMPS","bfl_mix",0.2,"gibbs_dir","batch8",8220,0.646039603960396,0.209605360559101,0.816290647521151
"CHAMPS","bfl_mix",0.2,"gibbs_dir","batch8",8221,0.638613861386139,0.261254761254761,0.836756358370454
"CHAMPS","bfl_mix",0.2,"gibbs_dir","batch8",8222,0.646039603960396,0.231206386739718,0.832133233000313
"CHAMPS","bfl_mix",0.2,"gibbs_dir","batch8",8223,0.650990099009901,0.267855525911553,0.811708691843339
"CHAMPS","bfl_mix",0.2,"gibbs_dir","batch8",8224,0.646039603960396,0.209769214703425,0.799297814949105
"CHAMPS","bfl_mix",0.2,"gibbs_dir","batch8",8225,0.658415841584158,0.243841598012854,0.814946567196906
"CHAMPS","bfl_mix",0.2,"gibbs_dir","batch8",8226,0.631188118811881,0.235182560393113,0.786631598715488
"CHAMPS","bfl_mix",0.2,"gibbs_dir","batch8",8227,0.623762376237624,0.216413288288288,0.787346435270801
"CHAMPS","bfl_mix",0.2,"gibbs_dir","batch8",8228,0.641089108910891,0.223927311585096,0.800735392785585
"CHAMPS","bfl_mix",0.2,"gibbs_dir","batch8",8229,0.631188118811881,0.222747969856144,0.783142024009296
"CHAMPS","bfl_mix",0.2,"gibbs_dir","batch8",8230,0.668316831683168,0.2427464128262,0.828730866995397
"CHAMPS","bfl_mix",0.2,"gibbs_dir","batch8",8231,0.650990099009901,0.244785257199114,0.853841568122147
"CHAMPS","bfl_mix",0.2,"gibbs_dir","batch8",8232,0.650990099009901,0.247736242736243,0.795817695907723
"CHAMPS","bfl_mix",0.2,"gibbs_dir","batch8",8233,0.646039603960396,0.225725274792873,0.82939377856807
"CHAMPS","bfl_mix",0.2,"gibbs_dir","batch8",8234,0.638613861386139,0.265754600549377,0.811016830155899
"CHAMPS","bfl_mix",0.2,"gibbs_dir","batch8",8235,0.631188118811881,0.237744333541277,0.848628285386321
"CHAMPS","bfl_mix",0.2,"gibbs_dir","batch8",8236,0.638613861386139,0.257646663681146,0.795342928063641
"CHAMPS","bfl_mix",0.2,"gibbs_dir","batch8",8237,0.650990099009901,0.234040860363357,0.832401640346949
"CHAMPS","bfl_mix",0.2,"gibbs_dir","batch8",8238,0.650990099009901,0.244314393259227,0.827867938173566
"CHAMPS","bfl_mix",0.2,"gibbs_dir","batch8",8239,0.636138613861386,0.222835032835033,0.81153930944877
"CHAMPS","bfl_mix",0.2,"gibbs_dir","batch8",8240,0.655940594059406,0.229172666270306,0.842291884998995
"CHAMPS","bfl_mix",0.2,"gibbs_dir","batch8",8241,0.660891089108911,0.275272489686036,0.800243837833022
"CHAMPS","bfl_mix",0.2,"gibbs_dir","batch8",8242,0.655940594059406,0.261768366968589,0.824576123266359
"CHAMPS","bfl_mix",0.2,"gibbs_dir","batch8",8243,0.650990099009901,0.258879751461988,0.798488726081067
"CHAMPS","bfl_mix",0.2,"gibbs_dir","batch8",8244,0.636138613861386,0.211842089926276,0.833922824650268
"CHAMPS","bfl_mix",0.2,"gibbs_dir","batch8",8245,0.658415841584158,0.246397933561611,0.814228829199346
"CHAMPS","bfl_mix",0.2,"gibbs_dir","batch8",8246,0.641089108910891,0.23901397515528,0.81906435780502
"CHAMPS","bfl_mix",0.2,"gibbs_dir","batch8",8247,0.643564356435644,0.258098711187183,0.838490538430017
"CHAMPS","bfl_mix",0.2,"gibbs_dir","batch8",8248,0.653465346534653,0.270178570110562,0.829791340835607
"CHAMPS","bfl_mix",0.2,"gibbs_dir","batch8",8249,0.660891089108911,0.231328094392457,0.815746699378781
"CHAMPS","bfl_mix",0.2,"gibbs_dir","batch8",8250,0.660891089108911,0.25153574919704,0.838789289808032
"CHAMPS","bfl_mix",0.2,"gibbs_dir","batch8",8251,0.650990099009901,0.246061690641337,0.833173801863666
"CHAMPS","bfl_mix",0.2,"gibbs_dir","batch8",8252,0.626237623762376,0.227208646616541,0.818972607466814
"CHAMPS","bfl_mix",0.2,"gibbs_dir","batch8",8253,0.626237623762376,0.229768881354702,0.792217342462396
"CHAMPS","bfl_mix",0.2,"gibbs_dir","batch8",8254,0.643564356435644,0.227270361447402,0.834449798069786
"CHAMPS","bfl_mix",0.2,"gibbs_dir","batch8",8255,0.646039603960396,0.264655442485524,0.851486810184739
"CHAMPS","bfl_mix",0.2,"gibbs_dir","batch8",8256,0.648514851485149,0.256612183848463,0.816580913539201
"CHAMPS","bfl_mix",0.2,"gibbs_dir","batch8",8257,0.641089108910891,0.246246552957859,0.790154772238206
"CHAMPS","bfl_mix",0.2,"gibbs_dir","batch8",8258,0.660891089108911,0.224946905787269,0.816154871077356
"CHAMPS","bfl_mix",0.2,"gibbs_dir","batch8",8259,0.646039603960396,0.264969687570002,0.798103869982987
"CHAMPS","bfl_mix",0.2,"gibbs_dir","batch8",8260,0.648514851485149,0.272897789345158,0.851057130156488
"CHAMPS","bfl_mix",0.2,"gibbs_dir","batch8",8261,0.636138613861386,0.247567876732775,0.820621680376241
"CHAMPS","bfl_mix",0.2,"gibbs_dir","batch8",8262,0.650990099009901,0.266893005102612,0.833781528879132
"CHAMPS","bfl_mix",0.2,"gibbs_dir","batch8",8263,0.638613861386139,0.223064170843776,0.817064957307199
"CHAMPS","bfl_mix",0.2,"gibbs_dir","batch8",8264,0.660891089108911,0.258879674745535,0.857242130719878
"CHAMPS","bfl_mix",0.2,"gibbs_dir","batch8",8265,0.636138613861386,0.242130265567766,0.807417255017256
"CHAMPS","bfl_mix",0.2,"gibbs_dir","batch8",8266,0.638613861386139,0.222221236405198,0.8586644058753
"CHAMPS","bfl_mix",0.2,"gibbs_dir","batch8",8267,0.626237623762376,0.239508095748421,0.809855080561512
"CHAMPS","bfl_mix",0.2,"gibbs_dir","batch8",8268,0.623762376237624,0.2281536000286,0.777479896693505
"CHAMPS","bfl_mix",0.2,"gibbs_dir","batch8",8269,0.638613861386139,0.23487066212476,0.834247704859573
"CHAMPS","bfl_mix",0.2,"gibbs_dir","batch8",8270,0.648514851485149,0.226576175183512,0.8308208169446
"CHAMPS","bfl_mix",0.2,"gibbs_dir","batch8",8271,0.636138613861386,0.213243177387914,0.820155434250098
"CHAMPS","bfl_mix",0.2,"gibbs_dir","batch8",8272,0.646039603960396,0.24457287617768,0.80239076490235
"CHAMPS","bfl_mix",0.2,"gibbs_dir","batch8",8273,0.648514851485149,0.260078840640515,0.822572065703154
"CHAMPS","bfl_mix",0.2,"gibbs_dir","batch8",8274,0.646039603960396,0.277074587777021,0.834097525961623
"CHAMPS","bfl_mix",0.2,"gibbs_dir","batch8",8275,0.650990099009901,0.262251941549152,0.835937262253317
"CHAMPS","bfl_mix",0.2,"gibbs_dir","batch8",8276,0.631188118811881,0.218703703703704,0.812055519365146
"CHAMPS","bfl_mix",0.2,"gibbs_dir","batch8",8277,0.633663366336634,0.258539746543779,0.807476899835522
"CHAMPS","bfl_mix",0.2,"gibbs_dir","batch8",8278,0.631188118811881,0.217829061497094,0.795390372116698
"CHAMPS","bfl_mix",0.2,"gibbs_dir","batch8",8279,0.648514851485149,0.25505924278405,0.815158766710528
"CHAMPS","bfl_mix",0.2,"gibbs_dir","batch8",8280,0.636138613861386,0.233086328810013,0.81136462084728
"CHAMPS","bfl_mix",0.2,"gibbs_dir","batch8",8281,0.643564356435644,0.240908750927973,0.810805291122294
"CHAMPS","bfl_mix",0.2,"gibbs_dir","batch8",8282,0.633663366336634,0.260027209063445,0.815707713851908
"CHAMPS","bfl_mix",0.2,"gibbs_dir","batch8",8283,0.646039603960396,0.207018675768676,0.837556623141598
"CHAMPS","bfl_mix",0.2,"gibbs_dir","batch8",8284,0.646039603960396,0.252890752330214,0.811121092817001
"CHAMPS","bfl_mix",0.2,"gibbs_dir","batch8",8285,0.643564356435644,0.230988315874025,0.823746781299991
"CHAMPS","bfl_mix",0.2,"gibbs_dir","batch8",8286,0.643564356435644,0.265262673653085,0.787430852620641
"CHAMPS","bfl_mix",0.2,"gibbs_dir","batch8",8287,0.643564356435644,0.255198226103399,0.835785555909765
"CHAMPS","bfl_mix",0.2,"gibbs_dir","batch8",8288,0.650990099009901,0.259925171097381,0.844862612161179
"CHAMPS","bfl_mix",0.2,"gibbs_dir","batch8",8289,0.675742574257426,0.256985656798569,0.8301097845348
"CHAMPS","bfl_mix",0.2,"gibbs_dir","batch8",8290,0.670792079207921,0.254281124418424,0.812375378062502
"CHAMPS","bfl_mix",0.2,"gibbs_dir","batch8",8291,0.643564356435644,0.235398396152376,0.809783756298292
"CHAMPS","bfl_mix",0.2,"gibbs_dir","batch8",8292,0.646039603960396,0.24023604061713,0.819141535288257
"CHAMPS","bfl_mix",0.2,"gibbs_dir","batch8",8293,0.626237623762376,0.238391109301581,0.850541409960835
"CHAMPS","bfl_mix",0.2,"gibbs_dir","batch8",8294,0.638613861386139,0.230616689292676,0.815881202801544
"CHAMPS","bfl_mix",0.2,"gibbs_dir","batch8",8295,0.646039603960396,0.252432609587723,0.844420787085089
"CHAMPS","bfl_mix",0.2,"gibbs_dir","batch8",8296,0.650990099009901,0.24937140645732,0.825503537110243
"CHAMPS","bfl_mix",0.2,"gibbs_dir","batch8",8297,0.653465346534653,0.258718682157844,0.826951496958951
"CHAMPS","bfl_mix",0.2,"gibbs_dir","batch8",8298,0.658415841584158,0.231546674915178,0.818028622269196
"CHAMPS","bfl_mix",0.2,"gibbs_dir","batch8",8299,0.638613861386139,0.239085628065891,0.792189707397244
"CHAMPS","bfl_mix",0.2,"gibbs_dir","batch8",8300,0.663366336633663,0.236820851344833,0.84333029652405
"CHAMPS","bfl_mix",0.2,"gibbs_dir","batch8",8301,0.646039603960396,0.216360107872936,0.848259571716929
"CHAMPS","bfl_mix",0.2,"gibbs_dir","batch8",8302,0.643564356435644,0.230821993991569,0.792674113244965
"CHAMPS","bfl_mix",0.2,"gibbs_dir","batch8",8303,0.650990099009901,0.231666648941373,0.794493470104576
"CHAMPS","bfl_mix",0.2,"gibbs_dir","batch8",8304,0.638613861386139,0.213798474631679,0.796401885033217
"CHAMPS","bfl_mix",0.2,"gibbs_dir","batch8",8305,0.616336633663366,0.236591351245397,0.814861784504595
"CHAMPS","bfl_mix",0.2,"gibbs_dir","batch8",8306,0.636138613861386,0.247717527514438,0.844736459446139
"CHAMPS","bfl_mix",0.2,"gibbs_dir","batch8",8307,0.631188118811881,0.212841494091494,0.784617974170562
"CHAMPS","bfl_mix",0.2,"gibbs_dir","batch8",8308,0.641089108910891,0.230640894068777,0.807931494861922
"CHAMPS","bfl_mix",0.2,"gibbs_dir","batch8",8309,0.646039603960396,0.239538100482484,0.818751744590143
"CHAMPS","bfl_mix",0.2,"gibbs_dir","batch8",8310,0.648514851485149,0.256730508704193,0.806461244532691
"CHAMPS","bfl_mix",0.2,"gibbs_dir","batch8",8311,0.641089108910891,0.242740181825813,0.826421555763331
"CHAMPS","bfl_mix",0.2,"gibbs_dir","batch8",8312,0.648514851485149,0.254547119762849,0.808590962020312
"CHAMPS","bfl_mix",0.2,"gibbs_dir","batch8",8313,0.626237623762376,0.256365677146927,0.836601346185091
"CHAMPS","bfl_mix",0.2,"gibbs_dir","batch8",8314,0.658415841584158,0.239477788453198,0.813042037694956
"CHAMPS","bfl_mix",0.2,"gibbs_dir","batch8",8315,0.633663366336634,0.227881697603789,0.826485354217262
"CHAMPS","bfl_mix",0.2,"gibbs_dir","batch8",8316,0.643564356435644,0.26592693236715,0.826991581044127
"CHAMPS","bfl_mix",0.2,"gibbs_dir","batch8",8317,0.650990099009901,0.249469759168035,0.842496742462934
"CHAMPS","bfl_mix",0.2,"gibbs_dir","batch8",8318,0.660891089108911,0.228094415522475,0.817126447067754
"CHAMPS","bfl_mix",0.2,"gibbs_dir","batch8",8319,0.648514851485149,0.247775904855551,0.809941456088573
"CHAMPS","bfl_mix",0.2,"gibbs_dir","batch8",8320,0.650990099009901,0.263453496129928,0.834154640801461
"CHAMPS","bfl_mix",0.2,"gibbs_dir","batch8",8321,0.646039603960396,0.246848935378347,0.79081180875447
"CHAMPS","bfl_mix",0.2,"gibbs_dir","batch8",8322,0.660891089108911,0.277746428805189,0.833339612192918
"CHAMPS","bfl_mix",0.2,"gibbs_dir","batch8",8323,0.663366336633663,0.246016483516484,0.831093216867328
"CHAMPS","bfl_mix",0.2,"gibbs_dir","batch8",8324,0.636138613861386,0.233161027568922,0.816360998928661
"CHAMPS","bfl_mix",0.2,"gibbs_dir","batch8",8325,0.665841584158416,0.252252427490389,0.818159119477327
"CHAMPS","bfl_mix",0.2,"gibbs_dir","batch8",8326,0.633663366336634,0.240506620493887,0.839274341101657
"CHAMPS","bfl_mix",0.2,"gibbs_dir","batch8",8327,0.646039603960396,0.241408463235817,0.829681273288691
"CHAMPS","bfl_mix",0.2,"gibbs_dir","batch8",8328,0.653465346534653,0.264455109768958,0.808544511695002
"CHAMPS","bfl_mix",0.2,"gibbs_dir","batch8",8329,0.665841584158416,0.244393762939959,0.841275395455899
"CHAMPS","bfl_mix",0.2,"gibbs_dir","batch8",8330,0.646039603960396,0.237563709526053,0.835586734903071
"CHAMPS","bfl_mix",0.2,"gibbs_dir","batch8",8331,0.643564356435644,0.254914559125085,0.820373611616117
"CHAMPS","bfl_mix",0.2,"gibbs_dir","batch8",8332,0.650990099009901,0.234587961930597,0.826863861802197
"CHAMPS","bfl_mix",0.2,"gibbs_dir","batch8",8333,0.643564356435644,0.269181659843425,0.868145110798753
"CHAMPS","bfl_mix",0.2,"gibbs_dir","batch8",8334,0.636138613861386,0.258879071379071,0.792220153030143
"CHAMPS","bfl_mix",0.2,"gibbs_dir","batch8",8335,0.638613861386139,0.228720117962997,0.833611108876446
"CHAMPS","bfl_mix",0.2,"gibbs_dir","batch8",8336,0.646039603960396,0.262882048898998,0.843342895852703
"CHAMPS","bfl_mix",0.2,"gibbs_dir","batch8",8337,0.660891089108911,0.243857217299931,0.811593122147899
"CHAMPS","bfl_mix",0.2,"gibbs_dir","batch8",8338,0.638613861386139,0.250507959404461,0.841235432713625
"CHAMPS","bfl_mix",0.2,"gibbs_dir","batch8",8339,0.655940594059406,0.249910502139402,0.841476047680971
"CHAMPS","bfl_mix",0.2,"gibbs_dir","batch8",8340,0.638613861386139,0.237320624175918,0.828082375476943
"CHAMPS","bfl_mix",0.2,"gibbs_dir","batch8",8341,0.655940594059406,0.270746432240076,0.819813643226714
"CHAMPS","bfl_mix",0.2,"gibbs_dir","batch8",8342,0.665841584158416,0.254836425720731,0.824399218323747
"CHAMPS","bfl_mix",0.2,"gibbs_dir","batch8",8343,0.663366336633663,0.206202967859906,0.870054734682501
"CHAMPS","bfl_mix",0.2,"gibbs_dir","batch8",8344,0.646039603960396,0.241139316112755,0.806402037370666
"CHAMPS","bfl_mix",0.2,"gibbs_dir","batch8",8345,0.660891089108911,0.22382666388954,0.868020208722826
"CHAMPS","bfl_mix",0.2,"gibbs_dir","batch8",8346,0.653465346534653,0.270290262447145,0.839569555923085
"CHAMPS","bfl_mix",0.2,"gibbs_dir","batch8",8347,0.638613861386139,0.227591927104364,0.847941416153915
"CHAMPS","bfl_mix",0.2,"gibbs_dir","batch8",8348,0.650990099009901,0.217111592111592,0.821456472988263
"CHAMPS","bfl_mix",0.2,"gibbs_dir","batch8",8349,0.643564356435644,0.24978087372736,0.809439219300051
"CHAMPS","bfl_mix",0.2,"gibbs_dir","batch8",8350,0.643564356435644,0.258316960816961,0.826889410670197
"CHAMPS","bfl_mix",0.2,"gibbs_dir","batch8",8351,0.660891089108911,0.251554542128005,0.810165612029737
"CHAMPS","bfl_mix",0.2,"gibbs_dir","batch8",8352,0.626237623762376,0.241339761652027,0.831836583490512
"CHAMPS","bfl_mix",0.2,"gibbs_dir","batch8",8353,0.675742574257426,0.242395256889938,0.840557321637449
"CHAMPS","bfl_mix",0.2,"gibbs_dir","batch8",8354,0.665841584158416,0.244434626866967,0.827189778839398
"CHAMPS","bfl_mix",0.2,"gibbs_dir","batch8",8355,0.643564356435644,0.248506021841935,0.812748417560471
"CHAMPS","bfl_mix",0.2,"gibbs_dir","batch8",8356,0.658415841584158,0.267822568962998,0.80964783868592
"CHAMPS","bfl_mix",0.2,"gibbs_dir","batch8",8357,0.631188118811881,0.248043068107408,0.854952766884397
"CHAMPS","bfl_mix",0.2,"gibbs_dir","batch8",8358,0.641089108910891,0.251423366431774,0.81618931940299
"CHAMPS","bfl_mix",0.2,"gibbs_dir","batch8",8359,0.655940594059406,0.24470300920255,0.815714103294443
"CHAMPS","bfl_mix",0.2,"gibbs_dir","batch8",8360,0.636138613861386,0.243140642037701,0.807418594074898
"CHAMPS","bfl_mix",0.2,"gibbs_dir","batch8",8361,0.631188118811881,0.226929064723353,0.790788821809236
"CHAMPS","bfl_mix",0.2,"gibbs_dir","batch8",8362,0.673267326732673,0.24696153682985,0.845356602106959
"CHAMPS","bfl_mix",0.2,"gibbs_dir","batch8",8363,0.650990099009901,0.250084137174301,0.829056453615602
"CHAMPS","bfl_mix",0.2,"gibbs_dir","batch8",8364,0.631188118811881,0.245496826820731,0.81545618389703
"CHAMPS","bfl_mix",0.2,"gibbs_dir","batch8",8365,0.650990099009901,0.237963548251159,0.832053961050153
"CHAMPS","bfl_mix",0.2,"gibbs_dir","batch8",8366,0.636138613861386,0.259692245655477,0.80549717637129
"CHAMPS","bfl_mix",0.2,"gibbs_dir","batch8",8367,0.650990099009901,0.265607309357309,0.831821033638925
"CHAMPS","bfl_mix",0.2,"gibbs_dir","batch8",8368,0.638613861386139,0.245694655850906,0.821953524298752
"CHAMPS","bfl_mix",0.2,"gibbs_dir","batch8",8369,0.646039603960396,0.244568185937389,0.849116951094932
"CHAMPS","bfl_mix",0.2,"gibbs_dir","batch8",8370,0.663366336633663,0.256019307025818,0.813881631330028
"CHAMPS","bfl_mix",0.2,"gibbs_dir","batch8",8371,0.655940594059406,0.248460785333056,0.819964164612464
"CHAMPS","bfl_mix",0.2,"gibbs_dir","batch8",8372,0.633663366336634,0.242656817465002,0.814230600083274
"CHAMPS","bfl_mix",0.2,"gibbs_dir","batch8",8373,0.646039603960396,0.246737368120119,0.833893726089849
"CHAMPS","bfl_mix",0.2,"gibbs_dir","batch8",8374,0.643564356435644,0.259790454643396,0.807112344900534
"CHAMPS","bfl_mix",0.2,"gibbs_dir","batch8",8375,0.655940594059406,0.233913603662124,0.827253002902188
"CHAMPS","bfl_mix",0.2,"gibbs_dir","batch8",8376,0.636138613861386,0.227624876692673,0.815291055268752
"CHAMPS","bfl_mix",0.2,"gibbs_dir","batch8",8377,0.660891089108911,0.230207033686837,0.820068119480948
"CHAMPS","bfl_mix",0.2,"gibbs_dir","batch8",8378,0.646039603960396,0.232090532378143,0.823292795359984
"CHAMPS","bfl_mix",0.2,"gibbs_dir","batch8",8379,0.628712871287129,0.25740728021978,0.825805755771667
"CHAMPS","bfl_mix",0.2,"gibbs_dir","batch8",8380,0.653465346534653,0.230232408938161,0.813937931945246
"CHAMPS","bfl_mix",0.2,"gibbs_dir","batch8",8381,0.650990099009901,0.231028361734883,0.844676357419601
"CHAMPS","bfl_mix",0.2,"gibbs_dir","batch8",8382,0.638613861386139,0.255202991452991,0.812732849436262
"CHAMPS","bfl_mix",0.2,"gibbs_dir","batch8",8383,0.623762376237624,0.261567956669371,0.787298245607613
"CHAMPS","bfl_mix",0.2,"gibbs_dir","batch8",8384,0.646039603960396,0.255719722548139,0.794185220724093
"CHAMPS","bfl_mix",0.2,"gibbs_dir","batch8",8385,0.638613861386139,0.238941798941799,0.823099009863984
"CHAMPS","bfl_mix",0.2,"gibbs_dir","batch8",8386,0.643564356435644,0.237797180891673,0.818473525949621
"CHAMPS","bfl_mix",0.2,"gibbs_dir","batch8",8387,0.643564356435644,0.262972140112551,0.800577489173055
"CHAMPS","bfl_mix",0.2,"gibbs_dir","batch8",8388,0.658415841584158,0.214848052405261,0.817885356126224
"CHAMPS","bfl_mix",0.2,"gibbs_dir","batch8",8389,0.663366336633663,0.251703761214631,0.826699333758789
"CHAMPS","bfl_mix",0.2,"gibbs_dir","batch8",8390,0.653465346534653,0.264650509562437,0.807622839503521
"CHAMPS","bfl_mix",0.2,"gibbs_dir","batch8",8391,0.638613861386139,0.238690630264185,0.801580391339132
"CHAMPS","bfl_mix",0.2,"gibbs_dir","batch8",8392,0.650990099009901,0.262749780811455,0.8066024755934
"CHAMPS","bfl_mix",0.2,"gibbs_dir","batch8",8393,0.646039603960396,0.255029273510894,0.828098539498856
"CHAMPS","bfl_mix",0.2,"gibbs_dir","batch8",8394,0.653465346534653,0.240155895778167,0.808317692969785
"CHAMPS","bfl_mix",0.2,"gibbs_dir","batch8",8395,0.670792079207921,0.237628872917171,0.828915380476656
"CHAMPS","bfl_mix",0.2,"gibbs_dir","batch8",8396,0.668316831683168,0.247349872349872,0.814283325429726
"CHAMPS","bfl_mix",0.2,"gibbs_dir","batch8",8397,0.663366336633663,0.280455346567073,0.826154912868307
"CHAMPS","bfl_mix",0.2,"gibbs_dir","batch8",8398,0.646039603960396,0.202123604628106,0.816062863918113
"CHAMPS","bfl_mix",0.2,"gibbs_dir","batch8",8399,0.638613861386139,0.26379779024375,0.823603139135229
"CHAMPS","bfl_mix",0.2,"gibbs_dir","batch8",8400,0.641089108910891,0.260487234332516,0.824847970050476
"CHAMPS","bfl_mix",0.2,"gibbs_dir","batch8",8401,0.673267326732673,0.22404404288655,0.82877897068132
"CHAMPS","bfl_mix",0.2,"gibbs_dir","batch8",8402,0.663366336633663,0.246070936232227,0.843808477519738
"CHAMPS","bfl_mix",0.2,"gibbs_dir","batch8",8403,0.648514851485149,0.265610814358964,0.807329474394422
"CHAMPS","bfl_mix",0.2,"gibbs_dir","batch8",8404,0.623762376237624,0.252022301520149,0.793632387783267
"CHAMPS","bfl_mix",0.2,"gibbs_dir","batch8",8405,0.648514851485149,0.261387298060597,0.844605985911017
"CHAMPS","bfl_mix",0.2,"gibbs_dir","batch8",8406,0.648514851485149,0.227737210812832,0.797156875648517
"CHAMPS","bfl_mix",0.2,"gibbs_dir","batch8",8407,0.633663366336634,0.238299736738631,0.842026158069989
"CHAMPS","bfl_mix",0.2,"gibbs_dir","batch8",8408,0.663366336633663,0.248662204509844,0.845017988080474
"CHAMPS","bfl_mix",0.2,"gibbs_dir","batch8",8409,0.648514851485149,0.252385076173622,0.791539871906902
"CHAMPS","bfl_mix",0.2,"gibbs_dir","batch8",8410,0.641089108910891,0.228186527014652,0.818194340960238
"CHAMPS","bfl_mix",0.2,"gibbs_dir","batch8",8411,0.653465346534653,0.246152755567401,0.815604708505803
"CHAMPS","bfl_mix",0.2,"gibbs_dir","batch8",8412,0.646039603960396,0.264129500779278,0.815839175012802
"CHAMPS","bfl_mix",0.2,"gibbs_dir","batch8",8413,0.628712871287129,0.247697524283345,0.799624195798656
"CHAMPS","bfl_mix",0.2,"gibbs_dir","batch8",8414,0.648514851485149,0.228614718614719,0.779583396877694
"CHAMPS","bfl_mix",0.2,"gibbs_dir","batch8",8415,0.665841584158416,0.263967968628986,0.825738732419264
"CHAMPS","bfl_mix",0.2,"gibbs_dir","batch8",8416,0.631188118811881,0.252841985600606,0.835615861278175
"CHAMPS","bfl_mix",0.2,"gibbs_dir","batch8",8417,0.655940594059406,0.235817219976703,0.844776545916469
"CHAMPS","bfl_mix",0.2,"gibbs_dir","batch8",8418,0.638613861386139,0.260046524356869,0.808026403054763
"CHAMPS","bfl_mix",0.2,"gibbs_dir","batch8",8419,0.638613861386139,0.230865964321847,0.865727615026903
"CHAMPS","bfl_mix",0.2,"gibbs_dir","batch8",8420,0.646039603960396,0.235983301467973,0.810129222241062
"CHAMPS","bfl_mix",0.2,"gibbs_dir","batch8",8421,0.646039603960396,0.257444695135373,0.829847411576537
"CHAMPS","bfl_mix",0.2,"gibbs_dir","batch8",8422,0.653465346534653,0.277501007764166,0.848194247661144
"CHAMPS","bfl_mix",0.2,"gibbs_dir","batch8",8423,0.648514851485149,0.232425866559808,0.850253643252293
"CHAMPS","bfl_mix",0.2,"gibbs_dir","batch8",8424,0.641089108910891,0.228797846889952,0.823787288295308
"CHAMPS","bfl_mix",0.2,"gibbs_dir","batch8",8425,0.646039603960396,0.240380241648898,0.818718726103652
"CHAMPS","bfl_mix",0.2,"gibbs_dir","batch8",8426,0.648514851485149,0.239313607848091,0.835961804048355
"CHAMPS","bfl_mix",0.2,"gibbs_dir","batch8",8427,0.643564356435644,0.268993618489134,0.802561752601285
"CHAMPS","bfl_mix",0.2,"gibbs_dir","batch8",8428,0.636138613861386,0.264599822808421,0.833011323214065
"CHAMPS","bfl_mix",0.2,"gibbs_dir","batch8",8429,0.650990099009901,0.245467296113848,0.842431862900264
"CHAMPS","bfl_mix",0.2,"gibbs_dir","batch8",8430,0.641089108910891,0.265835736634301,0.819911513491033
"CHAMPS","bfl_mix",0.2,"gibbs_dir","batch8",8431,0.643564356435644,0.265594684571173,0.839242473918264
"CHAMPS","bfl_mix",0.2,"gibbs_dir","batch8",8432,0.636138613861386,0.261721886721887,0.831439272173335
"CHAMPS","bfl_mix",0.2,"gibbs_dir","batch8",8433,0.641089108910891,0.223516338175094,0.79827436465017
"CHAMPS","bfl_mix",0.2,"gibbs_dir","batch8",8434,0.658415841584158,0.23756825648273,0.820242242289558
"CHAMPS","bfl_mix",0.2,"gibbs_dir","batch8",8435,0.673267326732673,0.262925316564734,0.829443178551972
"CHAMPS","bfl_mix",0.2,"gibbs_dir","batch8",8436,0.655940594059406,0.253579318636522,0.809249654968457
"CHAMPS","bfl_mix",0.2,"gibbs_dir","batch8",8437,0.638613861386139,0.26154326398957,0.799947028764479
"CHAMPS","bfl_mix",0.2,"gibbs_dir","batch8",8438,0.655940594059406,0.269831609780301,0.815408865056169
"CHAMPS","bfl_mix",0.2,"gibbs_dir","batch8",8439,0.648514851485149,0.260229229508908,0.818631730888061
"CHAMPS","bfl_mix",0.2,"gibbs_dir","batch8",8440,0.655940594059406,0.24672190626138,0.816351962860229
"CHAMPS","bfl_mix",0.2,"gibbs_dir","batch8",8441,0.636138613861386,0.2336751301394,0.835994470617269
"CHAMPS","bfl_mix",0.2,"gibbs_dir","batch8",8442,0.643564356435644,0.242908277621464,0.824829859123332
"CHAMPS","bfl_mix",0.2,"gibbs_dir","batch8",8443,0.641089108910891,0.242982524232524,0.785876012944648
"CHAMPS","bfl_mix",0.2,"gibbs_dir","batch8",8444,0.660891089108911,0.257592482142155,0.836447137467072
"CHAMPS","bfl_mix",0.2,"gibbs_dir","batch8",8445,0.621287128712871,0.233116233116233,0.8163135724919
"CHAMPS","bfl_mix",0.2,"gibbs_dir","batch8",8446,0.628712871287129,0.243240995115995,0.833603257559963
"CHAMPS","bfl_mix",0.2,"gibbs_dir","batch8",8447,0.636138613861386,0.240479588857829,0.820353191834763
"CHAMPS","bfl_mix",0.2,"gibbs_dir","batch8",8448,0.658415841584158,0.252124542124542,0.850729765050939
"CHAMPS","bfl_mix",0.2,"gibbs_dir","batch8",8449,0.641089108910891,0.215474676303534,0.815994469153134
"CHAMPS","bfl_mix",0.2,"gibbs_dir","batch8",8450,0.646039603960396,0.267381779100529,0.834845275984591
"CHAMPS","bfl_mix",0.2,"gibbs_dir","batch8",8451,0.641089108910891,0.241260215867839,0.797910182760781
"CHAMPS","bfl_mix",0.2,"gibbs_dir","batch8",8452,0.626237623762376,0.209247045242799,0.805928156891636
"CHAMPS","bfl_mix",0.2,"gibbs_dir","batch8",8453,0.648514851485149,0.264217714017485,0.819886599717469
"CHAMPS","bfl_mix",0.2,"gibbs_dir","batch8",8454,0.670792079207921,0.236095573357802,0.843693002033335
"CHAMPS","bfl_mix",0.2,"gibbs_dir","batch8",8455,0.646039603960396,0.26064863260419,0.825009375030942
"CHAMPS","bfl_mix",0.2,"gibbs_dir","batch8",8456,0.641089108910891,0.20546570253339,0.801136139118594
"CHAMPS","bfl_mix",0.2,"gibbs_dir","batch8",8457,0.658415841584158,0.266437854542531,0.830779655113662
"CHAMPS","bfl_mix",0.2,"gibbs_dir","batch8",8458,0.633663366336634,0.210770961984223,0.818641517822005
"CHAMPS","bfl_mix",0.2,"gibbs_dir","batch8",8459,0.646039603960396,0.247210574513206,0.808843739924766
"CHAMPS","bfl_mix",0.2,"gibbs_dir","batch8",8460,0.658415841584158,0.260832577132486,0.800801395228493
"CHAMPS","bfl_mix",0.2,"gibbs_dir","batch8",8461,0.648514851485149,0.247057393172698,0.840988068360516
"CHAMPS","bfl_mix",0.2,"gibbs_dir","batch8",8462,0.643564356435644,0.250542889314076,0.821006307179324
"CHAMPS","bfl_mix",0.2,"gibbs_dir","batch8",8463,0.646039603960396,0.242768508661033,0.807527088597642
"CHAMPS","bfl_mix",0.2,"gibbs_dir","batch8",8464,0.668316831683168,0.244168691760531,0.855003492196029
"CHAMPS","bfl_mix",0.2,"gibbs_dir","batch8",8465,0.631188118811881,0.255815155198563,0.813248554931923
"CHAMPS","bfl_mix",0.2,"gibbs_dir","batch8",8466,0.643564356435644,0.25721533830014,0.826939712511326
"CHAMPS","bfl_mix",0.2,"gibbs_dir","batch8",8467,0.646039603960396,0.252331663287586,0.817974520775233
"CHAMPS","bfl_mix",0.2,"gibbs_dir","batch8",8468,0.641089108910891,0.260744367639529,0.811819520703953
"CHAMPS","bfl_mix",0.2,"gibbs_dir","batch8",8469,0.648514851485149,0.238137749426296,0.79070531100852
"CHAMPS","bfl_mix",0.2,"gibbs_dir","batch8",8470,0.641089108910891,0.252817197170645,0.810052573664967
"CHAMPS","bfl_mix",0.2,"gibbs_dir","batch8",8471,0.663366336633663,0.277515575615796,0.828553999075638
"CHAMPS","bfl_mix",0.2,"gibbs_dir","batch8",8472,0.636138613861386,0.226639351639352,0.799371806723911
"CHAMPS","bfl_mix",0.2,"gibbs_dir","batch8",8473,0.638613861386139,0.198881401556074,0.838431573751882
"CHAMPS","bfl_mix",0.2,"gibbs_dir","batch8",8474,0.646039603960396,0.257488992509887,0.831260431023507
"CHAMPS","bfl_mix",0.2,"gibbs_dir","batch8",8475,0.650990099009901,0.261839073490177,0.841450646081473
"CHAMPS","bfl_mix",0.2,"gibbs_dir","batch8",8476,0.623762376237624,0.243416950904166,0.834590955984289
"CHAMPS","bfl_mix",0.2,"gibbs_dir","batch8",8477,0.641089108910891,0.24740955728859,0.813808112074665
"CHAMPS","bfl_mix",0.2,"gibbs_dir","batch8",8478,0.665841584158416,0.235691389960413,0.838586506693097
"CHAMPS","bfl_mix",0.2,"gibbs_dir","batch8",8479,0.638613861386139,0.243480204969085,0.805666978024373
"CHAMPS","bfl_mix",0.2,"gibbs_dir","batch8",8480,0.650990099009901,0.249457414150068,0.830289895414712
"CHAMPS","bfl_mix",0.2,"gibbs_dir","batch8",8481,0.646039603960396,0.239391490828371,0.806755081610884
"CHAMPS","bfl_mix",0.2,"gibbs_dir","batch8",8482,0.646039603960396,0.247425463548251,0.79722998870756
"CHAMPS","bfl_mix",0.2,"gibbs_dir","batch8",8483,0.670792079207921,0.278618503178041,0.831160112819909
"CHAMPS","bfl_mix",0.2,"gibbs_dir","batch8",8484,0.648514851485149,0.227409008273654,0.789143745597603
"CHAMPS","bfl_mix",0.2,"gibbs_dir","batch8",8485,0.641089108910891,0.247107538518829,0.850571881805654
"CHAMPS","bfl_mix",0.2,"gibbs_dir","batch8",8486,0.655940594059406,0.253538216876502,0.836365832081662
"CHAMPS","bfl_mix",0.2,"gibbs_dir","batch8",8487,0.665841584158416,0.264021666527511,0.843511878560777
"CHAMPS","bfl_mix",0.2,"gibbs_dir","batch8",8488,0.655940594059406,0.277831380797482,0.84193613959585
"CHAMPS","bfl_mix",0.2,"gibbs_dir","batch8",8489,0.653465346534653,0.246417078808383,0.835964579545278
"CHAMPS","bfl_mix",0.2,"gibbs_dir","batch8",8490,0.655940594059406,0.265741868128103,0.819811666996589
"CHAMPS","bfl_mix",0.2,"gibbs_dir","batch8",8491,0.665841584158416,0.215317260969228,0.81897804752708
"CHAMPS","bfl_mix",0.2,"gibbs_dir","batch8",8492,0.670792079207921,0.274982216841249,0.830844760942386
"CHAMPS","bfl_mix",0.2,"gibbs_dir","batch8",8493,0.633663366336634,0.231743508823155,0.815016362868214
"CHAMPS","bfl_mix",0.2,"gibbs_dir","batch8",8494,0.638613861386139,0.230094756098613,0.841959822360967
"CHAMPS","bfl_mix",0.2,"gibbs_dir","batch8",8495,0.638613861386139,0.231024838663238,0.798494026227384
"CHAMPS","bfl_mix",0.2,"gibbs_dir","batch8",8496,0.631188118811881,0.23439317939554,0.795715642834037
"CHAMPS","bfl_mix",0.2,"gibbs_dir","batch8",8497,0.646039603960396,0.256762802863436,0.819014295616896
"CHAMPS","bfl_mix",0.2,"gibbs_dir","batch8",8498,0.658415841584158,0.245265686063139,0.830363897278796
"CHAMPS","bfl_mix",0.2,"gibbs_dir","batch8",8499,0.636138613861386,0.263380358267069,0.830945725426264
"CHAMPS","bfl_mix",0.2,"gibbs_dir","batch8",8500,0.655940594059406,0.240030425003864,0.824580252589783
"CHAMPS","bfl_partial",0.2,"gibbs_dir","batch8",8001,0.631188118811881,0.241028973696881,0.842879077629183
"CHAMPS","bfl_partial",0.2,"gibbs_dir","batch8",8002,0.618811881188119,0.257557912907896,0.821318510434512
"CHAMPS","bfl_partial",0.2,"gibbs_dir","batch8",8003,0.641089108910891,0.241473269900214,0.84118055134105
"CHAMPS","bfl_partial",0.2,"gibbs_dir","batch8",8004,0.626237623762376,0.237544582610372,0.839545851465167
"CHAMPS","bfl_partial",0.2,"gibbs_dir","batch8",8005,0.638613861386139,0.231759424214532,0.856129881918701
"CHAMPS","bfl_partial",0.2,"gibbs_dir","batch8",8006,0.631188118811881,0.215799514368375,0.833701958887288
"CHAMPS","bfl_partial",0.2,"gibbs_dir","batch8",8007,0.638613861386139,0.245674486803519,0.856419712559898
"CHAMPS","bfl_partial",0.2,"gibbs_dir","batch8",8008,0.631188118811881,0.25595695780058,0.83817192856923
"CHAMPS","bfl_partial",0.2,"gibbs_dir","batch8",8009,0.631188118811881,0.237210860079116,0.822809812410893
"CHAMPS","bfl_partial",0.2,"gibbs_dir","batch8",8010,0.636138613861386,0.227534254178991,0.837680755116929
"CHAMPS","bfl_partial",0.2,"gibbs_dir","batch8",8011,0.636138613861386,0.255388201106214,0.837469488627232
"CHAMPS","bfl_partial",0.2,"gibbs_dir","batch8",8012,0.633663366336634,0.221450568189219,0.831027155262496
"CHAMPS","bfl_partial",0.2,"gibbs_dir","batch8",8013,0.643564356435644,0.241096158889801,0.852436607552546
"CHAMPS","bfl_partial",0.2,"gibbs_dir","batch8",8014,0.650990099009901,0.24744160742275,0.858404859643792
"CHAMPS","bfl_partial",0.2,"gibbs_dir","batch8",8015,0.648514851485149,0.245494476792873,0.834787541856084
"CHAMPS","bfl_partial",0.2,"gibbs_dir","batch8",8016,0.636138613861386,0.22675568545804,0.833372922596721
"CHAMPS","bfl_partial",0.2,"gibbs_dir","batch8",8017,0.628712871287129,0.230575504658385,0.839032160158115
"CHAMPS","bfl_partial",0.2,"gibbs_dir","batch8",8018,0.631188118811881,0.223149197588659,0.832185935899723
"CHAMPS","bfl_partial",0.2,"gibbs_dir","batch8",8019,0.626237623762376,0.250945980542755,0.818743663090807
"CHAMPS","bfl_partial",0.2,"gibbs_dir","batch8",8020,0.646039603960396,0.207069296823395,0.857445642448548
"CHAMPS","bfl_partial",0.2,"gibbs_dir","batch8",8021,0.621287128712871,0.240879487768254,0.843706472695791
"CHAMPS","bfl_partial",0.2,"gibbs_dir","batch8",8022,0.613861386138614,0.240959821428571,0.824667680000256
"CHAMPS","bfl_partial",0.2,"gibbs_dir","batch8",8023,0.626237623762376,0.251656881940885,0.819206342946104
"CHAMPS","bfl_partial",0.2,"gibbs_dir","batch8",8024,0.618811881188119,0.261699692141196,0.830288516460799
"CHAMPS","bfl_partial",0.2,"gibbs_dir","batch8",8025,0.643564356435644,0.243302908477581,0.826946106826395
"CHAMPS","bfl_partial",0.2,"gibbs_dir","batch8",8026,0.613861386138614,0.21480463980464,0.835996594617732
"CHAMPS","bfl_partial",0.2,"gibbs_dir","batch8",8027,0.621287128712871,0.213693461710703,0.834346146764184
"CHAMPS","bfl_partial",0.2,"gibbs_dir","batch8",8028,0.626237623762376,0.252976293180262,0.833298534411411
"CHAMPS","bfl_partial",0.2,"gibbs_dir","batch8",8029,0.646039603960396,0.240901137657467,0.851653165183832
"CHAMPS","bfl_partial",0.2,"gibbs_dir","batch8",8030,0.636138613861386,0.237468081024583,0.841695337210024
"CHAMPS","bfl_partial",0.2,"gibbs_dir","batch8",8031,0.628712871287129,0.234243526093746,0.839672271356895
"CHAMPS","bfl_partial",0.2,"gibbs_dir","batch8",8032,0.628712871287129,0.242124762352504,0.832138656473022
"CHAMPS","bfl_partial",0.2,"gibbs_dir","batch8",8033,0.631188118811881,0.219911450375605,0.854913965536822
"CHAMPS","bfl_partial",0.2,"gibbs_dir","batch8",8034,0.616336633663366,0.231156994047619,0.833063053050098
"CHAMPS","bfl_partial",0.2,"gibbs_dir","batch8",8035,0.628712871287129,0.257114313148796,0.832436440733098
"CHAMPS","bfl_partial",0.2,"gibbs_dir","batch8",8036,0.636138613861386,0.249214763584305,0.836156311602046
"CHAMPS","bfl_partial",0.2,"gibbs_dir","batch8",8037,0.633663366336634,0.22708647005522,0.835844050899515
"CHAMPS","bfl_partial",0.2,"gibbs_dir","batch8",8038,0.611386138613861,0.218639075063224,0.825308320480204
"CHAMPS","bfl_partial",0.2,"gibbs_dir","batch8",8039,0.606435643564356,0.215460589477727,0.828458232359662
"CHAMPS","bfl_partial",0.2,"gibbs_dir","batch8",8040,0.631188118811881,0.237608225108225,0.832984769516619
"CHAMPS","bfl_partial",0.2,"gibbs_dir","batch8",8041,0.643564356435644,0.224272724438579,0.846511315579929
"CHAMPS","bfl_partial",0.2,"gibbs_dir","batch8",8042,0.631188118811881,0.260680460208492,0.833870849042409
"CHAMPS","bfl_partial",0.2,"gibbs_dir","batch8",8043,0.628712871287129,0.232491469424545,0.828880955206426
"CHAMPS","bfl_partial",0.2,"gibbs_dir","batch8",8044,0.655940594059406,0.26268031013343,0.861244685264778
"CHAMPS","bfl_partial",0.2,"gibbs_dir","batch8",8045,0.638613861386139,0.229146604015851,0.849034128774415
"CHAMPS","bfl_partial",0.2,"gibbs_dir","batch8",8046,0.638613861386139,0.249967592074101,0.85641841441062
"CHAMPS","bfl_partial",0.2,"gibbs_dir","batch8",8047,0.641089108910891,0.202365207256512,0.8405273984969
"CHAMPS","bfl_partial",0.2,"gibbs_dir","batch8",8048,0.631188118811881,0.211538501030911,0.846268532492359
"CHAMPS","bfl_partial",0.2,"gibbs_dir","batch8",8049,0.636138613861386,0.222292163473643,0.856968548683243
"CHAMPS","bfl_partial",0.2,"gibbs_dir","batch8",8050,0.623762376237624,0.245175085800086,0.827036597604462
"CHAMPS","bfl_partial",0.2,"gibbs_dir","batch8",8051,0.618811881188119,0.233363095238095,0.835304416058633
"CHAMPS","bfl_partial",0.2,"gibbs_dir","batch8",8052,0.636138613861386,0.246235521235521,0.836069589828961
"CHAMPS","bfl_partial",0.2,"gibbs_dir","batch8",8053,0.631188118811881,0.241225268565515,0.834478460974383
"CHAMPS","bfl_partial",0.2,"gibbs_dir","batch8",8054,0.628712871287129,0.242128124249564,0.85002072085603
"CHAMPS","bfl_partial",0.2,"gibbs_dir","batch8",8055,0.653465346534653,0.242914862914863,0.844919324950892
"CHAMPS","bfl_partial",0.2,"gibbs_dir","batch8",8056,0.613861386138614,0.254290717854335,0.813723703464641
"CHAMPS","bfl_partial",0.2,"gibbs_dir","batch8",8057,0.636138613861386,0.257591093117409,0.818813494265574
"CHAMPS","bfl_partial",0.2,"gibbs_dir","batch8",8058,0.626237623762376,0.235355526826115,0.821416200949829
"CHAMPS","bfl_partial",0.2,"gibbs_dir","batch8",8059,0.633663366336634,0.243100160257991,0.849212947777131
"CHAMPS","bfl_partial",0.2,"gibbs_dir","batch8",8060,0.621287128712871,0.217106056949807,0.84173935103223
"CHAMPS","bfl_partial",0.2,"gibbs_dir","batch8",8061,0.623762376237624,0.217028055523631,0.824160796945623
"CHAMPS","bfl_partial",0.2,"gibbs_dir","batch8",8062,0.643564356435644,0.242351030020522,0.840613676940307
"CHAMPS","bfl_partial",0.2,"gibbs_dir","batch8",8063,0.648514851485149,0.24636103453239,0.848019110265323
"CHAMPS","bfl_partial",0.2,"gibbs_dir","batch8",8064,0.623762376237624,0.225478778467909,0.831275250231577
"CHAMPS","bfl_partial",0.2,"gibbs_dir","batch8",8065,0.631188118811881,0.222411840520483,0.844661396450551
"CHAMPS","bfl_partial",0.2,"gibbs_dir","batch8",8066,0.650990099009901,0.214980951464055,0.851826917158851
"CHAMPS","bfl_partial",0.2,"gibbs_dir","batch8",8067,0.608910891089109,0.214058546000368,0.83482446047551
"CHAMPS","bfl_partial",0.2,"gibbs_dir","batch8",8068,0.643564356435644,0.245463744628108,0.85462610384629
"CHAMPS","bfl_partial",0.2,"gibbs_dir","batch8",8069,0.631188118811881,0.240129198994838,0.844880946161388
"CHAMPS","bfl_partial",0.2,"gibbs_dir","batch8",8070,0.633663366336634,0.239354643448593,0.845522249751244
"CHAMPS","bfl_partial",0.2,"gibbs_dir","batch8",8071,0.623762376237624,0.212296867986463,0.849226627317161
"CHAMPS","bfl_partial",0.2,"gibbs_dir","batch8",8072,0.621287128712871,0.218510017029754,0.833152297262276
"CHAMPS","bfl_partial",0.2,"gibbs_dir","batch8",8073,0.638613861386139,0.254614678407248,0.842583856291171
"CHAMPS","bfl_partial",0.2,"gibbs_dir","batch8",8074,0.641089108910891,0.2324914879745,0.833534769390953
"CHAMPS","bfl_partial",0.2,"gibbs_dir","batch8",8075,0.643564356435644,0.230146276595745,0.853806980870648
"CHAMPS","bfl_partial",0.2,"gibbs_dir","batch8",8076,0.628712871287129,0.22521191174417,0.838988674436496
"CHAMPS","bfl_partial",0.2,"gibbs_dir","batch8",8077,0.608910891089109,0.232913583252065,0.827812556311876
"CHAMPS","bfl_partial",0.2,"gibbs_dir","batch8",8078,0.613861386138614,0.231508522691588,0.823143503983127
"CHAMPS","bfl_partial",0.2,"gibbs_dir","batch8",8079,0.608910891089109,0.212841112603234,0.830375321521312
"CHAMPS","bfl_partial",0.2,"gibbs_dir","batch8",8080,0.616336633663366,0.246277011508705,0.835552103126414
"CHAMPS","bfl_partial",0.2,"gibbs_dir","batch8",8081,0.636138613861386,0.240056739069897,0.842040036935503
"CHAMPS","bfl_partial",0.2,"gibbs_dir","batch8",8082,0.613861386138614,0.216600815247068,0.827846920555126
"CHAMPS","bfl_partial",0.2,"gibbs_dir","batch8",8083,0.621287128712871,0.226428963770065,0.836591109568121
"CHAMPS","bfl_partial",0.2,"gibbs_dir","batch8",8084,0.641089108910891,0.253597308488613,0.840752631673005
"CHAMPS","bfl_partial",0.2,"gibbs_dir","batch8",8085,0.636138613861386,0.22447699381683,0.843374951530617
"CHAMPS","bfl_partial",0.2,"gibbs_dir","batch8",8086,0.618811881188119,0.23105309042809,0.826627482627917
"CHAMPS","bfl_partial",0.2,"gibbs_dir","batch8",8087,0.623762376237624,0.236810776942356,0.843932591990984
"CHAMPS","bfl_partial",0.2,"gibbs_dir","batch8",8088,0.636138613861386,0.216350127513054,0.83860883465693
"CHAMPS","bfl_partial",0.2,"gibbs_dir","batch8",8089,0.621287128712871,0.251869866935165,0.816501521888673
"CHAMPS","bfl_partial",0.2,"gibbs_dir","batch8",8090,0.628712871287129,0.230945075578928,0.849092953760161
"CHAMPS","bfl_partial",0.2,"gibbs_dir","batch8",8091,0.623762376237624,0.260424857077334,0.833653291206546
"CHAMPS","bfl_partial",0.2,"gibbs_dir","batch8",8092,0.623762376237624,0.239191626024967,0.834458082118686
"CHAMPS","bfl_partial",0.2,"gibbs_dir","batch8",8093,0.623762376237624,0.253913427259016,0.820657798751861
"CHAMPS","bfl_partial",0.2,"gibbs_dir","batch8",8094,0.636138613861386,0.235674713628744,0.83536157037124
"CHAMPS","bfl_partial",0.2,"gibbs_dir","batch8",8095,0.618811881188119,0.22747433887433,0.828913396810116
"CHAMPS","bfl_partial",0.2,"gibbs_dir","batch8",8096,0.616336633663366,0.211189516129032,0.827346118919575
"CHAMPS","bfl_partial",0.2,"gibbs_dir","batch8",8097,0.616336633663366,0.257135544635545,0.832730676926449
"CHAMPS","bfl_partial",0.2,"gibbs_dir","batch8",8098,0.616336633663366,0.235313961243841,0.818722400641929
"CHAMPS","bfl_partial",0.2,"gibbs_dir","batch8",8099,0.613861386138614,0.232093514902512,0.829722504306761
"CHAMPS","bfl_partial",0.2,"gibbs_dir","batch8",8100,0.636138613861386,0.234532334286892,0.837843142317579
"CHAMPS","bfl_partial",0.2,"gibbs_dir","batch8",8101,0.641089108910891,0.239127082789425,0.835826250933453
"CHAMPS","bfl_partial",0.2,"gibbs_dir","batch8",8102,0.638613861386139,0.246191060575703,0.847404654000819
"CHAMPS","bfl_partial",0.2,"gibbs_dir","batch8",8103,0.638613861386139,0.240383914141208,0.826778681389997
"CHAMPS","bfl_partial",0.2,"gibbs_dir","batch8",8104,0.628712871287129,0.235810026339502,0.83970482938005
"CHAMPS","bfl_partial",0.2,"gibbs_dir","batch8",8105,0.648514851485149,0.226089168480473,0.852717726537528
"CHAMPS","bfl_partial",0.2,"gibbs_dir","batch8",8106,0.623762376237624,0.218809389771803,0.838568518685131
"CHAMPS","bfl_partial",0.2,"gibbs_dir","batch8",8107,0.623762376237624,0.21212861008215,0.828612579080201
"CHAMPS","bfl_partial",0.2,"gibbs_dir","batch8",8108,0.646039603960396,0.222372743376842,0.840192724963255
"CHAMPS","bfl_partial",0.2,"gibbs_dir","batch8",8109,0.626237623762376,0.232918233082707,0.829509246990084
"CHAMPS","bfl_partial",0.2,"gibbs_dir","batch8",8110,0.631188118811881,0.236368195405916,0.844222614886862
"CHAMPS","bfl_partial",0.2,"gibbs_dir","batch8",8111,0.641089108910891,0.246229722591917,0.839026168815981
"CHAMPS","bfl_partial",0.2,"gibbs_dir","batch8",8112,0.618811881188119,0.235505230505231,0.838531036130141
"CHAMPS","bfl_partial",0.2,"gibbs_dir","batch8",8113,0.638613861386139,0.24563135876222,0.839005660472652
"CHAMPS","bfl_partial",0.2,"gibbs_dir","batch8",8114,0.636138613861386,0.216771735460035,0.847828479924607
"CHAMPS","bfl_partial",0.2,"gibbs_dir","batch8",8115,0.623762376237624,0.221415433156438,0.830441061693224
"CHAMPS","bfl_partial",0.2,"gibbs_dir","batch8",8116,0.628712871287129,0.231427042902453,0.834997026576323
"CHAMPS","bfl_partial",0.2,"gibbs_dir","batch8",8117,0.623762376237624,0.233166685994549,0.836739571137734
"CHAMPS","bfl_partial",0.2,"gibbs_dir","batch8",8118,0.626237623762376,0.231742566022042,0.845394302596747
"CHAMPS","bfl_partial",0.2,"gibbs_dir","batch8",8119,0.633663366336634,0.255765816427581,0.845375286706592
"CHAMPS","bfl_partial",0.2,"gibbs_dir","batch8",8120,0.633663366336634,0.259605537952811,0.840449155287481
"CHAMPS","bfl_partial",0.2,"gibbs_dir","batch8",8121,0.613861386138614,0.213923822517573,0.829477742326515
"CHAMPS","bfl_partial",0.2,"gibbs_dir","batch8",8122,0.638613861386139,0.244515039558143,0.843701102882046
"CHAMPS","bfl_partial",0.2,"gibbs_dir","batch8",8123,0.646039603960396,0.243458644066858,0.862627107660049
"CHAMPS","bfl_partial",0.2,"gibbs_dir","batch8",8124,0.636138613861386,0.225855129648233,0.845568017239338
"CHAMPS","bfl_partial",0.2,"gibbs_dir","batch8",8125,0.631188118811881,0.239775081727515,0.840137707760893
"CHAMPS","bfl_partial",0.2,"gibbs_dir","batch8",8126,0.650990099009901,0.238747232037437,0.851398434947718
"CHAMPS","bfl_partial",0.2,"gibbs_dir","batch8",8127,0.638613861386139,0.216560522810523,0.831086722683315
"CHAMPS","bfl_partial",0.2,"gibbs_dir","batch8",8128,0.641089108910891,0.236050995304554,0.843656787125163
"CHAMPS","bfl_partial",0.2,"gibbs_dir","batch8",8129,0.636138613861386,0.236184833532695,0.85350194553019
"CHAMPS","bfl_partial",0.2,"gibbs_dir","batch8",8130,0.611386138613861,0.245770375457875,0.835886098127095
"CHAMPS","bfl_partial",0.2,"gibbs_dir","batch8",8131,0.636138613861386,0.2164172783738,0.850056340959143
"CHAMPS","bfl_partial",0.2,"gibbs_dir","batch8",8132,0.626237623762376,0.258347445847446,0.829294377856175
"CHAMPS","bfl_partial",0.2,"gibbs_dir","batch8",8133,0.641089108910891,0.229276158623985,0.848823645448773
"CHAMPS","bfl_partial",0.2,"gibbs_dir","batch8",8134,0.626237623762376,0.225235724787392,0.815989306054787
"CHAMPS","bfl_partial",0.2,"gibbs_dir","batch8",8135,0.638613861386139,0.236802530888069,0.849944906287737
"CHAMPS","bfl_partial",0.2,"gibbs_dir","batch8",8136,0.643564356435644,0.236059680869221,0.854982049484623
"CHAMPS","bfl_partial",0.2,"gibbs_dir","batch8",8137,0.616336633663366,0.230742722190091,0.829328042970865
"CHAMPS","bfl_partial",0.2,"gibbs_dir","batch8",8138,0.623762376237624,0.235738868340205,0.843820672111762
"CHAMPS","bfl_partial",0.2,"gibbs_dir","batch8",8139,0.611386138613861,0.214082770741964,0.820229733155423
"CHAMPS","bfl_partial",0.2,"gibbs_dir","batch8",8140,0.648514851485149,0.235341469915938,0.854267683962801
"CHAMPS","bfl_partial",0.2,"gibbs_dir","batch8",8141,0.636138613861386,0.243598014304536,0.842359932731372
"CHAMPS","bfl_partial",0.2,"gibbs_dir","batch8",8142,0.621287128712871,0.250849931318681,0.830986562554702
"CHAMPS","bfl_partial",0.2,"gibbs_dir","batch8",8143,0.638613861386139,0.260927860877817,0.843041701456027
"CHAMPS","bfl_partial",0.2,"gibbs_dir","batch8",8144,0.616336633663366,0.248181601005451,0.82109190507426
"CHAMPS","bfl_partial",0.2,"gibbs_dir","batch8",8145,0.626237623762376,0.219418767938462,0.833102064295002
"CHAMPS","bfl_partial",0.2,"gibbs_dir","batch8",8146,0.618811881188119,0.211351592863499,0.84150124490794
"CHAMPS","bfl_partial",0.2,"gibbs_dir","batch8",8147,0.616336633663366,0.231867898343308,0.830802368020126
"CHAMPS","bfl_partial",0.2,"gibbs_dir","batch8",8148,0.623762376237624,0.240238944523219,0.838401053342055
"CHAMPS","bfl_partial",0.2,"gibbs_dir","batch8",8149,0.650990099009901,0.226898777631523,0.865842514145823
"CHAMPS","bfl_partial",0.2,"gibbs_dir","batch8",8150,0.628712871287129,0.251744086523498,0.833670176108529
"CHAMPS","bfl_partial",0.2,"gibbs_dir","batch8",8151,0.608910891089109,0.203539684387961,0.829987194765039
"CHAMPS","bfl_partial",0.2,"gibbs_dir","batch8",8152,0.623762376237624,0.236464156622831,0.840879734030221
"CHAMPS","bfl_partial",0.2,"gibbs_dir","batch8",8153,0.631188118811881,0.242935654548558,0.835343717677038
"CHAMPS","bfl_partial",0.2,"gibbs_dir","batch8",8154,0.631188118811881,0.266438154209052,0.835109436114546
"CHAMPS","bfl_partial",0.2,"gibbs_dir","batch8",8155,0.628712871287129,0.253527207559466,0.855473071273784
"CHAMPS","bfl_partial",0.2,"gibbs_dir","batch8",8156,0.636138613861386,0.234223901098901,0.856074040863003
"CHAMPS","bfl_partial",0.2,"gibbs_dir","batch8",8157,0.621287128712871,0.238531746031746,0.839624702156414
"CHAMPS","bfl_partial",0.2,"gibbs_dir","batch8",8158,0.628712871287129,0.230524068322981,0.830875117856564
"CHAMPS","bfl_partial",0.2,"gibbs_dir","batch8",8159,0.628712871287129,0.221801738036772,0.842255010029291
"CHAMPS","bfl_partial",0.2,"gibbs_dir","batch8",8160,0.638613861386139,0.248863320171416,0.851507181121801
"CHAMPS","bfl_partial",0.2,"gibbs_dir","batch8",8161,0.613861386138614,0.239977339761823,0.830340344901858
"CHAMPS","bfl_partial",0.2,"gibbs_dir","batch8",8162,0.611386138613861,0.245815470030717,0.823349861729946
"CHAMPS","bfl_partial",0.2,"gibbs_dir","batch8",8163,0.611386138613861,0.231905537948144,0.815663131593643
"CHAMPS","bfl_partial",0.2,"gibbs_dir","batch8",8164,0.653465346534653,0.238110873878537,0.849779996376738
"CHAMPS","bfl_partial",0.2,"gibbs_dir","batch8",8165,0.631188118811881,0.216853798375538,0.844654593881395
"CHAMPS","bfl_partial",0.2,"gibbs_dir","batch8",8166,0.621287128712871,0.244574367521559,0.822833396754865
"CHAMPS","bfl_partial",0.2,"gibbs_dir","batch8",8167,0.638613861386139,0.241986624486624,0.838588304842023
"CHAMPS","bfl_partial",0.2,"gibbs_dir","batch8",8168,0.641089108910891,0.24495889216284,0.838933607432076
"CHAMPS","bfl_partial",0.2,"gibbs_dir","batch8",8169,0.643564356435644,0.236184143870314,0.847397380680448
"CHAMPS","bfl_partial",0.2,"gibbs_dir","batch8",8170,0.623762376237624,0.225594442233281,0.837231192776571
"CHAMPS","bfl_partial",0.2,"gibbs_dir","batch8",8171,0.626237623762376,0.25090064597808,0.838822238140754
"CHAMPS","bfl_partial",0.2,"gibbs_dir","batch8",8172,0.616336633663366,0.255410127427582,0.83056228752986
"CHAMPS","bfl_partial",0.2,"gibbs_dir","batch8",8173,0.650990099009901,0.244419627853158,0.840821424150246
"CHAMPS","bfl_partial",0.2,"gibbs_dir","batch8",8174,0.621287128712871,0.229355301615271,0.828539853562128
"CHAMPS","bfl_partial",0.2,"gibbs_dir","batch8",8175,0.638613861386139,0.230366280517052,0.853660920282366
"CHAMPS","bfl_partial",0.2,"gibbs_dir","batch8",8176,0.626237623762376,0.234556116854637,0.839682720081623
"CHAMPS","bfl_partial",0.2,"gibbs_dir","batch8",8177,0.623762376237624,0.247400793650794,0.825400584506181
"CHAMPS","bfl_partial",0.2,"gibbs_dir","batch8",8178,0.636138613861386,0.23758210180624,0.829329872132028
"CHAMPS","bfl_partial",0.2,"gibbs_dir","batch8",8179,0.601485148514851,0.236959856829125,0.81262779077863
"CHAMPS","bfl_partial",0.2,"gibbs_dir","batch8",8180,0.638613861386139,0.217561981333168,0.834914727552935
"CHAMPS","bfl_partial",0.2,"gibbs_dir","batch8",8181,0.636138613861386,0.240378677349016,0.836978534473354
"CHAMPS","bfl_partial",0.2,"gibbs_dir","batch8",8182,0.626237623762376,0.240727000743459,0.844052831124509
"CHAMPS","bfl_partial",0.2,"gibbs_dir","batch8",8183,0.623762376237624,0.257957715507565,0.832067122779767
"CHAMPS","bfl_partial",0.2,"gibbs_dir","batch8",8184,0.623762376237624,0.219637472788356,0.821700196478828
"CHAMPS","bfl_partial",0.2,"gibbs_dir","batch8",8185,0.628712871287129,0.238359788359788,0.838179711752966
"CHAMPS","bfl_partial",0.2,"gibbs_dir","batch8",8186,0.623762376237624,0.237681885177641,0.832836298519812
"CHAMPS","bfl_partial",0.2,"gibbs_dir","batch8",8187,0.618811881188119,0.217604849292713,0.828649445774053
"CHAMPS","bfl_partial",0.2,"gibbs_dir","batch8",8188,0.618811881188119,0.227278265107212,0.83024613601606
"CHAMPS","bfl_partial",0.2,"gibbs_dir","batch8",8189,0.631188118811881,0.221231435699757,0.843575044668047
"CHAMPS","bfl_partial",0.2,"gibbs_dir","batch8",8190,0.613861386138614,0.209513793498168,0.848764108086177
"CHAMPS","bfl_partial",0.2,"gibbs_dir","batch8",8191,0.618811881188119,0.228635825675299,0.827711322526458
"CHAMPS","bfl_partial",0.2,"gibbs_dir","batch8",8192,0.636138613861386,0.234986599677496,0.830002064748222
"CHAMPS","bfl_partial",0.2,"gibbs_dir","batch8",8193,0.643564356435644,0.263425205598979,0.849172181038341
"CHAMPS","bfl_partial",0.2,"gibbs_dir","batch8",8194,0.608910891089109,0.230581777382215,0.83329519226092
"CHAMPS","bfl_partial",0.2,"gibbs_dir","batch8",8195,0.646039603960396,0.247230297340643,0.847522857027098
"CHAMPS","bfl_partial",0.2,"gibbs_dir","batch8",8196,0.648514851485149,0.223894017352704,0.86992266443607
"CHAMPS","bfl_partial",0.2,"gibbs_dir","batch8",8197,0.623762376237624,0.237358842358842,0.825755046949102
"CHAMPS","bfl_partial",0.2,"gibbs_dir","batch8",8198,0.631188118811881,0.202686384848268,0.821424591536619
"CHAMPS","bfl_partial",0.2,"gibbs_dir","batch8",8199,0.616336633663366,0.224516176831319,0.83691501864338
"CHAMPS","bfl_partial",0.2,"gibbs_dir","batch8",8200,0.621287128712871,0.214152548840049,0.834705038060137
"CHAMPS","bfl_partial",0.2,"gibbs_dir","batch8",8201,0.653465346534653,0.25359231411863,0.841182676260462
"CHAMPS","bfl_partial",0.2,"gibbs_dir","batch8",8202,0.631188118811881,0.216354216145139,0.837039186103331
"CHAMPS","bfl_partial",0.2,"gibbs_dir","batch8",8203,0.636138613861386,0.222484376776934,0.845698912478779
"CHAMPS","bfl_partial",0.2,"gibbs_dir","batch8",8204,0.621287128712871,0.225771613210638,0.82822180915942
"CHAMPS","bfl_partial",0.2,"gibbs_dir","batch8",8205,0.608910891089109,0.249766414769452,0.804825872317528
"CHAMPS","bfl_partial",0.2,"gibbs_dir","batch8",8206,0.638613861386139,0.244557387057387,0.839224699792861
"CHAMPS","bfl_partial",0.2,"gibbs_dir","batch8",8207,0.653465346534653,0.256698664150275,0.858569462636342
"CHAMPS","bfl_partial",0.2,"gibbs_dir","batch8",8208,0.646039603960396,0.239387726968372,0.843009769792206
"CHAMPS","bfl_partial",0.2,"gibbs_dir","batch8",8209,0.636138613861386,0.235155498573953,0.836122948127372
"CHAMPS","bfl_partial",0.2,"gibbs_dir","batch8",8210,0.638613861386139,0.240372060877422,0.855133032074604
"CHAMPS","bfl_partial",0.2,"gibbs_dir","batch8",8211,0.626237623762376,0.212616813113197,0.845511350170656
"CHAMPS","bfl_partial",0.2,"gibbs_dir","batch8",8212,0.631188118811881,0.258784433055734,0.829461147861304
"CHAMPS","bfl_partial",0.2,"gibbs_dir","batch8",8213,0.616336633663366,0.222231181542243,0.828991422175325
"CHAMPS","bfl_partial",0.2,"gibbs_dir","batch8",8214,0.626237623762376,0.23283198033198,0.829301076073258
"CHAMPS","bfl_partial",0.2,"gibbs_dir","batch8",8215,0.626237623762376,0.248789523777061,0.826605443865562
"CHAMPS","bfl_partial",0.2,"gibbs_dir","batch8",8216,0.633663366336634,0.230104032106698,0.837507347915812
"CHAMPS","bfl_partial",0.2,"gibbs_dir","batch8",8217,0.636138613861386,0.259905340608466,0.830393684597741
"CHAMPS","bfl_partial",0.2,"gibbs_dir","batch8",8218,0.631188118811881,0.254745960615245,0.828862535731821
"CHAMPS","bfl_partial",0.2,"gibbs_dir","batch8",8219,0.641089108910891,0.220318940835245,0.841422219374229
"CHAMPS","bfl_partial",0.2,"gibbs_dir","batch8",8220,0.636138613861386,0.208994966418885,0.827678677012121
"CHAMPS","bfl_partial",0.2,"gibbs_dir","batch8",8221,0.631188118811881,0.25467581388634,0.841434342403251
"CHAMPS","bfl_partial",0.2,"gibbs_dir","batch8",8222,0.623762376237624,0.216112308772628,0.837782606394499
"CHAMPS","bfl_partial",0.2,"gibbs_dir","batch8",8223,0.621287128712871,0.252425418384671,0.82348248680269
"CHAMPS","bfl_partial",0.2,"gibbs_dir","batch8",8224,0.621287128712871,0.219950918964077,0.837223198580298
"CHAMPS","bfl_partial",0.2,"gibbs_dir","batch8",8225,0.628712871287129,0.234881321871961,0.841435989350369
"CHAMPS","bfl_partial",0.2,"gibbs_dir","batch8",8226,0.621287128712871,0.239903342343785,0.830258804312885
"CHAMPS","bfl_partial",0.2,"gibbs_dir","batch8",8227,0.608910891089109,0.20990990990991,0.814661932833117
"CHAMPS","bfl_partial",0.2,"gibbs_dir","batch8",8228,0.633663366336634,0.229678952417382,0.837828315305381
"CHAMPS","bfl_partial",0.2,"gibbs_dir","batch8",8229,0.608910891089109,0.218852260196134,0.82502282628613
"CHAMPS","bfl_partial",0.2,"gibbs_dir","batch8",8230,0.660891089108911,0.245507304416879,0.853093267192501
"CHAMPS","bfl_partial",0.2,"gibbs_dir","batch8",8231,0.633663366336634,0.232313715235048,0.857736582974012
"CHAMPS","bfl_partial",0.2,"gibbs_dir","batch8",8232,0.636138613861386,0.235831480831481,0.848339008414877
"CHAMPS","bfl_partial",0.2,"gibbs_dir","batch8",8233,0.621287128712871,0.211454587555846,0.834996467555511
"CHAMPS","bfl_partial",0.2,"gibbs_dir","batch8",8234,0.631188118811881,0.244731278453293,0.833944452912814
"CHAMPS","bfl_partial",0.2,"gibbs_dir","batch8",8235,0.628712871287129,0.240224059055937,0.849418105780455
"CHAMPS","bfl_partial",0.2,"gibbs_dir","batch8",8236,0.623762376237624,0.254237572772056,0.817880538011519
"CHAMPS","bfl_partial",0.2,"gibbs_dir","batch8",8237,0.646039603960396,0.234342002984503,0.846016257873803
"CHAMPS","bfl_partial",0.2,"gibbs_dir","batch8",8238,0.636138613861386,0.238098729081174,0.844349483435589
"CHAMPS","bfl_partial",0.2,"gibbs_dir","batch8",8239,0.628712871287129,0.224025509025509,0.836423404784365
"CHAMPS","bfl_partial",0.2,"gibbs_dir","batch8",8240,0.655940594059406,0.225474975072615,0.848741778884234
"CHAMPS","bfl_partial",0.2,"gibbs_dir","batch8",8241,0.643564356435644,0.24587222921474,0.832154688455444
"CHAMPS","bfl_partial",0.2,"gibbs_dir","batch8",8242,0.631188118811881,0.231437874092907,0.843334783048929
"CHAMPS","bfl_partial",0.2,"gibbs_dir","batch8",8243,0.626237623762376,0.253324195906433,0.83143759229911
"CHAMPS","bfl_partial",0.2,"gibbs_dir","batch8",8244,0.616336633663366,0.201555351575021,0.84246387089963
"CHAMPS","bfl_partial",0.2,"gibbs_dir","batch8",8245,0.628712871287129,0.229106109571356,0.837442872534692
"CHAMPS","bfl_partial",0.2,"gibbs_dir","batch8",8246,0.636138613861386,0.242494824016563,0.836432972439059
"CHAMPS","bfl_partial",0.2,"gibbs_dir","batch8",8247,0.641089108910891,0.255980067119386,0.84254535278479
"CHAMPS","bfl_partial",0.2,"gibbs_dir","batch8",8248,0.638613861386139,0.24357885441356,0.833785221860079
"CHAMPS","bfl_partial",0.2,"gibbs_dir","batch8",8249,0.646039603960396,0.228095335771768,0.843051969994427
"CHAMPS","bfl_partial",0.2,"gibbs_dir","batch8",8250,0.636138613861386,0.243254782851557,0.856776242446508
"CHAMPS","bfl_partial",0.2,"gibbs_dir","batch8",8251,0.628712871287129,0.221039809867244,0.844522759977998
"CHAMPS","bfl_partial",0.2,"gibbs_dir","batch8",8252,0.631188118811881,0.228305137844612,0.829414051181955
"CHAMPS","bfl_partial",0.2,"gibbs_dir","batch8",8253,0.636138613861386,0.24113939365805,0.827619480429438
"CHAMPS","bfl_partial",0.2,"gibbs_dir","batch8",8254,0.626237623762376,0.218939414350258,0.843111116972007
"CHAMPS","bfl_partial",0.2,"gibbs_dir","batch8",8255,0.638613861386139,0.255316362025754,0.853374581294298
"CHAMPS","bfl_partial",0.2,"gibbs_dir","batch8",8256,0.631188118811881,0.251302133955377,0.837234768151656
"CHAMPS","bfl_partial",0.2,"gibbs_dir","batch8",8257,0.608910891089109,0.233646880089325,0.82025563166141
"CHAMPS","bfl_partial",0.2,"gibbs_dir","batch8",8258,0.646039603960396,0.224349244741847,0.841671710548364
"CHAMPS","bfl_partial",0.2,"gibbs_dir","batch8",8259,0.621287128712871,0.253526793062592,0.812905515829928
"CHAMPS","bfl_partial",0.2,"gibbs_dir","batch8",8260,0.641089108910891,0.258024869866975,0.849764628706708
"CHAMPS","bfl_partial",0.2,"gibbs_dir","batch8",8261,0.626237623762376,0.240776705255695,0.824526689707584
"CHAMPS","bfl_partial",0.2,"gibbs_dir","batch8",8262,0.636138613861386,0.262080414127357,0.846129218018999
"CHAMPS","bfl_partial",0.2,"gibbs_dir","batch8",8263,0.628712871287129,0.219466309001671,0.831345129106407
"CHAMPS","bfl_partial",0.2,"gibbs_dir","batch8",8264,0.633663366336634,0.231323494300118,0.866815570592938
"CHAMPS","bfl_partial",0.2,"gibbs_dir","batch8",8265,0.621287128712871,0.23735596001221,0.827801375332754
"CHAMPS","bfl_partial",0.2,"gibbs_dir","batch8",8266,0.636138613861386,0.215752464957017,0.851006246363559
"CHAMPS","bfl_partial",0.2,"gibbs_dir","batch8",8267,0.621287128712871,0.236989359888692,0.821819249538599
"CHAMPS","bfl_partial",0.2,"gibbs_dir","batch8",8268,0.621287128712871,0.234855866811512,0.819509655529504
"CHAMPS","bfl_partial",0.2,"gibbs_dir","batch8",8269,0.628712871287129,0.216898197430984,0.844319052872262
"CHAMPS","bfl_partial",0.2,"gibbs_dir","batch8",8270,0.631188118811881,0.219952533879164,0.844124950881442
"CHAMPS","bfl_partial",0.2,"gibbs_dir","batch8",8271,0.618811881188119,0.20629873294347,0.833068375661192
"CHAMPS","bfl_partial",0.2,"gibbs_dir","batch8",8272,0.611386138613861,0.233477203291614,0.834568603434334
"CHAMPS","bfl_partial",0.2,"gibbs_dir","batch8",8273,0.626237623762376,0.256710195091252,0.8466912113466
"CHAMPS","bfl_partial",0.2,"gibbs_dir","batch8",8274,0.631188118811881,0.244851602429036,0.835208506718178
"CHAMPS","bfl_partial",0.2,"gibbs_dir","batch8",8275,0.641089108910891,0.24272659922338,0.850644544591751
"CHAMPS","bfl_partial",0.2,"gibbs_dir","batch8",8276,0.616336633663366,0.201084656084656,0.834707203871707
"CHAMPS","bfl_partial",0.2,"gibbs_dir","batch8",8277,0.626237623762376,0.256865639400922,0.835912174803925
"CHAMPS","bfl_partial",0.2,"gibbs_dir","batch8",8278,0.623762376237624,0.220643269147368,0.83372899939156
"CHAMPS","bfl_partial",0.2,"gibbs_dir","batch8",8279,0.633663366336634,0.240305405413884,0.832761645217363
"CHAMPS","bfl_partial",0.2,"gibbs_dir","batch8",8280,0.613861386138614,0.226617030564399,0.833950280796959
"CHAMPS","bfl_partial",0.2,"gibbs_dir","batch8",8281,0.626237623762376,0.229556654598364,0.820047960919861
"CHAMPS","bfl_partial",0.2,"gibbs_dir","batch8",8282,0.621287128712871,0.255768927564819,0.826978607494948
"CHAMPS","bfl_partial",0.2,"gibbs_dir","batch8",8283,0.636138613861386,0.199234792984793,0.847700468746284
"CHAMPS","bfl_partial",0.2,"gibbs_dir","batch8",8284,0.628712871287129,0.241849041176395,0.818965323503955
"CHAMPS","bfl_partial",0.2,"gibbs_dir","batch8",8285,0.621287128712871,0.223725800186951,0.843695989921598
"CHAMPS","bfl_partial",0.2,"gibbs_dir","batch8",8286,0.621287128712871,0.257479361075251,0.814509999790503
"CHAMPS","bfl_partial",0.2,"gibbs_dir","batch8",8287,0.638613861386139,0.260133664228492,0.846119502745922
"CHAMPS","bfl_partial",0.2,"gibbs_dir","batch8",8288,0.638613861386139,0.248411126308122,0.849857793174889
"CHAMPS","bfl_partial",0.2,"gibbs_dir","batch8",8289,0.655940594059406,0.249493271463191,0.85038282835703
"CHAMPS","bfl_partial",0.2,"gibbs_dir","batch8",8290,0.636138613861386,0.238185012927576,0.841403228346852
"CHAMPS","bfl_partial",0.2,"gibbs_dir","batch8",8291,0.631188118811881,0.23119886100658,0.828583175679475
"CHAMPS","bfl_partial",0.2,"gibbs_dir","batch8",8292,0.621287128712871,0.232128547278597,0.839541449151085
"CHAMPS","bfl_partial",0.2,"gibbs_dir","batch8",8293,0.636138613861386,0.237438161936466,0.852626210751567
"CHAMPS","bfl_partial",0.2,"gibbs_dir","batch8",8294,0.626237623762376,0.223548236911724,0.838093126524297
"CHAMPS","bfl_partial",0.2,"gibbs_dir","batch8",8295,0.633663366336634,0.246804606842356,0.850889473714003
"CHAMPS","bfl_partial",0.2,"gibbs_dir","batch8",8296,0.626237623762376,0.232958007764509,0.837244837728723
"CHAMPS","bfl_partial",0.2,"gibbs_dir","batch8",8297,0.638613861386139,0.267907664601801,0.831588560677437
"CHAMPS","bfl_partial",0.2,"gibbs_dir","batch8",8298,0.631188118811881,0.221282013571565,0.834927556732526
"CHAMPS","bfl_partial",0.2,"gibbs_dir","batch8",8299,0.631188118811881,0.244176480196217,0.826136286928838
"CHAMPS","bfl_partial",0.2,"gibbs_dir","batch8",8300,0.643564356435644,0.226218615499178,0.854806294626439
"CHAMPS","bfl_partial",0.2,"gibbs_dir","batch8",8301,0.636138613861386,0.204031080517313,0.853893880126907
"CHAMPS","bfl_partial",0.2,"gibbs_dir","batch8",8302,0.621287128712871,0.221379941736423,0.816484785622129
"CHAMPS","bfl_partial",0.2,"gibbs_dir","batch8",8303,0.636138613861386,0.245652110382586,0.819465549979501
"CHAMPS","bfl_partial",0.2,"gibbs_dir","batch8",8304,0.626237623762376,0.217381746555039,0.833202802078877
"CHAMPS","bfl_partial",0.2,"gibbs_dir","batch8",8305,0.603960396039604,0.231194697170923,0.825189415834038
"CHAMPS","bfl_partial",0.2,"gibbs_dir","batch8",8306,0.633663366336634,0.236395063746322,0.839280248185478
"CHAMPS","bfl_partial",0.2,"gibbs_dir","batch8",8307,0.623762376237624,0.21647581022581,0.825490829951501
"CHAMPS","bfl_partial",0.2,"gibbs_dir","batch8",8308,0.633663366336634,0.237355272463114,0.844917390638101
"CHAMPS","bfl_partial",0.2,"gibbs_dir","batch8",8309,0.623762376237624,0.230464904955544,0.837574057438794
"CHAMPS","bfl_partial",0.2,"gibbs_dir","batch8",8310,0.638613861386139,0.238763716724243,0.82897901214379
"CHAMPS","bfl_partial",0.2,"gibbs_dir","batch8",8311,0.631188118811881,0.223231056589816,0.840893758797964
"CHAMPS","bfl_partial",0.2,"gibbs_dir","batch8",8312,0.628712871287129,0.23146293522492,0.835676407528294
"CHAMPS","bfl_partial",0.2,"gibbs_dir","batch8",8313,0.613861386138614,0.232093603734229,0.840248169644965
"CHAMPS","bfl_partial",0.2,"gibbs_dir","batch8",8314,0.646039603960396,0.242866817456981,0.849279087954245
"CHAMPS","bfl_partial",0.2,"gibbs_dir","batch8",8315,0.613861386138614,0.217951095399762,0.833900148960085
"CHAMPS","bfl_partial",0.2,"gibbs_dir","batch8",8316,0.628712871287129,0.234272558661146,0.836239327301541
"CHAMPS","bfl_partial",0.2,"gibbs_dir","batch8",8317,0.636138613861386,0.23947215380405,0.845867326841413
"CHAMPS","bfl_partial",0.2,"gibbs_dir","batch8",8318,0.631188118811881,0.215327993757726,0.8384422723067
"CHAMPS","bfl_partial",0.2,"gibbs_dir","batch8",8319,0.618811881188119,0.231121529240998,0.833263059193025
"CHAMPS","bfl_partial",0.2,"gibbs_dir","batch8",8320,0.638613861386139,0.252860275790945,0.84042359862864
"CHAMPS","bfl_partial",0.2,"gibbs_dir","batch8",8321,0.626237623762376,0.240995719966308,0.815083158926813
"CHAMPS","bfl_partial",0.2,"gibbs_dir","batch8",8322,0.631188118811881,0.26113468754216,0.862182346121012
"CHAMPS","bfl_partial",0.2,"gibbs_dir","batch8",8323,0.646039603960396,0.226022588522589,0.845803005742262
"CHAMPS","bfl_partial",0.2,"gibbs_dir","batch8",8324,0.618811881188119,0.22625313283208,0.834984528849718
"CHAMPS","bfl_partial",0.2,"gibbs_dir","batch8",8325,0.636138613861386,0.237397410353737,0.851887840131193
"CHAMPS","bfl_partial",0.2,"gibbs_dir","batch8",8326,0.623762376237624,0.233909987783078,0.838799959376116
"CHAMPS","bfl_partial",0.2,"gibbs_dir","batch8",8327,0.621287128712871,0.207155127508267,0.842527254554104
"CHAMPS","bfl_partial",0.2,"gibbs_dir","batch8",8328,0.638613861386139,0.24385673884164,0.84244578045961
"CHAMPS","bfl_partial",0.2,"gibbs_dir","batch8",8329,0.653465346534653,0.235913776742581,0.849658569946621
"CHAMPS","bfl_partial",0.2,"gibbs_dir","batch8",8330,0.611386138613861,0.210803371313747,0.837419846868622
"CHAMPS","bfl_partial",0.2,"gibbs_dir","batch8",8331,0.631188118811881,0.23489291410344,0.829615625581228
"CHAMPS","bfl_partial",0.2,"gibbs_dir","batch8",8332,0.643564356435644,0.226731952124554,0.835258140087478
"CHAMPS","bfl_partial",0.2,"gibbs_dir","batch8",8333,0.631188118811881,0.238750987574517,0.858427520125359
"CHAMPS","bfl_partial",0.2,"gibbs_dir","batch8",8334,0.621287128712871,0.24511187011187,0.835023790022907
"CHAMPS","bfl_partial",0.2,"gibbs_dir","batch8",8335,0.628712871287129,0.224739072771307,0.838638967106569
"CHAMPS","bfl_partial",0.2,"gibbs_dir","batch8",8336,0.636138613861386,0.254407472627812,0.838965830659789
"CHAMPS","bfl_partial",0.2,"gibbs_dir","batch8",8337,0.638613861386139,0.223167065544012,0.85009837680868
"CHAMPS","bfl_partial",0.2,"gibbs_dir","batch8",8338,0.636138613861386,0.226596002266756,0.841465497351925
"CHAMPS","bfl_partial",0.2,"gibbs_dir","batch8",8339,0.626237623762376,0.222031565595824,0.857442853481476
"CHAMPS","bfl_partial",0.2,"gibbs_dir","batch8",8340,0.623762376237624,0.232575237501739,0.840127237138537
"CHAMPS","bfl_partial",0.2,"gibbs_dir","batch8",8341,0.633663366336634,0.237583003155037,0.834142222295989
"CHAMPS","bfl_partial",0.2,"gibbs_dir","batch8",8342,0.641089108910891,0.241594624575494,0.841249200341141
"CHAMPS","bfl_partial",0.2,"gibbs_dir","batch8",8343,0.646039603960396,0.196486017119302,0.870868446917462
"CHAMPS","bfl_partial",0.2,"gibbs_dir","batch8",8344,0.638613861386139,0.25854720946325,0.829107560618382
"CHAMPS","bfl_partial",0.2,"gibbs_dir","batch8",8345,0.643564356435644,0.210798575854617,0.868843926915393
"CHAMPS","bfl_partial",0.2,"gibbs_dir","batch8",8346,0.638613861386139,0.240855470527549,0.842470756766722
"CHAMPS","bfl_partial",0.2,"gibbs_dir","batch8",8347,0.631188118811881,0.213754071442031,0.848132320274968
"CHAMPS","bfl_partial",0.2,"gibbs_dir","batch8",8348,0.633663366336634,0.213323713323713,0.84017016565515
"CHAMPS","bfl_partial",0.2,"gibbs_dir","batch8",8349,0.628712871287129,0.227846090154526,0.839042547728113
"CHAMPS","bfl_partial",0.2,"gibbs_dir","batch8",8350,0.618811881188119,0.24740786990787,0.833907819948452
"CHAMPS","bfl_partial",0.2,"gibbs_dir","batch8",8351,0.641089108910891,0.228299457216249,0.848435898702478
"CHAMPS","bfl_partial",0.2,"gibbs_dir","batch8",8352,0.623762376237624,0.237655570861567,0.830868659100959
"CHAMPS","bfl_partial",0.2,"gibbs_dir","batch8",8353,0.646039603960396,0.228255185967952,0.855737799817635
"CHAMPS","bfl_partial",0.2,"gibbs_dir","batch8",8354,0.655940594059406,0.243802450814479,0.847272111221322
"CHAMPS","bfl_partial",0.2,"gibbs_dir","batch8",8355,0.623762376237624,0.225332136903344,0.831799757188881
"CHAMPS","bfl_partial",0.2,"gibbs_dir","batch8",8356,0.633663366336634,0.259491540201936,0.833724053759222
"CHAMPS","bfl_partial",0.2,"gibbs_dir","batch8",8357,0.623762376237624,0.22085010688361,0.847968063104716
"CHAMPS","bfl_partial",0.2,"gibbs_dir","batch8",8358,0.599009900990099,0.207137518684604,0.826879607295827
"CHAMPS","bfl_partial",0.2,"gibbs_dir","batch8",8359,0.638613861386139,0.236269603089012,0.831957937469505
"CHAMPS","bfl_partial",0.2,"gibbs_dir","batch8",8360,0.618811881188119,0.23785303748539,0.8251822874522
"CHAMPS","bfl_partial",0.2,"gibbs_dir","batch8",8361,0.606435643564356,0.215978006063166,0.811449366508263
"CHAMPS","bfl_partial",0.2,"gibbs_dir","batch8",8362,0.643564356435644,0.225880350084107,0.85640687631503
"CHAMPS","bfl_partial",0.2,"gibbs_dir","batch8",8363,0.628712871287129,0.234929414847448,0.840990127323628
"CHAMPS","bfl_partial",0.2,"gibbs_dir","batch8",8364,0.633663366336634,0.242762844287305,0.818277130578495
"CHAMPS","bfl_partial",0.2,"gibbs_dir","batch8",8365,0.631188118811881,0.218866326028937,0.828914478423941
"CHAMPS","bfl_partial",0.2,"gibbs_dir","batch8",8366,0.616336633663366,0.250841167975743,0.823826860935677
"CHAMPS","bfl_partial",0.2,"gibbs_dir","batch8",8367,0.636138613861386,0.238875707625708,0.841324670311096
"CHAMPS","bfl_partial",0.2,"gibbs_dir","batch8",8368,0.623762376237624,0.238161173708049,0.83435499301024
"CHAMPS","bfl_partial",0.2,"gibbs_dir","batch8",8369,0.638613861386139,0.237378323408083,0.846205726660321
"CHAMPS","bfl_partial",0.2,"gibbs_dir","batch8",8370,0.638613861386139,0.23012841508577,0.833642615281649
"CHAMPS","bfl_partial",0.2,"gibbs_dir","batch8",8371,0.641089108910891,0.226188310112983,0.837676015639274
"CHAMPS","bfl_partial",0.2,"gibbs_dir","batch8",8372,0.616336633663366,0.233387539333831,0.832110008660805
"CHAMPS","bfl_partial",0.2,"gibbs_dir","batch8",8373,0.638613861386139,0.240589827136513,0.84799995016554
"CHAMPS","bfl_partial",0.2,"gibbs_dir","batch8",8374,0.606435643564356,0.220731474407945,0.816916835890853
"CHAMPS","bfl_partial",0.2,"gibbs_dir","batch8",8375,0.646039603960396,0.233270158226297,0.846937076621082
"CHAMPS","bfl_partial",0.2,"gibbs_dir","batch8",8376,0.616336633663366,0.220054255223747,0.831756664954536
"CHAMPS","bfl_partial",0.2,"gibbs_dir","batch8",8377,0.636138613861386,0.221933971459763,0.844022455112386
"CHAMPS","bfl_partial",0.2,"gibbs_dir","batch8",8378,0.626237623762376,0.219079575783116,0.830114652132788
"CHAMPS","bfl_partial",0.2,"gibbs_dir","batch8",8379,0.618811881188119,0.233780906593407,0.827245487413139
"CHAMPS","bfl_partial",0.2,"gibbs_dir","batch8",8380,0.631188118811881,0.238448639610144,0.832535778904944
"CHAMPS","bfl_partial",0.2,"gibbs_dir","batch8",8381,0.638613861386139,0.225721319743059,0.854559861122376
"CHAMPS","bfl_partial",0.2,"gibbs_dir","batch8",8382,0.621287128712871,0.249946581196581,0.835884433365167
"CHAMPS","bfl_partial",0.2,"gibbs_dir","batch8",8383,0.599009900990099,0.251545808275129,0.810924508305989
"CHAMPS","bfl_partial",0.2,"gibbs_dir","batch8",8384,0.628712871287129,0.255022800157417,0.829972769213381
"CHAMPS","bfl_partial",0.2,"gibbs_dir","batch8",8385,0.628712871287129,0.236719576719577,0.833257241417588
"CHAMPS","bfl_partial",0.2,"gibbs_dir","batch8",8386,0.628712871287129,0.218351949680948,0.825054645078688
"CHAMPS","bfl_partial",0.2,"gibbs_dir","batch8",8387,0.621287128712871,0.253865664396486,0.820844349811505
"CHAMPS","bfl_partial",0.2,"gibbs_dir","batch8",8388,0.641089108910891,0.224218573188825,0.835648803716029
"CHAMPS","bfl_partial",0.2,"gibbs_dir","batch8",8389,0.650990099009901,0.236141304347826,0.852174565304087
"CHAMPS","bfl_partial",0.2,"gibbs_dir","batch8",8390,0.650990099009901,0.265570147366624,0.833888085546004
"CHAMPS","bfl_partial",0.2,"gibbs_dir","batch8",8391,0.623762376237624,0.218143309092403,0.830730001475694
"CHAMPS","bfl_partial",0.2,"gibbs_dir","batch8",8392,0.631188118811881,0.2381710800213,0.828907773153745
"CHAMPS","bfl_partial",0.2,"gibbs_dir","batch8",8393,0.626237623762376,0.245259836295539,0.844674993692343
"CHAMPS","bfl_partial",0.2,"gibbs_dir","batch8",8394,0.638613861386139,0.239906363650905,0.845248311662123
"CHAMPS","bfl_partial",0.2,"gibbs_dir","batch8",8395,0.650990099009901,0.228787366416323,0.843079580597901
"CHAMPS","bfl_partial",0.2,"gibbs_dir","batch8",8396,0.641089108910891,0.241758241758242,0.840838156733394
"CHAMPS","bfl_partial",0.2,"gibbs_dir","batch8",8397,0.641089108910891,0.263178681489979,0.843355725813301
"CHAMPS","bfl_partial",0.2,"gibbs_dir","batch8",8398,0.623762376237624,0.198738002347279,0.854326228201654
"CHAMPS","bfl_partial",0.2,"gibbs_dir","batch8",8399,0.618811881188119,0.252974457416771,0.833064859894391
"CHAMPS","bfl_partial",0.2,"gibbs_dir","batch8",8400,0.628712871287129,0.238830182219474,0.830076042571384
"CHAMPS","bfl_partial",0.2,"gibbs_dir","batch8",8401,0.646039603960396,0.208884468418465,0.841747573218078
"CHAMPS","bfl_partial",0.2,"gibbs_dir","batch8",8402,0.650990099009901,0.244955295600457,0.857677554396259
"CHAMPS","bfl_partial",0.2,"gibbs_dir","batch8",8403,0.623762376237624,0.236641532289958,0.831278526035244
"CHAMPS","bfl_partial",0.2,"gibbs_dir","batch8",8404,0.618811881188119,0.253728112049489,0.820946646277264
"CHAMPS","bfl_partial",0.2,"gibbs_dir","batch8",8405,0.633663366336634,0.230514779940755,0.854647110406793
"CHAMPS","bfl_partial",0.2,"gibbs_dir","batch8",8406,0.631188118811881,0.213508692400043,0.818124567687105
"CHAMPS","bfl_partial",0.2,"gibbs_dir","batch8",8407,0.646039603960396,0.259938845102761,0.846088858488475
"CHAMPS","bfl_partial",0.2,"gibbs_dir","batch8",8408,0.650990099009901,0.246119456366237,0.852724109148671
"CHAMPS","bfl_partial",0.2,"gibbs_dir","batch8",8409,0.628712871287129,0.249352205960135,0.826215978168996
"CHAMPS","bfl_partial",0.2,"gibbs_dir","batch8",8410,0.613861386138614,0.216467777014652,0.82777707930124
"CHAMPS","bfl_partial",0.2,"gibbs_dir","batch8",8411,0.626237623762376,0.233491064025113,0.826612166089478
"CHAMPS","bfl_partial",0.2,"gibbs_dir","batch8",8412,0.626237623762376,0.233617548014301,0.825787754588523
"CHAMPS","bfl_partial",0.2,"gibbs_dir","batch8",8413,0.616336633663366,0.2451131364652,0.833435547153881
"CHAMPS","bfl_partial",0.2,"gibbs_dir","batch8",8414,0.638613861386139,0.233665223665224,0.831705465620249
"CHAMPS","bfl_partial",0.2,"gibbs_dir","batch8",8415,0.643564356435644,0.24950799357579,0.849526735015524
"CHAMPS","bfl_partial",0.2,"gibbs_dir","batch8",8416,0.633663366336634,0.23606242895036,0.838315761863885
"CHAMPS","bfl_partial",0.2,"gibbs_dir","batch8",8417,0.621287128712871,0.217462334919231,0.857916204734922
"CHAMPS","bfl_partial",0.2,"gibbs_dir","batch8",8418,0.613861386138614,0.251291735084839,0.8360187321283
"CHAMPS","bfl_partial",0.2,"gibbs_dir","batch8",8419,0.636138613861386,0.218392224826048,0.85430572126901
"CHAMPS","bfl_partial",0.2,"gibbs_dir","batch8",8420,0.646039603960396,0.245643557724756,0.843661647936808
"CHAMPS","bfl_partial",0.2,"gibbs_dir","batch8",8421,0.636138613861386,0.232769370460048,0.844108593215814
"CHAMPS","bfl_partial",0.2,"gibbs_dir","batch8",8422,0.631188118811881,0.2462168314142,0.849906436703027
"CHAMPS","bfl_partial",0.2,"gibbs_dir","batch8",8423,0.636138613861386,0.238186235223402,0.848615606125271
"CHAMPS","bfl_partial",0.2,"gibbs_dir","batch8",8424,0.636138613861386,0.224631180223285,0.831828121594459
"CHAMPS","bfl_partial",0.2,"gibbs_dir","batch8",8425,0.613861386138614,0.207640369580668,0.832503011460766
"CHAMPS","bfl_partial",0.2,"gibbs_dir","batch8",8426,0.648514851485149,0.240702496736979,0.843131895784525
"CHAMPS","bfl_partial",0.2,"gibbs_dir","batch8",8427,0.623762376237624,0.258418132689433,0.819282324124859
"CHAMPS","bfl_partial",0.2,"gibbs_dir","batch8",8428,0.638613861386139,0.25886647460741,0.829921332278909
"CHAMPS","bfl_partial",0.2,"gibbs_dir","batch8",8429,0.638613861386139,0.230021893814997,0.859328893724948
"CHAMPS","bfl_partial",0.2,"gibbs_dir","batch8",8430,0.621287128712871,0.225261773605938,0.830178351012408
"CHAMPS","bfl_partial",0.2,"gibbs_dir","batch8",8431,0.626237623762376,0.238444329174484,0.84389645171599
"CHAMPS","bfl_partial",0.2,"gibbs_dir","batch8",8432,0.621287128712871,0.236984401984402,0.84478701390012
"CHAMPS","bfl_partial",0.2,"gibbs_dir","batch8",8433,0.621287128712871,0.217669494435873,0.82032214663994
"CHAMPS","bfl_partial",0.2,"gibbs_dir","batch8",8434,0.628712871287129,0.221641098388631,0.836810054638852
"CHAMPS","bfl_partial",0.2,"gibbs_dir","batch8",8435,0.643564356435644,0.236964508755522,0.833830330976611
"CHAMPS","bfl_partial",0.2,"gibbs_dir","batch8",8436,0.631188118811881,0.234003446637742,0.847062386770353
"CHAMPS","bfl_partial",0.2,"gibbs_dir","batch8",8437,0.618811881188119,0.23519396866606,0.81940684622294
"CHAMPS","bfl_partial",0.2,"gibbs_dir","batch8",8438,0.623762376237624,0.251283615691136,0.833463138119469
"CHAMPS","bfl_partial",0.2,"gibbs_dir","batch8",8439,0.628712871287129,0.234817563095419,0.820704773608975
"CHAMPS","bfl_partial",0.2,"gibbs_dir","batch8",8440,0.638613861386139,0.235704780112675,0.826921027746493
"CHAMPS","bfl_partial",0.2,"gibbs_dir","batch8",8441,0.626237623762376,0.22707118748707,0.838317888223326
"CHAMPS","bfl_partial",0.2,"gibbs_dir","batch8",8442,0.618811881188119,0.232830633446633,0.839307691606958
"CHAMPS","bfl_partial",0.2,"gibbs_dir","batch8",8443,0.633663366336634,0.229408598158598,0.828718738771828
"CHAMPS","bfl_partial",0.2,"gibbs_dir","batch8",8444,0.638613861386139,0.243702510214519,0.849455265746854
"CHAMPS","bfl_partial",0.2,"gibbs_dir","batch8",8445,0.613861386138614,0.216774241774242,0.831635026196381
"CHAMPS","bfl_partial",0.2,"gibbs_dir","batch8",8446,0.608910891089109,0.224779456654457,0.8328357332363
"CHAMPS","bfl_partial",0.2,"gibbs_dir","batch8",8447,0.611386138613861,0.201911422629714,0.827341156463768
"CHAMPS","bfl_partial",0.2,"gibbs_dir","batch8",8448,0.641089108910891,0.227803724053724,0.856840193921924
"CHAMPS","bfl_partial",0.2,"gibbs_dir","batch8",8449,0.621287128712871,0.211164331475948,0.855282288093334
"CHAMPS","bfl_partial",0.2,"gibbs_dir","batch8",8450,0.633663366336634,0.262162172318422,0.84071910072766
"CHAMPS","bfl_partial",0.2,"gibbs_dir","batch8",8451,0.623762376237624,0.220039844311145,0.83087709757655
"CHAMPS","bfl_partial",0.2,"gibbs_dir","batch8",8452,0.621287128712871,0.212895633605555,0.8336357229167
"CHAMPS","bfl_partial",0.2,"gibbs_dir","batch8",8453,0.636138613861386,0.263149826908408,0.839271704704075
"CHAMPS","bfl_partial",0.2,"gibbs_dir","batch8",8454,0.648514851485149,0.223101502211557,0.853087855240328
"CHAMPS","bfl_partial",0.2,"gibbs_dir","batch8",8455,0.626237623762376,0.250073655951244,0.838038291433466
"CHAMPS","bfl_partial",0.2,"gibbs_dir","batch8",8456,0.633663366336634,0.209944410316063,0.83303877450231
"CHAMPS","bfl_partial",0.2,"gibbs_dir","batch8",8457,0.633663366336634,0.236487174953152,0.847964135531752
"CHAMPS","bfl_partial",0.2,"gibbs_dir","batch8",8458,0.621287128712871,0.211186563007241,0.832564063535292
"CHAMPS","bfl_partial",0.2,"gibbs_dir","batch8",8459,0.618811881188119,0.232956188548294,0.83213088923199
"CHAMPS","bfl_partial",0.2,"gibbs_dir","batch8",8460,0.626237623762376,0.247362749546279,0.832926557863717
"CHAMPS","bfl_partial",0.2,"gibbs_dir","batch8",8461,0.636138613861386,0.237587696203001,0.843643395541778
"CHAMPS","bfl_partial",0.2,"gibbs_dir","batch8",8462,0.631188118811881,0.24909699591903,0.839427993781105
"CHAMPS","bfl_partial",0.2,"gibbs_dir","batch8",8463,0.611386138613861,0.228904201876372,0.834596392765708
"CHAMPS","bfl_partial",0.2,"gibbs_dir","batch8",8464,0.648514851485149,0.231803846640718,0.86417024980263
"CHAMPS","bfl_partial",0.2,"gibbs_dir","batch8",8465,0.623762376237624,0.252709951981252,0.824065608829854
"CHAMPS","bfl_partial",0.2,"gibbs_dir","batch8",8466,0.631188118811881,0.235812273670203,0.842626500838736
"CHAMPS","bfl_partial",0.2,"gibbs_dir","batch8",8467,0.638613861386139,0.257101382174049,0.832769352281141
"CHAMPS","bfl_partial",0.2,"gibbs_dir","batch8",8468,0.636138613861386,0.258172683051715,0.827518219332009
"CHAMPS","bfl_partial",0.2,"gibbs_dir","batch8",8469,0.628712871287129,0.235075741683671,0.830832807443385
"CHAMPS","bfl_partial",0.2,"gibbs_dir","batch8",8470,0.636138613861386,0.255126310471138,0.828255602078415
"CHAMPS","bfl_partial",0.2,"gibbs_dir","batch8",8471,0.648514851485149,0.264604697947209,0.839718232653273
"CHAMPS","bfl_partial",0.2,"gibbs_dir","batch8",8472,0.618811881188119,0.218939168939169,0.829166541226106
"CHAMPS","bfl_partial",0.2,"gibbs_dir","batch8",8473,0.618811881188119,0.195969890784301,0.85707978604974
"CHAMPS","bfl_partial",0.2,"gibbs_dir","batch8",8474,0.616336633663366,0.236519970347901,0.835774780734736
"CHAMPS","bfl_partial",0.2,"gibbs_dir","batch8",8475,0.633663366336634,0.239873878243997,0.838433840593036
"CHAMPS","bfl_partial",0.2,"gibbs_dir","batch8",8476,0.626237623762376,0.225169919754553,0.831006017225885
"CHAMPS","bfl_partial",0.2,"gibbs_dir","batch8",8477,0.626237623762376,0.244076223955256,0.840545263988642
"CHAMPS","bfl_partial",0.2,"gibbs_dir","batch8",8478,0.653465346534653,0.233419459149116,0.861830688070974
"CHAMPS","bfl_partial",0.2,"gibbs_dir","batch8",8479,0.618811881188119,0.23899590003635,0.835018651956644
"CHAMPS","bfl_partial",0.2,"gibbs_dir","batch8",8480,0.633663366336634,0.231522631541372,0.83500419715793
"CHAMPS","bfl_partial",0.2,"gibbs_dir","batch8",8481,0.626237623762376,0.236388668691807,0.836380950327167
"CHAMPS","bfl_partial",0.2,"gibbs_dir","batch8",8482,0.623762376237624,0.239387115465655,0.820112855361676
"CHAMPS","bfl_partial",0.2,"gibbs_dir","batch8",8483,0.643564356435644,0.248050959531381,0.850236743292101
"CHAMPS","bfl_partial",0.2,"gibbs_dir","batch8",8484,0.633663366336634,0.225586507185593,0.827501097863723
"CHAMPS","bfl_partial",0.2,"gibbs_dir","batch8",8485,0.641089108910891,0.242682528045431,0.846296719238565
"CHAMPS","bfl_partial",0.2,"gibbs_dir","batch8",8486,0.633663366336634,0.238343062568445,0.843303036967407
"CHAMPS","bfl_partial",0.2,"gibbs_dir","batch8",8487,0.646039603960396,0.234493717124489,0.851054331598396
"CHAMPS","bfl_partial",0.2,"gibbs_dir","batch8",8488,0.641089108910891,0.264705366824011,0.846559966444886
"CHAMPS","bfl_partial",0.2,"gibbs_dir","batch8",8489,0.643564356435644,0.245698467220206,0.856449939147226
"CHAMPS","bfl_partial",0.2,"gibbs_dir","batch8",8490,0.648514851485149,0.245366706616353,0.836849255363631
"CHAMPS","bfl_partial",0.2,"gibbs_dir","batch8",8491,0.650990099009901,0.212084502348538,0.850709718955278
"CHAMPS","bfl_partial",0.2,"gibbs_dir","batch8",8492,0.650990099009901,0.247101993768894,0.850520967770323
"CHAMPS","bfl_partial",0.2,"gibbs_dir","batch8",8493,0.626237623762376,0.231425058836563,0.837747919879985
"CHAMPS","bfl_partial",0.2,"gibbs_dir","batch8",8494,0.641089108910891,0.230633549202061,0.850314661371009
"CHAMPS","bfl_partial",0.2,"gibbs_dir","batch8",8495,0.621287128712871,0.234640287519214,0.840839376843699
"CHAMPS","bfl_partial",0.2,"gibbs_dir","batch8",8496,0.608910891089109,0.232073413959182,0.839927366684692
"CHAMPS","bfl_partial",0.2,"gibbs_dir","batch8",8497,0.633663366336634,0.254009498898678,0.835940980399541
"CHAMPS","bfl_partial",0.2,"gibbs_dir","batch8",8498,0.646039603960396,0.229708530477466,0.843828211444983
"CHAMPS","bfl_partial",0.2,"gibbs_dir","batch8",8499,0.626237623762376,0.255047024933735,0.835810116375296
"CHAMPS","bfl_partial",0.2,"gibbs_dir","batch8",8500,0.636138613861386,0.224197322717017,0.836129464816089
"CHAMPS","bfl_domain",0.4,"gibbs_dir","batch8",8001,0.693069306930693,0.245714285714286,0.878647946156381
"CHAMPS","bfl_domain",0.4,"gibbs_dir","batch8",8002,0.676567656765677,0.260739355468271,0.866475151191787
"CHAMPS","bfl_domain",0.4,"gibbs_dir","batch8",8003,0.67986798679868,0.251845979171561,0.878644176182141
"CHAMPS","bfl_domain",0.4,"gibbs_dir","batch8",8004,0.676567656765677,0.26717291388836,0.853221438328305
"CHAMPS","bfl_domain",0.4,"gibbs_dir","batch8",8005,0.666666666666667,0.245963598957875,0.866011734735639
"CHAMPS","bfl_domain",0.4,"gibbs_dir","batch8",8006,0.66996699669967,0.230760604527052,0.855875103642548
"CHAMPS","bfl_domain",0.4,"gibbs_dir","batch8",8007,0.627062706270627,0.237478459703075,0.847119973337146
"CHAMPS","bfl_domain",0.4,"gibbs_dir","batch8",8008,0.653465346534653,0.233433026642161,0.853460429518989
"CHAMPS","bfl_domain",0.4,"gibbs_dir","batch8",8009,0.663366336633663,0.22727937267411,0.857016924215696
"CHAMPS","bfl_domain",0.4,"gibbs_dir","batch8",8010,0.64026402640264,0.225438085966222,0.853098752800817
"CHAMPS","bfl_domain",0.4,"gibbs_dir","batch8",8011,0.627062706270627,0.238992051319505,0.826319754736173
"CHAMPS","bfl_domain",0.4,"gibbs_dir","batch8",8012,0.683168316831683,0.230717069101373,0.870844685774235
"CHAMPS","bfl_domain",0.4,"gibbs_dir","batch8",8013,0.683168316831683,0.26258881922675,0.876867372357789
"CHAMPS","bfl_domain",0.4,"gibbs_dir","batch8",8014,0.673267326732673,0.250964148075775,0.883160288458883
"CHAMPS","bfl_domain",0.4,"gibbs_dir","batch8",8015,0.65016501650165,0.243628596833778,0.851044138440155
"CHAMPS","bfl_domain",0.4,"gibbs_dir","batch8",8016,0.656765676567657,0.237001972386588,0.864872636367143
"CHAMPS","bfl_domain",0.4,"gibbs_dir","batch8",8017,0.66996699669967,0.25230815811173,0.885523278364068
"CHAMPS","bfl_domain",0.4,"gibbs_dir","batch8",8018,0.66006600660066,0.250134705444096,0.875584441350678
"CHAMPS","bfl_domain",0.4,"gibbs_dir","batch8",8019,0.646864686468647,0.24669452887538,0.861772876186524
"CHAMPS","bfl_domain",0.4,"gibbs_dir","batch8",8020,0.656765676567657,0.209506029049055,0.852513389123355
"CHAMPS","bfl_domain",0.4,"gibbs_dir","batch8",8021,0.653465346534653,0.246882733882228,0.873733437752893
"CHAMPS","bfl_domain",0.4,"gibbs_dir","batch8",8022,0.65016501650165,0.239705882352941,0.836852994022754
"CHAMPS","bfl_domain",0.4,"gibbs_dir","batch8",8023,0.603960396039604,0.255178199034894,0.848634224478065
"CHAMPS","bfl_domain",0.4,"gibbs_dir","batch8",8024,0.643564356435644,0.266427311665407,0.860925751367613
"CHAMPS","bfl_domain",0.4,"gibbs_dir","batch8",8025,0.663366336633663,0.259195845004669,0.865098971992528
"CHAMPS","bfl_domain",0.4,"gibbs_dir","batch8",8026,0.683168316831683,0.247444925720097,0.86417852903103
"CHAMPS","bfl_domain",0.4,"gibbs_dir","batch8",8027,0.65016501650165,0.253130224421785,0.861214896778319
"CHAMPS","bfl_domain",0.4,"gibbs_dir","batch8",8028,0.623762376237624,0.260424528301887,0.854786652844697
"CHAMPS","bfl_domain",0.4,"gibbs_dir","batch8",8029,0.643564356435644,0.252132233118304,0.864660949058811
"CHAMPS","bfl_domain",0.4,"gibbs_dir","batch8",8030,0.66006600660066,0.256562288658153,0.867069935763793
"CHAMPS","bfl_domain",0.4,"gibbs_dir","batch8",8031,0.66006600660066,0.232827473822897,0.865555585369421
"CHAMPS","bfl_domain",0.4,"gibbs_dir","batch8",8032,0.66006600660066,0.259689153439153,0.859460911140658
"CHAMPS","bfl_domain",0.4,"gibbs_dir","batch8",8033,0.67986798679868,0.247955323213602,0.882218837470529
"CHAMPS","bfl_domain",0.4,"gibbs_dir","batch8",8034,0.666666666666667,0.266279069767442,0.879744552089458
"CHAMPS","bfl_domain",0.4,"gibbs_dir","batch8",8035,0.627062706270627,0.270954585537919,0.850385053733818
"CHAMPS","bfl_domain",0.4,"gibbs_dir","batch8",8036,0.653465346534653,0.28766339869281,0.868519421200289
"CHAMPS","bfl_domain",0.4,"gibbs_dir","batch8",8037,0.663366336633663,0.253882177871148,0.866865018125245
"CHAMPS","bfl_domain",0.4,"gibbs_dir","batch8",8038,0.656765676567657,0.26735483601071,0.859929818494609
"CHAMPS","bfl_domain",0.4,"gibbs_dir","batch8",8039,0.646864686468647,0.254440789473684,0.853187771508089
"CHAMPS","bfl_domain",0.4,"gibbs_dir","batch8",8040,0.676567656765677,0.238433484504913,0.870998619083867
"CHAMPS","bfl_domain",0.4,"gibbs_dir","batch8",8041,0.66996699669967,0.249838470857451,0.86834245538963
"CHAMPS","bfl_domain",0.4,"gibbs_dir","batch8",8042,0.673267326732673,0.269678288556522,0.894685206565186
"CHAMPS","bfl_domain",0.4,"gibbs_dir","batch8",8043,0.65016501650165,0.233516587082181,0.839546303439831
"CHAMPS","bfl_domain",0.4,"gibbs_dir","batch8",8044,0.666666666666667,0.218998754748506,0.857517271867662
"CHAMPS","bfl_domain",0.4,"gibbs_dir","batch8",8045,0.653465346534653,0.287590375725969,0.865988924145941
"CHAMPS","bfl_domain",0.4,"gibbs_dir","batch8",8046,0.676567656765677,0.286777950310559,0.881733313797381
"CHAMPS","bfl_domain",0.4,"gibbs_dir","batch8",8047,0.666666666666667,0.246604275095895,0.883254496502864
"CHAMPS","bfl_domain",0.4,"gibbs_dir","batch8",8048,0.656765676567657,0.25422319121447,0.864061145807748
"CHAMPS","bfl_domain",0.4,"gibbs_dir","batch8",8049,0.65016501650165,0.226522039419429,0.867796257464837
"CHAMPS","bfl_domain",0.4,"gibbs_dir","batch8",8050,0.686468646864686,0.258139534883721,0.876057542347735
"CHAMPS","bfl_domain",0.4,"gibbs_dir","batch8",8051,0.656765676567657,0.256592637054822,0.874690395633486
"CHAMPS","bfl_domain",0.4,"gibbs_dir","batch8",8052,0.623762376237624,0.288378136807268,0.854038294763231
"CHAMPS","bfl_domain",0.4,"gibbs_dir","batch8",8053,0.62046204620462,0.229359551738584,0.866765452152105
"CHAMPS","bfl_domain",0.4,"gibbs_dir","batch8",8054,0.663366336633663,0.246908302259714,0.866840303026768
"CHAMPS","bfl_domain",0.4,"gibbs_dir","batch8",8055,0.653465346534653,0.251465632645525,0.867692419653323
"CHAMPS","bfl_domain",0.4,"gibbs_dir","batch8",8056,0.646864686468647,0.263885845749343,0.864459966402066
"CHAMPS","bfl_domain",0.4,"gibbs_dir","batch8",8057,0.686468646864686,0.293310612135793,0.879397846437666
"CHAMPS","bfl_domain",0.4,"gibbs_dir","batch8",8058,0.653465346534653,0.239442355889724,0.862412426514948
"CHAMPS","bfl_domain",0.4,"gibbs_dir","batch8",8059,0.656765676567657,0.230168002728978,0.849890001892268
"CHAMPS","bfl_domain",0.4,"gibbs_dir","batch8",8060,0.653465346534653,0.272348526345842,0.864949342670251
"CHAMPS","bfl_domain",0.4,"gibbs_dir","batch8",8061,0.643564356435644,0.223228159188204,0.858492819562036
"CHAMPS","bfl_domain",0.4,"gibbs_dir","batch8",8062,0.676567656765677,0.281455928330928,0.884177429036333
"CHAMPS","bfl_domain",0.4,"gibbs_dir","batch8",8063,0.64026402640264,0.29132025724282,0.854664434195022
"CHAMPS","bfl_domain",0.4,"gibbs_dir","batch8",8064,0.67986798679868,0.254973370927318,0.87015107768313
"CHAMPS","bfl_domain",0.4,"gibbs_dir","batch8",8065,0.676567656765677,0.261943172937367,0.876616410522698
"CHAMPS","bfl_domain",0.4,"gibbs_dir","batch8",8066,0.66996699669967,0.215314009661836,0.880978106373416
"CHAMPS","bfl_domain",0.4,"gibbs_dir","batch8",8067,0.66006600660066,0.223891927460639,0.845258725716214
"CHAMPS","bfl_domain",0.4,"gibbs_dir","batch8",8068,0.686468646864686,0.276306352459016,0.887559576018049
"CHAMPS","bfl_domain",0.4,"gibbs_dir","batch8",8069,0.67986798679868,0.257441791924551,0.881108378430839
"CHAMPS","bfl_domain",0.4,"gibbs_dir","batch8",8070,0.66006600660066,0.260465658827921,0.875466262015631
"CHAMPS","bfl_domain",0.4,"gibbs_dir","batch8",8071,0.676567656765677,0.252508262653334,0.877519227199684
"CHAMPS","bfl_domain",0.4,"gibbs_dir","batch8",8072,0.653465346534653,0.231245253284727,0.862556753113122
"CHAMPS","bfl_domain",0.4,"gibbs_dir","batch8",8073,0.65016501650165,0.237039029132403,0.8611248043172
"CHAMPS","bfl_domain",0.4,"gibbs_dir","batch8",8074,0.67986798679868,0.228233325364571,0.865219314310159
"CHAMPS","bfl_domain",0.4,"gibbs_dir","batch8",8075,0.693069306930693,0.251308655281849,0.88167608696954
"CHAMPS","bfl_domain",0.4,"gibbs_dir","batch8",8076,0.686468646864686,0.319409678765123,0.860553221965897
"CHAMPS","bfl_domain",0.4,"gibbs_dir","batch8",8077,0.597359735973597,0.192680067248702,0.824227296726236
"CHAMPS","bfl_domain",0.4,"gibbs_dir","batch8",8078,0.666666666666667,0.253312883857997,0.869459820698294
"CHAMPS","bfl_domain",0.4,"gibbs_dir","batch8",8079,0.646864686468647,0.240588097340249,0.849290625518983
"CHAMPS","bfl_domain",0.4,"gibbs_dir","batch8",8080,0.656765676567657,0.241032254996195,0.850626337375786
"CHAMPS","bfl_domain",0.4,"gibbs_dir","batch8",8081,0.666666666666667,0.274679189857761,0.866384433637752
"CHAMPS","bfl_domain",0.4,"gibbs_dir","batch8",8082,0.676567656765677,0.236643927233815,0.873489439970432
"CHAMPS","bfl_domain",0.4,"gibbs_dir","batch8",8083,0.636963696369637,0.235959770454366,0.862900046720457
"CHAMPS","bfl_domain",0.4,"gibbs_dir","batch8",8084,0.6996699669967,0.290548038917604,0.884902026591225
"CHAMPS","bfl_domain",0.4,"gibbs_dir","batch8",8085,0.66996699669967,0.245196807046518,0.862071429296677
"CHAMPS","bfl_domain",0.4,"gibbs_dir","batch8",8086,0.643564356435644,0.209887579143286,0.844079362303434
"CHAMPS","bfl_domain",0.4,"gibbs_dir","batch8",8087,0.693069306930693,0.312305496911408,0.889727339993685
"CHAMPS","bfl_domain",0.4,"gibbs_dir","batch8",8088,0.706270627062706,0.272576422807626,0.892197072353036
"CHAMPS","bfl_domain",0.4,"gibbs_dir","batch8",8089,0.683168316831683,0.284770292941025,0.861026871290063
"CHAMPS","bfl_domain",0.4,"gibbs_dir","batch8",8090,0.68976897689769,0.261095042472762,0.886206972691586
"CHAMPS","bfl_domain",0.4,"gibbs_dir","batch8",8091,0.643564356435644,0.241366592156066,0.851697041043064
"CHAMPS","bfl_domain",0.4,"gibbs_dir","batch8",8092,0.66006600660066,0.242436611108406,0.862092875719171
"CHAMPS","bfl_domain",0.4,"gibbs_dir","batch8",8093,0.610561056105611,0.184447128287708,0.813733835788876
"CHAMPS","bfl_domain",0.4,"gibbs_dir","batch8",8094,0.65016501650165,0.285329962024335,0.849766423773374
"CHAMPS","bfl_domain",0.4,"gibbs_dir","batch8",8095,0.64026402640264,0.253512143493761,0.873755905386243
"CHAMPS","bfl_domain",0.4,"gibbs_dir","batch8",8096,0.686468646864686,0.221182636848868,0.86720766328397
"CHAMPS","bfl_domain",0.4,"gibbs_dir","batch8",8097,0.666666666666667,0.29986861298211,0.873524642598554
"CHAMPS","bfl_domain",0.4,"gibbs_dir","batch8",8098,0.66006600660066,0.295729774579922,0.835898243465719
"CHAMPS","bfl_domain",0.4,"gibbs_dir","batch8",8099,0.65016501650165,0.278511920258861,0.85912826272929
"CHAMPS","bfl_domain",0.4,"gibbs_dir","batch8",8100,0.636963696369637,0.290622310138731,0.844979002710313
"CHAMPS","bfl_domain",0.4,"gibbs_dir","batch8",8101,0.67986798679868,0.304055928591532,0.865092429426026
"CHAMPS","bfl_domain",0.4,"gibbs_dir","batch8",8102,0.67986798679868,0.275293601713498,0.867990967975308
"CHAMPS","bfl_domain",0.4,"gibbs_dir","batch8",8103,0.666666666666667,0.21222156450057,0.859757309008097
"CHAMPS","bfl_domain",0.4,"gibbs_dir","batch8",8104,0.676567656765677,0.290157979217707,0.881703680684401
"CHAMPS","bfl_domain",0.4,"gibbs_dir","batch8",8105,0.666666666666667,0.214789497762354,0.856475573278542
"CHAMPS","bfl_domain",0.4,"gibbs_dir","batch8",8106,0.656765676567657,0.244231502669718,0.86863803199489
"CHAMPS","bfl_domain",0.4,"gibbs_dir","batch8",8107,0.66996699669967,0.238382945279497,0.868065225147422
"CHAMPS","bfl_domain",0.4,"gibbs_dir","batch8",8108,0.67986798679868,0.270733222530569,0.879284846085288
"CHAMPS","bfl_domain",0.4,"gibbs_dir","batch8",8109,0.666666666666667,0.264942528735632,0.895243350810172
"CHAMPS","bfl_domain",0.4,"gibbs_dir","batch8",8110,0.64026402640264,0.234819190834228,0.872470761099933
"CHAMPS","bfl_domain",0.4,"gibbs_dir","batch8",8111,0.663366336633663,0.235039129144722,0.864617013214713
"CHAMPS","bfl_domain",0.4,"gibbs_dir","batch8",8112,0.646864686468647,0.260773949976404,0.829785978771583
"CHAMPS","bfl_domain",0.4,"gibbs_dir","batch8",8113,0.663366336633663,0.24852709582776,0.856359581129382
"CHAMPS","bfl_domain",0.4,"gibbs_dir","batch8",8114,0.683168316831683,0.237358125068209,0.862584415609518
"CHAMPS","bfl_domain",0.4,"gibbs_dir","batch8",8115,0.666666666666667,0.232871915483647,0.882032054295286
"CHAMPS","bfl_domain",0.4,"gibbs_dir","batch8",8116,0.666666666666667,0.261856943297271,0.865623391106617
"CHAMPS","bfl_domain",0.4,"gibbs_dir","batch8",8117,0.673267326732673,0.252638888888889,0.876470075279646
"CHAMPS","bfl_domain",0.4,"gibbs_dir","batch8",8118,0.65016501650165,0.247364398492314,0.857204619382043
"CHAMPS","bfl_domain",0.4,"gibbs_dir","batch8",8119,0.68976897689769,0.260340909090909,0.871613215820289
"CHAMPS","bfl_domain",0.4,"gibbs_dir","batch8",8120,0.666666666666667,0.246175927018206,0.87398816796475
"CHAMPS","bfl_domain",0.4,"gibbs_dir","batch8",8121,0.62046204620462,0.216017316017316,0.825547266375149
"CHAMPS","bfl_domain",0.4,"gibbs_dir","batch8",8122,0.67986798679868,0.266440568475452,0.863717802103494
"CHAMPS","bfl_domain",0.4,"gibbs_dir","batch8",8123,0.666666666666667,0.244271353646354,0.867135792691039
"CHAMPS","bfl_domain",0.4,"gibbs_dir","batch8",8124,0.646864686468647,0.26073350071736,0.868854264396863
"CHAMPS","bfl_domain",0.4,"gibbs_dir","batch8",8125,0.68976897689769,0.272592729059199,0.870279728913319
"CHAMPS","bfl_domain",0.4,"gibbs_dir","batch8",8126,0.676567656765677,0.249783111625217,0.889381460103582
"CHAMPS","bfl_domain",0.4,"gibbs_dir","batch8",8127,0.676567656765677,0.23286722400278,0.860369620071764
"CHAMPS","bfl_domain",0.4,"gibbs_dir","batch8",8128,0.666666666666667,0.269599508144701,0.829238050035824
"CHAMPS","bfl_domain",0.4,"gibbs_dir","batch8",8129,0.696369636963696,0.261239180356827,0.895051674069538
"CHAMPS","bfl_domain",0.4,"gibbs_dir","batch8",8130,0.65016501650165,0.227956608054453,0.86018887852501
"CHAMPS","bfl_domain",0.4,"gibbs_dir","batch8",8131,0.676567656765677,0.274417760601971,0.863886848568943
"CHAMPS","bfl_domain",0.4,"gibbs_dir","batch8",8132,0.66996699669967,0.238351806239737,0.877180195977909
"CHAMPS","bfl_domain",0.4,"gibbs_dir","batch8",8133,0.693069306930693,0.28187358276644,0.889191935531694
"CHAMPS","bfl_domain",0.4,"gibbs_dir","batch8",8134,0.673267326732673,0.276733385661957,0.873673665846699
"CHAMPS","bfl_domain",0.4,"gibbs_dir","batch8",8135,0.66006600660066,0.238827677951275,0.86534146825691
"CHAMPS","bfl_domain",0.4,"gibbs_dir","batch8",8136,0.673267326732673,0.250869859307359,0.883031966372294
"CHAMPS","bfl_domain",0.4,"gibbs_dir","batch8",8137,0.666666666666667,0.237758542723448,0.882567663860745
"CHAMPS","bfl_domain",0.4,"gibbs_dir","batch8",8138,0.676567656765677,0.247135433120617,0.872750376626555
"CHAMPS","bfl_domain",0.4,"gibbs_dir","batch8",8139,0.65016501650165,0.234356725146199,0.864468627668019
"CHAMPS","bfl_domain",0.4,"gibbs_dir","batch8",8140,0.686468646864686,0.237937679923849,0.868389418199907
"CHAMPS","bfl_domain",0.4,"gibbs_dir","batch8",8141,0.653465346534653,0.270045853269538,0.863657265290956
"CHAMPS","bfl_domain",0.4,"gibbs_dir","batch8",8142,0.66006600660066,0.250818452380952,0.865068439960429
"CHAMPS","bfl_domain",0.4,"gibbs_dir","batch8",8143,0.65016501650165,0.235953282828283,0.865353484173502
"CHAMPS","bfl_domain",0.4,"gibbs_dir","batch8",8144,0.653465346534653,0.248577610996089,0.850726732105694
"CHAMPS","bfl_domain",0.4,"gibbs_dir","batch8",8145,0.646864686468647,0.254426406926407,0.855184005828262
"CHAMPS","bfl_domain",0.4,"gibbs_dir","batch8",8146,0.67986798679868,0.263174574060487,0.86575915046481
"CHAMPS","bfl_domain",0.4,"gibbs_dir","batch8",8147,0.633663366336634,0.221380736139233,0.856219902545112
"CHAMPS","bfl_domain",0.4,"gibbs_dir","batch8",8148,0.627062706270627,0.239697614323031,0.857294091808293
"CHAMPS","bfl_domain",0.4,"gibbs_dir","batch8",8149,0.6996699669967,0.265759637188209,0.882489441293083
"CHAMPS","bfl_domain",0.4,"gibbs_dir","batch8",8150,0.643564356435644,0.232443797110036,0.843583504326395
"CHAMPS","bfl_domain",0.4,"gibbs_dir","batch8",8151,0.643564356435644,0.24088066551922,0.859243169346293
"CHAMPS","bfl_domain",0.4,"gibbs_dir","batch8",8152,0.66996699669967,0.290212070898741,0.853266808036142
"CHAMPS","bfl_domain",0.4,"gibbs_dir","batch8",8153,0.693069306930693,0.27919305743451,0.872822094013938
"CHAMPS","bfl_domain",0.4,"gibbs_dir","batch8",8154,0.65016501650165,0.264552652637194,0.845961259454509
"CHAMPS","bfl_domain",0.4,"gibbs_dir","batch8",8155,0.63036303630363,0.275339539978094,0.846122141499984
"CHAMPS","bfl_domain",0.4,"gibbs_dir","batch8",8156,0.673267326732673,0.293181173860954,0.883155050150428
"CHAMPS","bfl_domain",0.4,"gibbs_dir","batch8",8157,0.64026402640264,0.234137001336133,0.860261248282332
"CHAMPS","bfl_domain",0.4,"gibbs_dir","batch8",8158,0.656765676567657,0.23905637254902,0.860328208197069
"CHAMPS","bfl_domain",0.4,"gibbs_dir","batch8",8159,0.63036303630363,0.25130363199859,0.86730407823645
"CHAMPS","bfl_domain",0.4,"gibbs_dir","batch8",8160,0.676567656765677,0.237337570410992,0.858655731484626
"CHAMPS","bfl_domain",0.4,"gibbs_dir","batch8",8161,0.653465346534653,0.262168889294848,0.857487584925367
"CHAMPS","bfl_domain",0.4,"gibbs_dir","batch8",8162,0.656765676567657,0.264806881544948,0.877385418445791
"CHAMPS","bfl_domain",0.4,"gibbs_dir","batch8",8163,0.666666666666667,0.263058282906186,0.861550823312198
"CHAMPS","bfl_domain",0.4,"gibbs_dir","batch8",8164,0.66996699669967,0.20959816883844,0.858972057757432
"CHAMPS","bfl_domain",0.4,"gibbs_dir","batch8",8165,0.66006600660066,0.254639098858752,0.85512862057782
"CHAMPS","bfl_domain",0.4,"gibbs_dir","batch8",8166,0.646864686468647,0.208955938697318,0.842312992736974
"CHAMPS","bfl_domain",0.4,"gibbs_dir","batch8",8167,0.63036303630363,0.223415020969369,0.833445706078856
"CHAMPS","bfl_domain",0.4,"gibbs_dir","batch8",8168,0.656765676567657,0.227639021809753,0.855131883943095
"CHAMPS","bfl_domain",0.4,"gibbs_dir","batch8",8169,0.663366336633663,0.261989006128767,0.84569767137351
"CHAMPS","bfl_domain",0.4,"gibbs_dir","batch8",8170,0.63036303630363,0.223010125608818,0.852175259195069
"CHAMPS","bfl_domain",0.4,"gibbs_dir","batch8",8171,0.633663366336634,0.213427238365226,0.825141487417264
"CHAMPS","bfl_domain",0.4,"gibbs_dir","batch8",8172,0.623762376237624,0.292051522085847,0.844342531371917
"CHAMPS","bfl_domain",0.4,"gibbs_dir","batch8",8173,0.676567656765677,0.251636321195145,0.887144328406249
"CHAMPS","bfl_domain",0.4,"gibbs_dir","batch8",8174,0.676567656765677,0.24049080452528,0.866607702102787
"CHAMPS","bfl_domain",0.4,"gibbs_dir","batch8",8175,0.67986798679868,0.280345677596881,0.896837715105668
"CHAMPS","bfl_domain",0.4,"gibbs_dir","batch8",8176,0.676567656765677,0.251894630192503,0.883612313346969
"CHAMPS","bfl_domain",0.4,"gibbs_dir","batch8",8177,0.656765676567657,0.230932332569143,0.856035521286196
"CHAMPS","bfl_domain",0.4,"gibbs_dir","batch8",8178,0.663366336633663,0.21397820327553,0.848505605320655
"CHAMPS","bfl_domain",0.4,"gibbs_dir","batch8",8179,0.643564356435644,0.253858491337038,0.871890496137507
"CHAMPS","bfl_domain",0.4,"gibbs_dir","batch8",8180,0.64026402640264,0.218458850931677,0.85203555698581
"CHAMPS","bfl_domain",0.4,"gibbs_dir","batch8",8181,0.656765676567657,0.248225110540579,0.847824408408012
"CHAMPS","bfl_domain",0.4,"gibbs_dir","batch8",8182,0.66996699669967,0.265690113764804,0.872220710262036
"CHAMPS","bfl_domain",0.4,"gibbs_dir","batch8",8183,0.676567656765677,0.291691803619721,0.868053833957555
"CHAMPS","bfl_domain",0.4,"gibbs_dir","batch8",8184,0.66996699669967,0.240526451517831,0.853257667708745
"CHAMPS","bfl_domain",0.4,"gibbs_dir","batch8",8185,0.673267326732673,0.256122701018392,0.878601076664162
"CHAMPS","bfl_domain",0.4,"gibbs_dir","batch8",8186,0.696369636963696,0.26256263077181,0.888435989470615
"CHAMPS","bfl_domain",0.4,"gibbs_dir","batch8",8187,0.67986798679868,0.309578709575143,0.86710822086197
"CHAMPS","bfl_domain",0.4,"gibbs_dir","batch8",8188,0.653465346534653,0.246093777357566,0.846425634339489
"CHAMPS","bfl_domain",0.4,"gibbs_dir","batch8",8189,0.666666666666667,0.235330163848128,0.868145457708678
"CHAMPS","bfl_domain",0.4,"gibbs_dir","batch8",8190,0.63036303630363,0.227388475612692,0.859276950395045
"CHAMPS","bfl_domain",0.4,"gibbs_dir","batch8",8191,0.63036303630363,0.250573161780579,0.847012182772647
"CHAMPS","bfl_domain",0.4,"gibbs_dir","batch8",8192,0.66006600660066,0.250062333831563,0.867133037041053
"CHAMPS","bfl_domain",0.4,"gibbs_dir","batch8",8193,0.663366336633663,0.257830468949655,0.848615952601448
"CHAMPS","bfl_domain",0.4,"gibbs_dir","batch8",8194,0.68976897689769,0.259288464758078,0.90081206420625
"CHAMPS","bfl_domain",0.4,"gibbs_dir","batch8",8195,0.656765676567657,0.282505994344878,0.865015101035461
"CHAMPS","bfl_domain",0.4,"gibbs_dir","batch8",8196,0.666666666666667,0.247672753311851,0.87820042588089
"CHAMPS","bfl_domain",0.4,"gibbs_dir","batch8",8197,0.613861386138614,0.24624763677183,0.817867287909062
"CHAMPS","bfl_domain",0.4,"gibbs_dir","batch8",8198,0.673267326732673,0.245927072583419,0.865191724151215
"CHAMPS","bfl_domain",0.4,"gibbs_dir","batch8",8199,0.65016501650165,0.229232269989047,0.849927323941075
"CHAMPS","bfl_domain",0.4,"gibbs_dir","batch8",8200,0.676567656765677,0.241684265394185,0.863216516632814
"CHAMPS","bfl_domain",0.4,"gibbs_dir","batch8",8201,0.65016501650165,0.247685728250244,0.858338143403477
"CHAMPS","bfl_domain",0.4,"gibbs_dir","batch8",8202,0.65016501650165,0.246516976131308,0.86481084631485
"CHAMPS","bfl_domain",0.4,"gibbs_dir","batch8",8203,0.653465346534653,0.242343649258543,0.856397174719108
"CHAMPS","bfl_domain",0.4,"gibbs_dir","batch8",8204,0.65016501650165,0.237439661030799,0.86549389087625
"CHAMPS","bfl_domain",0.4,"gibbs_dir","batch8",8205,0.643564356435644,0.281447238658777,0.869619505324432
"CHAMPS","bfl_domain",0.4,"gibbs_dir","batch8",8206,0.656765676567657,0.265468892147677,0.859375902975483
"CHAMPS","bfl_domain",0.4,"gibbs_dir","batch8",8207,0.6996699669967,0.23408099127232,0.879530260086575
"CHAMPS","bfl_domain",0.4,"gibbs_dir","batch8",8208,0.65016501650165,0.256122076023392,0.869484572879367
"CHAMPS","bfl_domain",0.4,"gibbs_dir","batch8",8209,0.666666666666667,0.241932728759931,0.852148000149714
"CHAMPS","bfl_domain",0.4,"gibbs_dir","batch8",8210,0.712871287128713,0.27526815032233,0.887269928527159
"CHAMPS","bfl_domain",0.4,"gibbs_dir","batch8",8211,0.65016501650165,0.218432952449272,0.848691950324477
"CHAMPS","bfl_domain",0.4,"gibbs_dir","batch8",8212,0.656765676567657,0.290640956106327,0.850109864823253
"CHAMPS","bfl_domain",0.4,"gibbs_dir","batch8",8213,0.653465346534653,0.245924246891739,0.872938105879817
"CHAMPS","bfl_domain",0.4,"gibbs_dir","batch8",8214,0.66006600660066,0.238840171353469,0.868150192285555
"CHAMPS","bfl_domain",0.4,"gibbs_dir","batch8",8215,0.66006600660066,0.249325583526824,0.870203112467109
"CHAMPS","bfl_domain",0.4,"gibbs_dir","batch8",8216,0.627062706270627,0.215729093873748,0.825592582340995
"CHAMPS","bfl_domain",0.4,"gibbs_dir","batch8",8217,0.673267326732673,0.234988625478927,0.862350346107898
"CHAMPS","bfl_domain",0.4,"gibbs_dir","batch8",8218,0.666666666666667,0.237610872986518,0.87084810922036
"CHAMPS","bfl_domain",0.4,"gibbs_dir","batch8",8219,0.63036303630363,0.218024694540393,0.853157821765573
"CHAMPS","bfl_domain",0.4,"gibbs_dir","batch8",8220,0.683168316831683,0.234504549123193,0.876435910861532
"CHAMPS","bfl_domain",0.4,"gibbs_dir","batch8",8221,0.676567656765677,0.266187264886687,0.862016881512365
"CHAMPS","bfl_domain",0.4,"gibbs_dir","batch8",8222,0.66006600660066,0.269431818181818,0.864197383507796
"CHAMPS","bfl_domain",0.4,"gibbs_dir","batch8",8223,0.67986798679868,0.26374448024824,0.881831588695564
"CHAMPS","bfl_domain",0.4,"gibbs_dir","batch8",8224,0.683168316831683,0.245368883533593,0.864617652428494
"CHAMPS","bfl_domain",0.4,"gibbs_dir","batch8",8225,0.66996699669967,0.252500079683815,0.867654435930251
"CHAMPS","bfl_domain",0.4,"gibbs_dir","batch8",8226,0.686468646864686,0.244810330912026,0.881236733810725
"CHAMPS","bfl_domain",0.4,"gibbs_dir","batch8",8227,0.643564356435644,0.217115237052268,0.83007154821786
"CHAMPS","bfl_domain",0.4,"gibbs_dir","batch8",8228,0.676567656765677,0.225401473394106,0.873924341233079
"CHAMPS","bfl_domain",0.4,"gibbs_dir","batch8",8229,0.646864686468647,0.230625585960389,0.839842006423918
"CHAMPS","bfl_domain",0.4,"gibbs_dir","batch8",8230,0.666666666666667,0.255376198945563,0.884906260121966
"CHAMPS","bfl_domain",0.4,"gibbs_dir","batch8",8231,0.64026402640264,0.260732824916688,0.869462690448884
"CHAMPS","bfl_domain",0.4,"gibbs_dir","batch8",8232,0.666666666666667,0.236614421224248,0.848027470109058
"CHAMPS","bfl_domain",0.4,"gibbs_dir","batch8",8233,0.643564356435644,0.219247915575345,0.839415444709532
"CHAMPS","bfl_domain",0.4,"gibbs_dir","batch8",8234,0.636963696369637,0.209863130881095,0.842029002465618
"CHAMPS","bfl_domain",0.4,"gibbs_dir","batch8",8235,0.656765676567657,0.221622807017544,0.853335763612155
"CHAMPS","bfl_domain",0.4,"gibbs_dir","batch8",8236,0.66996699669967,0.249394739931901,0.869860543372571
"CHAMPS","bfl_domain",0.4,"gibbs_dir","batch8",8237,0.67986798679868,0.259828236417832,0.868823457591127
"CHAMPS","bfl_domain",0.4,"gibbs_dir","batch8",8238,0.663366336633663,0.277727349716679,0.877977840313157
"CHAMPS","bfl_domain",0.4,"gibbs_dir","batch8",8239,0.64026402640264,0.252880755796942,0.861405079469099
"CHAMPS","bfl_domain",0.4,"gibbs_dir","batch8",8240,0.65016501650165,0.223569326863514,0.861586983710133
"CHAMPS","bfl_domain",0.4,"gibbs_dir","batch8",8241,0.66996699669967,0.241978133740147,0.869460655493446
"CHAMPS","bfl_domain",0.4,"gibbs_dir","batch8",8242,0.683168316831683,0.290904090612777,0.892267672496703
"CHAMPS","bfl_domain",0.4,"gibbs_dir","batch8",8243,0.66996699669967,0.255182370820669,0.879569494863669
"CHAMPS","bfl_domain",0.4,"gibbs_dir","batch8",8244,0.663366336633663,0.242975594493116,0.879158623949892
"CHAMPS","bfl_domain",0.4,"gibbs_dir","batch8",8245,0.663366336633663,0.213084795321637,0.835312379154619
"CHAMPS","bfl_domain",0.4,"gibbs_dir","batch8",8246,0.663366336633663,0.280676775147929,0.859337231533328
"CHAMPS","bfl_domain",0.4,"gibbs_dir","batch8",8247,0.67986798679868,0.261936425305918,0.876465278362988
"CHAMPS","bfl_domain",0.4,"gibbs_dir","batch8",8248,0.663366336633663,0.241045548654244,0.877635339427116
"CHAMPS","bfl_domain",0.4,"gibbs_dir","batch8",8249,0.66996699669967,0.267381535947712,0.85668380562518
"CHAMPS","bfl_domain",0.4,"gibbs_dir","batch8",8250,0.656765676567657,0.229863864107639,0.852517403827118
"CHAMPS","bfl_domain",0.4,"gibbs_dir","batch8",8251,0.646864686468647,0.241416768665851,0.857156777026935
"CHAMPS","bfl_domain",0.4,"gibbs_dir","batch8",8252,0.64026402640264,0.204074302134647,0.850246196448581
"CHAMPS","bfl_domain",0.4,"gibbs_dir","batch8",8253,0.686468646864686,0.263993967669084,0.894415395137892
"CHAMPS","bfl_domain",0.4,"gibbs_dir","batch8",8254,0.6996699669967,0.240539434849946,0.889934980436282
"CHAMPS","bfl_domain",0.4,"gibbs_dir","batch8",8255,0.673267326732673,0.245924764890282,0.863154923743763
"CHAMPS","bfl_domain",0.4,"gibbs_dir","batch8",8256,0.683168316831683,0.283802085081155,0.864643150817432
"CHAMPS","bfl_domain",0.4,"gibbs_dir","batch8",8257,0.636963696369637,0.241968984962406,0.864954850147175
"CHAMPS","bfl_domain",0.4,"gibbs_dir","batch8",8258,0.65016501650165,0.270373112470711,0.852211453170243
"CHAMPS","bfl_domain",0.4,"gibbs_dir","batch8",8259,0.65016501650165,0.251107899807322,0.870783390812725
"CHAMPS","bfl_domain",0.4,"gibbs_dir","batch8",8260,0.633663366336634,0.241380070546737,0.848214876101942
"CHAMPS","bfl_domain",0.4,"gibbs_dir","batch8",8261,0.64026402640264,0.223157373859367,0.856306027918756
"CHAMPS","bfl_domain",0.4,"gibbs_dir","batch8",8262,0.673267326732673,0.284560096829594,0.872191381827398
"CHAMPS","bfl_domain",0.4,"gibbs_dir","batch8",8263,0.683168316831683,0.269717789598109,0.899220283827385
"CHAMPS","bfl_domain",0.4,"gibbs_dir","batch8",8264,0.6996699669967,0.26312358276644,0.888457903872258
"CHAMPS","bfl_domain",0.4,"gibbs_dir","batch8",8265,0.656765676567657,0.212802132986663,0.839403815354487
"CHAMPS","bfl_domain",0.4,"gibbs_dir","batch8",8266,0.673267326732673,0.243856048166393,0.873727643370439
"CHAMPS","bfl_domain",0.4,"gibbs_dir","batch8",8267,0.65016501650165,0.244690577279863,0.840616965731314
"CHAMPS","bfl_domain",0.4,"gibbs_dir","batch8",8268,0.64026402640264,0.222171617263499,0.842862609578834
"CHAMPS","bfl_domain",0.4,"gibbs_dir","batch8",8269,0.65016501650165,0.2282343569839,0.854028342530121
"CHAMPS","bfl_domain",0.4,"gibbs_dir","batch8",8270,0.64026402640264,0.211018564052127,0.836912683788782
"CHAMPS","bfl_domain",0.4,"gibbs_dir","batch8",8271,0.63036303630363,0.199630500902956,0.837799318879364
"CHAMPS","bfl_domain",0.4,"gibbs_dir","batch8",8272,0.663366336633663,0.243407699188111,0.853364657716819
"CHAMPS","bfl_domain",0.4,"gibbs_dir","batch8",8273,0.633663366336634,0.203196145787162,0.831764112261044
"CHAMPS","bfl_domain",0.4,"gibbs_dir","batch8",8274,0.68976897689769,0.276138093979664,0.876923950354118
"CHAMPS","bfl_domain",0.4,"gibbs_dir","batch8",8275,0.66996699669967,0.283386976047904,0.870347168576533
"CHAMPS","bfl_domain",0.4,"gibbs_dir","batch8",8276,0.646864686468647,0.247468107263733,0.866550609363833
"CHAMPS","bfl_domain",0.4,"gibbs_dir","batch8",8277,0.66006600660066,0.254890268301199,0.839235315697688
"CHAMPS","bfl_domain",0.4,"gibbs_dir","batch8",8278,0.63036303630363,0.210565476190476,0.83631435841683
"CHAMPS","bfl_domain",0.4,"gibbs_dir","batch8",8279,0.676567656765677,0.24938525055654,0.867439739113401
"CHAMPS","bfl_domain",0.4,"gibbs_dir","batch8",8280,0.65016501650165,0.230327765521588,0.85943362771418
"CHAMPS","bfl_domain",0.4,"gibbs_dir","batch8",8281,0.656765676567657,0.228960303633649,0.8451804072071
"CHAMPS","bfl_domain",0.4,"gibbs_dir","batch8",8282,0.646864686468647,0.276037483266399,0.847864327824126
"CHAMPS","bfl_domain",0.4,"gibbs_dir","batch8",8283,0.66996699669967,0.250459339442124,0.87850838635054
"CHAMPS","bfl_domain",0.4,"gibbs_dir","batch8",8284,0.686468646864686,0.258454253794541,0.877187147697613
"CHAMPS","bfl_domain",0.4,"gibbs_dir","batch8",8285,0.646864686468647,0.233549783549784,0.853761505725914
"CHAMPS","bfl_domain",0.4,"gibbs_dir","batch8",8286,0.666666666666667,0.278984757757213,0.857908004192151
"CHAMPS","bfl_domain",0.4,"gibbs_dir","batch8",8287,0.65016501650165,0.273970611098097,0.848483264898175
"CHAMPS","bfl_domain",0.4,"gibbs_dir","batch8",8288,0.696369636963696,0.25313809026494,0.89003696561429
"CHAMPS","bfl_domain",0.4,"gibbs_dir","batch8",8289,0.702970297029703,0.252756903934021,0.889703984300261
"CHAMPS","bfl_domain",0.4,"gibbs_dir","batch8",8290,0.676567656765677,0.305060138875573,0.882743605832486
"CHAMPS","bfl_domain",0.4,"gibbs_dir","batch8",8291,0.646864686468647,0.238516604010025,0.84509252694145
"CHAMPS","bfl_domain",0.4,"gibbs_dir","batch8",8292,0.676567656765677,0.252401067140952,0.849617599610765
"CHAMPS","bfl_domain",0.4,"gibbs_dir","batch8",8293,0.666666666666667,0.218146893588896,0.841919383126348
"CHAMPS","bfl_domain",0.4,"gibbs_dir","batch8",8294,0.633663366336634,0.242798990615354,0.843523749655233
"CHAMPS","bfl_domain",0.4,"gibbs_dir","batch8",8295,0.683168316831683,0.240912698412698,0.858115046363053
"CHAMPS","bfl_domain",0.4,"gibbs_dir","batch8",8296,0.646864686468647,0.231102473264268,0.854683636472467
"CHAMPS","bfl_domain",0.4,"gibbs_dir","batch8",8297,0.66006600660066,0.226307978182248,0.856573975233378
"CHAMPS","bfl_domain",0.4,"gibbs_dir","batch8",8298,0.643564356435644,0.253516694033935,0.842802202110643
"CHAMPS","bfl_domain",0.4,"gibbs_dir","batch8",8299,0.68976897689769,0.234400406504065,0.874464168911383
"CHAMPS","bfl_domain",0.4,"gibbs_dir","batch8",8300,0.636963696369637,0.230187559354226,0.86840682548355
"CHAMPS","bfl_domain",0.4,"gibbs_dir","batch8",8301,0.666666666666667,0.262932559356237,0.874139565999539
"CHAMPS","bfl_domain",0.4,"gibbs_dir","batch8",8302,0.66996699669967,0.245214114300667,0.860147523797653
"CHAMPS","bfl_domain",0.4,"gibbs_dir","batch8",8303,0.646864686468647,0.257169253510717,0.850107828355032
"CHAMPS","bfl_domain",0.4,"gibbs_dir","batch8",8304,0.65016501650165,0.249253637204609,0.85039158884641
"CHAMPS","bfl_domain",0.4,"gibbs_dir","batch8",8305,0.66996699669967,0.238726669496989,0.883313734646648
"CHAMPS","bfl_domain",0.4,"gibbs_dir","batch8",8306,0.686468646864686,0.267202558989698,0.89359389113294
"CHAMPS","bfl_domain",0.4,"gibbs_dir","batch8",8307,0.653465346534653,0.238324572253144,0.842214717054674
"CHAMPS","bfl_domain",0.4,"gibbs_dir","batch8",8308,0.676567656765677,0.281302521008403,0.871876913324182
"CHAMPS","bfl_domain",0.4,"gibbs_dir","batch8",8309,0.676567656765677,0.267429910560716,0.870107118376172
"CHAMPS","bfl_domain",0.4,"gibbs_dir","batch8",8310,0.653465346534653,0.254305094130676,0.864326562684864
"CHAMPS","bfl_domain",0.4,"gibbs_dir","batch8",8311,0.63036303630363,0.248468948444731,0.845115696193379
"CHAMPS","bfl_domain",0.4,"gibbs_dir","batch8",8312,0.676567656765677,0.245194530046225,0.868391064034786
"CHAMPS","bfl_domain",0.4,"gibbs_dir","batch8",8313,0.633663366336634,0.241682127396413,0.85825285074467
"CHAMPS","bfl_domain",0.4,"gibbs_dir","batch8",8314,0.66006600660066,0.226498917748918,0.845039457051859
"CHAMPS","bfl_domain",0.4,"gibbs_dir","batch8",8315,0.66996699669967,0.238296539714639,0.868273152751273
"CHAMPS","bfl_domain",0.4,"gibbs_dir","batch8",8316,0.663366336633663,0.242978299263819,0.854277031595131
"CHAMPS","bfl_domain",0.4,"gibbs_dir","batch8",8317,0.676567656765677,0.249533045977011,0.855422799649257
"CHAMPS","bfl_domain",0.4,"gibbs_dir","batch8",8318,0.64026402640264,0.225930719921105,0.839366362163832
"CHAMPS","bfl_domain",0.4,"gibbs_dir","batch8",8319,0.636963696369637,0.206462973442742,0.839554175683616
"CHAMPS","bfl_domain",0.4,"gibbs_dir","batch8",8320,0.65016501650165,0.236727733051262,0.87230016397633
"CHAMPS","bfl_domain",0.4,"gibbs_dir","batch8",8321,0.673267326732673,0.247293538104897,0.878042820782921
"CHAMPS","bfl_domain",0.4,"gibbs_dir","batch8",8322,0.676567656765677,0.2863768009409,0.873706969231199
"CHAMPS","bfl_domain",0.4,"gibbs_dir","batch8",8323,0.66006600660066,0.242085036509101,0.865776843911416
"CHAMPS","bfl_domain",0.4,"gibbs_dir","batch8",8324,0.653465346534653,0.210877942531624,0.852745221067204
"CHAMPS","bfl_domain",0.4,"gibbs_dir","batch8",8325,0.663366336633663,0.259072774354221,0.864758946248254
"CHAMPS","bfl_domain",0.4,"gibbs_dir","batch8",8326,0.676567656765677,0.280474197273171,0.878789370612618
"CHAMPS","bfl_domain",0.4,"gibbs_dir","batch8",8327,0.656765676567657,0.269923652452294,0.873292934115243
"CHAMPS","bfl_domain",0.4,"gibbs_dir","batch8",8328,0.636963696369637,0.236712578692009,0.856817233041621
"CHAMPS","bfl_domain",0.4,"gibbs_dir","batch8",8329,0.66996699669967,0.261276493256262,0.850178148488017
"CHAMPS","bfl_domain",0.4,"gibbs_dir","batch8",8330,0.673267326732673,0.250385551948052,0.876724251466756
"CHAMPS","bfl_domain",0.4,"gibbs_dir","batch8",8331,0.663366336633663,0.242661900756939,0.850655570302152
"CHAMPS","bfl_domain",0.4,"gibbs_dir","batch8",8332,0.65016501650165,0.246215569561158,0.847411288168446
"CHAMPS","bfl_domain",0.4,"gibbs_dir","batch8",8333,0.66006600660066,0.23948960583576,0.853396289894881
"CHAMPS","bfl_domain",0.4,"gibbs_dir","batch8",8334,0.656765676567657,0.274726621417798,0.847280991750852
"CHAMPS","bfl_domain",0.4,"gibbs_dir","batch8",8335,0.673267326732673,0.27816402765388,0.868096885942737
"CHAMPS","bfl_domain",0.4,"gibbs_dir","batch8",8336,0.666666666666667,0.268176925025329,0.864754911282064
"CHAMPS","bfl_domain",0.4,"gibbs_dir","batch8",8337,0.676567656765677,0.244970514220787,0.8635816680975
"CHAMPS","bfl_domain",0.4,"gibbs_dir","batch8",8338,0.663366336633663,0.216302800189843,0.857162794788168
"CHAMPS","bfl_domain",0.4,"gibbs_dir","batch8",8339,0.686468646864686,0.254088007295942,0.894217559565237
"CHAMPS","bfl_domain",0.4,"gibbs_dir","batch8",8340,0.66006600660066,0.2325,0.872267407831601
"CHAMPS","bfl_domain",0.4,"gibbs_dir","batch8",8341,0.627062706270627,0.238453153280211,0.843443069584895
"CHAMPS","bfl_domain",0.4,"gibbs_dir","batch8",8342,0.627062706270627,0.211875298900048,0.83769176143984
"CHAMPS","bfl_domain",0.4,"gibbs_dir","batch8",8343,0.66996699669967,0.238020833333333,0.884806503753341
"CHAMPS","bfl_domain",0.4,"gibbs_dir","batch8",8344,0.68976897689769,0.23587241415705,0.864409699471978
"CHAMPS","bfl_domain",0.4,"gibbs_dir","batch8",8345,0.65016501650165,0.268109116878217,0.865024123963028
"CHAMPS","bfl_domain",0.4,"gibbs_dir","batch8",8346,0.693069306930693,0.315151515151515,0.86823318151852
"CHAMPS","bfl_domain",0.4,"gibbs_dir","batch8",8347,0.646864686468647,0.222434655138144,0.842871649116725
"CHAMPS","bfl_domain",0.4,"gibbs_dir","batch8",8348,0.66006600660066,0.244082885092021,0.869648581321751
"CHAMPS","bfl_domain",0.4,"gibbs_dir","batch8",8349,0.676567656765677,0.266680258865621,0.858316130176135
"CHAMPS","bfl_domain",0.4,"gibbs_dir","batch8",8350,0.66006600660066,0.258586080432842,0.863369355991596
"CHAMPS","bfl_domain",0.4,"gibbs_dir","batch8",8351,0.65016501650165,0.223667612206173,0.849109204765827
"CHAMPS","bfl_domain",0.4,"gibbs_dir","batch8",8352,0.646864686468647,0.234551305184651,0.861561334517735
"CHAMPS","bfl_domain",0.4,"gibbs_dir","batch8",8353,0.67986798679868,0.232236513486513,0.860728732496339
"CHAMPS","bfl_domain",0.4,"gibbs_dir","batch8",8354,0.663366336633663,0.230336621358867,0.85752089948644
"CHAMPS","bfl_domain",0.4,"gibbs_dir","batch8",8355,0.64026402640264,0.243260002375092,0.878997453513632
"CHAMPS","bfl_domain",0.4,"gibbs_dir","batch8",8356,0.68976897689769,0.29489799733776,0.880080012668469
"CHAMPS","bfl_domain",0.4,"gibbs_dir","batch8",8357,0.656765676567657,0.247878086419753,0.852105762653983
"CHAMPS","bfl_domain",0.4,"gibbs_dir","batch8",8358,0.66006600660066,0.231987604205549,0.858324591736655
"CHAMPS","bfl_domain",0.4,"gibbs_dir","batch8",8359,0.66006600660066,0.270871560775407,0.866418605439665
"CHAMPS","bfl_domain",0.4,"gibbs_dir","batch8",8360,0.66006600660066,0.228756313131313,0.841518134497093
"CHAMPS","bfl_domain",0.4,"gibbs_dir","batch8",8361,0.673267326732673,0.266343526014541,0.857956776361583
"CHAMPS","bfl_domain",0.4,"gibbs_dir","batch8",8362,0.66996699669967,0.25549414458374,0.858223589100254
"CHAMPS","bfl_domain",0.4,"gibbs_dir","batch8",8363,0.656765676567657,0.22938195407831,0.842162199486068
"CHAMPS","bfl_domain",0.4,"gibbs_dir","batch8",8364,0.656765676567657,0.303345189701897,0.860839138843237
"CHAMPS","bfl_domain",0.4,"gibbs_dir","batch8",8365,0.67986798679868,0.261344877908739,0.874018516933869
"CHAMPS","bfl_domain",0.4,"gibbs_dir","batch8",8366,0.683168316831683,0.319334795321637,0.864450266817245
"CHAMPS","bfl_domain",0.4,"gibbs_dir","batch8",8367,0.696369636963696,0.2633754987638,0.903339203391548
"CHAMPS","bfl_domain",0.4,"gibbs_dir","batch8",8368,0.66006600660066,0.284519587977035,0.87674601696646
"CHAMPS","bfl_domain",0.4,"gibbs_dir","batch8",8369,0.666666666666667,0.285920274978226,0.866770363655916
"CHAMPS","bfl_domain",0.4,"gibbs_dir","batch8",8370,0.646864686468647,0.234965938454311,0.87595668431469
"CHAMPS","bfl_domain",0.4,"gibbs_dir","batch8",8371,0.676567656765677,0.265916650617106,0.878699735644705
"CHAMPS","bfl_domain",0.4,"gibbs_dir","batch8",8372,0.636963696369637,0.242316693243563,0.859264859576917
"CHAMPS","bfl_domain",0.4,"gibbs_dir","batch8",8373,0.646864686468647,0.229714777477256,0.851764666484742
"CHAMPS","bfl_domain",0.4,"gibbs_dir","batch8",8374,0.66006600660066,0.245876479289941,0.841585416301748
"CHAMPS","bfl_domain",0.4,"gibbs_dir","batch8",8375,0.666666666666667,0.253174603174603,0.86747453847761
"CHAMPS","bfl_domain",0.4,"gibbs_dir","batch8",8376,0.66006600660066,0.231667667472721,0.870226566676229
"CHAMPS","bfl_domain",0.4,"gibbs_dir","batch8",8377,0.64026402640264,0.229270366683259,0.849558887439642
"CHAMPS","bfl_domain",0.4,"gibbs_dir","batch8",8378,0.623762376237624,0.203688138784293,0.839799217733876
"CHAMPS","bfl_domain",0.4,"gibbs_dir","batch8",8379,0.64026402640264,0.263811063218391,0.868944659608033
"CHAMPS","bfl_domain",0.4,"gibbs_dir","batch8",8380,0.656765676567657,0.277072385840564,0.876175776601282
"CHAMPS","bfl_domain",0.4,"gibbs_dir","batch8",8381,0.68976897689769,0.270238981998759,0.888770893379735
"CHAMPS","bfl_domain",0.4,"gibbs_dir","batch8",8382,0.636963696369637,0.271662689350921,0.846846185557153
"CHAMPS","bfl_domain",0.4,"gibbs_dir","batch8",8383,0.627062706270627,0.250626426713383,0.851175441196977
"CHAMPS","bfl_domain",0.4,"gibbs_dir","batch8",8384,0.676567656765677,0.278553209175063,0.861065416964787
"CHAMPS","bfl_domain",0.4,"gibbs_dir","batch8",8385,0.666666666666667,0.257923928737173,0.858377647815666
"CHAMPS","bfl_domain",0.4,"gibbs_dir","batch8",8386,0.676567656765677,0.232596213531968,0.873600836484224
"CHAMPS","bfl_domain",0.4,"gibbs_dir","batch8",8387,0.623762376237624,0.249828716860799,0.854060453383332
"CHAMPS","bfl_domain",0.4,"gibbs_dir","batch8",8388,0.623762376237624,0.213532549877659,0.814751462108287
"CHAMPS","bfl_domain",0.4,"gibbs_dir","batch8",8389,0.66006600660066,0.234691144744826,0.849754315096812
"CHAMPS","bfl_domain",0.4,"gibbs_dir","batch8",8390,0.64026402640264,0.277908255693582,0.860046245397773
"CHAMPS","bfl_domain",0.4,"gibbs_dir","batch8",8391,0.646864686468647,0.227140668158632,0.843407956760886
"CHAMPS","bfl_domain",0.4,"gibbs_dir","batch8",8392,0.666666666666667,0.296368426770969,0.865110532811903
"CHAMPS","bfl_domain",0.4,"gibbs_dir","batch8",8393,0.627062706270627,0.22697918500264,0.843650281297027
"CHAMPS","bfl_domain",0.4,"gibbs_dir","batch8",8394,0.683168316831683,0.245167765887134,0.886892377541064
"CHAMPS","bfl_domain",0.4,"gibbs_dir","batch8",8395,0.666666666666667,0.250574552314151,0.863034532882053
"CHAMPS","bfl_domain",0.4,"gibbs_dir","batch8",8396,0.65016501650165,0.273255813953488,0.865060367871219
"CHAMPS","bfl_domain",0.4,"gibbs_dir","batch8",8397,0.653465346534653,0.262035425255764,0.868925006830706
"CHAMPS","bfl_domain",0.4,"gibbs_dir","batch8",8398,0.66006600660066,0.241245224583658,0.8654045321491
"CHAMPS","bfl_domain",0.4,"gibbs_dir","batch8",8399,0.643564356435644,0.269398227831963,0.852991683533228
"CHAMPS","bfl_domain",0.4,"gibbs_dir","batch8",8400,0.676567656765677,0.239123214540416,0.891340390082457
"CHAMPS","bfl_domain",0.4,"gibbs_dir","batch8",8401,0.663366336633663,0.230041650039904,0.870042561087705
"CHAMPS","bfl_domain",0.4,"gibbs_dir","batch8",8402,0.646864686468647,0.244043606553329,0.855679574613139
"CHAMPS","bfl_domain",0.4,"gibbs_dir","batch8",8403,0.653465346534653,0.288268398268398,0.863276519297728
"CHAMPS","bfl_domain",0.4,"gibbs_dir","batch8",8404,0.653465346534653,0.239507270552688,0.860899530083908
"CHAMPS","bfl_domain",0.4,"gibbs_dir","batch8",8405,0.67986798679868,0.257784090909091,0.86727723939107
"CHAMPS","bfl_domain",0.4,"gibbs_dir","batch8",8406,0.653465346534653,0.244285664223637,0.841010251594936
"CHAMPS","bfl_domain",0.4,"gibbs_dir","batch8",8407,0.64026402640264,0.270828201970443,0.859299092294514
"CHAMPS","bfl_domain",0.4,"gibbs_dir","batch8",8408,0.683168316831683,0.251163290705561,0.890501264237443
"CHAMPS","bfl_domain",0.4,"gibbs_dir","batch8",8409,0.663366336633663,0.238192486068481,0.846825379555491
"CHAMPS","bfl_domain",0.4,"gibbs_dir","batch8",8410,0.663366336633663,0.256135105204873,0.883293546977538
"CHAMPS","bfl_domain",0.4,"gibbs_dir","batch8",8411,0.64026402640264,0.259229541395146,0.852475097813609
"CHAMPS","bfl_domain",0.4,"gibbs_dir","batch8",8412,0.643564356435644,0.286511634990253,0.859968266804719
"CHAMPS","bfl_domain",0.4,"gibbs_dir","batch8",8413,0.653465346534653,0.250764722698685,0.856486388193669
"CHAMPS","bfl_domain",0.4,"gibbs_dir","batch8",8414,0.646864686468647,0.220881629288429,0.842545290023526
"CHAMPS","bfl_domain",0.4,"gibbs_dir","batch8",8415,0.653465346534653,0.257268772284604,0.876324995871451
"CHAMPS","bfl_domain",0.4,"gibbs_dir","batch8",8416,0.646864686468647,0.269118359026628,0.866394429652959
"CHAMPS","bfl_domain",0.4,"gibbs_dir","batch8",8417,0.683168316831683,0.258210289801908,0.887712349244607
"CHAMPS","bfl_domain",0.4,"gibbs_dir","batch8",8418,0.646864686468647,0.243008474576271,0.836895130617039
"CHAMPS","bfl_domain",0.4,"gibbs_dir","batch8",8419,0.633663366336634,0.205184402859752,0.844798868014419
"CHAMPS","bfl_domain",0.4,"gibbs_dir","batch8",8420,0.62046204620462,0.238715277777778,0.823904626700758
"CHAMPS","bfl_domain",0.4,"gibbs_dir","batch8",8421,0.646864686468647,0.251827664147028,0.861242934064329
"CHAMPS","bfl_domain",0.4,"gibbs_dir","batch8",8422,0.646864686468647,0.293869047619048,0.868766801030362
"CHAMPS","bfl_domain",0.4,"gibbs_dir","batch8",8423,0.65016501650165,0.214297581073897,0.82963958482455
"CHAMPS","bfl_domain",0.4,"gibbs_dir","batch8",8424,0.633663366336634,0.22485463254694,0.859776187824382
"CHAMPS","bfl_domain",0.4,"gibbs_dir","batch8",8425,0.656765676567657,0.249985518999073,0.854262828988161
"CHAMPS","bfl_domain",0.4,"gibbs_dir","batch8",8426,0.64026402640264,0.251200406019683,0.840110112419853
"CHAMPS","bfl_domain",0.4,"gibbs_dir","batch8",8427,0.653465346534653,0.241492221147998,0.851105748412784
"CHAMPS","bfl_domain",0.4,"gibbs_dir","batch8",8428,0.63036303630363,0.254631718282501,0.870546323703792
"CHAMPS","bfl_domain",0.4,"gibbs_dir","batch8",8429,0.656765676567657,0.272204262452107,0.881082868554728
"CHAMPS","bfl_domain",0.4,"gibbs_dir","batch8",8430,0.653465346534653,0.26376497005988,0.861957182310631
"CHAMPS","bfl_domain",0.4,"gibbs_dir","batch8",8431,0.676567656765677,0.244966969446738,0.860018779458052
"CHAMPS","bfl_domain",0.4,"gibbs_dir","batch8",8432,0.646864686468647,0.261515244241682,0.876682912623194
"CHAMPS","bfl_domain",0.4,"gibbs_dir","batch8",8433,0.66006600660066,0.259353625170999,0.862794867909456
"CHAMPS","bfl_domain",0.4,"gibbs_dir","batch8",8434,0.633663366336634,0.232710544193783,0.837935864105995
"CHAMPS","bfl_domain",0.4,"gibbs_dir","batch8",8435,0.663366336633663,0.243891806722689,0.871014770786958
"CHAMPS","bfl_domain",0.4,"gibbs_dir","batch8",8436,0.656765676567657,0.243949056895485,0.839645991755638
"CHAMPS","bfl_domain",0.4,"gibbs_dir","batch8",8437,0.636963696369637,0.223873915288113,0.823189374215202
"CHAMPS","bfl_domain",0.4,"gibbs_dir","batch8",8438,0.646864686468647,0.224980598964732,0.849084787427513
"CHAMPS","bfl_domain",0.4,"gibbs_dir","batch8",8439,0.623762376237624,0.237398061634292,0.858185464123157
"CHAMPS","bfl_domain",0.4,"gibbs_dir","batch8",8440,0.683168316831683,0.235906122885892,0.859705183837212
"CHAMPS","bfl_domain",0.4,"gibbs_dir","batch8",8441,0.65016501650165,0.276315179722759,0.850275014530953
"CHAMPS","bfl_domain",0.4,"gibbs_dir","batch8",8442,0.643564356435644,0.277209359682186,0.864917247579143
"CHAMPS","bfl_domain",0.4,"gibbs_dir","batch8",8443,0.627062706270627,0.255019489979793,0.849556959204763
"CHAMPS","bfl_domain",0.4,"gibbs_dir","batch8",8444,0.66996699669967,0.228268106162843,0.866157859721873
"CHAMPS","bfl_domain",0.4,"gibbs_dir","batch8",8445,0.64026402640264,0.251797385620915,0.869647832281485
"CHAMPS","bfl_domain",0.4,"gibbs_dir","batch8",8446,0.64026402640264,0.238294287548139,0.847420614307388
"CHAMPS","bfl_domain",0.4,"gibbs_dir","batch8",8447,0.627062706270627,0.260186011904762,0.828230739380126
"CHAMPS","bfl_domain",0.4,"gibbs_dir","batch8",8448,0.702970297029703,0.245390639675177,0.877398427013343
"CHAMPS","bfl_domain",0.4,"gibbs_dir","batch8",8449,0.643564356435644,0.221148609016256,0.830086704577362
"CHAMPS","bfl_domain",0.4,"gibbs_dir","batch8",8450,0.64026402640264,0.261317286348502,0.883599426248989
"CHAMPS","bfl_domain",0.4,"gibbs_dir","batch8",8451,0.673267326732673,0.251988510520487,0.882141528499982
"CHAMPS","bfl_domain",0.4,"gibbs_dir","batch8",8452,0.643564356435644,0.231916757940854,0.853757020093278
"CHAMPS","bfl_domain",0.4,"gibbs_dir","batch8",8453,0.643564356435644,0.208362134082614,0.848978558722592
"CHAMPS","bfl_domain",0.4,"gibbs_dir","batch8",8454,0.666666666666667,0.239771766520106,0.84655936357737
"CHAMPS","bfl_domain",0.4,"gibbs_dir","batch8",8455,0.66006600660066,0.22774064171123,0.835768874349115
"CHAMPS","bfl_domain",0.4,"gibbs_dir","batch8",8456,0.663366336633663,0.220918160270147,0.86522705023248
"CHAMPS","bfl_domain",0.4,"gibbs_dir","batch8",8457,0.673267326732673,0.245369006616514,0.889468495911739
"CHAMPS","bfl_domain",0.4,"gibbs_dir","batch8",8458,0.66006600660066,0.241301679586563,0.870365552302289
"CHAMPS","bfl_domain",0.4,"gibbs_dir","batch8",8459,0.646864686468647,0.219740246244697,0.854023153341508
"CHAMPS","bfl_domain",0.4,"gibbs_dir","batch8",8460,0.666666666666667,0.225098957024378,0.844442459587123
"CHAMPS","bfl_domain",0.4,"gibbs_dir","batch8",8461,0.633663366336634,0.216256560106332,0.841216204899724
"CHAMPS","bfl_domain",0.4,"gibbs_dir","batch8",8462,0.656765676567657,0.225971344360767,0.862788322482345
"CHAMPS","bfl_domain",0.4,"gibbs_dir","batch8",8463,0.666666666666667,0.254975981620718,0.859592790941815
"CHAMPS","bfl_domain",0.4,"gibbs_dir","batch8",8464,0.666666666666667,0.231701920632127,0.869795804992185
"CHAMPS","bfl_domain",0.4,"gibbs_dir","batch8",8465,0.633663366336634,0.243248272195641,0.862294597892076
"CHAMPS","bfl_domain",0.4,"gibbs_dir","batch8",8466,0.64026402640264,0.270035908732717,0.847894408962172
"CHAMPS","bfl_domain",0.4,"gibbs_dir","batch8",8467,0.656765676567657,0.271105565638234,0.864450091903279
"CHAMPS","bfl_domain",0.4,"gibbs_dir","batch8",8468,0.597359735973597,0.226598396678184,0.825830389922661
"CHAMPS","bfl_domain",0.4,"gibbs_dir","batch8",8469,0.653465346534653,0.228216361394857,0.860294426250004
"CHAMPS","bfl_domain",0.4,"gibbs_dir","batch8",8470,0.666666666666667,0.277398242782858,0.860641985322
"CHAMPS","bfl_domain",0.4,"gibbs_dir","batch8",8471,0.676567656765677,0.251693779349173,0.88234357293199
"CHAMPS","bfl_domain",0.4,"gibbs_dir","batch8",8472,0.65016501650165,0.250012364885524,0.866530053332159
"CHAMPS","bfl_domain",0.4,"gibbs_dir","batch8",8473,0.66006600660066,0.230439611742133,0.860409143990341
"CHAMPS","bfl_domain",0.4,"gibbs_dir","batch8",8474,0.6996699669967,0.253916989104979,0.894639722286345
"CHAMPS","bfl_domain",0.4,"gibbs_dir","batch8",8475,0.627062706270627,0.309224377772765,0.845779817120578
"CHAMPS","bfl_domain",0.4,"gibbs_dir","batch8",8476,0.666666666666667,0.269655448717949,0.86983592542171
"CHAMPS","bfl_domain",0.4,"gibbs_dir","batch8",8477,0.627062706270627,0.221502981293567,0.842282284360695
"CHAMPS","bfl_domain",0.4,"gibbs_dir","batch8",8478,0.653465346534653,0.211179707012048,0.843399242881223
"CHAMPS","bfl_domain",0.4,"gibbs_dir","batch8",8479,0.653465346534653,0.247349548006124,0.848075978843276
"CHAMPS","bfl_domain",0.4,"gibbs_dir","batch8",8480,0.663366336633663,0.216043080338443,0.856521807716692
"CHAMPS","bfl_domain",0.4,"gibbs_dir","batch8",8481,0.643564356435644,0.252540798928267,0.83552390592468
"CHAMPS","bfl_domain",0.4,"gibbs_dir","batch8",8482,0.673267326732673,0.266022918028165,0.868771739242463
"CHAMPS","bfl_domain",0.4,"gibbs_dir","batch8",8483,0.66996699669967,0.241082743511965,0.848187275616294
"CHAMPS","bfl_domain",0.4,"gibbs_dir","batch8",8484,0.617161716171617,0.197132034632035,0.815498043975009
"CHAMPS","bfl_domain",0.4,"gibbs_dir","batch8",8485,0.65016501650165,0.279370452242793,0.861553005976482
"CHAMPS","bfl_domain",0.4,"gibbs_dir","batch8",8486,0.646864686468647,0.265291727761486,0.867844566901547
"CHAMPS","bfl_domain",0.4,"gibbs_dir","batch8",8487,0.673267326732673,0.253216374269006,0.859625788437405
"CHAMPS","bfl_domain",0.4,"gibbs_dir","batch8",8488,0.653465346534653,0.275439821806101,0.860035229123613
"CHAMPS","bfl_domain",0.4,"gibbs_dir","batch8",8489,0.67986798679868,0.285838890211955,0.880745024504702
"CHAMPS","bfl_domain",0.4,"gibbs_dir","batch8",8490,0.663366336633663,0.245554289091523,0.845493932612322
"CHAMPS","bfl_domain",0.4,"gibbs_dir","batch8",8491,0.65016501650165,0.218500910112887,0.849689227518596
"CHAMPS","bfl_domain",0.4,"gibbs_dir","batch8",8492,0.666666666666667,0.278207137689896,0.854685999376097
"CHAMPS","bfl_domain",0.4,"gibbs_dir","batch8",8493,0.66006600660066,0.259614748677249,0.859002261491131
"CHAMPS","bfl_domain",0.4,"gibbs_dir","batch8",8494,0.656765676567657,0.246766756635178,0.86986872112557
"CHAMPS","bfl_domain",0.4,"gibbs_dir","batch8",8495,0.66996699669967,0.26384016798419,0.857067672183962
"CHAMPS","bfl_domain",0.4,"gibbs_dir","batch8",8496,0.673267326732673,0.300870331335222,0.872494211969319
"CHAMPS","bfl_domain",0.4,"gibbs_dir","batch8",8497,0.66996699669967,0.229501320768187,0.859132553552575
"CHAMPS","bfl_domain",0.4,"gibbs_dir","batch8",8498,0.663366336633663,0.26947103899445,0.868833581972723
"CHAMPS","bfl_domain",0.4,"gibbs_dir","batch8",8499,0.683168316831683,0.2699746412667,0.870035329153095
"CHAMPS","bfl_domain",0.4,"gibbs_dir","batch8",8500,0.66006600660066,0.242294035113908,0.863891045687267
"CHAMPS","bfl_mix",0.4,"gibbs_dir","batch8",8001,0.66006600660066,0.229375,0.878677095301218
"CHAMPS","bfl_mix",0.4,"gibbs_dir","batch8",8002,0.64026402640264,0.234762431900986,0.862124255685206
"CHAMPS","bfl_mix",0.4,"gibbs_dir","batch8",8003,0.67986798679868,0.244851127554616,0.877576509010161
"CHAMPS","bfl_mix",0.4,"gibbs_dir","batch8",8004,0.66006600660066,0.243358258715946,0.854197364821277
"CHAMPS","bfl_mix",0.4,"gibbs_dir","batch8",8005,0.656765676567657,0.250871326362722,0.850074934965902
"CHAMPS","bfl_mix",0.4,"gibbs_dir","batch8",8006,0.67986798679868,0.27566613759048,0.873626472820931
"CHAMPS","bfl_mix",0.4,"gibbs_dir","batch8",8007,0.636963696369637,0.268126240036945,0.848006620206542
"CHAMPS","bfl_mix",0.4,"gibbs_dir","batch8",8008,0.623762376237624,0.244165349874484,0.845867857281855
"CHAMPS","bfl_mix",0.4,"gibbs_dir","batch8",8009,0.633663366336634,0.243819776714514,0.843420042454619
"CHAMPS","bfl_mix",0.4,"gibbs_dir","batch8",8010,0.646864686468647,0.246518083941181,0.861322357965412
"CHAMPS","bfl_mix",0.4,"gibbs_dir","batch8",8011,0.62046204620462,0.252831337033791,0.824959526193749
"CHAMPS","bfl_mix",0.4,"gibbs_dir","batch8",8012,0.676567656765677,0.245658394663553,0.885715115409158
"CHAMPS","bfl_mix",0.4,"gibbs_dir","batch8",8013,0.666666666666667,0.269256792058516,0.876568917164989
"CHAMPS","bfl_mix",0.4,"gibbs_dir","batch8",8014,0.673267326732673,0.269297210009228,0.900129582343315
"CHAMPS","bfl_mix",0.4,"gibbs_dir","batch8",8015,0.65016501650165,0.276488921889466,0.868235279869834
"CHAMPS","bfl_mix",0.4,"gibbs_dir","batch8",8016,0.636963696369637,0.233811637080868,0.894110351468064
"CHAMPS","bfl_mix",0.4,"gibbs_dir","batch8",8017,0.666666666666667,0.228355644765743,0.902639312390304
"CHAMPS","bfl_mix",0.4,"gibbs_dir","batch8",8018,0.65016501650165,0.242846974615507,0.876612795300167
"CHAMPS","bfl_mix",0.4,"gibbs_dir","batch8",8019,0.64026402640264,0.238193389057751,0.874449385868324
"CHAMPS","bfl_mix",0.4,"gibbs_dir","batch8",8020,0.66996699669967,0.21935461770348,0.872728643127921
"CHAMPS","bfl_mix",0.4,"gibbs_dir","batch8",8021,0.656765676567657,0.241316445182724,0.884495118965897
"CHAMPS","bfl_mix",0.4,"gibbs_dir","batch8",8022,0.63036303630363,0.270070806100218,0.879741289010697
"CHAMPS","bfl_mix",0.4,"gibbs_dir","batch8",8023,0.600660066006601,0.281390008009956,0.861634287826617
"CHAMPS","bfl_mix",0.4,"gibbs_dir","batch8",8024,0.62046204620462,0.234649785840262,0.860799461336677
"CHAMPS","bfl_mix",0.4,"gibbs_dir","batch8",8025,0.633663366336634,0.20218720821662,0.849998423581564
"CHAMPS","bfl_mix",0.4,"gibbs_dir","batch8",8026,0.65016501650165,0.210067741818314,0.849521619466555
"CHAMPS","bfl_mix",0.4,"gibbs_dir","batch8",8027,0.636963696369637,0.229435291903323,0.847508210096003
"CHAMPS","bfl_mix",0.4,"gibbs_dir","batch8",8028,0.623762376237624,0.287137603976466,0.836176049817976
"CHAMPS","bfl_mix",0.4,"gibbs_dir","batch8",8029,0.623762376237624,0.228980059205261,0.865004623868856
"CHAMPS","bfl_mix",0.4,"gibbs_dir","batch8",8030,0.636963696369637,0.248237160361221,0.862471687623999
"CHAMPS","bfl_mix",0.4,"gibbs_dir","batch8",8031,0.633663366336634,0.199912454060051,0.857597717102575
"CHAMPS","bfl_mix",0.4,"gibbs_dir","batch8",8032,0.656765676567657,0.252414021164021,0.86125416535148
"CHAMPS","bfl_mix",0.4,"gibbs_dir","batch8",8033,0.663366336633663,0.244338390610601,0.8848436345356
"CHAMPS","bfl_mix",0.4,"gibbs_dir","batch8",8034,0.66006600660066,0.271170058139535,0.886332701676368
"CHAMPS","bfl_mix",0.4,"gibbs_dir","batch8",8035,0.633663366336634,0.269466490299824,0.861998539850495
"CHAMPS","bfl_mix",0.4,"gibbs_dir","batch8",8036,0.66006600660066,0.283006535947712,0.874295236602838
"CHAMPS","bfl_mix",0.4,"gibbs_dir","batch8",8037,0.656765676567657,0.246804971988796,0.881856459525146
"CHAMPS","bfl_mix",0.4,"gibbs_dir","batch8",8038,0.623762376237624,0.230636482712459,0.852566033723442
"CHAMPS","bfl_mix",0.4,"gibbs_dir","batch8",8039,0.643564356435644,0.239758339815055,0.853951157528816
"CHAMPS","bfl_mix",0.4,"gibbs_dir","batch8",8040,0.686468646864686,0.251681783824641,0.87302655952165
"CHAMPS","bfl_mix",0.4,"gibbs_dir","batch8",8041,0.646864686468647,0.215370507470723,0.880467680198222
"CHAMPS","bfl_mix",0.4,"gibbs_dir","batch8",8042,0.666666666666667,0.252791647840711,0.879622175447819
"CHAMPS","bfl_mix",0.4,"gibbs_dir","batch8",8043,0.636963696369637,0.250376979140488,0.856486257991299
"CHAMPS","bfl_mix",0.4,"gibbs_dir","batch8",8044,0.66996699669967,0.233217083589477,0.871573938417922
"CHAMPS","bfl_mix",0.4,"gibbs_dir","batch8",8045,0.643564356435644,0.257483723903215,0.874476227418866
"CHAMPS","bfl_mix",0.4,"gibbs_dir","batch8",8046,0.66006600660066,0.260116459627329,0.869561148148227
"CHAMPS","bfl_mix",0.4,"gibbs_dir","batch8",8047,0.656765676567657,0.229953126740836,0.885186988503488
"CHAMPS","bfl_mix",0.4,"gibbs_dir","batch8",8048,0.646864686468647,0.216061046511628,0.863816891329157
"CHAMPS","bfl_mix",0.4,"gibbs_dir","batch8",8049,0.646864686468647,0.220862196932212,0.891879459442357
"CHAMPS","bfl_mix",0.4,"gibbs_dir","batch8",8050,0.66006600660066,0.252395783894953,0.874378852975562
"CHAMPS","bfl_mix",0.4,"gibbs_dir","batch8",8051,0.646864686468647,0.242597038815526,0.8888680908784
"CHAMPS","bfl_mix",0.4,"gibbs_dir","batch8",8052,0.613861386138614,0.282685036782447,0.859818942371236
"CHAMPS","bfl_mix",0.4,"gibbs_dir","batch8",8053,0.613861386138614,0.211689620863008,0.858967638285181
"CHAMPS","bfl_mix",0.4,"gibbs_dir","batch8",8054,0.643564356435644,0.2190119607963,0.86893975466536
"CHAMPS","bfl_mix",0.4,"gibbs_dir","batch8",8055,0.646864686468647,0.282368410423302,0.879260304218368
"CHAMPS","bfl_mix",0.4,"gibbs_dir","batch8",8056,0.623762376237624,0.219036663745253,0.859016344394668
"CHAMPS","bfl_mix",0.4,"gibbs_dir","batch8",8057,0.676567656765677,0.271093004162371,0.876265841383367
"CHAMPS","bfl_mix",0.4,"gibbs_dir","batch8",8058,0.653465346534653,0.228490497076023,0.869176657866349
"CHAMPS","bfl_mix",0.4,"gibbs_dir","batch8",8059,0.633663366336634,0.201010574791063,0.8336686976129
"CHAMPS","bfl_mix",0.4,"gibbs_dir","batch8",8060,0.636963696369637,0.246397323918413,0.8617668383325
"CHAMPS","bfl_mix",0.4,"gibbs_dir","batch8",8061,0.646864686468647,0.222262961788489,0.885019396062854
"CHAMPS","bfl_mix",0.4,"gibbs_dir","batch8",8062,0.656765676567657,0.263598785473785,0.876312675640478
"CHAMPS","bfl_mix",0.4,"gibbs_dir","batch8",8063,0.646864686468647,0.273595043922575,0.852603051186003
"CHAMPS","bfl_mix",0.4,"gibbs_dir","batch8",8064,0.66006600660066,0.259854323308271,0.881294191219811
"CHAMPS","bfl_mix",0.4,"gibbs_dir","batch8",8065,0.653465346534653,0.243530930849508,0.857957234017839
"CHAMPS","bfl_mix",0.4,"gibbs_dir","batch8",8066,0.696369636963696,0.279595410628019,0.891706119446734
"CHAMPS","bfl_mix",0.4,"gibbs_dir","batch8",8067,0.66006600660066,0.221105396181461,0.869279831465473
"CHAMPS","bfl_mix",0.4,"gibbs_dir","batch8",8068,0.66996699669967,0.239151541764247,0.893061999938568
"CHAMPS","bfl_mix",0.4,"gibbs_dir","batch8",8069,0.683168316831683,0.296282788093133,0.884255143251902
"CHAMPS","bfl_mix",0.4,"gibbs_dir","batch8",8070,0.636963696369637,0.259476483762598,0.872827266025265
"CHAMPS","bfl_mix",0.4,"gibbs_dir","batch8",8071,0.66006600660066,0.221770586728723,0.866282835855384
"CHAMPS","bfl_mix",0.4,"gibbs_dir","batch8",8072,0.636963696369637,0.205191957165641,0.867417236125517
"CHAMPS","bfl_mix",0.4,"gibbs_dir","batch8",8073,0.64026402640264,0.230038806017722,0.857187441872987
"CHAMPS","bfl_mix",0.4,"gibbs_dir","batch8",8074,0.663366336633663,0.21832927424496,0.875840515227758
"CHAMPS","bfl_mix",0.4,"gibbs_dir","batch8",8075,0.676567656765677,0.224398042715281,0.88369542922132
"CHAMPS","bfl_mix",0.4,"gibbs_dir","batch8",8076,0.666666666666667,0.299167361980253,0.874895970862967
"CHAMPS","bfl_mix",0.4,"gibbs_dir","batch8",8077,0.633663366336634,0.217411135643498,0.857509199884064
"CHAMPS","bfl_mix",0.4,"gibbs_dir","batch8",8078,0.673267326732673,0.28134128820219,0.88052460157964
"CHAMPS","bfl_mix",0.4,"gibbs_dir","batch8",8079,0.63036303630363,0.22972698929478,0.84075438211808
"CHAMPS","bfl_mix",0.4,"gibbs_dir","batch8",8080,0.646864686468647,0.227835891505467,0.863176284755298
"CHAMPS","bfl_mix",0.4,"gibbs_dir","batch8",8081,0.627062706270627,0.227477581941868,0.855518906744395
"CHAMPS","bfl_mix",0.4,"gibbs_dir","batch8",8082,0.66006600660066,0.217215088282504,0.876821125980054
"CHAMPS","bfl_mix",0.4,"gibbs_dir","batch8",8083,0.63036303630363,0.204134552917553,0.867965973369528
"CHAMPS","bfl_mix",0.4,"gibbs_dir","batch8",8084,0.6996699669967,0.306430183089222,0.896357231122026
"CHAMPS","bfl_mix",0.4,"gibbs_dir","batch8",8085,0.653465346534653,0.258080443159923,0.877817381353419
"CHAMPS","bfl_mix",0.4,"gibbs_dir","batch8",8086,0.636963696369637,0.228281539335462,0.85277037906008
"CHAMPS","bfl_mix",0.4,"gibbs_dir","batch8",8087,0.676567656765677,0.270871256548596,0.885381922805827
"CHAMPS","bfl_mix",0.4,"gibbs_dir","batch8",8088,0.696369636963696,0.245549639238085,0.900259924326287
"CHAMPS","bfl_mix",0.4,"gibbs_dir","batch8",8089,0.666666666666667,0.273626274357982,0.868061530897465
"CHAMPS","bfl_mix",0.4,"gibbs_dir","batch8",8090,0.676567656765677,0.243923277984546,0.879833896863958
"CHAMPS","bfl_mix",0.4,"gibbs_dir","batch8",8091,0.656765676567657,0.247819794126509,0.85345574984288
"CHAMPS","bfl_mix",0.4,"gibbs_dir","batch8",8092,0.673267326732673,0.276497287004128,0.868358614394725
"CHAMPS","bfl_mix",0.4,"gibbs_dir","batch8",8093,0.636963696369637,0.207937466451959,0.848051523410848
"CHAMPS","bfl_mix",0.4,"gibbs_dir","batch8",8094,0.653465346534653,0.315435363868868,0.861002936979121
"CHAMPS","bfl_mix",0.4,"gibbs_dir","batch8",8095,0.64026402640264,0.235603214187773,0.867302490583166
"CHAMPS","bfl_mix",0.4,"gibbs_dir","batch8",8096,0.656765676567657,0.215592224052345,0.873297252117711
"CHAMPS","bfl_mix",0.4,"gibbs_dir","batch8",8097,0.64026402640264,0.265897024754387,0.859888499810656
"CHAMPS","bfl_mix",0.4,"gibbs_dir","batch8",8098,0.636963696369637,0.266302165924136,0.833635892768338
"CHAMPS","bfl_mix",0.4,"gibbs_dir","batch8",8099,0.64026402640264,0.277225490560713,0.868342131339324
"CHAMPS","bfl_mix",0.4,"gibbs_dir","batch8",8100,0.636963696369637,0.283434529366045,0.851651343330821
"CHAMPS","bfl_mix",0.4,"gibbs_dir","batch8",8101,0.663366336633663,0.280751929958586,0.859853231950512
"CHAMPS","bfl_mix",0.4,"gibbs_dir","batch8",8102,0.646864686468647,0.255888241313343,0.851939884081337
"CHAMPS","bfl_mix",0.4,"gibbs_dir","batch8",8103,0.676567656765677,0.263022888713496,0.875855320369576
"CHAMPS","bfl_mix",0.4,"gibbs_dir","batch8",8104,0.65016501650165,0.274618103166299,0.884172255632189
"CHAMPS","bfl_mix",0.4,"gibbs_dir","batch8",8105,0.663366336633663,0.222671331588728,0.867839633807545
"CHAMPS","bfl_mix",0.4,"gibbs_dir","batch8",8106,0.646864686468647,0.246777269260107,0.878558874271474
"CHAMPS","bfl_mix",0.4,"gibbs_dir","batch8",8107,0.66996699669967,0.230768002750761,0.872257864147116
"CHAMPS","bfl_mix",0.4,"gibbs_dir","batch8",8108,0.653465346534653,0.252681787281034,0.859793291918208
"CHAMPS","bfl_mix",0.4,"gibbs_dir","batch8",8109,0.646864686468647,0.25637675132749,0.875734456837449
"CHAMPS","bfl_mix",0.4,"gibbs_dir","batch8",8110,0.646864686468647,0.262370211242392,0.871805786921953
"CHAMPS","bfl_mix",0.4,"gibbs_dir","batch8",8111,0.66996699669967,0.272695831169795,0.880359546659194
"CHAMPS","bfl_mix",0.4,"gibbs_dir","batch8",8112,0.627062706270627,0.22750707881076,0.832310286764483
"CHAMPS","bfl_mix",0.4,"gibbs_dir","batch8",8113,0.66996699669967,0.246698504983389,0.880573610353654
"CHAMPS","bfl_mix",0.4,"gibbs_dir","batch8",8114,0.666666666666667,0.212921418567427,0.847524544334186
"CHAMPS","bfl_mix",0.4,"gibbs_dir","batch8",8115,0.673267326732673,0.246325384733206,0.880714992060356
"CHAMPS","bfl_mix",0.4,"gibbs_dir","batch8",8116,0.64026402640264,0.275076108395506,0.857331883282758
"CHAMPS","bfl_mix",0.4,"gibbs_dir","batch8",8117,0.676567656765677,0.284583333333333,0.88217215370104
"CHAMPS","bfl_mix",0.4,"gibbs_dir","batch8",8118,0.63036303630363,0.230942920618645,0.848884138559253
"CHAMPS","bfl_mix",0.4,"gibbs_dir","batch8",8119,0.666666666666667,0.239188311688312,0.857144022507222
"CHAMPS","bfl_mix",0.4,"gibbs_dir","batch8",8120,0.67986798679868,0.301277967834533,0.882370294326071
"CHAMPS","bfl_mix",0.4,"gibbs_dir","batch8",8121,0.623762376237624,0.241117395149653,0.837580903708852
"CHAMPS","bfl_mix",0.4,"gibbs_dir","batch8",8122,0.643564356435644,0.25853789836348,0.859767795286864
"CHAMPS","bfl_mix",0.4,"gibbs_dir","batch8",8123,0.646864686468647,0.246330752580753,0.871548223172238
"CHAMPS","bfl_mix",0.4,"gibbs_dir","batch8",8124,0.643564356435644,0.247183080549293,0.85874360930717
"CHAMPS","bfl_mix",0.4,"gibbs_dir","batch8",8125,0.666666666666667,0.26292065831491,0.897015086515261
"CHAMPS","bfl_mix",0.4,"gibbs_dir","batch8",8126,0.666666666666667,0.253170277765419,0.878028302305452
"CHAMPS","bfl_mix",0.4,"gibbs_dir","batch8",8127,0.673267326732673,0.272873305788315,0.869148512948171
"CHAMPS","bfl_mix",0.4,"gibbs_dir","batch8",8128,0.66996699669967,0.264709051724138,0.838863571657886
"CHAMPS","bfl_mix",0.4,"gibbs_dir","batch8",8129,0.706270627062706,0.268098613319202,0.901233995393371
"CHAMPS","bfl_mix",0.4,"gibbs_dir","batch8",8130,0.64026402640264,0.232916193987521,0.85088533247187
"CHAMPS","bfl_mix",0.4,"gibbs_dir","batch8",8131,0.636963696369637,0.196218255428782,0.871022299538915
"CHAMPS","bfl_mix",0.4,"gibbs_dir","batch8",8132,0.653465346534653,0.240951574595355,0.875376515863803
"CHAMPS","bfl_mix",0.4,"gibbs_dir","batch8",8133,0.67986798679868,0.264831041112097,0.902821894075219
"CHAMPS","bfl_mix",0.4,"gibbs_dir","batch8",8134,0.686468646864686,0.27097200418629,0.891383988805731
"CHAMPS","bfl_mix",0.4,"gibbs_dir","batch8",8135,0.653465346534653,0.273141403441471,0.868018021609682
"CHAMPS","bfl_mix",0.4,"gibbs_dir","batch8",8136,0.686468646864686,0.246806006493506,0.880839648646581
"CHAMPS","bfl_mix",0.4,"gibbs_dir","batch8",8137,0.663366336633663,0.235943992240441,0.894593738437123
"CHAMPS","bfl_mix",0.4,"gibbs_dir","batch8",8138,0.65016501650165,0.227123744234536,0.861153658429272
"CHAMPS","bfl_mix",0.4,"gibbs_dir","batch8",8139,0.663366336633663,0.255336257309942,0.865912028940059
"CHAMPS","bfl_mix",0.4,"gibbs_dir","batch8",8140,0.663366336633663,0.22749773578977,0.885433101436676
"CHAMPS","bfl_mix",0.4,"gibbs_dir","batch8",8141,0.64026402640264,0.22873139287613,0.860274752355512
"CHAMPS","bfl_mix",0.4,"gibbs_dir","batch8",8142,0.633663366336634,0.237797619047619,0.867565536717303
"CHAMPS","bfl_mix",0.4,"gibbs_dir","batch8",8143,0.663366336633663,0.245631798756799,0.862809342684124
"CHAMPS","bfl_mix",0.4,"gibbs_dir","batch8",8144,0.643564356435644,0.227552766275592,0.847393832235403
"CHAMPS","bfl_mix",0.4,"gibbs_dir","batch8",8145,0.62046204620462,0.224918831168831,0.85107999974871
"CHAMPS","bfl_mix",0.4,"gibbs_dir","batch8",8146,0.653465346534653,0.257207344909106,0.873161566403714
"CHAMPS","bfl_mix",0.4,"gibbs_dir","batch8",8147,0.627062706270627,0.209475974234472,0.863240535176351
"CHAMPS","bfl_mix",0.4,"gibbs_dir","batch8",8148,0.610561056105611,0.245441512797229,0.86164081276093
"CHAMPS","bfl_mix",0.4,"gibbs_dir","batch8",8149,0.68976897689769,0.231944444444444,0.874940537031634
"CHAMPS","bfl_mix",0.4,"gibbs_dir","batch8",8150,0.66006600660066,0.247915843783944,0.86018255431037
"CHAMPS","bfl_mix",0.4,"gibbs_dir","batch8",8151,0.636963696369637,0.223734939759036,0.848113527828922
"CHAMPS","bfl_mix",0.4,"gibbs_dir","batch8",8152,0.62046204620462,0.235907536585015,0.854648331213029
"CHAMPS","bfl_mix",0.4,"gibbs_dir","batch8",8153,0.676567656765677,0.257060939613824,0.881547494689134
"CHAMPS","bfl_mix",0.4,"gibbs_dir","batch8",8154,0.623762376237624,0.236926232960368,0.854825024734497
"CHAMPS","bfl_mix",0.4,"gibbs_dir","batch8",8155,0.63036303630363,0.256716157559531,0.868659987429996
"CHAMPS","bfl_mix",0.4,"gibbs_dir","batch8",8156,0.663366336633663,0.268857929136567,0.890104737993425
"CHAMPS","bfl_mix",0.4,"gibbs_dir","batch8",8157,0.627062706270627,0.238740098301203,0.861047515225538
"CHAMPS","bfl_mix",0.4,"gibbs_dir","batch8",8158,0.666666666666667,0.299131921999569,0.889987093139885
"CHAMPS","bfl_mix",0.4,"gibbs_dir","batch8",8159,0.594059405940594,0.208798621206114,0.867685520516567
"CHAMPS","bfl_mix",0.4,"gibbs_dir","batch8",8160,0.676567656765677,0.259153677266812,0.871457390265664
"CHAMPS","bfl_mix",0.4,"gibbs_dir","batch8",8161,0.66006600660066,0.283672816952868,0.869917902816152
"CHAMPS","bfl_mix",0.4,"gibbs_dir","batch8",8162,0.636963696369637,0.253622671018632,0.880316053575622
"CHAMPS","bfl_mix",0.4,"gibbs_dir","batch8",8163,0.64026402640264,0.250045483309603,0.868991657780499
"CHAMPS","bfl_mix",0.4,"gibbs_dir","batch8",8164,0.67986798679868,0.270055132087957,0.876685969024996
"CHAMPS","bfl_mix",0.4,"gibbs_dir","batch8",8165,0.66006600660066,0.25319401215355,0.871859189386423
"CHAMPS","bfl_mix",0.4,"gibbs_dir","batch8",8166,0.65016501650165,0.238189655172414,0.864547592848206
"CHAMPS","bfl_mix",0.4,"gibbs_dir","batch8",8167,0.64026402640264,0.241363738918087,0.852101388842278
"CHAMPS","bfl_mix",0.4,"gibbs_dir","batch8",8168,0.656765676567657,0.276775691651887,0.86565943198235
"CHAMPS","bfl_mix",0.4,"gibbs_dir","batch8",8169,0.653465346534653,0.266120395526632,0.861167594354796
"CHAMPS","bfl_mix",0.4,"gibbs_dir","batch8",8170,0.627062706270627,0.233724411323104,0.870463599373821
"CHAMPS","bfl_mix",0.4,"gibbs_dir","batch8",8171,0.643564356435644,0.260976257973069,0.835156520838728
"CHAMPS","bfl_mix",0.4,"gibbs_dir","batch8",8172,0.623762376237624,0.258184245197975,0.854251200724104
"CHAMPS","bfl_mix",0.4,"gibbs_dir","batch8",8173,0.676567656765677,0.252021475256769,0.87319761445518
"CHAMPS","bfl_mix",0.4,"gibbs_dir","batch8",8174,0.66996699669967,0.258213533134512,0.882811369662541
"CHAMPS","bfl_mix",0.4,"gibbs_dir","batch8",8175,0.676567656765677,0.251266911258886,0.896347539886098
"CHAMPS","bfl_mix",0.4,"gibbs_dir","batch8",8176,0.663366336633663,0.230052492750585,0.884067824831014
"CHAMPS","bfl_mix",0.4,"gibbs_dir","batch8",8177,0.65016501650165,0.258086129944881,0.849065449599355
"CHAMPS","bfl_mix",0.4,"gibbs_dir","batch8",8178,0.636963696369637,0.189818159922929,0.845694755892704
"CHAMPS","bfl_mix",0.4,"gibbs_dir","batch8",8179,0.627062706270627,0.246727529092597,0.858627777088555
"CHAMPS","bfl_mix",0.4,"gibbs_dir","batch8",8180,0.613861386138614,0.192223084886128,0.8458004448408
"CHAMPS","bfl_mix",0.4,"gibbs_dir","batch8",8181,0.66006600660066,0.266271751533305,0.858406000225685
"CHAMPS","bfl_mix",0.4,"gibbs_dir","batch8",8182,0.66006600660066,0.261969875669566,0.86851083507872
"CHAMPS","bfl_mix",0.4,"gibbs_dir","batch8",8183,0.66006600660066,0.266216801886138,0.861527034128535
"CHAMPS","bfl_mix",0.4,"gibbs_dir","batch8",8184,0.686468646864686,0.277946323312703,0.862631977277324
"CHAMPS","bfl_mix",0.4,"gibbs_dir","batch8",8185,0.64026402640264,0.198890408876729,0.860217083976367
"CHAMPS","bfl_mix",0.4,"gibbs_dir","batch8",8186,0.64026402640264,0.234303968012517,0.888631869266875
"CHAMPS","bfl_mix",0.4,"gibbs_dir","batch8",8187,0.653465346534653,0.253888448530966,0.861705053873583
"CHAMPS","bfl_mix",0.4,"gibbs_dir","batch8",8188,0.627062706270627,0.230889098994992,0.842448402748213
"CHAMPS","bfl_mix",0.4,"gibbs_dir","batch8",8189,0.646864686468647,0.216145182163146,0.861193025223933
"CHAMPS","bfl_mix",0.4,"gibbs_dir","batch8",8190,0.633663366336634,0.232458381482016,0.873604578183363
"CHAMPS","bfl_mix",0.4,"gibbs_dir","batch8",8191,0.64026402640264,0.279199538594744,0.865558280711754
"CHAMPS","bfl_mix",0.4,"gibbs_dir","batch8",8192,0.656765676567657,0.241488538511395,0.868059346424199
"CHAMPS","bfl_mix",0.4,"gibbs_dir","batch8",8193,0.663366336633663,0.243682117301303,0.874378127729865
"CHAMPS","bfl_mix",0.4,"gibbs_dir","batch8",8194,0.67986798679868,0.28491482504604,0.904945013376593
"CHAMPS","bfl_mix",0.4,"gibbs_dir","batch8",8195,0.646864686468647,0.26371280135015,0.885210800534756
"CHAMPS","bfl_mix",0.4,"gibbs_dir","batch8",8196,0.663366336633663,0.248505191550304,0.887531017782128
"CHAMPS","bfl_mix",0.4,"gibbs_dir","batch8",8197,0.62046204620462,0.249564279806215,0.845352943044712
"CHAMPS","bfl_mix",0.4,"gibbs_dir","batch8",8198,0.65016501650165,0.236527347781218,0.867455800453073
"CHAMPS","bfl_mix",0.4,"gibbs_dir","batch8",8199,0.623762376237624,0.206078860898138,0.843641615034809
"CHAMPS","bfl_mix",0.4,"gibbs_dir","batch8",8200,0.66996699669967,0.246079984201448,0.865067449353394
"CHAMPS","bfl_mix",0.4,"gibbs_dir","batch8",8201,0.627062706270627,0.237744379276637,0.853378364718894
"CHAMPS","bfl_mix",0.4,"gibbs_dir","batch8",8202,0.643564356435644,0.245234789939094,0.859042800377783
"CHAMPS","bfl_mix",0.4,"gibbs_dir","batch8",8203,0.643564356435644,0.216199226305609,0.864569324721017
"CHAMPS","bfl_mix",0.4,"gibbs_dir","batch8",8204,0.636963696369637,0.227841210872292,0.866389472259711
"CHAMPS","bfl_mix",0.4,"gibbs_dir","batch8",8205,0.64026402640264,0.252779392082277,0.852397551707935
"CHAMPS","bfl_mix",0.4,"gibbs_dir","batch8",8206,0.633663366336634,0.267469822260241,0.848321979070258
"CHAMPS","bfl_mix",0.4,"gibbs_dir","batch8",8207,0.67986798679868,0.239885766140871,0.890717546415017
"CHAMPS","bfl_mix",0.4,"gibbs_dir","batch8",8208,0.63036303630363,0.244353070175439,0.873782338802708
"CHAMPS","bfl_mix",0.4,"gibbs_dir","batch8",8209,0.656765676567657,0.237345346433784,0.859307999324897
"CHAMPS","bfl_mix",0.4,"gibbs_dir","batch8",8210,0.676567656765677,0.217559976143567,0.881823019814098
"CHAMPS","bfl_mix",0.4,"gibbs_dir","batch8",8211,0.63036303630363,0.200678289608526,0.844947294089602
"CHAMPS","bfl_mix",0.4,"gibbs_dir","batch8",8212,0.653465346534653,0.286686170096202,0.843402408148277
"CHAMPS","bfl_mix",0.4,"gibbs_dir","batch8",8213,0.66006600660066,0.260713364293086,0.886121749593261
"CHAMPS","bfl_mix",0.4,"gibbs_dir","batch8",8214,0.656765676567657,0.224833079154888,0.877206257356237
"CHAMPS","bfl_mix",0.4,"gibbs_dir","batch8",8215,0.646864686468647,0.261476536722473,0.876269174235298
"CHAMPS","bfl_mix",0.4,"gibbs_dir","batch8",8216,0.627062706270627,0.231469834614489,0.836033789794431
"CHAMPS","bfl_mix",0.4,"gibbs_dir","batch8",8217,0.676567656765677,0.270501077586207,0.857674526363528
"CHAMPS","bfl_mix",0.4,"gibbs_dir","batch8",8218,0.663366336633663,0.216943894461246,0.864415915591247
"CHAMPS","bfl_mix",0.4,"gibbs_dir","batch8",8219,0.633663366336634,0.247926655324707,0.863229948586398
"CHAMPS","bfl_mix",0.4,"gibbs_dir","batch8",8220,0.673267326732673,0.252624873076623,0.883658239928702
"CHAMPS","bfl_mix",0.4,"gibbs_dir","batch8",8221,0.663366336633663,0.247422355261951,0.873817277447379
"CHAMPS","bfl_mix",0.4,"gibbs_dir","batch8",8222,0.653465346534653,0.250295193312435,0.841036637433202
"CHAMPS","bfl_mix",0.4,"gibbs_dir","batch8",8223,0.66996699669967,0.275506623702112,0.875534222599138
"CHAMPS","bfl_mix",0.4,"gibbs_dir","batch8",8224,0.66996699669967,0.247221350242759,0.870477924795309
"CHAMPS","bfl_mix",0.4,"gibbs_dir","batch8",8225,0.66006600660066,0.26430563523937,0.86400500555969
"CHAMPS","bfl_mix",0.4,"gibbs_dir","batch8",8226,0.673267326732673,0.270540758676352,0.891452307885336
"CHAMPS","bfl_mix",0.4,"gibbs_dir","batch8",8227,0.646864686468647,0.230487514154598,0.851907191584892
"CHAMPS","bfl_mix",0.4,"gibbs_dir","batch8",8228,0.67986798679868,0.241634977210091,0.873369447046072
"CHAMPS","bfl_mix",0.4,"gibbs_dir","batch8",8229,0.633663366336634,0.239257789610922,0.847689798727783
"CHAMPS","bfl_mix",0.4,"gibbs_dir","batch8",8230,0.653465346534653,0.224530045646998,0.851283768020514
"CHAMPS","bfl_mix",0.4,"gibbs_dir","batch8",8231,0.62046204620462,0.229935184612257,0.850388018240156
"CHAMPS","bfl_mix",0.4,"gibbs_dir","batch8",8232,0.666666666666667,0.257246044538313,0.853175318347408
"CHAMPS","bfl_mix",0.4,"gibbs_dir","batch8",8233,0.63036303630363,0.212533558145626,0.845455916121397
"CHAMPS","bfl_mix",0.4,"gibbs_dir","batch8",8234,0.653465346534653,0.257005988023952,0.861938760184036
"CHAMPS","bfl_mix",0.4,"gibbs_dir","batch8",8235,0.646864686468647,0.210038986354776,0.854680167944837
"CHAMPS","bfl_mix",0.4,"gibbs_dir","batch8",8236,0.656765676567657,0.241293295761418,0.87787027994805
"CHAMPS","bfl_mix",0.4,"gibbs_dir","batch8",8237,0.663366336633663,0.239857117566655,0.858834201463484
"CHAMPS","bfl_mix",0.4,"gibbs_dir","batch8",8238,0.666666666666667,0.291376801552106,0.878050066851462
"CHAMPS","bfl_mix",0.4,"gibbs_dir","batch8",8239,0.63036303630363,0.267676674164289,0.862119720856833
"CHAMPS","bfl_mix",0.4,"gibbs_dir","batch8",8240,0.656765676567657,0.226570823869502,0.880245356871692
"CHAMPS","bfl_mix",0.4,"gibbs_dir","batch8",8241,0.66006600660066,0.269339562674803,0.871905531438606
"CHAMPS","bfl_mix",0.4,"gibbs_dir","batch8",8242,0.666666666666667,0.285229927205563,0.892221842667316
"CHAMPS","bfl_mix",0.4,"gibbs_dir","batch8",8243,0.666666666666667,0.265441995947315,0.887959091367319
"CHAMPS","bfl_mix",0.4,"gibbs_dir","batch8",8244,0.65016501650165,0.219383604505632,0.875774405930028
"CHAMPS","bfl_mix",0.4,"gibbs_dir","batch8",8245,0.66006600660066,0.206505847953216,0.85608988553949
"CHAMPS","bfl_mix",0.4,"gibbs_dir","batch8",8246,0.656765676567657,0.261046049747973,0.857712866118544
"CHAMPS","bfl_mix",0.4,"gibbs_dir","batch8",8247,0.666666666666667,0.26182277214211,0.870994841102642
"CHAMPS","bfl_mix",0.4,"gibbs_dir","batch8",8248,0.66006600660066,0.250153554175293,0.879832578954497
"CHAMPS","bfl_mix",0.4,"gibbs_dir","batch8",8249,0.643564356435644,0.237867647058824,0.864646059469296
"CHAMPS","bfl_mix",0.4,"gibbs_dir","batch8",8250,0.653465346534653,0.239666295718581,0.866792587978256
"CHAMPS","bfl_mix",0.4,"gibbs_dir","batch8",8251,0.636963696369637,0.236790255677955,0.845312354259543
"CHAMPS","bfl_mix",0.4,"gibbs_dir","batch8",8252,0.656765676567657,0.242324021260047,0.860446864522863
"CHAMPS","bfl_mix",0.4,"gibbs_dir","batch8",8253,0.683168316831683,0.283674818732913,0.896958621115601
"CHAMPS","bfl_mix",0.4,"gibbs_dir","batch8",8254,0.693069306930693,0.257503433564186,0.898108262008381
"CHAMPS","bfl_mix",0.4,"gibbs_dir","batch8",8255,0.66996699669967,0.274666927899686,0.862441796450521
"CHAMPS","bfl_mix",0.4,"gibbs_dir","batch8",8256,0.663366336633663,0.267388614830475,0.88589115960051
"CHAMPS","bfl_mix",0.4,"gibbs_dir","batch8",8257,0.653465346534653,0.271492794486216,0.859503362381348
"CHAMPS","bfl_mix",0.4,"gibbs_dir","batch8",8258,0.646864686468647,0.261132761650612,0.855181678575193
"CHAMPS","bfl_mix",0.4,"gibbs_dir","batch8",8259,0.666666666666667,0.278563087522625,0.873143804443422
"CHAMPS","bfl_mix",0.4,"gibbs_dir","batch8",8260,0.636963696369637,0.243984237213404,0.856456124374304
"CHAMPS","bfl_mix",0.4,"gibbs_dir","batch8",8261,0.633663366336634,0.227111849168009,0.874213319551554
"CHAMPS","bfl_mix",0.4,"gibbs_dir","batch8",8262,0.666666666666667,0.277885172524612,0.878776320114575
"CHAMPS","bfl_mix",0.4,"gibbs_dir","batch8",8263,0.653465346534653,0.206942739589016,0.88786864754178
"CHAMPS","bfl_mix",0.4,"gibbs_dir","batch8",8264,0.68976897689769,0.24628299689441,0.895708608376471
"CHAMPS","bfl_mix",0.4,"gibbs_dir","batch8",8265,0.65016501650165,0.21359357696567,0.845660140848023
"CHAMPS","bfl_mix",0.4,"gibbs_dir","batch8",8266,0.663366336633663,0.248957763181901,0.883005675612734
"CHAMPS","bfl_mix",0.4,"gibbs_dir","batch8",8267,0.636963696369637,0.233622627372627,0.845636487121753
"CHAMPS","bfl_mix",0.4,"gibbs_dir","batch8",8268,0.666666666666667,0.264436878788947,0.867895870229076
"CHAMPS","bfl_mix",0.4,"gibbs_dir","batch8",8269,0.673267326732673,0.243207737640511,0.878790159412489
"CHAMPS","bfl_mix",0.4,"gibbs_dir","batch8",8270,0.607260726072607,0.204258359970494,0.824132984726847
"CHAMPS","bfl_mix",0.4,"gibbs_dir","batch8",8271,0.65016501650165,0.21609658125049,0.859338030126086
"CHAMPS","bfl_mix",0.4,"gibbs_dir","batch8",8272,0.64026402640264,0.239012800126396,0.858299519135295
"CHAMPS","bfl_mix",0.4,"gibbs_dir","batch8",8273,0.66006600660066,0.248595468831849,0.884615223309634
"CHAMPS","bfl_mix",0.4,"gibbs_dir","batch8",8274,0.663366336633663,0.269628542484647,0.868152251092805
"CHAMPS","bfl_mix",0.4,"gibbs_dir","batch8",8275,0.66006600660066,0.291323817881478,0.88079335089916
"CHAMPS","bfl_mix",0.4,"gibbs_dir","batch8",8276,0.636963696369637,0.23931593335069,0.885509069007599
"CHAMPS","bfl_mix",0.4,"gibbs_dir","batch8",8277,0.65016501650165,0.310153426195936,0.844170041952222
"CHAMPS","bfl_mix",0.4,"gibbs_dir","batch8",8278,0.607260726072607,0.179852843915344,0.838139332959525
"CHAMPS","bfl_mix",0.4,"gibbs_dir","batch8",8279,0.67986798679868,0.259056267320885,0.874618744349829
"CHAMPS","bfl_mix",0.4,"gibbs_dir","batch8",8280,0.617161716171617,0.191339426410337,0.854762717800469
"CHAMPS","bfl_mix",0.4,"gibbs_dir","batch8",8281,0.627062706270627,0.222840965654554,0.845002201888094
"CHAMPS","bfl_mix",0.4,"gibbs_dir","batch8",8282,0.646864686468647,0.266721050870147,0.863325610821285
"CHAMPS","bfl_mix",0.4,"gibbs_dir","batch8",8283,0.64026402640264,0.214303000807148,0.884191058438474
"CHAMPS","bfl_mix",0.4,"gibbs_dir","batch8",8284,0.68976897689769,0.28546755911667,0.889788115936609
"CHAMPS","bfl_mix",0.4,"gibbs_dir","batch8",8285,0.623762376237624,0.226694023569024,0.85695491257821
"CHAMPS","bfl_mix",0.4,"gibbs_dir","batch8",8286,0.663366336633663,0.275113284402981,0.866055656558321
"CHAMPS","bfl_mix",0.4,"gibbs_dir","batch8",8287,0.636963696369637,0.264926438052708,0.835561682751857
"CHAMPS","bfl_mix",0.4,"gibbs_dir","batch8",8288,0.68976897689769,0.241033426589064,0.893341082951526
"CHAMPS","bfl_mix",0.4,"gibbs_dir","batch8",8289,0.683168316831683,0.254099614931464,0.89775980171728
"CHAMPS","bfl_mix",0.4,"gibbs_dir","batch8",8290,0.66996699669967,0.282917079458417,0.871518056768745
"CHAMPS","bfl_mix",0.4,"gibbs_dir","batch8",8291,0.653465346534653,0.29202850877193,0.859597891821789
"CHAMPS","bfl_mix",0.4,"gibbs_dir","batch8",8292,0.686468646864686,0.287812175781829,0.882238224476696
"CHAMPS","bfl_mix",0.4,"gibbs_dir","batch8",8293,0.673267326732673,0.253208535286774,0.868068335979645
"CHAMPS","bfl_mix",0.4,"gibbs_dir","batch8",8294,0.600660066006601,0.212336805741405,0.841490276927142
"CHAMPS","bfl_mix",0.4,"gibbs_dir","batch8",8295,0.66006600660066,0.229801587301587,0.8549114468861
"CHAMPS","bfl_mix",0.4,"gibbs_dir","batch8",8296,0.64026402640264,0.25384343711969,0.864607341929965
"CHAMPS","bfl_mix",0.4,"gibbs_dir","batch8",8297,0.65016501650165,0.231195578256435,0.845572418256681
"CHAMPS","bfl_mix",0.4,"gibbs_dir","batch8",8298,0.66996699669967,0.270944322812139,0.861381170021558
"CHAMPS","bfl_mix",0.4,"gibbs_dir","batch8",8299,0.673267326732673,0.240260840108401,0.876442629955489
"CHAMPS","bfl_mix",0.4,"gibbs_dir","batch8",8300,0.643564356435644,0.226834045584046,0.840462831053255
"CHAMPS","bfl_mix",0.4,"gibbs_dir","batch8",8301,0.66006600660066,0.254530246975095,0.885870637339283
"CHAMPS","bfl_mix",0.4,"gibbs_dir","batch8",8302,0.66006600660066,0.250253422041907,0.875209012642407
"CHAMPS","bfl_mix",0.4,"gibbs_dir","batch8",8303,0.613861386138614,0.22005266075388,0.837464283842625
"CHAMPS","bfl_mix",0.4,"gibbs_dir","batch8",8304,0.656765676567657,0.253170261596599,0.855026498434172
"CHAMPS","bfl_mix",0.4,"gibbs_dir","batch8",8305,0.686468646864686,0.264909410035065,0.880454231076144
"CHAMPS","bfl_mix",0.4,"gibbs_dir","batch8",8306,0.66996699669967,0.244996676636756,0.891915634632317
"CHAMPS","bfl_mix",0.4,"gibbs_dir","batch8",8307,0.633663366336634,0.241039885128555,0.840391475841994
"CHAMPS","bfl_mix",0.4,"gibbs_dir","batch8",8308,0.67986798679868,0.272794117647059,0.86286023404749
"CHAMPS","bfl_mix",0.4,"gibbs_dir","batch8",8309,0.683168316831683,0.24976721549864,0.866479935538357
"CHAMPS","bfl_mix",0.4,"gibbs_dir","batch8",8310,0.64026402640264,0.239424141749723,0.867190173316568
"CHAMPS","bfl_mix",0.4,"gibbs_dir","batch8",8311,0.627062706270627,0.241267983353066,0.84200545975544
"CHAMPS","bfl_mix",0.4,"gibbs_dir","batch8",8312,0.66996699669967,0.251448810135251,0.89067605725852
"CHAMPS","bfl_mix",0.4,"gibbs_dir","batch8",8313,0.646864686468647,0.248755411255411,0.868640649562638
"CHAMPS","bfl_mix",0.4,"gibbs_dir","batch8",8314,0.663366336633663,0.238925657675658,0.857068123002166
"CHAMPS","bfl_mix",0.4,"gibbs_dir","batch8",8315,0.663366336633663,0.219963206381305,0.876798397474847
"CHAMPS","bfl_mix",0.4,"gibbs_dir","batch8",8316,0.646864686468647,0.236655839613898,0.861280782353211
"CHAMPS","bfl_mix",0.4,"gibbs_dir","batch8",8317,0.66996699669967,0.262805316091954,0.876060077237732
"CHAMPS","bfl_mix",0.4,"gibbs_dir","batch8",8318,0.623762376237624,0.210829635108481,0.843631395345932
"CHAMPS","bfl_mix",0.4,"gibbs_dir","batch8",8319,0.63036303630363,0.221853483703195,0.843394149465242
"CHAMPS","bfl_mix",0.4,"gibbs_dir","batch8",8320,0.64026402640264,0.231616912499265,0.881890742180649
"CHAMPS","bfl_mix",0.4,"gibbs_dir","batch8",8321,0.673267326732673,0.269793538104897,0.892658240236509
"CHAMPS","bfl_mix",0.4,"gibbs_dir","batch8",8322,0.666666666666667,0.248507424286974,0.876390936972824
"CHAMPS","bfl_mix",0.4,"gibbs_dir","batch8",8323,0.686468646864686,0.270161233972679,0.883397188541379
"CHAMPS","bfl_mix",0.4,"gibbs_dir","batch8",8324,0.646864686468647,0.211686502950011,0.860661224965704
"CHAMPS","bfl_mix",0.4,"gibbs_dir","batch8",8325,0.646864686468647,0.235009515993236,0.870837192723698
"CHAMPS","bfl_mix",0.4,"gibbs_dir","batch8",8326,0.663366336633663,0.265478860416574,0.876263893737643
"CHAMPS","bfl_mix",0.4,"gibbs_dir","batch8",8327,0.653465346534653,0.228368944203641,0.877958456263741
"CHAMPS","bfl_mix",0.4,"gibbs_dir","batch8",8328,0.63036303630363,0.256691828060468,0.852886328456482
"CHAMPS","bfl_mix",0.4,"gibbs_dir","batch8",8329,0.683168316831683,0.256927986512524,0.885844271951512
"CHAMPS","bfl_mix",0.4,"gibbs_dir","batch8",8330,0.656765676567657,0.239373647186147,0.872297691898183
"CHAMPS","bfl_mix",0.4,"gibbs_dir","batch8",8331,0.656765676567657,0.242684679001962,0.87055934482354
"CHAMPS","bfl_mix",0.4,"gibbs_dir","batch8",8332,0.65016501650165,0.236157796451914,0.858193882333286
"CHAMPS","bfl_mix",0.4,"gibbs_dir","batch8",8333,0.663366336633663,0.279273392460206,0.870089040015308
"CHAMPS","bfl_mix",0.4,"gibbs_dir","batch8",8334,0.643564356435644,0.261906108597285,0.857380001215533
"CHAMPS","bfl_mix",0.4,"gibbs_dir","batch8",8335,0.653465346534653,0.224024773267916,0.867313215711245
"CHAMPS","bfl_mix",0.4,"gibbs_dir","batch8",8336,0.636963696369637,0.249040653495441,0.853926174677375
"CHAMPS","bfl_mix",0.4,"gibbs_dir","batch8",8337,0.66996699669967,0.236565311245449,0.893260133676264
"CHAMPS","bfl_mix",0.4,"gibbs_dir","batch8",8338,0.656765676567657,0.227272187944945,0.859441161069142
"CHAMPS","bfl_mix",0.4,"gibbs_dir","batch8",8339,0.683168316831683,0.274186046511628,0.88858771299145
"CHAMPS","bfl_mix",0.4,"gibbs_dir","batch8",8340,0.65016501650165,0.228511904761905,0.885372284759795
"CHAMPS","bfl_mix",0.4,"gibbs_dir","batch8",8341,0.62046204620462,0.240594001950967,0.866187239262328
"CHAMPS","bfl_mix",0.4,"gibbs_dir","batch8",8342,0.633663366336634,0.273507311276321,0.86061617712879
"CHAMPS","bfl_mix",0.4,"gibbs_dir","batch8",8343,0.62046204620462,0.169507575757576,0.860379491372726
"CHAMPS","bfl_mix",0.4,"gibbs_dir","batch8",8344,0.673267326732673,0.261385478234356,0.87482325406364
"CHAMPS","bfl_mix",0.4,"gibbs_dir","batch8",8345,0.63036303630363,0.216049279785485,0.868699674025987
"CHAMPS","bfl_mix",0.4,"gibbs_dir","batch8",8346,0.67986798679868,0.283473124098124,0.881078737952596
"CHAMPS","bfl_mix",0.4,"gibbs_dir","batch8",8347,0.653465346534653,0.250212432915921,0.849719589726151
"CHAMPS","bfl_mix",0.4,"gibbs_dir","batch8",8348,0.65016501650165,0.223994423350736,0.864220501529153
"CHAMPS","bfl_mix",0.4,"gibbs_dir","batch8",8349,0.673267326732673,0.254843771139941,0.88045137068192
"CHAMPS","bfl_mix",0.4,"gibbs_dir","batch8",8350,0.643564356435644,0.239375906403391,0.85925663130711
"CHAMPS","bfl_mix",0.4,"gibbs_dir","batch8",8351,0.65016501650165,0.240706322851721,0.854762003200035
"CHAMPS","bfl_mix",0.4,"gibbs_dir","batch8",8352,0.64026402640264,0.270288723234693,0.868894250527927
"CHAMPS","bfl_mix",0.4,"gibbs_dir","batch8",8353,0.673267326732673,0.241221278721279,0.900759382868544
"CHAMPS","bfl_mix",0.4,"gibbs_dir","batch8",8354,0.66996699669967,0.261233399368993,0.882319474471951
"CHAMPS","bfl_mix",0.4,"gibbs_dir","batch8",8355,0.653465346534653,0.260625296886471,0.86560522506154
"CHAMPS","bfl_mix",0.4,"gibbs_dir","batch8",8356,0.66996699669967,0.283461167427717,0.890342059531552
"CHAMPS","bfl_mix",0.4,"gibbs_dir","batch8",8357,0.63036303630363,0.229227292768959,0.840141117661212
"CHAMPS","bfl_mix",0.4,"gibbs_dir","batch8",8358,0.63036303630363,0.200088263655593,0.872098411964502
"CHAMPS","bfl_mix",0.4,"gibbs_dir","batch8",8359,0.617161716171617,0.224505907198215,0.859369853850043
"CHAMPS","bfl_mix",0.4,"gibbs_dir","batch8",8360,0.666666666666667,0.288415404040404,0.861514200064664
"CHAMPS","bfl_mix",0.4,"gibbs_dir","batch8",8361,0.653465346534653,0.246687653143269,0.868597183214575
"CHAMPS","bfl_mix",0.4,"gibbs_dir","batch8",8362,0.66006600660066,0.230826796036334,0.866080908973152
"CHAMPS","bfl_mix",0.4,"gibbs_dir","batch8",8363,0.653465346534653,0.230111744844573,0.845504994123277
"CHAMPS","bfl_mix",0.4,"gibbs_dir","batch8",8364,0.627062706270627,0.25613446089818,0.841563906164029
"CHAMPS","bfl_mix",0.4,"gibbs_dir","batch8",8365,0.653465346534653,0.2105097369974,0.856728497019503
"CHAMPS","bfl_mix",0.4,"gibbs_dir","batch8",8366,0.656765676567657,0.28807261208577,0.876173863578382
"CHAMPS","bfl_mix",0.4,"gibbs_dir","batch8",8367,0.676567656765677,0.251463734057918,0.891493657385603
"CHAMPS","bfl_mix",0.4,"gibbs_dir","batch8",8368,0.666666666666667,0.264029255319149,0.879091527174987
"CHAMPS","bfl_mix",0.4,"gibbs_dir","batch8",8369,0.656765676567657,0.261384534030111,0.854832637060756
"CHAMPS","bfl_mix",0.4,"gibbs_dir","batch8",8370,0.627062706270627,0.221426474042753,0.860951264606544
"CHAMPS","bfl_mix",0.4,"gibbs_dir","batch8",8371,0.673267326732673,0.248527452774167,0.881683416424864
"CHAMPS","bfl_mix",0.4,"gibbs_dir","batch8",8372,0.63036303630363,0.241555560477203,0.844032075709387
"CHAMPS","bfl_mix",0.4,"gibbs_dir","batch8",8373,0.633663366336634,0.214311326940415,0.853067569791164
"CHAMPS","bfl_mix",0.4,"gibbs_dir","batch8",8374,0.66006600660066,0.256114398422091,0.842510982224996
"CHAMPS","bfl_mix",0.4,"gibbs_dir","batch8",8375,0.653465346534653,0.237122568325576,0.870976894426052
"CHAMPS","bfl_mix",0.4,"gibbs_dir","batch8",8376,0.646864686468647,0.238666006675647,0.879480977411841
"CHAMPS","bfl_mix",0.4,"gibbs_dir","batch8",8377,0.64026402640264,0.223111782236347,0.859691524815531
"CHAMPS","bfl_mix",0.4,"gibbs_dir","batch8",8378,0.617161716171617,0.209541420118343,0.839402991632173
"CHAMPS","bfl_mix",0.4,"gibbs_dir","batch8",8379,0.633663366336634,0.269297772988506,0.864055349135735
"CHAMPS","bfl_mix",0.4,"gibbs_dir","batch8",8380,0.636963696369637,0.271780167087828,0.862304095041772
"CHAMPS","bfl_mix",0.4,"gibbs_dir","batch8",8381,0.68976897689769,0.274397889509621,0.900509458557444
"CHAMPS","bfl_mix",0.4,"gibbs_dir","batch8",8382,0.66006600660066,0.26554963652124,0.870714005392783
"CHAMPS","bfl_mix",0.4,"gibbs_dir","batch8",8383,0.617161716171617,0.255120905664384,0.848752980881682
"CHAMPS","bfl_mix",0.4,"gibbs_dir","batch8",8384,0.66996699669967,0.286490070002097,0.865658880016901
"CHAMPS","bfl_mix",0.4,"gibbs_dir","batch8",8385,0.653465346534653,0.269691061207652,0.86463827287305
"CHAMPS","bfl_mix",0.4,"gibbs_dir","batch8",8386,0.676567656765677,0.24649286157666,0.883341686047565
"CHAMPS","bfl_mix",0.4,"gibbs_dir","batch8",8387,0.623762376237624,0.228599929433496,0.841122591461649
"CHAMPS","bfl_mix",0.4,"gibbs_dir","batch8",8388,0.613861386138614,0.199280655938265,0.821078256631935
"CHAMPS","bfl_mix",0.4,"gibbs_dir","batch8",8389,0.636963696369637,0.23595266185757,0.843453810430795
"CHAMPS","bfl_mix",0.4,"gibbs_dir","batch8",8390,0.64026402640264,0.283892986542443,0.859961149569411
"CHAMPS","bfl_mix",0.4,"gibbs_dir","batch8",8391,0.653465346534653,0.235880007661445,0.864712592794537
"CHAMPS","bfl_mix",0.4,"gibbs_dir","batch8",8392,0.646864686468647,0.265418568013907,0.88372961461173
"CHAMPS","bfl_mix",0.4,"gibbs_dir","batch8",8393,0.63036303630363,0.241294289234793,0.832102511328813
"CHAMPS","bfl_mix",0.4,"gibbs_dir","batch8",8394,0.676567656765677,0.246342405643182,0.889170004747973
"CHAMPS","bfl_mix",0.4,"gibbs_dir","batch8",8395,0.633663366336634,0.207654166002444,0.842215052188915
"CHAMPS","bfl_mix",0.4,"gibbs_dir","batch8",8396,0.643564356435644,0.254190891472868,0.869714136409113
"CHAMPS","bfl_mix",0.4,"gibbs_dir","batch8",8397,0.633663366336634,0.256900290120629,0.870168036454376
"CHAMPS","bfl_mix",0.4,"gibbs_dir","batch8",8398,0.646864686468647,0.214165986672107,0.866807206174789
"CHAMPS","bfl_mix",0.4,"gibbs_dir","batch8",8399,0.627062706270627,0.263608401861414,0.869916042151854
"CHAMPS","bfl_mix",0.4,"gibbs_dir","batch8",8400,0.67986798679868,0.258238711616439,0.888901073002944
"CHAMPS","bfl_mix",0.4,"gibbs_dir","batch8",8401,0.666666666666667,0.230739974062251,0.880759980766233
"CHAMPS","bfl_mix",0.4,"gibbs_dir","batch8",8402,0.636963696369637,0.220278837487808,0.861986518247004
"CHAMPS","bfl_mix",0.4,"gibbs_dir","batch8",8403,0.666666666666667,0.301170634920635,0.878661006240391
"CHAMPS","bfl_mix",0.4,"gibbs_dir","batch8",8404,0.646864686468647,0.284699578244996,0.856254410728803
"CHAMPS","bfl_mix",0.4,"gibbs_dir","batch8",8405,0.66996699669967,0.268575487012987,0.872865387506626
"CHAMPS","bfl_mix",0.4,"gibbs_dir","batch8",8406,0.636963696369637,0.22045799291121,0.853058833450099
"CHAMPS","bfl_mix",0.4,"gibbs_dir","batch8",8407,0.63036303630363,0.232435344827586,0.863853490326757
"CHAMPS","bfl_mix",0.4,"gibbs_dir","batch8",8408,0.696369636963696,0.266139413093182,0.89447589393773
"CHAMPS","bfl_mix",0.4,"gibbs_dir","batch8",8409,0.663366336633663,0.227088818949982,0.872488799373004
"CHAMPS","bfl_mix",0.4,"gibbs_dir","batch8",8410,0.653465346534653,0.259386766334441,0.881200389831296
"CHAMPS","bfl_mix",0.4,"gibbs_dir","batch8",8411,0.610561056105611,0.228462590723737,0.83303986085853
"CHAMPS","bfl_mix",0.4,"gibbs_dir","batch8",8412,0.627062706270627,0.261584734405458,0.852531716223123
"CHAMPS","bfl_mix",0.4,"gibbs_dir","batch8",8413,0.613861386138614,0.205864065180103,0.837667396809761
"CHAMPS","bfl_mix",0.4,"gibbs_dir","batch8",8414,0.63036303630363,0.233802921040046,0.855860512861709
"CHAMPS","bfl_mix",0.4,"gibbs_dir","batch8",8415,0.646864686468647,0.262134236584278,0.874485767483319
"CHAMPS","bfl_mix",0.4,"gibbs_dir","batch8",8416,0.627062706270627,0.227206677071389,0.85309129788721
"CHAMPS","bfl_mix",0.4,"gibbs_dir","batch8",8417,0.673267326732673,0.24469995720225,0.896929336899797
"CHAMPS","bfl_mix",0.4,"gibbs_dir","batch8",8418,0.666666666666667,0.274199623352166,0.875858128602575
"CHAMPS","bfl_mix",0.4,"gibbs_dir","batch8",8419,0.646864686468647,0.20982836570805,0.848834362931432
"CHAMPS","bfl_mix",0.4,"gibbs_dir","batch8",8420,0.623762376237624,0.265833333333333,0.836805919112268
"CHAMPS","bfl_mix",0.4,"gibbs_dir","batch8",8421,0.63036303630363,0.248145935230473,0.863407733332999
"CHAMPS","bfl_mix",0.4,"gibbs_dir","batch8",8422,0.64026402640264,0.274940476190476,0.847668099125338
"CHAMPS","bfl_mix",0.4,"gibbs_dir","batch8",8423,0.643564356435644,0.22751860712387,0.858114991533541
"CHAMPS","bfl_mix",0.4,"gibbs_dir","batch8",8424,0.63036303630363,0.225440745152284,0.875570635510724
"CHAMPS","bfl_mix",0.4,"gibbs_dir","batch8",8425,0.623762376237624,0.213245771547729,0.842089486845864
"CHAMPS","bfl_mix",0.4,"gibbs_dir","batch8",8426,0.65016501650165,0.25651424378834,0.854937251525983
"CHAMPS","bfl_mix",0.4,"gibbs_dir","batch8",8427,0.663366336633663,0.250552897043719,0.879366121641484
"CHAMPS","bfl_mix",0.4,"gibbs_dir","batch8",8428,0.636963696369637,0.248944171987137,0.876469515358403
"CHAMPS","bfl_mix",0.4,"gibbs_dir","batch8",8429,0.653465346534653,0.251736111111111,0.880928537250661
"CHAMPS","bfl_mix",0.4,"gibbs_dir","batch8",8430,0.64026402640264,0.245912238023952,0.846982668728373
"CHAMPS","bfl_mix",0.4,"gibbs_dir","batch8",8431,0.666666666666667,0.253062207541976,0.866406170361254
"CHAMPS","bfl_mix",0.4,"gibbs_dir","batch8",8432,0.636963696369637,0.230775053213064,0.879331728772284
"CHAMPS","bfl_mix",0.4,"gibbs_dir","batch8",8433,0.66006600660066,0.264973780209758,0.865469365926007
"CHAMPS","bfl_mix",0.4,"gibbs_dir","batch8",8434,0.627062706270627,0.239108510787828,0.842636243974144
"CHAMPS","bfl_mix",0.4,"gibbs_dir","batch8",8435,0.64026402640264,0.235674019607843,0.860423515081029
"CHAMPS","bfl_mix",0.4,"gibbs_dir","batch8",8436,0.636963696369637,0.249364177489177,0.845010007148616
"CHAMPS","bfl_mix",0.4,"gibbs_dir","batch8",8437,0.623762376237624,0.252604003814751,0.826371296294649
"CHAMPS","bfl_mix",0.4,"gibbs_dir","batch8",8438,0.63036303630363,0.230432648205481,0.842988276740317
"CHAMPS","bfl_mix",0.4,"gibbs_dir","batch8",8439,0.623762376237624,0.220621772805508,0.855116263724258
"CHAMPS","bfl_mix",0.4,"gibbs_dir","batch8",8440,0.67986798679868,0.267275208734746,0.877884615066494
"CHAMPS","bfl_mix",0.4,"gibbs_dir","batch8",8441,0.636963696369637,0.265890453739523,0.858129887889429
"CHAMPS","bfl_mix",0.4,"gibbs_dir","batch8",8442,0.646864686468647,0.278436167294863,0.875814960896444
"CHAMPS","bfl_mix",0.4,"gibbs_dir","batch8",8443,0.607260726072607,0.211165531776322,0.832907973383837
"CHAMPS","bfl_mix",0.4,"gibbs_dir","batch8",8444,0.65016501650165,0.229171727395412,0.879342990755839
"CHAMPS","bfl_mix",0.4,"gibbs_dir","batch8",8445,0.63036303630363,0.248366013071895,0.874515583075456
"CHAMPS","bfl_mix",0.4,"gibbs_dir","batch8",8446,0.64026402640264,0.238200684638425,0.862455081155712
"CHAMPS","bfl_mix",0.4,"gibbs_dir","batch8",8447,0.603960396039604,0.215014880952381,0.824019801656674
"CHAMPS","bfl_mix",0.4,"gibbs_dir","batch8",8448,0.666666666666667,0.241670866025113,0.863903413557471
"CHAMPS","bfl_mix",0.4,"gibbs_dir","batch8",8449,0.653465346534653,0.246337145969499,0.856765994180993
"CHAMPS","bfl_mix",0.4,"gibbs_dir","batch8",8450,0.653465346534653,0.268978270029186,0.880216701598793
"CHAMPS","bfl_mix",0.4,"gibbs_dir","batch8",8451,0.666666666666667,0.261961171096346,0.883861814545071
"CHAMPS","bfl_mix",0.4,"gibbs_dir","batch8",8452,0.653465346534653,0.263663745892662,0.869170502609793
"CHAMPS","bfl_mix",0.4,"gibbs_dir","batch8",8453,0.65016501650165,0.266969678223866,0.866648768088363
"CHAMPS","bfl_mix",0.4,"gibbs_dir","batch8",8454,0.656765676567657,0.230625425056691,0.861824562089176
"CHAMPS","bfl_mix",0.4,"gibbs_dir","batch8",8455,0.656765676567657,0.283957219251337,0.859224194159104
"CHAMPS","bfl_mix",0.4,"gibbs_dir","batch8",8456,0.666666666666667,0.217804930514969,0.876032704955698
"CHAMPS","bfl_mix",0.4,"gibbs_dir","batch8",8457,0.66006600660066,0.220493670503641,0.898672198856932
"CHAMPS","bfl_mix",0.4,"gibbs_dir","batch8",8458,0.65016501650165,0.223139534883721,0.868688094017806
"CHAMPS","bfl_mix",0.4,"gibbs_dir","batch8",8459,0.65016501650165,0.220475540362344,0.862058863698423
"CHAMPS","bfl_mix",0.4,"gibbs_dir","batch8",8460,0.66006600660066,0.241588652927871,0.872532276216224
"CHAMPS","bfl_mix",0.4,"gibbs_dir","batch8",8461,0.636963696369637,0.252171489141542,0.872355415625368
"CHAMPS","bfl_mix",0.4,"gibbs_dir","batch8",8462,0.643564356435644,0.22871755648198,0.865427664435177
"CHAMPS","bfl_mix",0.4,"gibbs_dir","batch8",8463,0.653465346534653,0.255076493316625,0.870747564127815
"CHAMPS","bfl_mix",0.4,"gibbs_dir","batch8",8464,0.653465346534653,0.214618905122338,0.866110042310001
"CHAMPS","bfl_mix",0.4,"gibbs_dir","batch8",8465,0.636963696369637,0.246982987772461,0.854583723440874
"CHAMPS","bfl_mix",0.4,"gibbs_dir","batch8",8466,0.636963696369637,0.258493027198701,0.866865423512323
"CHAMPS","bfl_mix",0.4,"gibbs_dir","batch8",8467,0.653465346534653,0.264526618269812,0.867766592381112
"CHAMPS","bfl_mix",0.4,"gibbs_dir","batch8",8468,0.590759075907591,0.221279247742014,0.829348364693316
"CHAMPS","bfl_mix",0.4,"gibbs_dir","batch8",8469,0.643564356435644,0.249616717944663,0.864667379197656
"CHAMPS","bfl_mix",0.4,"gibbs_dir","batch8",8470,0.643564356435644,0.280762026435103,0.869638669749556
"CHAMPS","bfl_mix",0.4,"gibbs_dir","batch8",8471,0.66996699669967,0.273814683467433,0.867179159162414
"CHAMPS","bfl_mix",0.4,"gibbs_dir","batch8",8472,0.643564356435644,0.254495647560296,0.865913503004939
"CHAMPS","bfl_mix",0.4,"gibbs_dir","batch8",8473,0.643564356435644,0.213291085665035,0.856695344204504
"CHAMPS","bfl_mix",0.4,"gibbs_dir","batch8",8474,0.67986798679868,0.243409265434613,0.895119306572034
"CHAMPS","bfl_mix",0.4,"gibbs_dir","batch8",8475,0.600660066006601,0.251671012415794,0.829405038281046
"CHAMPS","bfl_mix",0.4,"gibbs_dir","batch8",8476,0.66996699669967,0.266666050295858,0.879159599746672
"CHAMPS","bfl_mix",0.4,"gibbs_dir","batch8",8477,0.64026402640264,0.22960893451823,0.857493183028134
"CHAMPS","bfl_mix",0.4,"gibbs_dir","batch8",8478,0.666666666666667,0.247103348045691,0.866645890904037
"CHAMPS","bfl_mix",0.4,"gibbs_dir","batch8",8479,0.663366336633663,0.268862434344592,0.886099656957216
"CHAMPS","bfl_mix",0.4,"gibbs_dir","batch8",8480,0.65016501650165,0.227456123816704,0.855889936314097
"CHAMPS","bfl_mix",0.4,"gibbs_dir","batch8",8481,0.636963696369637,0.267204055535258,0.838574206232572
"CHAMPS","bfl_mix",0.4,"gibbs_dir","batch8",8482,0.646864686468647,0.251977536872589,0.858806496037567
"CHAMPS","bfl_mix",0.4,"gibbs_dir","batch8",8483,0.65016501650165,0.273088557465453,0.892786575046191
"CHAMPS","bfl_mix",0.4,"gibbs_dir","batch8",8484,0.610561056105611,0.22250376435159,0.846373303495543
"CHAMPS","bfl_mix",0.4,"gibbs_dir","batch8",8485,0.646864686468647,0.281869434614802,0.872007924842069
"CHAMPS","bfl_mix",0.4,"gibbs_dir","batch8",8486,0.646864686468647,0.263464076246334,0.865210840790925
"CHAMPS","bfl_mix",0.4,"gibbs_dir","batch8",8487,0.656765676567657,0.255994152046784,0.868108134201058
"CHAMPS","bfl_mix",0.4,"gibbs_dir","batch8",8488,0.646864686468647,0.256871665156549,0.864185303694311
"CHAMPS","bfl_mix",0.4,"gibbs_dir","batch8",8489,0.646864686468647,0.235867170754942,0.883624140607394
"CHAMPS","bfl_mix",0.4,"gibbs_dir","batch8",8490,0.66006600660066,0.260950270178994,0.847191003693548
"CHAMPS","bfl_mix",0.4,"gibbs_dir","batch8",8491,0.653465346534653,0.224061230295849,0.874166914249948
"CHAMPS","bfl_mix",0.4,"gibbs_dir","batch8",8492,0.66006600660066,0.303281619679671,0.867828370839922
"CHAMPS","bfl_mix",0.4,"gibbs_dir","batch8",8493,0.646864686468647,0.233677248677249,0.866129626641457
"CHAMPS","bfl_mix",0.4,"gibbs_dir","batch8",8494,0.653465346534653,0.250338659878134,0.874595331969566
"CHAMPS","bfl_mix",0.4,"gibbs_dir","batch8",8495,0.67986798679868,0.289550395256917,0.859332817511355
"CHAMPS","bfl_mix",0.4,"gibbs_dir","batch8",8496,0.653465346534653,0.266633507756406,0.87530358126566
"CHAMPS","bfl_mix",0.4,"gibbs_dir","batch8",8497,0.663366336633663,0.242351145855644,0.857096387060533
"CHAMPS","bfl_mix",0.4,"gibbs_dir","batch8",8498,0.66006600660066,0.253428896287275,0.868112845123748
"CHAMPS","bfl_mix",0.4,"gibbs_dir","batch8",8499,0.66006600660066,0.237211205420013,0.875095489013847
"CHAMPS","bfl_mix",0.4,"gibbs_dir","batch8",8500,0.663366336633663,0.25584970459063,0.873900669268346
"CHAMPS","bfl_partial",0.4,"gibbs_dir","batch8",8001,0.65016501650165,0.234927248677249,0.891564306981773
"CHAMPS","bfl_partial",0.4,"gibbs_dir","batch8",8002,0.623762376237624,0.225284042151512,0.890538672587433
"CHAMPS","bfl_partial",0.4,"gibbs_dir","batch8",8003,0.636963696369637,0.224780753269125,0.898239292053159
"CHAMPS","bfl_partial",0.4,"gibbs_dir","batch8",8004,0.636963696369637,0.250695965898266,0.906071901980055
"CHAMPS","bfl_partial",0.4,"gibbs_dir","batch8",8005,0.617161716171617,0.228188807822871,0.883925414804429
"CHAMPS","bfl_partial",0.4,"gibbs_dir","batch8",8006,0.623762376237624,0.224269069746043,0.890041191348521
"CHAMPS","bfl_partial",0.4,"gibbs_dir","batch8",8007,0.62046204620462,0.23356290051768,0.871188366897499
"CHAMPS","bfl_partial",0.4,"gibbs_dir","batch8",8008,0.607260726072607,0.222321168414918,0.875489036659326
"CHAMPS","bfl_partial",0.4,"gibbs_dir","batch8",8009,0.617161716171617,0.241354332801701,0.871365734343004
"CHAMPS","bfl_partial",0.4,"gibbs_dir","batch8",8010,0.63036303630363,0.233220211600755,0.873221081868138
"CHAMPS","bfl_partial",0.4,"gibbs_dir","batch8",8011,0.600660066006601,0.247045567971565,0.848286966853923
"CHAMPS","bfl_partial",0.4,"gibbs_dir","batch8",8012,0.646864686468647,0.231257755999834,0.900954851509997
"CHAMPS","bfl_partial",0.4,"gibbs_dir","batch8",8013,0.610561056105611,0.220060083594566,0.891192923646367
"CHAMPS","bfl_partial",0.4,"gibbs_dir","batch8",8014,0.643564356435644,0.232159528849807,0.911567917401449
"CHAMPS","bfl_partial",0.4,"gibbs_dir","batch8",8015,0.636963696369637,0.253463914785175,0.870850219046865
"CHAMPS","bfl_partial",0.4,"gibbs_dir","batch8",8016,0.62046204620462,0.22473865877712,0.891720487221273
"CHAMPS","bfl_partial",0.4,"gibbs_dir","batch8",8017,0.63036303630363,0.221238255620953,0.895157954913382
"CHAMPS","bfl_partial",0.4,"gibbs_dir","batch8",8018,0.646864686468647,0.239885830602796,0.887132973970995
"CHAMPS","bfl_partial",0.4,"gibbs_dir","batch8",8019,0.617161716171617,0.221491894630193,0.879691070029145
"CHAMPS","bfl_partial",0.4,"gibbs_dir","batch8",8020,0.65016501650165,0.215427638954633,0.892530594291691
"CHAMPS","bfl_partial",0.4,"gibbs_dir","batch8",8021,0.623762376237624,0.22643838172276,0.897816304726081
"CHAMPS","bfl_partial",0.4,"gibbs_dir","batch8",8022,0.623762376237624,0.240806100217865,0.879867533785147
"CHAMPS","bfl_partial",0.4,"gibbs_dir","batch8",8023,0.594059405940594,0.242139238107679,0.857968559612875
"CHAMPS","bfl_partial",0.4,"gibbs_dir","batch8",8024,0.613861386138614,0.236501637692114,0.876548784229699
"CHAMPS","bfl_partial",0.4,"gibbs_dir","batch8",8025,0.636963696369637,0.225028011204482,0.879958259350117
"CHAMPS","bfl_partial",0.4,"gibbs_dir","batch8",8026,0.63036303630363,0.215134757182812,0.898768311517339
"CHAMPS","bfl_partial",0.4,"gibbs_dir","batch8",8027,0.603960396039604,0.228230145813266,0.885733533385631
"CHAMPS","bfl_partial",0.4,"gibbs_dir","batch8",8028,0.594059405940594,0.24492062284439,0.855064076595386
"CHAMPS","bfl_partial",0.4,"gibbs_dir","batch8",8029,0.62046204620462,0.258333068163191,0.883539172110138
"CHAMPS","bfl_partial",0.4,"gibbs_dir","batch8",8030,0.623762376237624,0.24713321000915,0.881192086857036
"CHAMPS","bfl_partial",0.4,"gibbs_dir","batch8",8031,0.62046204620462,0.203243880452118,0.891293146628351
"CHAMPS","bfl_partial",0.4,"gibbs_dir","batch8",8032,0.607260726072607,0.221808862433862,0.876191730922843
"CHAMPS","bfl_partial",0.4,"gibbs_dir","batch8",8033,0.62046204620462,0.218094046719198,0.882863338276048
"CHAMPS","bfl_partial",0.4,"gibbs_dir","batch8",8034,0.643564356435644,0.265658914728682,0.89708630754116
"CHAMPS","bfl_partial",0.4,"gibbs_dir","batch8",8035,0.613861386138614,0.237136243386243,0.872505670913548
"CHAMPS","bfl_partial",0.4,"gibbs_dir","batch8",8036,0.623762376237624,0.26040409753645,0.893025236333959
"CHAMPS","bfl_partial",0.4,"gibbs_dir","batch8",8037,0.63036303630363,0.229709383753501,0.887014472288635
"CHAMPS","bfl_partial",0.4,"gibbs_dir","batch8",8038,0.613861386138614,0.229590632645525,0.874358416574063
"CHAMPS","bfl_partial",0.4,"gibbs_dir","batch8",8039,0.613861386138614,0.226459557658514,0.87495663810205
"CHAMPS","bfl_partial",0.4,"gibbs_dir","batch8",8040,0.656765676567657,0.233034769463341,0.895441812516296
"CHAMPS","bfl_partial",0.4,"gibbs_dir","batch8",8041,0.633663366336634,0.212429331000135,0.893554266592517
"CHAMPS","bfl_partial",0.4,"gibbs_dir","batch8",8042,0.62046204620462,0.222525183335843,0.901182015379042
"CHAMPS","bfl_partial",0.4,"gibbs_dir","batch8",8043,0.62046204620462,0.249166719024881,0.877990214570217
"CHAMPS","bfl_partial",0.4,"gibbs_dir","batch8",8044,0.643564356435644,0.228996626787094,0.899410068239224
"CHAMPS","bfl_partial",0.4,"gibbs_dir","batch8",8045,0.63036303630363,0.249661038114428,0.88876458999521
"CHAMPS","bfl_partial",0.4,"gibbs_dir","batch8",8046,0.636963696369637,0.231391543239369,0.891593782778186
"CHAMPS","bfl_partial",0.4,"gibbs_dir","batch8",8047,0.643564356435644,0.207018653806363,0.896138310106054
"CHAMPS","bfl_partial",0.4,"gibbs_dir","batch8",8048,0.64026402640264,0.229602713178295,0.872598711255604
"CHAMPS","bfl_partial",0.4,"gibbs_dir","batch8",8049,0.613861386138614,0.205247505360383,0.90084484768043
"CHAMPS","bfl_partial",0.4,"gibbs_dir","batch8",8050,0.633663366336634,0.231793822180035,0.886248934892876
"CHAMPS","bfl_partial",0.4,"gibbs_dir","batch8",8051,0.633663366336634,0.233460993092889,0.893116900221349
"CHAMPS","bfl_partial",0.4,"gibbs_dir","batch8",8052,0.62046204620462,0.261639732176326,0.869073991505299
"CHAMPS","bfl_partial",0.4,"gibbs_dir","batch8",8053,0.594059405940594,0.252256580784807,0.868386634662785
"CHAMPS","bfl_partial",0.4,"gibbs_dir","batch8",8054,0.62046204620462,0.210674934286937,0.88772437140314
"CHAMPS","bfl_partial",0.4,"gibbs_dir","batch8",8055,0.627062706270627,0.254360545630799,0.886529088528582
"CHAMPS","bfl_partial",0.4,"gibbs_dir","batch8",8056,0.600660066006601,0.231868974583699,0.865829367272708
"CHAMPS","bfl_partial",0.4,"gibbs_dir","batch8",8057,0.627062706270627,0.233075571848627,0.883131014215408
"CHAMPS","bfl_partial",0.4,"gibbs_dir","batch8",8058,0.643564356435644,0.229273705096074,0.885578735693468
"CHAMPS","bfl_partial",0.4,"gibbs_dir","batch8",8059,0.610561056105611,0.198696273238956,0.878258061276897
"CHAMPS","bfl_partial",0.4,"gibbs_dir","batch8",8060,0.607260726072607,0.221719467904284,0.864904541609253
"CHAMPS","bfl_partial",0.4,"gibbs_dir","batch8",8061,0.62046204620462,0.196747661328682,0.896698421919194
"CHAMPS","bfl_partial",0.4,"gibbs_dir","batch8",8062,0.636963696369637,0.234400553150553,0.884416653932084
"CHAMPS","bfl_partial",0.4,"gibbs_dir","batch8",8063,0.63036303630363,0.268205120944398,0.875385950254139
"CHAMPS","bfl_partial",0.4,"gibbs_dir","batch8",8064,0.63036303630363,0.251535870927318,0.905485731878499
"CHAMPS","bfl_partial",0.4,"gibbs_dir","batch8",8065,0.64026402640264,0.245428887754722,0.889825038916313
"CHAMPS","bfl_partial",0.4,"gibbs_dir","batch8",8066,0.656765676567657,0.227753623188406,0.895559045798765
"CHAMPS","bfl_partial",0.4,"gibbs_dir","batch8",8067,0.627062706270627,0.205910022054799,0.886664179434489
"CHAMPS","bfl_partial",0.4,"gibbs_dir","batch8",8068,0.64026402640264,0.227528000043369,0.905394561931802
"CHAMPS","bfl_partial",0.4,"gibbs_dir","batch8",8069,0.656765676567657,0.269846006483938,0.892473361490588
"CHAMPS","bfl_partial",0.4,"gibbs_dir","batch8",8070,0.623762376237624,0.248838185890258,0.879396335617675
"CHAMPS","bfl_partial",0.4,"gibbs_dir","batch8",8071,0.63036303630363,0.211706570649943,0.900083887512294
"CHAMPS","bfl_partial",0.4,"gibbs_dir","batch8",8072,0.617161716171617,0.199020277967646,0.887994574844402
"CHAMPS","bfl_partial",0.4,"gibbs_dir","batch8",8073,0.610561056105611,0.242077835150124,0.885802059072045
"CHAMPS","bfl_partial",0.4,"gibbs_dir","batch8",8074,0.65016501650165,0.211573631365049,0.884417625095076
"CHAMPS","bfl_partial",0.4,"gibbs_dir","batch8",8075,0.643564356435644,0.203352837608918,0.908034297022776
"CHAMPS","bfl_partial",0.4,"gibbs_dir","batch8",8076,0.623762376237624,0.251483335651045,0.882259959946014
"CHAMPS","bfl_partial",0.4,"gibbs_dir","batch8",8077,0.594059405940594,0.1913412028922,0.876516996195472
"CHAMPS","bfl_partial",0.4,"gibbs_dir","batch8",8078,0.623762376237624,0.227907107512371,0.891312211888456
"CHAMPS","bfl_partial",0.4,"gibbs_dir","batch8",8079,0.613861386138614,0.229937368943825,0.87574501540714
"CHAMPS","bfl_partial",0.4,"gibbs_dir","batch8",8080,0.62046204620462,0.217427985702271,0.880061950324182
"CHAMPS","bfl_partial",0.4,"gibbs_dir","batch8",8081,0.617161716171617,0.232066426277256,0.880085548243299
"CHAMPS","bfl_partial",0.4,"gibbs_dir","batch8",8082,0.633663366336634,0.198029249152845,0.899719920748729
"CHAMPS","bfl_partial",0.4,"gibbs_dir","batch8",8083,0.607260726072607,0.197012313961729,0.87777259795552
"CHAMPS","bfl_partial",0.4,"gibbs_dir","batch8",8084,0.673267326732673,0.252618034139773,0.901047062817034
"CHAMPS","bfl_partial",0.4,"gibbs_dir","batch8",8085,0.63036303630363,0.235377098816405,0.880525806619941
"CHAMPS","bfl_partial",0.4,"gibbs_dir","batch8",8086,0.610561056105611,0.21847137243522,0.86683287702269
"CHAMPS","bfl_partial",0.4,"gibbs_dir","batch8",8087,0.666666666666667,0.266891664711862,0.902515358544829
"CHAMPS","bfl_partial",0.4,"gibbs_dir","batch8",8088,0.643564356435644,0.197269708454551,0.902602724569086
"CHAMPS","bfl_partial",0.4,"gibbs_dir","batch8",8089,0.636963696369637,0.253190734288295,0.884393252485497
"CHAMPS","bfl_partial",0.4,"gibbs_dir","batch8",8090,0.64026402640264,0.212754673800995,0.894770171187064
"CHAMPS","bfl_partial",0.4,"gibbs_dir","batch8",8091,0.617161716171617,0.226859868683825,0.882636829799497
"CHAMPS","bfl_partial",0.4,"gibbs_dir","batch8",8092,0.64026402640264,0.253758702955353,0.883685895822476
"CHAMPS","bfl_partial",0.4,"gibbs_dir","batch8",8093,0.64026402640264,0.214881910896404,0.877180897616137
"CHAMPS","bfl_partial",0.4,"gibbs_dir","batch8",8094,0.617161716171617,0.255397485080989,0.868504223373557
"CHAMPS","bfl_partial",0.4,"gibbs_dir","batch8",8095,0.623762376237624,0.220419562055591,0.878256169120962
"CHAMPS","bfl_partial",0.4,"gibbs_dir","batch8",8096,0.636963696369637,0.213363530364006,0.90278835355671
"CHAMPS","bfl_partial",0.4,"gibbs_dir","batch8",8097,0.633663366336634,0.267637232399502,0.882375731021966
"CHAMPS","bfl_partial",0.4,"gibbs_dir","batch8",8098,0.607260726072607,0.255014419118097,0.858645277718131
"CHAMPS","bfl_partial",0.4,"gibbs_dir","batch8",8099,0.623762376237624,0.26040354439094,0.878884532688624
"CHAMPS","bfl_partial",0.4,"gibbs_dir","batch8",8100,0.627062706270627,0.261997774697557,0.879711964117641
"CHAMPS","bfl_partial",0.4,"gibbs_dir","batch8",8101,0.610561056105611,0.24792202766274,0.878473461833314
"CHAMPS","bfl_partial",0.4,"gibbs_dir","batch8",8102,0.646864686468647,0.259743420258169,0.883233103814801
"CHAMPS","bfl_partial",0.4,"gibbs_dir","batch8",8103,0.643564356435644,0.241728054020872,0.898084805883449
"CHAMPS","bfl_partial",0.4,"gibbs_dir","batch8",8104,0.643564356435644,0.26051507875133,0.898109749608558
"CHAMPS","bfl_partial",0.4,"gibbs_dir","batch8",8105,0.646864686468647,0.214426828516706,0.895826000318761
"CHAMPS","bfl_partial",0.4,"gibbs_dir","batch8",8106,0.617161716171617,0.230266336130181,0.902118689512381
"CHAMPS","bfl_partial",0.4,"gibbs_dir","batch8",8107,0.636963696369637,0.200739267118577,0.897133612952051
"CHAMPS","bfl_partial",0.4,"gibbs_dir","batch8",8108,0.623762376237624,0.219831307711989,0.88418488720521
"CHAMPS","bfl_partial",0.4,"gibbs_dir","batch8",8109,0.64026402640264,0.235621787900113,0.896876450750956
"CHAMPS","bfl_partial",0.4,"gibbs_dir","batch8",8110,0.610561056105611,0.225777974941833,0.883358721313139
"CHAMPS","bfl_partial",0.4,"gibbs_dir","batch8",8111,0.66996699669967,0.261304284218942,0.895354362116194
"CHAMPS","bfl_partial",0.4,"gibbs_dir","batch8",8112,0.617161716171617,0.232138980651251,0.867645424708988
"CHAMPS","bfl_partial",0.4,"gibbs_dir","batch8",8113,0.646864686468647,0.241093541010485,0.896814723614543
"CHAMPS","bfl_partial",0.4,"gibbs_dir","batch8",8114,0.63036303630363,0.196728691476591,0.88228812838048
"CHAMPS","bfl_partial",0.4,"gibbs_dir","batch8",8115,0.627062706270627,0.222881649697292,0.897349859293986
"CHAMPS","bfl_partial",0.4,"gibbs_dir","batch8",8116,0.623762376237624,0.245139782179916,0.87225219694469
"CHAMPS","bfl_partial",0.4,"gibbs_dir","batch8",8117,0.627062706270627,0.241375152625153,0.883323104755439
"CHAMPS","bfl_partial",0.4,"gibbs_dir","batch8",8118,0.613861386138614,0.23111797070077,0.880461815318356
"CHAMPS","bfl_partial",0.4,"gibbs_dir","batch8",8119,0.653465346534653,0.240081168831169,0.888896624601436
"CHAMPS","bfl_partial",0.4,"gibbs_dir","batch8",8120,0.63036303630363,0.249025795289214,0.880397338932286
"CHAMPS","bfl_partial",0.4,"gibbs_dir","batch8",8121,0.610561056105611,0.222502676534935,0.851903779419846
"CHAMPS","bfl_partial",0.4,"gibbs_dir","batch8",8122,0.600660066006601,0.216612833763997,0.897194263052592
"CHAMPS","bfl_partial",0.4,"gibbs_dir","batch8",8123,0.617161716171617,0.206928488178488,0.891355387358962
"CHAMPS","bfl_partial",0.4,"gibbs_dir","batch8",8124,0.617161716171617,0.238089260094282,0.879118267514987
"CHAMPS","bfl_partial",0.4,"gibbs_dir","batch8",8125,0.633663366336634,0.227371448456563,0.897053275983527
"CHAMPS","bfl_partial",0.4,"gibbs_dir","batch8",8126,0.62046204620462,0.208367071524966,0.889451155261984
"CHAMPS","bfl_partial",0.4,"gibbs_dir","batch8",8127,0.646864686468647,0.241228617214349,0.8964049183323
"CHAMPS","bfl_partial",0.4,"gibbs_dir","batch8",8128,0.65016501650165,0.255942920985826,0.865258954116821
"CHAMPS","bfl_partial",0.4,"gibbs_dir","batch8",8129,0.676567656765677,0.23952261084614,0.916995717481274
"CHAMPS","bfl_partial",0.4,"gibbs_dir","batch8",8130,0.607260726072607,0.21065983382702,0.877350599236728
"CHAMPS","bfl_partial",0.4,"gibbs_dir","batch8",8131,0.627062706270627,0.223312834825993,0.901174266400922
"CHAMPS","bfl_partial",0.4,"gibbs_dir","batch8",8132,0.64026402640264,0.230983902181562,0.893449242669063
"CHAMPS","bfl_partial",0.4,"gibbs_dir","batch8",8133,0.65016501650165,0.22941437444543,0.91042411505249
"CHAMPS","bfl_partial",0.4,"gibbs_dir","batch8",8134,0.656765676567657,0.239173207744636,0.893113963851564
"CHAMPS","bfl_partial",0.4,"gibbs_dir","batch8",8135,0.636963696369637,0.245501704461242,0.879418131281963
"CHAMPS","bfl_partial",0.4,"gibbs_dir","batch8",8136,0.663366336633663,0.236592261904762,0.896365849875015
"CHAMPS","bfl_partial",0.4,"gibbs_dir","batch8",8137,0.623762376237624,0.192151475233639,0.883377405885751
"CHAMPS","bfl_partial",0.4,"gibbs_dir","batch8",8138,0.613861386138614,0.217713401149934,0.892902857697252
"CHAMPS","bfl_partial",0.4,"gibbs_dir","batch8",8139,0.617161716171617,0.222441520467836,0.877918898170048
"CHAMPS","bfl_partial",0.4,"gibbs_dir","batch8",8140,0.66006600660066,0.226799411767424,0.900981296391067
"CHAMPS","bfl_partial",0.4,"gibbs_dir","batch8",8141,0.63036303630363,0.230758240297714,0.887538048103795
"CHAMPS","bfl_partial",0.4,"gibbs_dir","batch8",8142,0.610561056105611,0.221800595238095,0.880553924103676
"CHAMPS","bfl_partial",0.4,"gibbs_dir","batch8",8143,0.636963696369637,0.234960178710179,0.887080840050795
"CHAMPS","bfl_partial",0.4,"gibbs_dir","batch8",8144,0.62046204620462,0.224057395905222,0.877277902316354
"CHAMPS","bfl_partial",0.4,"gibbs_dir","batch8",8145,0.610561056105611,0.22461038961039,0.86561979752608
"CHAMPS","bfl_partial",0.4,"gibbs_dir","batch8",8146,0.636963696369637,0.229540715866835,0.884761282762622
"CHAMPS","bfl_partial",0.4,"gibbs_dir","batch8",8147,0.607260726072607,0.202106808947843,0.874036644571643
"CHAMPS","bfl_partial",0.4,"gibbs_dir","batch8",8148,0.587458745874587,0.236906243343535,0.877091980694795
"CHAMPS","bfl_partial",0.4,"gibbs_dir","batch8",8149,0.65016501650165,0.222867063492064,0.911234801139904
"CHAMPS","bfl_partial",0.4,"gibbs_dir","batch8",8150,0.636963696369637,0.232830689136851,0.876492137404446
"CHAMPS","bfl_partial",0.4,"gibbs_dir","batch8",8151,0.594059405940594,0.203463855421687,0.868244792771782
"CHAMPS","bfl_partial",0.4,"gibbs_dir","batch8",8152,0.613861386138614,0.239265775041688,0.874204117320095
"CHAMPS","bfl_partial",0.4,"gibbs_dir","batch8",8153,0.646864686468647,0.240872893862993,0.892988696915256
"CHAMPS","bfl_partial",0.4,"gibbs_dir","batch8",8154,0.610561056105611,0.232125619463436,0.8691051013863
"CHAMPS","bfl_partial",0.4,"gibbs_dir","batch8",8155,0.610561056105611,0.250451097318567,0.878448010172618
"CHAMPS","bfl_partial",0.4,"gibbs_dir","batch8",8156,0.623762376237624,0.239807420850978,0.886948810788873
"CHAMPS","bfl_partial",0.4,"gibbs_dir","batch8",8157,0.607260726072607,0.224928421454476,0.870159629707482
"CHAMPS","bfl_partial",0.4,"gibbs_dir","batch8",8158,0.623762376237624,0.254243966817496,0.886673708513089
"CHAMPS","bfl_partial",0.4,"gibbs_dir","batch8",8159,0.577557755775578,0.199267102770803,0.876993274022932
"CHAMPS","bfl_partial",0.4,"gibbs_dir","batch8",8160,0.646864686468647,0.236710949840551,0.888454837960777
"CHAMPS","bfl_partial",0.4,"gibbs_dir","batch8",8161,0.623762376237624,0.263927201315309,0.888487610669887
"CHAMPS","bfl_partial",0.4,"gibbs_dir","batch8",8162,0.610561056105611,0.231806635869494,0.895167013751512
"CHAMPS","bfl_partial",0.4,"gibbs_dir","batch8",8163,0.633663366336634,0.24234063538206,0.884547586171695
"CHAMPS","bfl_partial",0.4,"gibbs_dir","batch8",8164,0.633663366336634,0.236699105415861,0.891983617346546
"CHAMPS","bfl_partial",0.4,"gibbs_dir","batch8",8165,0.617161716171617,0.223518124457431,0.882261355290828
"CHAMPS","bfl_partial",0.4,"gibbs_dir","batch8",8166,0.646864686468647,0.237586206896552,0.887103732567288
"CHAMPS","bfl_partial",0.4,"gibbs_dir","batch8",8167,0.613861386138614,0.235287930668365,0.87955588813885
"CHAMPS","bfl_partial",0.4,"gibbs_dir","batch8",8168,0.627062706270627,0.259111286225204,0.879283747266623
"CHAMPS","bfl_partial",0.4,"gibbs_dir","batch8",8169,0.617161716171617,0.248557054400708,0.880506625953175
"CHAMPS","bfl_partial",0.4,"gibbs_dir","batch8",8170,0.597359735973597,0.215609779543707,0.881825449355321
"CHAMPS","bfl_partial",0.4,"gibbs_dir","batch8",8171,0.62046204620462,0.24929718875502,0.868516873976896
"CHAMPS","bfl_partial",0.4,"gibbs_dir","batch8",8172,0.610561056105611,0.2531941266209,0.865934235211254
"CHAMPS","bfl_partial",0.4,"gibbs_dir","batch8",8173,0.643564356435644,0.232210550887021,0.895954111438735
"CHAMPS","bfl_partial",0.4,"gibbs_dir","batch8",8174,0.627062706270627,0.223008551406449,0.893686838423023
"CHAMPS","bfl_partial",0.4,"gibbs_dir","batch8",8175,0.66006600660066,0.234212867419127,0.897552880656709
"CHAMPS","bfl_partial",0.4,"gibbs_dir","batch8",8176,0.64026402640264,0.209095890251429,0.889317060669193
"CHAMPS","bfl_partial",0.4,"gibbs_dir","batch8",8177,0.62046204620462,0.228712867664992,0.884390021699958
"CHAMPS","bfl_partial",0.4,"gibbs_dir","batch8",8178,0.633663366336634,0.19662210982659,0.882615455895989
"CHAMPS","bfl_partial",0.4,"gibbs_dir","batch8",8179,0.610561056105611,0.240653557149996,0.871912359227317
"CHAMPS","bfl_partial",0.4,"gibbs_dir","batch8",8180,0.590759075907591,0.190961438923395,0.878665873176931
"CHAMPS","bfl_partial",0.4,"gibbs_dir","batch8",8181,0.633663366336634,0.255788225645414,0.879871043483895
"CHAMPS","bfl_partial",0.4,"gibbs_dir","batch8",8182,0.633663366336634,0.245880325814536,0.901695342996248
"CHAMPS","bfl_partial",0.4,"gibbs_dir","batch8",8183,0.63036303630363,0.255665060213115,0.889331880294185
"CHAMPS","bfl_partial",0.4,"gibbs_dir","batch8",8184,0.656765676567657,0.234696433834365,0.890056021312875
"CHAMPS","bfl_partial",0.4,"gibbs_dir","batch8",8185,0.627062706270627,0.198034465724274,0.884916626311128
"CHAMPS","bfl_partial",0.4,"gibbs_dir","batch8",8186,0.627062706270627,0.216785978157615,0.887267592703379
"CHAMPS","bfl_partial",0.4,"gibbs_dir","batch8",8187,0.627062706270627,0.239706457408582,0.886856662014787
"CHAMPS","bfl_partial",0.4,"gibbs_dir","batch8",8188,0.623762376237624,0.250590923416325,0.868437177956093
"CHAMPS","bfl_partial",0.4,"gibbs_dir","batch8",8189,0.610561056105611,0.193002730802132,0.88040611939494
"CHAMPS","bfl_partial",0.4,"gibbs_dir","batch8",8190,0.613861386138614,0.211758961673648,0.881616279458963
"CHAMPS","bfl_partial",0.4,"gibbs_dir","batch8",8191,0.597359735973597,0.249590805934545,0.873682277316963
"CHAMPS","bfl_partial",0.4,"gibbs_dir","batch8",8192,0.64026402640264,0.23214755757199,0.88951101482887
"CHAMPS","bfl_partial",0.4,"gibbs_dir","batch8",8193,0.64026402640264,0.228200868898543,0.89439312236746
"CHAMPS","bfl_partial",0.4,"gibbs_dir","batch8",8194,0.65016501650165,0.259749567498186,0.922509031436887
"CHAMPS","bfl_partial",0.4,"gibbs_dir","batch8",8195,0.627062706270627,0.253814231143624,0.88784378678772
"CHAMPS","bfl_partial",0.4,"gibbs_dir","batch8",8196,0.627062706270627,0.237062895333572,0.907029914510464
"CHAMPS","bfl_partial",0.4,"gibbs_dir","batch8",8197,0.613861386138614,0.239964403875694,0.849119538964963
"CHAMPS","bfl_partial",0.4,"gibbs_dir","batch8",8198,0.63036303630363,0.204573443412453,0.880421275851044
"CHAMPS","bfl_partial",0.4,"gibbs_dir","batch8",8199,0.607260726072607,0.228080503833516,0.871603386005331
"CHAMPS","bfl_partial",0.4,"gibbs_dir","batch8",8200,0.62046204620462,0.195887271418054,0.884433613556931
"CHAMPS","bfl_partial",0.4,"gibbs_dir","batch8",8201,0.623762376237624,0.257138318670577,0.868973630648404
"CHAMPS","bfl_partial",0.4,"gibbs_dir","batch8",8202,0.627062706270627,0.241425264202282,0.881560258749608
"CHAMPS","bfl_partial",0.4,"gibbs_dir","batch8",8203,0.603960396039604,0.197598323662153,0.881182951821869
"CHAMPS","bfl_partial",0.4,"gibbs_dir","batch8",8204,0.597359735973597,0.190361726786646,0.882222730043424
"CHAMPS","bfl_partial",0.4,"gibbs_dir","batch8",8205,0.63036303630363,0.260849159898073,0.883483693502041
"CHAMPS","bfl_partial",0.4,"gibbs_dir","batch8",8206,0.617161716171617,0.246942000353035,0.872326101656453
"CHAMPS","bfl_partial",0.4,"gibbs_dir","batch8",8207,0.653465346534653,0.230997944858142,0.908457322522498
"CHAMPS","bfl_partial",0.4,"gibbs_dir","batch8",8208,0.610561056105611,0.225603070175439,0.883725520458582
"CHAMPS","bfl_partial",0.4,"gibbs_dir","batch8",8209,0.643564356435644,0.258638620044474,0.876367243370546
"CHAMPS","bfl_partial",0.4,"gibbs_dir","batch8",8210,0.643564356435644,0.227998606141021,0.904516559007006
"CHAMPS","bfl_partial",0.4,"gibbs_dir","batch8",8211,0.636963696369637,0.202789634146341,0.880321283894856
"CHAMPS","bfl_partial",0.4,"gibbs_dir","batch8",8212,0.613861386138614,0.248513137422479,0.870849244470887
"CHAMPS","bfl_partial",0.4,"gibbs_dir","batch8",8213,0.63036303630363,0.233896935967369,0.883982900115048
"CHAMPS","bfl_partial",0.4,"gibbs_dir","batch8",8214,0.643564356435644,0.232985077865397,0.898026822935428
"CHAMPS","bfl_partial",0.4,"gibbs_dir","batch8",8215,0.62046204620462,0.239282659171453,0.89660600476835
"CHAMPS","bfl_partial",0.4,"gibbs_dir","batch8",8216,0.613861386138614,0.222938504542278,0.8575012477783
"CHAMPS","bfl_partial",0.4,"gibbs_dir","batch8",8217,0.653465346534653,0.259246288314176,0.882301885307073
"CHAMPS","bfl_partial",0.4,"gibbs_dir","batch8",8218,0.653465346534653,0.244197415361011,0.895920884256224
"CHAMPS","bfl_partial",0.4,"gibbs_dir","batch8",8219,0.610561056105611,0.221116237906205,0.875814032843215
"CHAMPS","bfl_partial",0.4,"gibbs_dir","batch8",8220,0.633663366336634,0.22942200750771,0.894947832354253
"CHAMPS","bfl_partial",0.4,"gibbs_dir","batch8",8221,0.636963696369637,0.229877741077163,0.878051233502303
"CHAMPS","bfl_partial",0.4,"gibbs_dir","batch8",8222,0.633663366336634,0.240060083594566,0.874521111821526
"CHAMPS","bfl_partial",0.4,"gibbs_dir","batch8",8223,0.633663366336634,0.262634562596969,0.885756092947511
"CHAMPS","bfl_partial",0.4,"gibbs_dir","batch8",8224,0.656765676567657,0.246973439773854,0.901460805986129
"CHAMPS","bfl_partial",0.4,"gibbs_dir","batch8",8225,0.627062706270627,0.227843118505769,0.888714852818924
"CHAMPS","bfl_partial",0.4,"gibbs_dir","batch8",8226,0.653465346534653,0.258985741189131,0.899887129478851
"CHAMPS","bfl_partial",0.4,"gibbs_dir","batch8",8227,0.623762376237624,0.225279180821265,0.875914767705854
"CHAMPS","bfl_partial",0.4,"gibbs_dir","batch8",8228,0.64026402640264,0.214018775174899,0.900951051169017
"CHAMPS","bfl_partial",0.4,"gibbs_dir","batch8",8229,0.597359735973597,0.225932317912809,0.867776083024698
"CHAMPS","bfl_partial",0.4,"gibbs_dir","batch8",8230,0.653465346534653,0.247326685423407,0.881463301121208
"CHAMPS","bfl_partial",0.4,"gibbs_dir","batch8",8231,0.607260726072607,0.226923136419486,0.874755969673744
"CHAMPS","bfl_partial",0.4,"gibbs_dir","batch8",8232,0.643564356435644,0.25030661775604,0.881104195151035
"CHAMPS","bfl_partial",0.4,"gibbs_dir","batch8",8233,0.62046204620462,0.198833376986206,0.864700338592014
"CHAMPS","bfl_partial",0.4,"gibbs_dir","batch8",8234,0.627062706270627,0.249266467065868,0.88712708358029
"CHAMPS","bfl_partial",0.4,"gibbs_dir","batch8",8235,0.617161716171617,0.196340155945419,0.883809220273991
"CHAMPS","bfl_partial",0.4,"gibbs_dir","batch8",8236,0.653465346534653,0.269047786779382,0.893743949100636
"CHAMPS","bfl_partial",0.4,"gibbs_dir","batch8",8237,0.643564356435644,0.214370790310097,0.891100112732757
"CHAMPS","bfl_partial",0.4,"gibbs_dir","batch8",8238,0.636963696369637,0.256146449248583,0.889845750804647
"CHAMPS","bfl_partial",0.4,"gibbs_dir","batch8",8239,0.594059405940594,0.227062532002048,0.863666240659454
"CHAMPS","bfl_partial",0.4,"gibbs_dir","batch8",8240,0.623762376237624,0.204826811893454,0.888341930999628
"CHAMPS","bfl_partial",0.4,"gibbs_dir","batch8",8241,0.636963696369637,0.256277015001271,0.88352443126022
"CHAMPS","bfl_partial",0.4,"gibbs_dir","batch8",8242,0.636963696369637,0.258200012675648,0.903414912287421
"CHAMPS","bfl_partial",0.4,"gibbs_dir","batch8",8243,0.643564356435644,0.256410840932118,0.894473197067414
"CHAMPS","bfl_partial",0.4,"gibbs_dir","batch8",8244,0.636963696369637,0.218991186900292,0.893577219216859
"CHAMPS","bfl_partial",0.4,"gibbs_dir","batch8",8245,0.636963696369637,0.198708576998051,0.885210165880102
"CHAMPS","bfl_partial",0.4,"gibbs_dir","batch8",8246,0.627062706270627,0.246931158229235,0.875276731892979
"CHAMPS","bfl_partial",0.4,"gibbs_dir","batch8",8247,0.633663366336634,0.249625847245599,0.891865998789941
"CHAMPS","bfl_partial",0.4,"gibbs_dir","batch8",8248,0.646864686468647,0.234836093857833,0.885742565123183
"CHAMPS","bfl_partial",0.4,"gibbs_dir","batch8",8249,0.617161716171617,0.227900326797386,0.880022667540245
"CHAMPS","bfl_partial",0.4,"gibbs_dir","batch8",8250,0.62046204620462,0.228747038066878,0.890321503518396
"CHAMPS","bfl_partial",0.4,"gibbs_dir","batch8",8251,0.62046204620462,0.234627022983816,0.874124965353425
"CHAMPS","bfl_partial",0.4,"gibbs_dir","batch8",8252,0.623762376237624,0.197311705989111,0.879763695100001
"CHAMPS","bfl_partial",0.4,"gibbs_dir","batch8",8253,0.646864686468647,0.225230298347795,0.901016801028071
"CHAMPS","bfl_partial",0.4,"gibbs_dir","batch8",8254,0.636963696369637,0.215288857718945,0.903152681527023
"CHAMPS","bfl_partial",0.4,"gibbs_dir","batch8",8255,0.610561056105611,0.232405956112853,0.881527876943338
"CHAMPS","bfl_partial",0.4,"gibbs_dir","batch8",8256,0.633663366336634,0.253799819904471,0.896458049923357
"CHAMPS","bfl_partial",0.4,"gibbs_dir","batch8",8257,0.603960396039604,0.236370614035088,0.877325687744212
"CHAMPS","bfl_partial",0.4,"gibbs_dir","batch8",8258,0.607260726072607,0.214909583007897,0.86788915210688
"CHAMPS","bfl_partial",0.4,"gibbs_dir","batch8",8259,0.62046204620462,0.236784025223332,0.874089103643694
"CHAMPS","bfl_partial",0.4,"gibbs_dir","batch8",8260,0.613861386138614,0.231252755731922,0.865499529067758
"CHAMPS","bfl_partial",0.4,"gibbs_dir","batch8",8261,0.600660066006601,0.206441484119052,0.880337946493967
"CHAMPS","bfl_partial",0.4,"gibbs_dir","batch8",8262,0.636963696369637,0.230252801411119,0.882593880888901
"CHAMPS","bfl_partial",0.4,"gibbs_dir","batch8",8263,0.643564356435644,0.19559323286052,0.90236059792653
"CHAMPS","bfl_partial",0.4,"gibbs_dir","batch8",8264,0.64026402640264,0.221013722517993,0.907154129593966
"CHAMPS","bfl_partial",0.4,"gibbs_dir","batch8",8265,0.636963696369637,0.199234736867447,0.870777150469624
"CHAMPS","bfl_partial",0.4,"gibbs_dir","batch8",8266,0.64026402640264,0.233632092683817,0.893616022620723
"CHAMPS","bfl_partial",0.4,"gibbs_dir","batch8",8267,0.62046204620462,0.228970880310166,0.873498444226343
"CHAMPS","bfl_partial",0.4,"gibbs_dir","batch8",8268,0.623762376237624,0.226847772451713,0.881798350786114
"CHAMPS","bfl_partial",0.4,"gibbs_dir","batch8",8269,0.627062706270627,0.219258669376842,0.904050983173358
"CHAMPS","bfl_partial",0.4,"gibbs_dir","batch8",8270,0.623762376237624,0.226003503811163,0.86803315936569
"CHAMPS","bfl_partial",0.4,"gibbs_dir","batch8",8271,0.617161716171617,0.201722761411564,0.878105406479749
"CHAMPS","bfl_partial",0.4,"gibbs_dir","batch8",8272,0.617161716171617,0.210121891707312,0.882197500633617
"CHAMPS","bfl_partial",0.4,"gibbs_dir","batch8",8273,0.617161716171617,0.228630575814966,0.885990948329743
"CHAMPS","bfl_partial",0.4,"gibbs_dir","batch8",8274,0.64026402640264,0.256369393687708,0.87730590244389
"CHAMPS","bfl_partial",0.4,"gibbs_dir","batch8",8275,0.627062706270627,0.233198817881478,0.873304657327407
"CHAMPS","bfl_partial",0.4,"gibbs_dir","batch8",8276,0.610561056105611,0.209122696635714,0.88964386290508
"CHAMPS","bfl_partial",0.4,"gibbs_dir","batch8",8277,0.633663366336634,0.27246798410766,0.860944285397097
"CHAMPS","bfl_partial",0.4,"gibbs_dir","batch8",8278,0.607260726072607,0.196759259259259,0.882183506560405
"CHAMPS","bfl_partial",0.4,"gibbs_dir","batch8",8279,0.64026402640264,0.218843703148426,0.89723765376137
"CHAMPS","bfl_partial",0.4,"gibbs_dir","batch8",8280,0.590759075907591,0.183023952095808,0.880893990212261
"CHAMPS","bfl_partial",0.4,"gibbs_dir","batch8",8281,0.597359735973597,0.205126928820309,0.862594532186419
"CHAMPS","bfl_partial",0.4,"gibbs_dir","batch8",8282,0.613861386138614,0.260579819277108,0.876487822990007
"CHAMPS","bfl_partial",0.4,"gibbs_dir","batch8",8283,0.610561056105611,0.199820718826751,0.892618988228661
"CHAMPS","bfl_partial",0.4,"gibbs_dir","batch8",8284,0.656765676567657,0.233270226695329,0.89209828398085
"CHAMPS","bfl_partial",0.4,"gibbs_dir","batch8",8285,0.62046204620462,0.225757575757576,0.868051135293543
"CHAMPS","bfl_partial",0.4,"gibbs_dir","batch8",8286,0.65016501650165,0.265434460233139,0.873797753312092
"CHAMPS","bfl_partial",0.4,"gibbs_dir","batch8",8287,0.62046204620462,0.256964115248223,0.868512055700192
"CHAMPS","bfl_partial",0.4,"gibbs_dir","batch8",8288,0.646864686468647,0.228323617077233,0.9148592407301
"CHAMPS","bfl_partial",0.4,"gibbs_dir","batch8",8289,0.666666666666667,0.23701874130209,0.90561273016398
"CHAMPS","bfl_partial",0.4,"gibbs_dir","batch8",8290,0.636963696369637,0.260941356051971,0.873188132983182
"CHAMPS","bfl_partial",0.4,"gibbs_dir","batch8",8291,0.63036303630363,0.247382518796992,0.872853699862489
"CHAMPS","bfl_partial",0.4,"gibbs_dir","batch8",8292,0.63036303630363,0.245733752037943,0.889594166593162
"CHAMPS","bfl_partial",0.4,"gibbs_dir","batch8",8293,0.663366336633663,0.23963665210154,0.887943835927992
"CHAMPS","bfl_partial",0.4,"gibbs_dir","batch8",8294,0.580858085808581,0.209367724000428,0.866476151793393
"CHAMPS","bfl_partial",0.4,"gibbs_dir","batch8",8295,0.636963696369637,0.22976911976912,0.88865822142592
"CHAMPS","bfl_partial",0.4,"gibbs_dir","batch8",8296,0.62046204620462,0.227002265868581,0.868870279234765
"CHAMPS","bfl_partial",0.4,"gibbs_dir","batch8",8297,0.63036303630363,0.226585017531882,0.880694658356253
"CHAMPS","bfl_partial",0.4,"gibbs_dir","batch8",8298,0.623762376237624,0.234887946238521,0.87335348973822
"CHAMPS","bfl_partial",0.4,"gibbs_dir","batch8",8299,0.653465346534653,0.232892953929539,0.889216972641248
"CHAMPS","bfl_partial",0.4,"gibbs_dir","batch8",8300,0.600660066006601,0.200961538461538,0.882150381090694
"CHAMPS","bfl_partial",0.4,"gibbs_dir","batch8",8301,0.64026402640264,0.204571925060415,0.896159927968357
"CHAMPS","bfl_partial",0.4,"gibbs_dir","batch8",8302,0.633663366336634,0.235848029746341,0.890180421027513
"CHAMPS","bfl_partial",0.4,"gibbs_dir","batch8",8303,0.603960396039604,0.229580099778271,0.866248420952967
"CHAMPS","bfl_partial",0.4,"gibbs_dir","batch8",8304,0.627062706270627,0.237870875506279,0.868853573824679
"CHAMPS","bfl_partial",0.4,"gibbs_dir","batch8",8305,0.646864686468647,0.234581131971634,0.888969233277881
"CHAMPS","bfl_partial",0.4,"gibbs_dir","batch8",8306,0.63036303630363,0.224616680262244,0.911172925793211
"CHAMPS","bfl_partial",0.4,"gibbs_dir","batch8",8307,0.633663366336634,0.236826836272649,0.867522190451615
"CHAMPS","bfl_partial",0.4,"gibbs_dir","batch8",8308,0.65016501650165,0.262745098039216,0.886628061262528
"CHAMPS","bfl_partial",0.4,"gibbs_dir","batch8",8309,0.656765676567657,0.244008975200926,0.8890304572683
"CHAMPS","bfl_partial",0.4,"gibbs_dir","batch8",8310,0.636963696369637,0.225269933554817,0.876272000617833
"CHAMPS","bfl_partial",0.4,"gibbs_dir","batch8",8311,0.627062706270627,0.239477720374556,0.859143713710598
"CHAMPS","bfl_partial",0.4,"gibbs_dir","batch8",8312,0.643564356435644,0.230856231809622,0.899341971946197
"CHAMPS","bfl_partial",0.4,"gibbs_dir","batch8",8313,0.607260726072607,0.232490723562152,0.887749040821605
"CHAMPS","bfl_partial",0.4,"gibbs_dir","batch8",8314,0.643564356435644,0.207529553779554,0.87001164947038
"CHAMPS","bfl_partial",0.4,"gibbs_dir","batch8",8315,0.62046204620462,0.226186102685092,0.899087632999709
"CHAMPS","bfl_partial",0.4,"gibbs_dir","batch8",8316,0.617161716171617,0.224544914053893,0.887005919107273
"CHAMPS","bfl_partial",0.4,"gibbs_dir","batch8",8317,0.64026402640264,0.242618534482759,0.876539788059911
"CHAMPS","bfl_partial",0.4,"gibbs_dir","batch8",8318,0.600660066006601,0.196491309171598,0.869003414505423
"CHAMPS","bfl_partial",0.4,"gibbs_dir","batch8",8319,0.610561056105611,0.222483393292642,0.882502730979722
"CHAMPS","bfl_partial",0.4,"gibbs_dir","batch8",8320,0.610561056105611,0.231992517286635,0.881607605247795
"CHAMPS","bfl_partial",0.4,"gibbs_dir","batch8",8321,0.653465346534653,0.239730512894813,0.889820303021381
"CHAMPS","bfl_partial",0.4,"gibbs_dir","batch8",8322,0.617161716171617,0.222116289326669,0.90270860745661
"CHAMPS","bfl_partial",0.4,"gibbs_dir","batch8",8323,0.66006600660066,0.245184379694651,0.888133462889824
"CHAMPS","bfl_partial",0.4,"gibbs_dir","batch8",8324,0.643564356435644,0.213217606721,0.87896162508974
"CHAMPS","bfl_partial",0.4,"gibbs_dir","batch8",8325,0.607260726072607,0.213232395412513,0.884665103477681
"CHAMPS","bfl_partial",0.4,"gibbs_dir","batch8",8326,0.64026402640264,0.237225207620909,0.886978072936169
"CHAMPS","bfl_partial",0.4,"gibbs_dir","batch8",8327,0.613861386138614,0.204452632746413,0.890816702898785
"CHAMPS","bfl_partial",0.4,"gibbs_dir","batch8",8328,0.607260726072607,0.25672656799833,0.887253137491796
"CHAMPS","bfl_partial",0.4,"gibbs_dir","batch8",8329,0.65016501650165,0.248855973025048,0.901784824828702
"CHAMPS","bfl_partial",0.4,"gibbs_dir","batch8",8330,0.627062706270627,0.229937770562771,0.895275704791093
"CHAMPS","bfl_partial",0.4,"gibbs_dir","batch8",8331,0.636963696369637,0.236043944491169,0.89070080467865
"CHAMPS","bfl_partial",0.4,"gibbs_dir","batch8",8332,0.633663366336634,0.230730625583567,0.872740960785319
"CHAMPS","bfl_partial",0.4,"gibbs_dir","batch8",8333,0.63036303630363,0.257424486888773,0.889106908420358
"CHAMPS","bfl_partial",0.4,"gibbs_dir","batch8",8334,0.627062706270627,0.246625188536953,0.877214743620528
"CHAMPS","bfl_partial",0.4,"gibbs_dir","batch8",8335,0.633663366336634,0.2288061254832,0.892151408047322
"CHAMPS","bfl_partial",0.4,"gibbs_dir","batch8",8336,0.617161716171617,0.238829787234043,0.861634531030869
"CHAMPS","bfl_partial",0.4,"gibbs_dir","batch8",8337,0.636963696369637,0.214679716113247,0.896335657193987
"CHAMPS","bfl_partial",0.4,"gibbs_dir","batch8",8338,0.636963696369637,0.219263170384433,0.881548021217389
"CHAMPS","bfl_partial",0.4,"gibbs_dir","batch8",8339,0.64026402640264,0.23968707250342,0.903075820413756
"CHAMPS","bfl_partial",0.4,"gibbs_dir","batch8",8340,0.610561056105611,0.194047619047619,0.89566408075188
"CHAMPS","bfl_partial",0.4,"gibbs_dir","batch8",8341,0.587458745874587,0.220064221787368,0.8766023526303
"CHAMPS","bfl_partial",0.4,"gibbs_dir","batch8",8342,0.603960396039604,0.244393631436314,0.864075646403905
"CHAMPS","bfl_partial",0.4,"gibbs_dir","batch8",8343,0.633663366336634,0.192742153679654,0.893102581744391
"CHAMPS","bfl_partial",0.4,"gibbs_dir","batch8",8344,0.65016501650165,0.236420513181349,0.896825497623459
"CHAMPS","bfl_partial",0.4,"gibbs_dir","batch8",8345,0.610561056105611,0.209551263912469,0.883514218007639
"CHAMPS","bfl_partial",0.4,"gibbs_dir","batch8",8346,0.65016501650165,0.262608225108225,0.894710699609456
"CHAMPS","bfl_partial",0.4,"gibbs_dir","batch8",8347,0.62046204620462,0.224505565493938,0.875241082194982
"CHAMPS","bfl_partial",0.4,"gibbs_dir","batch8",8348,0.636963696369637,0.22108744660655,0.887985499198619
"CHAMPS","bfl_partial",0.4,"gibbs_dir","batch8",8349,0.646864686468647,0.244464060221584,0.889728666016479
"CHAMPS","bfl_partial",0.4,"gibbs_dir","batch8",8350,0.613861386138614,0.225048109103079,0.878183576325278
"CHAMPS","bfl_partial",0.4,"gibbs_dir","batch8",8351,0.617161716171617,0.226424965147349,0.885050944807287
"CHAMPS","bfl_partial",0.4,"gibbs_dir","batch8",8352,0.617161716171617,0.252701059334777,0.879426572901712
"CHAMPS","bfl_partial",0.4,"gibbs_dir","batch8",8353,0.653465346534653,0.232792207792208,0.907420154217724
"CHAMPS","bfl_partial",0.4,"gibbs_dir","batch8",8354,0.627062706270627,0.229812577958764,0.899866330559422
"CHAMPS","bfl_partial",0.4,"gibbs_dir","batch8",8355,0.627062706270627,0.236026903312173,0.886687231318036
"CHAMPS","bfl_partial",0.4,"gibbs_dir","batch8",8356,0.636963696369637,0.258143717793401,0.888766344696511
"CHAMPS","bfl_partial",0.4,"gibbs_dir","batch8",8357,0.613861386138614,0.231211419753086,0.875575451773781
"CHAMPS","bfl_partial",0.4,"gibbs_dir","batch8",8358,0.600660066006601,0.191580735971134,0.894374930970734
"CHAMPS","bfl_partial",0.4,"gibbs_dir","batch8",8359,0.597359735973597,0.217966773255235,0.877277508237663
"CHAMPS","bfl_partial",0.4,"gibbs_dir","batch8",8360,0.623762376237624,0.239756944444444,0.877470917202807
"CHAMPS","bfl_partial",0.4,"gibbs_dir","batch8",8361,0.623762376237624,0.228536773960058,0.880030146216209
"CHAMPS","bfl_partial",0.4,"gibbs_dir","batch8",8362,0.613861386138614,0.22195405750319,0.889663160112224
"CHAMPS","bfl_partial",0.4,"gibbs_dir","batch8",8363,0.627062706270627,0.220921036767226,0.883466733781531
"CHAMPS","bfl_partial",0.4,"gibbs_dir","batch8",8364,0.610561056105611,0.253981965414892,0.873537739730573
"CHAMPS","bfl_partial",0.4,"gibbs_dir","batch8",8365,0.62046204620462,0.194135871385509,0.887606024397007
"CHAMPS","bfl_partial",0.4,"gibbs_dir","batch8",8366,0.627062706270627,0.251072124756335,0.900051183568098
"CHAMPS","bfl_partial",0.4,"gibbs_dir","batch8",8367,0.653465346534653,0.230576668869795,0.896681630651701
"CHAMPS","bfl_partial",0.4,"gibbs_dir","batch8",8368,0.627062706270627,0.237407125970956,0.894383926463164
"CHAMPS","bfl_partial",0.4,"gibbs_dir","batch8",8369,0.646864686468647,0.264977292522085,0.883734485143049
"CHAMPS","bfl_partial",0.4,"gibbs_dir","batch8",8370,0.617161716171617,0.225441354511122,0.8833991990457
"CHAMPS","bfl_partial",0.4,"gibbs_dir","batch8",8371,0.633663366336634,0.211445945078402,0.882487354398776
"CHAMPS","bfl_partial",0.4,"gibbs_dir","batch8",8372,0.617161716171617,0.225343654027876,0.869897348499644
"CHAMPS","bfl_partial",0.4,"gibbs_dir","batch8",8373,0.610561056105611,0.205444225883124,0.877479111300436
"CHAMPS","bfl_partial",0.4,"gibbs_dir","batch8",8374,0.63036303630363,0.221031764967869,0.865534942360277
"CHAMPS","bfl_partial",0.4,"gibbs_dir","batch8",8375,0.63036303630363,0.218877551020408,0.875986667020895
"CHAMPS","bfl_partial",0.4,"gibbs_dir","batch8",8376,0.627062706270627,0.224637140183175,0.893448678063857
"CHAMPS","bfl_partial",0.4,"gibbs_dir","batch8",8377,0.63036303630363,0.220825196870493,0.879357108982118
"CHAMPS","bfl_partial",0.4,"gibbs_dir","batch8",8378,0.617161716171617,0.224250268961807,0.876066101000874
"CHAMPS","bfl_partial",0.4,"gibbs_dir","batch8",8379,0.610561056105611,0.226068606321839,0.877388725075783
"CHAMPS","bfl_partial",0.4,"gibbs_dir","batch8",8380,0.633663366336634,0.258639781192951,0.865308097415308
"CHAMPS","bfl_partial",0.4,"gibbs_dir","batch8",8381,0.666666666666667,0.250921787709497,0.909561418682413
"CHAMPS","bfl_partial",0.4,"gibbs_dir","batch8",8382,0.623762376237624,0.259005027726028,0.895442456956976
"CHAMPS","bfl_partial",0.4,"gibbs_dir","batch8",8383,0.613861386138614,0.237513935340022,0.864314193865007
"CHAMPS","bfl_partial",0.4,"gibbs_dir","batch8",8384,0.633663366336634,0.258152078513816,0.87236408243961
"CHAMPS","bfl_partial",0.4,"gibbs_dir","batch8",8385,0.627062706270627,0.251525739050555,0.87336787163821
"CHAMPS","bfl_partial",0.4,"gibbs_dir","batch8",8386,0.65016501650165,0.228421787709497,0.892055540359535
"CHAMPS","bfl_partial",0.4,"gibbs_dir","batch8",8387,0.594059405940594,0.217083579797225,0.866738367226949
"CHAMPS","bfl_partial",0.4,"gibbs_dir","batch8",8388,0.627062706270627,0.210313441087898,0.860795869028784
"CHAMPS","bfl_partial",0.4,"gibbs_dir","batch8",8389,0.643564356435644,0.244034304141666,0.870830383241123
"CHAMPS","bfl_partial",0.4,"gibbs_dir","batch8",8390,0.603960396039604,0.238870018115942,0.877540295201195
"CHAMPS","bfl_partial",0.4,"gibbs_dir","batch8",8391,0.590759075907591,0.198461662533519,0.886591662578423
"CHAMPS","bfl_partial",0.4,"gibbs_dir","batch8",8392,0.600660066006601,0.245120328118209,0.906523307402419
"CHAMPS","bfl_partial",0.4,"gibbs_dir","batch8",8393,0.617161716171617,0.232452240117651,0.862170900412817
"CHAMPS","bfl_partial",0.4,"gibbs_dir","batch8",8394,0.656765676567657,0.229606246680434,0.899580643273081
"CHAMPS","bfl_partial",0.4,"gibbs_dir","batch8",8395,0.613861386138614,0.227318800148786,0.87728571218485
"CHAMPS","bfl_partial",0.4,"gibbs_dir","batch8",8396,0.63036303630363,0.235125968992248,0.878338409549572
"CHAMPS","bfl_partial",0.4,"gibbs_dir","batch8",8397,0.627062706270627,0.225849748053138,0.883761459668982
"CHAMPS","bfl_partial",0.4,"gibbs_dir","batch8",8398,0.62046204620462,0.200873793009656,0.885588099925282
"CHAMPS","bfl_partial",0.4,"gibbs_dir","batch8",8399,0.607260726072607,0.248966500924332,0.871370539699308
"CHAMPS","bfl_partial",0.4,"gibbs_dir","batch8",8400,0.653465346534653,0.235026972920105,0.902244091152227
"CHAMPS","bfl_partial",0.4,"gibbs_dir","batch8",8401,0.64026402640264,0.20409143056664,0.889009623181655
"CHAMPS","bfl_partial",0.4,"gibbs_dir","batch8",8402,0.64026402640264,0.23186928733986,0.892644492428366
"CHAMPS","bfl_partial",0.4,"gibbs_dir","batch8",8403,0.64026402640264,0.255045093795094,0.875218243763539
"CHAMPS","bfl_partial",0.4,"gibbs_dir","batch8",8404,0.627062706270627,0.256229541734861,0.882145234477557
"CHAMPS","bfl_partial",0.4,"gibbs_dir","batch8",8405,0.636963696369637,0.241203327922078,0.89944743260018
"CHAMPS","bfl_partial",0.4,"gibbs_dir","batch8",8406,0.64026402640264,0.225630031238736,0.877197549966964
"CHAMPS","bfl_partial",0.4,"gibbs_dir","batch8",8407,0.610561056105611,0.248506773399015,0.877311272338668
"CHAMPS","bfl_partial",0.4,"gibbs_dir","batch8",8408,0.65016501650165,0.227951147325684,0.904380289201256
"CHAMPS","bfl_partial",0.4,"gibbs_dir","batch8",8409,0.636963696369637,0.243127288877916,0.891216609887444
"CHAMPS","bfl_partial",0.4,"gibbs_dir","batch8",8410,0.636963696369637,0.234587486157254,0.890104350242701
"CHAMPS","bfl_partial",0.4,"gibbs_dir","batch8",8411,0.603960396039604,0.226893671320423,0.869795074626834
"CHAMPS","bfl_partial",0.4,"gibbs_dir","batch8",8412,0.610561056105611,0.248158808479532,0.86604175053905
"CHAMPS","bfl_partial",0.4,"gibbs_dir","batch8",8413,0.603960396039604,0.219721983990852,0.884903929507946
"CHAMPS","bfl_partial",0.4,"gibbs_dir","batch8",8414,0.627062706270627,0.237278530796144,0.872526446632046
"CHAMPS","bfl_partial",0.4,"gibbs_dir","batch8",8415,0.62046204620462,0.2463670475044,0.88457349179599
"CHAMPS","bfl_partial",0.4,"gibbs_dir","batch8",8416,0.623762376237624,0.227731558160275,0.880379499370675
"CHAMPS","bfl_partial",0.4,"gibbs_dir","batch8",8417,0.617161716171617,0.206794142822206,0.911772592933056
"CHAMPS","bfl_partial",0.4,"gibbs_dir","batch8",8418,0.62046204620462,0.23524011299435,0.889493823201168
"CHAMPS","bfl_partial",0.4,"gibbs_dir","batch8",8419,0.63036303630363,0.193078834679667,0.884724762932266
"CHAMPS","bfl_partial",0.4,"gibbs_dir","batch8",8420,0.617161716171617,0.257100694444444,0.850685972988749
"CHAMPS","bfl_partial",0.4,"gibbs_dir","batch8",8421,0.600660066006601,0.219160460204535,0.888087667517909
"CHAMPS","bfl_partial",0.4,"gibbs_dir","batch8",8422,0.617161716171617,0.243720238095238,0.882582405272928
"CHAMPS","bfl_partial",0.4,"gibbs_dir","batch8",8423,0.62046204620462,0.216071903242956,0.869661497844745
"CHAMPS","bfl_partial",0.4,"gibbs_dir","batch8",8424,0.607260726072607,0.20234348984349,0.880332679590572
"CHAMPS","bfl_partial",0.4,"gibbs_dir","batch8",8425,0.603960396039604,0.21202936746988,0.872308871653845
"CHAMPS","bfl_partial",0.4,"gibbs_dir","batch8",8426,0.613861386138614,0.241627774835606,0.880960810055426
"CHAMPS","bfl_partial",0.4,"gibbs_dir","batch8",8427,0.623762376237624,0.22828090500689,0.890661679918351
"CHAMPS","bfl_partial",0.4,"gibbs_dir","batch8",8428,0.617161716171617,0.228928140643917,0.886075143201071
"CHAMPS","bfl_partial",0.4,"gibbs_dir","batch8",8429,0.65016501650165,0.246898946360153,0.885528910676509
"CHAMPS","bfl_partial",0.4,"gibbs_dir","batch8",8430,0.62046204620462,0.244924214071856,0.877340227662062
"CHAMPS","bfl_partial",0.4,"gibbs_dir","batch8",8431,0.65016501650165,0.255712737407102,0.898555614279224
"CHAMPS","bfl_partial",0.4,"gibbs_dir","batch8",8432,0.613861386138614,0.245732769914967,0.893008150840234
"CHAMPS","bfl_partial",0.4,"gibbs_dir","batch8",8433,0.610561056105611,0.214571933424533,0.874322560906656
"CHAMPS","bfl_partial",0.4,"gibbs_dir","batch8",8434,0.600660066006601,0.222897544919999,0.860275961332026
"CHAMPS","bfl_partial",0.4,"gibbs_dir","batch8",8435,0.607260726072607,0.216356792717087,0.874366689935953
"CHAMPS","bfl_partial",0.4,"gibbs_dir","batch8",8436,0.597359735973597,0.211306045145331,0.877001684536246
"CHAMPS","bfl_partial",0.4,"gibbs_dir","batch8",8437,0.627062706270627,0.245446228423893,0.873657857355548
"CHAMPS","bfl_partial",0.4,"gibbs_dir","batch8",8438,0.623762376237624,0.226523518764231,0.876596969898827
"CHAMPS","bfl_partial",0.4,"gibbs_dir","batch8",8439,0.613861386138614,0.218362736660929,0.868479895856033
"CHAMPS","bfl_partial",0.4,"gibbs_dir","batch8",8440,0.66006600660066,0.243922072361379,0.898144092895649
"CHAMPS","bfl_partial",0.4,"gibbs_dir","batch8",8441,0.610561056105611,0.231783426015474,0.875080690649472
"CHAMPS","bfl_partial",0.4,"gibbs_dir","batch8",8442,0.617161716171617,0.256222848206544,0.871245186581331
"CHAMPS","bfl_partial",0.4,"gibbs_dir","batch8",8443,0.617161716171617,0.230307237538382,0.88141867499161
"CHAMPS","bfl_partial",0.4,"gibbs_dir","batch8",8444,0.633663366336634,0.230535312640576,0.90329575055142
"CHAMPS","bfl_partial",0.4,"gibbs_dir","batch8",8445,0.600660066006601,0.219852941176471,0.887177581484634
"CHAMPS","bfl_partial",0.4,"gibbs_dir","batch8",8446,0.610561056105611,0.224542682926829,0.892654736724704
"CHAMPS","bfl_partial",0.4,"gibbs_dir","batch8",8447,0.597359735973597,0.22,0.871689080826277
"CHAMPS","bfl_partial",0.4,"gibbs_dir","batch8",8448,0.653465346534653,0.24011055601312,0.896650760670237
"CHAMPS","bfl_partial",0.4,"gibbs_dir","batch8",8449,0.623762376237624,0.234354575163399,0.879559785364616
"CHAMPS","bfl_partial",0.4,"gibbs_dir","batch8",8450,0.633663366336634,0.249373317198997,0.883890576073541
"CHAMPS","bfl_partial",0.4,"gibbs_dir","batch8",8451,0.623762376237624,0.22609046234773,0.898035717451408
"CHAMPS","bfl_partial",0.4,"gibbs_dir","batch8",8452,0.62046204620462,0.229145673603505,0.887612191047501
"CHAMPS","bfl_partial",0.4,"gibbs_dir","batch8",8453,0.617161716171617,0.248297065823617,0.881878214971968
"CHAMPS","bfl_partial",0.4,"gibbs_dir","batch8",8454,0.64026402640264,0.237264526344729,0.879508129945965
"CHAMPS","bfl_partial",0.4,"gibbs_dir","batch8",8455,0.627062706270627,0.249242424242424,0.86998996848601
"CHAMPS","bfl_partial",0.4,"gibbs_dir","batch8",8456,0.64026402640264,0.207317642379375,0.890697170420712
"CHAMPS","bfl_partial",0.4,"gibbs_dir","batch8",8457,0.636963696369637,0.211280778875495,0.919262704014869
"CHAMPS","bfl_partial",0.4,"gibbs_dir","batch8",8458,0.62046204620462,0.216598837209302,0.89689559081497
"CHAMPS","bfl_partial",0.4,"gibbs_dir","batch8",8459,0.613861386138614,0.225121294862974,0.888880217782125
"CHAMPS","bfl_partial",0.4,"gibbs_dir","batch8",8460,0.636963696369637,0.228551457652677,0.889455939952891
"CHAMPS","bfl_partial",0.4,"gibbs_dir","batch8",8461,0.63036303630363,0.241058703271634,0.876275792515459
"CHAMPS","bfl_partial",0.4,"gibbs_dir","batch8",8462,0.636963696369637,0.235686749148288,0.889710858124205
"CHAMPS","bfl_partial",0.4,"gibbs_dir","batch8",8463,0.63036303630363,0.240593671679198,0.880706964500941
"CHAMPS","bfl_partial",0.4,"gibbs_dir","batch8",8464,0.64026402640264,0.213785229517495,0.889178011900578
"CHAMPS","bfl_partial",0.4,"gibbs_dir","batch8",8465,0.62046204620462,0.235114300903775,0.870205572056697
"CHAMPS","bfl_partial",0.4,"gibbs_dir","batch8",8466,0.603960396039604,0.232268309573274,0.867837074938178
"CHAMPS","bfl_partial",0.4,"gibbs_dir","batch8",8467,0.63036303630363,0.232350272232305,0.873473444153994
"CHAMPS","bfl_partial",0.4,"gibbs_dir","batch8",8468,0.561056105610561,0.212209416863672,0.857267176589383
"CHAMPS","bfl_partial",0.4,"gibbs_dir","batch8",8469,0.603960396039604,0.210117010876207,0.868168486648356
"CHAMPS","bfl_partial",0.4,"gibbs_dir","batch8",8470,0.613861386138614,0.246950485412024,0.864930740183369
"CHAMPS","bfl_partial",0.4,"gibbs_dir","batch8",8471,0.63036303630363,0.251248260448522,0.881726396631627
"CHAMPS","bfl_partial",0.4,"gibbs_dir","batch8",8472,0.617161716171617,0.226440846387655,0.881251135780023
"CHAMPS","bfl_partial",0.4,"gibbs_dir","batch8",8473,0.613861386138614,0.196511809852146,0.884244189665765
"CHAMPS","bfl_partial",0.4,"gibbs_dir","batch8",8474,0.63036303630363,0.205395750602451,0.902158336943607
"CHAMPS","bfl_partial",0.4,"gibbs_dir","batch8",8475,0.584158415841584,0.249283283130532,0.851086095622295
"CHAMPS","bfl_partial",0.4,"gibbs_dir","batch8",8476,0.636963696369637,0.23831176035503,0.89139985807307
"CHAMPS","bfl_partial",0.4,"gibbs_dir","batch8",8477,0.62046204620462,0.20565808911983,0.881097096398033
"CHAMPS","bfl_partial",0.4,"gibbs_dir","batch8",8478,0.64026402640264,0.232072244054572,0.883766204911501
"CHAMPS","bfl_partial",0.4,"gibbs_dir","batch8",8479,0.623762376237624,0.224153292577511,0.88972890802382
"CHAMPS","bfl_partial",0.4,"gibbs_dir","batch8",8480,0.617161716171617,0.218235842338946,0.895692520632629
"CHAMPS","bfl_partial",0.4,"gibbs_dir","batch8",8481,0.617161716171617,0.254862379734502,0.855106855823192
"CHAMPS","bfl_partial",0.4,"gibbs_dir","batch8",8482,0.627062706270627,0.257662194543754,0.890850669386007
"CHAMPS","bfl_partial",0.4,"gibbs_dir","batch8",8483,0.627062706270627,0.230153774856758,0.891454111978696
"CHAMPS","bfl_partial",0.4,"gibbs_dir","batch8",8484,0.600660066006601,0.214351590438547,0.868373835290925
"CHAMPS","bfl_partial",0.4,"gibbs_dir","batch8",8485,0.63036303630363,0.269082753211099,0.877962910278869
"CHAMPS","bfl_partial",0.4,"gibbs_dir","batch8",8486,0.63036303630363,0.236769000488759,0.877859797504058
"CHAMPS","bfl_partial",0.4,"gibbs_dir","batch8",8487,0.643564356435644,0.233842508570276,0.879621701328937
"CHAMPS","bfl_partial",0.4,"gibbs_dir","batch8",8488,0.627062706270627,0.250261753750126,0.880368856378416
"CHAMPS","bfl_partial",0.4,"gibbs_dir","batch8",8489,0.643564356435644,0.247547035008335,0.90715376370997
"CHAMPS","bfl_partial",0.4,"gibbs_dir","batch8",8490,0.643564356435644,0.248274231678487,0.874922202787381
"CHAMPS","bfl_partial",0.4,"gibbs_dir","batch8",8491,0.617161716171617,0.206122408111744,0.886496152628474
"CHAMPS","bfl_partial",0.4,"gibbs_dir","batch8",8492,0.633663366336634,0.268279409246426,0.892801040887516
"CHAMPS","bfl_partial",0.4,"gibbs_dir","batch8",8493,0.617161716171617,0.223842592592593,0.892175497374368
"CHAMPS","bfl_partial",0.4,"gibbs_dir","batch8",8494,0.627062706270627,0.235907915184231,0.890084124026351
"CHAMPS","bfl_partial",0.4,"gibbs_dir","batch8",8495,0.636963696369637,0.24528162055336,0.886346525163595
"CHAMPS","bfl_partial",0.4,"gibbs_dir","batch8",8496,0.610561056105611,0.221264296242013,0.886871828242975
"CHAMPS","bfl_partial",0.4,"gibbs_dir","batch8",8497,0.633663366336634,0.228652637966731,0.888598631066294
"CHAMPS","bfl_partial",0.4,"gibbs_dir","batch8",8498,0.63036303630363,0.236883359883879,0.878050846741413
"CHAMPS","bfl_partial",0.4,"gibbs_dir","batch8",8499,0.63036303630363,0.217415930803486,0.888171562887638
"CHAMPS","bfl_partial",0.4,"gibbs_dir","batch8",8500,0.627062706270627,0.229927892484608,0.879225230336641
"CHAMPS","gbql_0.5",0.2,NA,"batch8",8001,NA,NA,0.765963783502892
"CHAMPS","gbql_0.5",0.2,NA,"batch8",8002,NA,NA,0.767445832541204
"CHAMPS","gbql_0.5",0.2,NA,"batch8",8003,NA,NA,0.719632310216751
"CHAMPS","gbql_0.5",0.2,NA,"batch8",8004,NA,NA,0.767019509837205
"CHAMPS","gbql_0.5",0.2,NA,"batch8",8005,NA,NA,0.775370920829287
"CHAMPS","gbql_0.5",0.2,NA,"batch8",8006,NA,NA,0.752653262813316
"CHAMPS","gbql_0.5",0.2,NA,"batch8",8007,NA,NA,0.784910604559925
"CHAMPS","gbql_0.5",0.2,NA,"batch8",8008,NA,NA,0.786272511352191
"CHAMPS","gbql_0.5",0.2,NA,"batch8",8009,NA,NA,0.748381443220365
"CHAMPS","gbql_0.5",0.2,NA,"batch8",8010,NA,NA,0.781750704720957
"CHAMPS","gbql_0.5",0.2,NA,"batch8",8011,NA,NA,0.780591381953967
"CHAMPS","gbql_0.5",0.2,NA,"batch8",8012,NA,NA,0.763629847556257
"CHAMPS","gbql_0.5",0.2,NA,"batch8",8013,NA,NA,0.80117660546875
"CHAMPS","gbql_0.5",0.2,NA,"batch8",8014,NA,NA,0.80385074336754
"CHAMPS","gbql_0.5",0.2,NA,"batch8",8015,NA,NA,0.789990284897446
"CHAMPS","gbql_0.5",0.2,NA,"batch8",8016,NA,NA,0.759036888151351
"CHAMPS","gbql_0.5",0.2,NA,"batch8",8017,NA,NA,0.761751386257173
"CHAMPS","gbql_0.5",0.2,NA,"batch8",8018,NA,NA,0.766632665708081
"CHAMPS","gbql_0.5",0.2,NA,"batch8",8019,NA,NA,0.751520664260011
"CHAMPS","gbql_0.5",0.2,NA,"batch8",8020,NA,NA,0.779163376506379
"CHAMPS","gbql_0.5",0.2,NA,"batch8",8021,NA,NA,0.800034035382504
"CHAMPS","gbql_0.5",0.2,NA,"batch8",8022,NA,NA,0.753595319645269
"CHAMPS","gbql_0.5",0.2,NA,"batch8",8023,NA,NA,0.737238514064566
"CHAMPS","gbql_0.5",0.2,NA,"batch8",8024,NA,NA,0.790536324319859
"CHAMPS","gbql_0.5",0.2,NA,"batch8",8025,NA,NA,0.741789856872095
"CHAMPS","gbql_0.5",0.2,NA,"batch8",8026,NA,NA,0.733582573960549
"CHAMPS","gbql_0.5",0.2,NA,"batch8",8027,NA,NA,0.731295116731952
"CHAMPS","gbql_0.5",0.2,NA,"batch8",8028,NA,NA,0.782074850146817
"CHAMPS","gbql_0.5",0.2,NA,"batch8",8029,NA,NA,0.764377545101937
"CHAMPS","gbql_0.5",0.2,NA,"batch8",8030,NA,NA,0.755234033412627
"CHAMPS","gbql_0.5",0.2,NA,"batch8",8031,NA,NA,0.750851929128034
"CHAMPS","gbql_0.5",0.2,NA,"batch8",8032,NA,NA,0.770353674373345
"CHAMPS","gbql_0.5",0.2,NA,"batch8",8033,NA,NA,0.794469733429977
"CHAMPS","gbql_0.5",0.2,NA,"batch8",8034,NA,NA,0.755083598992577
"CHAMPS","gbql_0.5",0.2,NA,"batch8",8035,NA,NA,0.738521165747072
"CHAMPS","gbql_0.5",0.2,NA,"batch8",8036,NA,NA,0.801086401310666
"CHAMPS","gbql_0.5",0.2,NA,"batch8",8037,NA,NA,0.781236682917558
"CHAMPS","gbql_0.5",0.2,NA,"batch8",8038,NA,NA,0.777552931713386
"CHAMPS","gbql_0.5",0.2,NA,"batch8",8039,NA,NA,0.766676707297781
"CHAMPS","gbql_0.5",0.2,NA,"batch8",8040,NA,NA,0.729621236910847
"CHAMPS","gbql_0.5",0.2,NA,"batch8",8041,NA,NA,0.772044655020206
"CHAMPS","gbql_0.5",0.2,NA,"batch8",8042,NA,NA,0.773977116476034
"CHAMPS","gbql_0.5",0.2,NA,"batch8",8043,NA,NA,0.748343966476184
"CHAMPS","gbql_0.5",0.2,NA,"batch8",8044,NA,NA,0.777974615815728
"CHAMPS","gbql_0.5",0.2,NA,"batch8",8045,NA,NA,0.779151853531178
"CHAMPS","gbql_0.5",0.2,NA,"batch8",8046,NA,NA,0.791025899946193
"CHAMPS","gbql_0.5",0.2,NA,"batch8",8047,NA,NA,0.767854685707984
"CHAMPS","gbql_0.5",0.2,NA,"batch8",8048,NA,NA,0.772470030532884
"CHAMPS","gbql_0.5",0.2,NA,"batch8",8049,NA,NA,0.787201828404091
"CHAMPS","gbql_0.5",0.2,NA,"batch8",8050,NA,NA,0.792607635987264
"CHAMPS","gbql_0.5",0.2,NA,"batch8",8051,NA,NA,0.800585144856067
"CHAMPS","gbql_0.5",0.2,NA,"batch8",8052,NA,NA,0.75805837659725
"CHAMPS","gbql_0.5",0.2,NA,"batch8",8053,NA,NA,0.78309548899665
"CHAMPS","gbql_0.5",0.2,NA,"batch8",8054,NA,NA,0.77231870220884
"CHAMPS","gbql_0.5",0.2,NA,"batch8",8055,NA,NA,0.789448866964702
"CHAMPS","gbql_0.5",0.2,NA,"batch8",8056,NA,NA,0.774556824228667
"CHAMPS","gbql_0.5",0.2,NA,"batch8",8057,NA,NA,0.751542226892333
"CHAMPS","gbql_0.5",0.2,NA,"batch8",8058,NA,NA,0.741898655172693
"CHAMPS","gbql_0.5",0.2,NA,"batch8",8059,NA,NA,0.787289813926684
"CHAMPS","gbql_0.5",0.2,NA,"batch8",8060,NA,NA,0.783220439634888
"CHAMPS","gbql_0.5",0.2,NA,"batch8",8061,NA,NA,0.731856213924664
"CHAMPS","gbql_0.5",0.2,NA,"batch8",8062,NA,NA,0.779806027635193
"CHAMPS","gbql_0.5",0.2,NA,"batch8",8063,NA,NA,0.757881054953456
"CHAMPS","gbql_0.5",0.2,NA,"batch8",8064,NA,NA,0.729965783091775
"CHAMPS","gbql_0.5",0.2,NA,"batch8",8065,NA,NA,0.769661342520747
"CHAMPS","gbql_0.5",0.2,NA,"batch8",8066,NA,NA,0.753915471724697
"CHAMPS","gbql_0.5",0.2,NA,"batch8",8067,NA,NA,0.779813070609613
"CHAMPS","gbql_0.5",0.2,NA,"batch8",8068,NA,NA,0.804073743934244
"CHAMPS","gbql_0.5",0.2,NA,"batch8",8069,NA,NA,0.752108032992939
"CHAMPS","gbql_0.5",0.2,NA,"batch8",8070,NA,NA,0.796852938411146
"CHAMPS","gbql_0.5",0.2,NA,"batch8",8071,NA,NA,0.760277798309078
"CHAMPS","gbql_0.5",0.2,NA,"batch8",8072,NA,NA,0.754696019776362
"CHAMPS","gbql_0.5",0.2,NA,"batch8",8073,NA,NA,0.790809185381594
"CHAMPS","gbql_0.5",0.2,NA,"batch8",8074,NA,NA,0.752867575233785
"CHAMPS","gbql_0.5",0.2,NA,"batch8",8075,NA,NA,0.739372725841396
"CHAMPS","gbql_0.5",0.2,NA,"batch8",8076,NA,NA,0.768249007034932
"CHAMPS","gbql_0.5",0.2,NA,"batch8",8077,NA,NA,0.786961031926479
"CHAMPS","gbql_0.5",0.2,NA,"batch8",8078,NA,NA,0.768695803957528
"CHAMPS","gbql_0.5",0.2,NA,"batch8",8079,NA,NA,0.771251251609962
"CHAMPS","gbql_0.5",0.2,NA,"batch8",8080,NA,NA,0.729786591813783
"CHAMPS","gbql_0.5",0.2,NA,"batch8",8081,NA,NA,0.779480200496996
"CHAMPS","gbql_0.5",0.2,NA,"batch8",8082,NA,NA,0.763474598762515
"CHAMPS","gbql_0.5",0.2,NA,"batch8",8083,NA,NA,0.779319497270063
"CHAMPS","gbql_0.5",0.2,NA,"batch8",8084,NA,NA,0.781616599174656
"CHAMPS","gbql_0.5",0.2,NA,"batch8",8085,NA,NA,0.758465518443958
"CHAMPS","gbql_0.5",0.2,NA,"batch8",8086,NA,NA,0.76177378105491
"CHAMPS","gbql_0.5",0.2,NA,"batch8",8087,NA,NA,0.781390891704921
"CHAMPS","gbql_0.5",0.2,NA,"batch8",8088,NA,NA,0.752049637762862
"CHAMPS","gbql_0.5",0.2,NA,"batch8",8089,NA,NA,0.769385227308361
"CHAMPS","gbql_0.5",0.2,NA,"batch8",8090,NA,NA,0.789625645981122
"CHAMPS","gbql_0.5",0.2,NA,"batch8",8091,NA,NA,0.798269097499118
"CHAMPS","gbql_0.5",0.2,NA,"batch8",8092,NA,NA,0.736446980046659
"CHAMPS","gbql_0.5",0.2,NA,"batch8",8093,NA,NA,0.757043798778514
"CHAMPS","gbql_0.5",0.2,NA,"batch8",8094,NA,NA,0.717566600722017
"CHAMPS","gbql_0.5",0.2,NA,"batch8",8095,NA,NA,0.762689685875661
"CHAMPS","gbql_0.5",0.2,NA,"batch8",8096,NA,NA,0.713960728516319
"CHAMPS","gbql_0.5",0.2,NA,"batch8",8097,NA,NA,0.787178495682806
"CHAMPS","gbql_0.5",0.2,NA,"batch8",8098,NA,NA,0.784516098348607
"CHAMPS","gbql_0.5",0.2,NA,"batch8",8099,NA,NA,0.730064728460267
"CHAMPS","gbql_0.5",0.2,NA,"batch8",8100,NA,NA,0.772320412823693
"CHAMPS","gbql_0.5",0.2,NA,"batch8",8101,NA,NA,0.722073541506967
"CHAMPS","gbql_0.5",0.2,NA,"batch8",8102,NA,NA,0.77807826453573
"CHAMPS","gbql_0.5",0.2,NA,"batch8",8103,NA,NA,0.744662555128104
"CHAMPS","gbql_0.5",0.2,NA,"batch8",8104,NA,NA,0.757440428852098
"CHAMPS","gbql_0.5",0.2,NA,"batch8",8105,NA,NA,0.784020008453334
"CHAMPS","gbql_0.5",0.2,NA,"batch8",8106,NA,NA,0.794234074209787
"CHAMPS","gbql_0.5",0.2,NA,"batch8",8107,NA,NA,0.730751874657773
"CHAMPS","gbql_0.5",0.2,NA,"batch8",8108,NA,NA,0.760614487636034
"CHAMPS","gbql_0.5",0.2,NA,"batch8",8109,NA,NA,0.734916044535161
"CHAMPS","gbql_0.5",0.2,NA,"batch8",8110,NA,NA,0.77059825760793
"CHAMPS","gbql_0.5",0.2,NA,"batch8",8111,NA,NA,0.761001100529314
"CHAMPS","gbql_0.5",0.2,NA,"batch8",8112,NA,NA,0.78849392879729
"CHAMPS","gbql_0.5",0.2,NA,"batch8",8113,NA,NA,0.750044721345367
"CHAMPS","gbql_0.5",0.2,NA,"batch8",8114,NA,NA,0.792472357728345
"CHAMPS","gbql_0.5",0.2,NA,"batch8",8115,NA,NA,0.761832607980152
"CHAMPS","gbql_0.5",0.2,NA,"batch8",8116,NA,NA,0.7623345553297
"CHAMPS","gbql_0.5",0.2,NA,"batch8",8117,NA,NA,0.748395550612641
"CHAMPS","gbql_0.5",0.2,NA,"batch8",8118,NA,NA,0.784847521528158
"CHAMPS","gbql_0.5",0.2,NA,"batch8",8119,NA,NA,0.770420413842221
"CHAMPS","gbql_0.5",0.2,NA,"batch8",8120,NA,NA,0.777572587192315
"CHAMPS","gbql_0.5",0.2,NA,"batch8",8121,NA,NA,0.729148813439909
"CHAMPS","gbql_0.5",0.2,NA,"batch8",8122,NA,NA,0.792144830204675
"CHAMPS","gbql_0.5",0.2,NA,"batch8",8123,NA,NA,0.788680874099102
"CHAMPS","gbql_0.5",0.2,NA,"batch8",8124,NA,NA,0.794037531345124
"CHAMPS","gbql_0.5",0.2,NA,"batch8",8125,NA,NA,0.789788065491855
"CHAMPS","gbql_0.5",0.2,NA,"batch8",8126,NA,NA,0.750962849851042
"CHAMPS","gbql_0.5",0.2,NA,"batch8",8127,NA,NA,0.713878008562165
"CHAMPS","gbql_0.5",0.2,NA,"batch8",8128,NA,NA,0.743588686086386
"CHAMPS","gbql_0.5",0.2,NA,"batch8",8129,NA,NA,0.794854012480875
"CHAMPS","gbql_0.5",0.2,NA,"batch8",8130,NA,NA,0.800902140173675
"CHAMPS","gbql_0.5",0.2,NA,"batch8",8131,NA,NA,0.806062054270495
"CHAMPS","gbql_0.5",0.2,NA,"batch8",8132,NA,NA,0.749119482734421
"CHAMPS","gbql_0.5",0.2,NA,"batch8",8133,NA,NA,0.784948225158714
"CHAMPS","gbql_0.5",0.2,NA,"batch8",8134,NA,NA,0.741086834284235
"CHAMPS","gbql_0.5",0.2,NA,"batch8",8135,NA,NA,0.760797213437264
"CHAMPS","gbql_0.5",0.2,NA,"batch8",8136,NA,NA,0.799717246443779
"CHAMPS","gbql_0.5",0.2,NA,"batch8",8137,NA,NA,0.729764028936821
"CHAMPS","gbql_0.5",0.2,NA,"batch8",8138,NA,NA,0.78573432999885
"CHAMPS","gbql_0.5",0.2,NA,"batch8",8139,NA,NA,0.788350629460096
"CHAMPS","gbql_0.5",0.2,NA,"batch8",8140,NA,NA,0.796298215984894
"CHAMPS","gbql_0.5",0.2,NA,"batch8",8141,NA,NA,0.74327817558955
"CHAMPS","gbql_0.5",0.2,NA,"batch8",8142,NA,NA,0.739261573709414
"CHAMPS","gbql_0.5",0.2,NA,"batch8",8143,NA,NA,0.766804478908915
"CHAMPS","gbql_0.5",0.2,NA,"batch8",8144,NA,NA,0.753849530941678
"CHAMPS","gbql_0.5",0.2,NA,"batch8",8145,NA,NA,0.746468119215966
"CHAMPS","gbql_0.5",0.2,NA,"batch8",8146,NA,NA,0.761665830190408
"CHAMPS","gbql_0.5",0.2,NA,"batch8",8147,NA,NA,0.765287571606001
"CHAMPS","gbql_0.5",0.2,NA,"batch8",8148,NA,NA,0.794890516958568
"CHAMPS","gbql_0.5",0.2,NA,"batch8",8149,NA,NA,0.783727049281267
"CHAMPS","gbql_0.5",0.2,NA,"batch8",8150,NA,NA,0.745909931007071
"CHAMPS","gbql_0.5",0.2,NA,"batch8",8151,NA,NA,0.758559049348858
"CHAMPS","gbql_0.5",0.2,NA,"batch8",8152,NA,NA,0.756395214313311
"CHAMPS","gbql_0.5",0.2,NA,"batch8",8153,NA,NA,0.761585848661224
"CHAMPS","gbql_0.5",0.2,NA,"batch8",8154,NA,NA,0.776089043690109
"CHAMPS","gbql_0.5",0.2,NA,"batch8",8155,NA,NA,0.798401953918132
"CHAMPS","gbql_0.5",0.2,NA,"batch8",8156,NA,NA,0.795413397601605
"CHAMPS","gbql_0.5",0.2,NA,"batch8",8157,NA,NA,0.785374943314104
"CHAMPS","gbql_0.5",0.2,NA,"batch8",8158,NA,NA,0.772903118834708
"CHAMPS","gbql_0.5",0.2,NA,"batch8",8159,NA,NA,0.750445542536995
"CHAMPS","gbql_0.5",0.2,NA,"batch8",8160,NA,NA,0.803791088478527
"CHAMPS","gbql_0.5",0.2,NA,"batch8",8161,NA,NA,0.768133834304045
"CHAMPS","gbql_0.5",0.2,NA,"batch8",8162,NA,NA,0.736892880314747
"CHAMPS","gbql_0.5",0.2,NA,"batch8",8163,NA,NA,0.733322196905072
"CHAMPS","gbql_0.5",0.2,NA,"batch8",8164,NA,NA,0.75712276121486
"CHAMPS","gbql_0.5",0.2,NA,"batch8",8165,NA,NA,0.765042740593628
"CHAMPS","gbql_0.5",0.2,NA,"batch8",8166,NA,NA,0.776499298904545
"CHAMPS","gbql_0.5",0.2,NA,"batch8",8167,NA,NA,0.760878819689715
"CHAMPS","gbql_0.5",0.2,NA,"batch8",8168,NA,NA,0.783815782061853
"CHAMPS","gbql_0.5",0.2,NA,"batch8",8169,NA,NA,0.731024047745893
"CHAMPS","gbql_0.5",0.2,NA,"batch8",8170,NA,NA,0.741912844482308
"CHAMPS","gbql_0.5",0.2,NA,"batch8",8171,NA,NA,0.776662066785178
"CHAMPS","gbql_0.5",0.2,NA,"batch8",8172,NA,NA,0.782468966474408
"CHAMPS","gbql_0.5",0.2,NA,"batch8",8173,NA,NA,0.785322000995389
"CHAMPS","gbql_0.5",0.2,NA,"batch8",8174,NA,NA,0.741685289798714
"CHAMPS","gbql_0.5",0.2,NA,"batch8",8175,NA,NA,0.806990964726015
"CHAMPS","gbql_0.5",0.2,NA,"batch8",8176,NA,NA,0.745258078924394
"CHAMPS","gbql_0.5",0.2,NA,"batch8",8177,NA,NA,0.761823969432255
"CHAMPS","gbql_0.5",0.2,NA,"batch8",8178,NA,NA,0.749218394635246
"CHAMPS","gbql_0.5",0.2,NA,"batch8",8179,NA,NA,0.701070467046123
"CHAMPS","gbql_0.5",0.2,NA,"batch8",8180,NA,NA,0.75516884430112
"CHAMPS","gbql_0.5",0.2,NA,"batch8",8181,NA,NA,0.739024504096202
"CHAMPS","gbql_0.5",0.2,NA,"batch8",8182,NA,NA,0.791595254441997
"CHAMPS","gbql_0.5",0.2,NA,"batch8",8183,NA,NA,0.789895676538424
"CHAMPS","gbql_0.5",0.2,NA,"batch8",8184,NA,NA,0.717697343682697
"CHAMPS","gbql_0.5",0.2,NA,"batch8",8185,NA,NA,0.765905140083806
"CHAMPS","gbql_0.5",0.2,NA,"batch8",8186,NA,NA,0.739339586503255
"CHAMPS","gbql_0.5",0.2,NA,"batch8",8187,NA,NA,0.74727899199701
"CHAMPS","gbql_0.5",0.2,NA,"batch8",8188,NA,NA,0.740777606121719
"CHAMPS","gbql_0.5",0.2,NA,"batch8",8189,NA,NA,0.750106097087169
"CHAMPS","gbql_0.5",0.2,NA,"batch8",8190,NA,NA,0.778831126611768
"CHAMPS","gbql_0.5",0.2,NA,"batch8",8191,NA,NA,0.751267640782282
"CHAMPS","gbql_0.5",0.2,NA,"batch8",8192,NA,NA,0.758662730715538
"CHAMPS","gbql_0.5",0.2,NA,"batch8",8193,NA,NA,0.794622009707047
"CHAMPS","gbql_0.5",0.2,NA,"batch8",8194,NA,NA,0.779407002308452
"CHAMPS","gbql_0.5",0.2,NA,"batch8",8195,NA,NA,0.785085186182714
"CHAMPS","gbql_0.5",0.2,NA,"batch8",8196,NA,NA,0.791736153687629
"CHAMPS","gbql_0.5",0.2,NA,"batch8",8197,NA,NA,0.743695904614809
"CHAMPS","gbql_0.5",0.2,NA,"batch8",8198,NA,NA,0.696680022076958
"CHAMPS","gbql_0.5",0.2,NA,"batch8",8199,NA,NA,0.753366088858433
"CHAMPS","gbql_0.5",0.2,NA,"batch8",8200,NA,NA,0.789548761063055
"CHAMPS","gbql_0.5",0.2,NA,"batch8",8201,NA,NA,0.769574868064108
"CHAMPS","gbql_0.5",0.2,NA,"batch8",8202,NA,NA,0.741055540703264
"CHAMPS","gbql_0.5",0.2,NA,"batch8",8203,NA,NA,0.801394255868481
"CHAMPS","gbql_0.5",0.2,NA,"batch8",8204,NA,NA,0.74399421683133
"CHAMPS","gbql_0.5",0.2,NA,"batch8",8205,NA,NA,0.728506715211491
"CHAMPS","gbql_0.5",0.2,NA,"batch8",8206,NA,NA,0.799525782747254
"CHAMPS","gbql_0.5",0.2,NA,"batch8",8207,NA,NA,0.764540182869755
"CHAMPS","gbql_0.5",0.2,NA,"batch8",8208,NA,NA,0.776442557394462
"CHAMPS","gbql_0.5",0.2,NA,"batch8",8209,NA,NA,0.7983973209469
"CHAMPS","gbql_0.5",0.2,NA,"batch8",8210,NA,NA,0.783508982696933
"CHAMPS","gbql_0.5",0.2,NA,"batch8",8211,NA,NA,0.776697199798228
"CHAMPS","gbql_0.5",0.2,NA,"batch8",8212,NA,NA,0.771352134504509
"CHAMPS","gbql_0.5",0.2,NA,"batch8",8213,NA,NA,0.796855153465628
"CHAMPS","gbql_0.5",0.2,NA,"batch8",8214,NA,NA,0.758951411357859
"CHAMPS","gbql_0.5",0.2,NA,"batch8",8215,NA,NA,0.750791335885893
"CHAMPS","gbql_0.5",0.2,NA,"batch8",8216,NA,NA,0.801083037981932
"CHAMPS","gbql_0.5",0.2,NA,"batch8",8217,NA,NA,0.774997504903429
"CHAMPS","gbql_0.5",0.2,NA,"batch8",8218,NA,NA,0.747989308010577
"CHAMPS","gbql_0.5",0.2,NA,"batch8",8219,NA,NA,0.800599714296599
"CHAMPS","gbql_0.5",0.2,NA,"batch8",8220,NA,NA,0.73216745238855
"CHAMPS","gbql_0.5",0.2,NA,"batch8",8221,NA,NA,0.786429619723607
"CHAMPS","gbql_0.5",0.2,NA,"batch8",8222,NA,NA,0.754358660061816
"CHAMPS","gbql_0.5",0.2,NA,"batch8",8223,NA,NA,0.767455283903759
"CHAMPS","gbql_0.5",0.2,NA,"batch8",8224,NA,NA,0.756052393301552
"CHAMPS","gbql_0.5",0.2,NA,"batch8",8225,NA,NA,0.752737605941729
"CHAMPS","gbql_0.5",0.2,NA,"batch8",8226,NA,NA,0.758919024601428
"CHAMPS","gbql_0.5",0.2,NA,"batch8",8227,NA,NA,0.731413390367746
"CHAMPS","gbql_0.5",0.2,NA,"batch8",8228,NA,NA,0.756951051143537
"CHAMPS","gbql_0.5",0.2,NA,"batch8",8229,NA,NA,0.769521295700715
"CHAMPS","gbql_0.5",0.2,NA,"batch8",8230,NA,NA,0.739416356738967
"CHAMPS","gbql_0.5",0.2,NA,"batch8",8231,NA,NA,0.779375106793839
"CHAMPS","gbql_0.5",0.2,NA,"batch8",8232,NA,NA,0.748902438600638
"CHAMPS","gbql_0.5",0.2,NA,"batch8",8233,NA,NA,0.748743550416609
"CHAMPS","gbql_0.5",0.2,NA,"batch8",8234,NA,NA,0.784138590455771
"CHAMPS","gbql_0.5",0.2,NA,"batch8",8235,NA,NA,0.796221848799782
"CHAMPS","gbql_0.5",0.2,NA,"batch8",8236,NA,NA,0.747582286055977
"CHAMPS","gbql_0.5",0.2,NA,"batch8",8237,NA,NA,0.798151153608932
"CHAMPS","gbql_0.5",0.2,NA,"batch8",8238,NA,NA,0.784696952778645
"CHAMPS","gbql_0.5",0.2,NA,"batch8",8239,NA,NA,0.765720115256724
"CHAMPS","gbql_0.5",0.2,NA,"batch8",8240,NA,NA,0.776066300244467
"CHAMPS","gbql_0.5",0.2,NA,"batch8",8241,NA,NA,0.758899327035316
"CHAMPS","gbql_0.5",0.2,NA,"batch8",8242,NA,NA,0.774333650574602
"CHAMPS","gbql_0.5",0.2,NA,"batch8",8243,NA,NA,0.797224131745937
"CHAMPS","gbql_0.5",0.2,NA,"batch8",8244,NA,NA,0.777081306531634
"CHAMPS","gbql_0.5",0.2,NA,"batch8",8245,NA,NA,0.765576242645625
"CHAMPS","gbql_0.5",0.2,NA,"batch8",8246,NA,NA,0.725946537649454
"CHAMPS","gbql_0.5",0.2,NA,"batch8",8247,NA,NA,0.779299734333287
"CHAMPS","gbql_0.5",0.2,NA,"batch8",8248,NA,NA,0.766335850802461
"CHAMPS","gbql_0.5",0.2,NA,"batch8",8249,NA,NA,0.771586433851359
"CHAMPS","gbql_0.5",0.2,NA,"batch8",8250,NA,NA,0.794380505094253
"CHAMPS","gbql_0.5",0.2,NA,"batch8",8251,NA,NA,0.791105679787158
"CHAMPS","gbql_0.5",0.2,NA,"batch8",8252,NA,NA,0.791041608120773
"CHAMPS","gbql_0.5",0.2,NA,"batch8",8253,NA,NA,0.76990248500533
"CHAMPS","gbql_0.5",0.2,NA,"batch8",8254,NA,NA,0.775067129923176
"CHAMPS","gbql_0.5",0.2,NA,"batch8",8255,NA,NA,0.796583529940615
"CHAMPS","gbql_0.5",0.2,NA,"batch8",8256,NA,NA,0.75581011964121
"CHAMPS","gbql_0.5",0.2,NA,"batch8",8257,NA,NA,0.720775073984691
"CHAMPS","gbql_0.5",0.2,NA,"batch8",8258,NA,NA,0.751053845224486
"CHAMPS","gbql_0.5",0.2,NA,"batch8",8259,NA,NA,0.740295590679245
"CHAMPS","gbql_0.5",0.2,NA,"batch8",8260,NA,NA,0.780498650373161
"CHAMPS","gbql_0.5",0.2,NA,"batch8",8261,NA,NA,0.744012192865992
"CHAMPS","gbql_0.5",0.2,NA,"batch8",8262,NA,NA,0.78161712907997
"CHAMPS","gbql_0.5",0.2,NA,"batch8",8263,NA,NA,0.760154514172705
"CHAMPS","gbql_0.5",0.2,NA,"batch8",8264,NA,NA,0.768055485881755
"CHAMPS","gbql_0.5",0.2,NA,"batch8",8265,NA,NA,0.751289286445069
"CHAMPS","gbql_0.5",0.2,NA,"batch8",8266,NA,NA,0.771110821603539
"CHAMPS","gbql_0.5",0.2,NA,"batch8",8267,NA,NA,0.787515344524532
"CHAMPS","gbql_0.5",0.2,NA,"batch8",8268,NA,NA,0.727826662371117
"CHAMPS","gbql_0.5",0.2,NA,"batch8",8269,NA,NA,0.759726881921024
"CHAMPS","gbql_0.5",0.2,NA,"batch8",8270,NA,NA,0.74787844644978
"CHAMPS","gbql_0.5",0.2,NA,"batch8",8271,NA,NA,0.76759660115016
"CHAMPS","gbql_0.5",0.2,NA,"batch8",8272,NA,NA,0.747801599865822
"CHAMPS","gbql_0.5",0.2,NA,"batch8",8273,NA,NA,0.785998557055174
"CHAMPS","gbql_0.5",0.2,NA,"batch8",8274,NA,NA,0.792037778082363
"CHAMPS","gbql_0.5",0.2,NA,"batch8",8275,NA,NA,0.737815635447984
"CHAMPS","gbql_0.5",0.2,NA,"batch8",8276,NA,NA,0.752354671187469
"CHAMPS","gbql_0.5",0.2,NA,"batch8",8277,NA,NA,0.784915246477519
"CHAMPS","gbql_0.5",0.2,NA,"batch8",8278,NA,NA,0.760584501466712
"CHAMPS","gbql_0.5",0.2,NA,"batch8",8279,NA,NA,0.80226533591154
"CHAMPS","gbql_0.5",0.2,NA,"batch8",8280,NA,NA,0.770305559037407
"CHAMPS","gbql_0.5",0.2,NA,"batch8",8281,NA,NA,0.730558527290752
"CHAMPS","gbql_0.5",0.2,NA,"batch8",8282,NA,NA,0.784826080899695
"CHAMPS","gbql_0.5",0.2,NA,"batch8",8283,NA,NA,0.753185179398021
"CHAMPS","gbql_0.5",0.2,NA,"batch8",8284,NA,NA,0.735637862356968
"CHAMPS","gbql_0.5",0.2,NA,"batch8",8285,NA,NA,0.79985975284874
"CHAMPS","gbql_0.5",0.2,NA,"batch8",8286,NA,NA,0.745584063489321
"CHAMPS","gbql_0.5",0.2,NA,"batch8",8287,NA,NA,0.771398288993854
"CHAMPS","gbql_0.5",0.2,NA,"batch8",8288,NA,NA,0.770682510660212
"CHAMPS","gbql_0.5",0.2,NA,"batch8",8289,NA,NA,0.746503516727485
"CHAMPS","gbql_0.5",0.2,NA,"batch8",8290,NA,NA,0.768087139745147
"CHAMPS","gbql_0.5",0.2,NA,"batch8",8291,NA,NA,0.766868314537442
"CHAMPS","gbql_0.5",0.2,NA,"batch8",8292,NA,NA,0.763673249112287
"CHAMPS","gbql_0.5",0.2,NA,"batch8",8293,NA,NA,0.76222024617862
"CHAMPS","gbql_0.5",0.2,NA,"batch8",8294,NA,NA,0.78840997253287
"CHAMPS","gbql_0.5",0.2,NA,"batch8",8295,NA,NA,0.791551190081351
"CHAMPS","gbql_0.5",0.2,NA,"batch8",8296,NA,NA,0.751019322565759
"CHAMPS","gbql_0.5",0.2,NA,"batch8",8297,NA,NA,0.757343621168877
"CHAMPS","gbql_0.5",0.2,NA,"batch8",8298,NA,NA,0.781827134433468
"CHAMPS","gbql_0.5",0.2,NA,"batch8",8299,NA,NA,0.728186544187581
"CHAMPS","gbql_0.5",0.2,NA,"batch8",8300,NA,NA,0.773363602467236
"CHAMPS","gbql_0.5",0.2,NA,"batch8",8301,NA,NA,0.807016719516284
"CHAMPS","gbql_0.5",0.2,NA,"batch8",8302,NA,NA,0.703581747219614
"CHAMPS","gbql_0.5",0.2,NA,"batch8",8303,NA,NA,0.739043889422349
"CHAMPS","gbql_0.5",0.2,NA,"batch8",8304,NA,NA,0.731245627831067
"CHAMPS","gbql_0.5",0.2,NA,"batch8",8305,NA,NA,0.768082233016888
"CHAMPS","gbql_0.5",0.2,NA,"batch8",8306,NA,NA,0.779086719077476
"CHAMPS","gbql_0.5",0.2,NA,"batch8",8307,NA,NA,0.730168147853271
"CHAMPS","gbql_0.5",0.2,NA,"batch8",8308,NA,NA,0.752828329549601
"CHAMPS","gbql_0.5",0.2,NA,"batch8",8309,NA,NA,0.758418544393653
"CHAMPS","gbql_0.5",0.2,NA,"batch8",8310,NA,NA,0.736816473297528
"CHAMPS","gbql_0.5",0.2,NA,"batch8",8311,NA,NA,0.779280789128432
"CHAMPS","gbql_0.5",0.2,NA,"batch8",8312,NA,NA,0.778254370086871
"CHAMPS","gbql_0.5",0.2,NA,"batch8",8313,NA,NA,0.781662537051208
"CHAMPS","gbql_0.5",0.2,NA,"batch8",8314,NA,NA,0.775005471054313
"CHAMPS","gbql_0.5",0.2,NA,"batch8",8315,NA,NA,0.75085620941005
"CHAMPS","gbql_0.5",0.2,NA,"batch8",8316,NA,NA,0.744628756210051
"CHAMPS","gbql_0.5",0.2,NA,"batch8",8317,NA,NA,0.774580493490378
"CHAMPS","gbql_0.5",0.2,NA,"batch8",8318,NA,NA,0.749871442218139
"CHAMPS","gbql_0.5",0.2,NA,"batch8",8319,NA,NA,0.751356216647657
"CHAMPS","gbql_0.5",0.2,NA,"batch8",8320,NA,NA,0.749420485286911
"CHAMPS","gbql_0.5",0.2,NA,"batch8",8321,NA,NA,0.75512068310164
"CHAMPS","gbql_0.5",0.2,NA,"batch8",8322,NA,NA,0.808121964904883
"CHAMPS","gbql_0.5",0.2,NA,"batch8",8323,NA,NA,0.763787677013694
"CHAMPS","gbql_0.5",0.2,NA,"batch8",8324,NA,NA,0.732930179335268
"CHAMPS","gbql_0.5",0.2,NA,"batch8",8325,NA,NA,0.7864331543142
"CHAMPS","gbql_0.5",0.2,NA,"batch8",8326,NA,NA,0.790126683234529
"CHAMPS","gbql_0.5",0.2,NA,"batch8",8327,NA,NA,0.79444135866322
"CHAMPS","gbql_0.5",0.2,NA,"batch8",8328,NA,NA,0.772751616089232
"CHAMPS","gbql_0.5",0.2,NA,"batch8",8329,NA,NA,0.802690636910206
"CHAMPS","gbql_0.5",0.2,NA,"batch8",8330,NA,NA,0.787176381210157
"CHAMPS","gbql_0.5",0.2,NA,"batch8",8331,NA,NA,0.756124522295676
"CHAMPS","gbql_0.5",0.2,NA,"batch8",8332,NA,NA,0.775947072625872
"CHAMPS","gbql_0.5",0.2,NA,"batch8",8333,NA,NA,0.773919517722658
"CHAMPS","gbql_0.5",0.2,NA,"batch8",8334,NA,NA,0.791847564820531
"CHAMPS","gbql_0.5",0.2,NA,"batch8",8335,NA,NA,0.780325222107687
"CHAMPS","gbql_0.5",0.2,NA,"batch8",8336,NA,NA,0.758578720341102
"CHAMPS","gbql_0.5",0.2,NA,"batch8",8337,NA,NA,0.752969820569527
"CHAMPS","gbql_0.5",0.2,NA,"batch8",8338,NA,NA,0.737457478416344
"CHAMPS","gbql_0.5",0.2,NA,"batch8",8339,NA,NA,0.807859922780571
"CHAMPS","gbql_0.5",0.2,NA,"batch8",8340,NA,NA,0.758497220135442
"CHAMPS","gbql_0.5",0.2,NA,"batch8",8341,NA,NA,0.744940026197345
"CHAMPS","gbql_0.5",0.2,NA,"batch8",8342,NA,NA,0.752824191283018
"CHAMPS","gbql_0.5",0.2,NA,"batch8",8343,NA,NA,0.768191585761996
"CHAMPS","gbql_0.5",0.2,NA,"batch8",8344,NA,NA,0.741368404431278
"CHAMPS","gbql_0.5",0.2,NA,"batch8",8345,NA,NA,0.782818245489428
"CHAMPS","gbql_0.5",0.2,NA,"batch8",8346,NA,NA,0.78099216672277
"CHAMPS","gbql_0.5",0.2,NA,"batch8",8347,NA,NA,0.754287767417498
"CHAMPS","gbql_0.5",0.2,NA,"batch8",8348,NA,NA,0.727959176160673
"CHAMPS","gbql_0.5",0.2,NA,"batch8",8349,NA,NA,0.769877142809092
"CHAMPS","gbql_0.5",0.2,NA,"batch8",8350,NA,NA,0.801822421455121
"CHAMPS","gbql_0.5",0.2,NA,"batch8",8351,NA,NA,0.760418726133399
"CHAMPS","gbql_0.5",0.2,NA,"batch8",8352,NA,NA,0.756175098666548
"CHAMPS","gbql_0.5",0.2,NA,"batch8",8353,NA,NA,0.760999567252796
"CHAMPS","gbql_0.5",0.2,NA,"batch8",8354,NA,NA,0.748410027104426
"CHAMPS","gbql_0.5",0.2,NA,"batch8",8355,NA,NA,0.767974543839108
"CHAMPS","gbql_0.5",0.2,NA,"batch8",8356,NA,NA,0.72865679200306
"CHAMPS","gbql_0.5",0.2,NA,"batch8",8357,NA,NA,0.790341656550272
"CHAMPS","gbql_0.5",0.2,NA,"batch8",8358,NA,NA,0.739794257302977
"CHAMPS","gbql_0.5",0.2,NA,"batch8",8359,NA,NA,0.742913343102893
"CHAMPS","gbql_0.5",0.2,NA,"batch8",8360,NA,NA,0.754013822657455
"CHAMPS","gbql_0.5",0.2,NA,"batch8",8361,NA,NA,0.764371173473013
"CHAMPS","gbql_0.5",0.2,NA,"batch8",8362,NA,NA,0.792739031633403
"CHAMPS","gbql_0.5",0.2,NA,"batch8",8363,NA,NA,0.746237679625968
"CHAMPS","gbql_0.5",0.2,NA,"batch8",8364,NA,NA,0.728279185450323
"CHAMPS","gbql_0.5",0.2,NA,"batch8",8365,NA,NA,0.726413042246471
"CHAMPS","gbql_0.5",0.2,NA,"batch8",8366,NA,NA,0.756470415088026
"CHAMPS","gbql_0.5",0.2,NA,"batch8",8367,NA,NA,0.780786871536855
"CHAMPS","gbql_0.5",0.2,NA,"batch8",8368,NA,NA,0.79342014434394
"CHAMPS","gbql_0.5",0.2,NA,"batch8",8369,NA,NA,0.745153193735126
"CHAMPS","gbql_0.5",0.2,NA,"batch8",8370,NA,NA,0.739767082134383
"CHAMPS","gbql_0.5",0.2,NA,"batch8",8371,NA,NA,0.746569896502224
"CHAMPS","gbql_0.5",0.2,NA,"batch8",8372,NA,NA,0.776541744140437
"CHAMPS","gbql_0.5",0.2,NA,"batch8",8373,NA,NA,0.807488145779006
"CHAMPS","gbql_0.5",0.2,NA,"batch8",8374,NA,NA,0.733753542195259
"CHAMPS","gbql_0.5",0.2,NA,"batch8",8375,NA,NA,0.741033473229511
"CHAMPS","gbql_0.5",0.2,NA,"batch8",8376,NA,NA,0.778414669350173
"CHAMPS","gbql_0.5",0.2,NA,"batch8",8377,NA,NA,0.73126026121882
"CHAMPS","gbql_0.5",0.2,NA,"batch8",8378,NA,NA,0.744652982927141
"CHAMPS","gbql_0.5",0.2,NA,"batch8",8379,NA,NA,0.787204537783718
"CHAMPS","gbql_0.5",0.2,NA,"batch8",8380,NA,NA,0.753999663429339
"CHAMPS","gbql_0.5",0.2,NA,"batch8",8381,NA,NA,0.808071463386038
"CHAMPS","gbql_0.5",0.2,NA,"batch8",8382,NA,NA,0.774991764186323
"CHAMPS","gbql_0.5",0.2,NA,"batch8",8383,NA,NA,0.770845334980703
"CHAMPS","gbql_0.5",0.2,NA,"batch8",8384,NA,NA,0.775547552510164
"CHAMPS","gbql_0.5",0.2,NA,"batch8",8385,NA,NA,0.780386660792727
"CHAMPS","gbql_0.5",0.2,NA,"batch8",8386,NA,NA,0.739391071050764
"CHAMPS","gbql_0.5",0.2,NA,"batch8",8387,NA,NA,0.747817233220145
"CHAMPS","gbql_0.5",0.2,NA,"batch8",8388,NA,NA,0.742176460278686
"CHAMPS","gbql_0.5",0.2,NA,"batch8",8389,NA,NA,0.787267463201771
"CHAMPS","gbql_0.5",0.2,NA,"batch8",8390,NA,NA,0.788039141349705
"CHAMPS","gbql_0.5",0.2,NA,"batch8",8391,NA,NA,0.731528069832626
"CHAMPS","gbql_0.5",0.2,NA,"batch8",8392,NA,NA,0.780020026556946
"CHAMPS","gbql_0.5",0.2,NA,"batch8",8393,NA,NA,0.795034824915452
"CHAMPS","gbql_0.5",0.2,NA,"batch8",8394,NA,NA,0.774616873149106
"CHAMPS","gbql_0.5",0.2,NA,"batch8",8395,NA,NA,0.741442196280732
"CHAMPS","gbql_0.5",0.2,NA,"batch8",8396,NA,NA,0.763460323723346
"CHAMPS","gbql_0.5",0.2,NA,"batch8",8397,NA,NA,0.776538233650392
"CHAMPS","gbql_0.5",0.2,NA,"batch8",8398,NA,NA,0.750193221015265
"CHAMPS","gbql_0.5",0.2,NA,"batch8",8399,NA,NA,0.780572541032095
"CHAMPS","gbql_0.5",0.2,NA,"batch8",8400,NA,NA,0.76585015157153
"CHAMPS","gbql_0.5",0.2,NA,"batch8",8401,NA,NA,0.746317796749384
"CHAMPS","gbql_0.5",0.2,NA,"batch8",8402,NA,NA,0.800404619534554
"CHAMPS","gbql_0.5",0.2,NA,"batch8",8403,NA,NA,0.757508962083796
"CHAMPS","gbql_0.5",0.2,NA,"batch8",8404,NA,NA,0.795505586496083
"CHAMPS","gbql_0.5",0.2,NA,"batch8",8405,NA,NA,0.797783880858727
"CHAMPS","gbql_0.5",0.2,NA,"batch8",8406,NA,NA,0.741485291402406
"CHAMPS","gbql_0.5",0.2,NA,"batch8",8407,NA,NA,0.761665787468392
"CHAMPS","gbql_0.5",0.2,NA,"batch8",8408,NA,NA,0.769030054680963
"CHAMPS","gbql_0.5",0.2,NA,"batch8",8409,NA,NA,0.769453035043979
"CHAMPS","gbql_0.5",0.2,NA,"batch8",8410,NA,NA,0.742801921246558
"CHAMPS","gbql_0.5",0.2,NA,"batch8",8411,NA,NA,0.73916840772037
"CHAMPS","gbql_0.5",0.2,NA,"batch8",8412,NA,NA,0.761804076964395
"CHAMPS","gbql_0.5",0.2,NA,"batch8",8413,NA,NA,0.762082996863473
"CHAMPS","gbql_0.5",0.2,NA,"batch8",8414,NA,NA,0.690406847578066
"CHAMPS","gbql_0.5",0.2,NA,"batch8",8415,NA,NA,0.799779229324655
"CHAMPS","gbql_0.5",0.2,NA,"batch8",8416,NA,NA,0.76140681022419
"CHAMPS","gbql_0.5",0.2,NA,"batch8",8417,NA,NA,0.802941705253759
"CHAMPS","gbql_0.5",0.2,NA,"batch8",8418,NA,NA,0.776823619214333
"CHAMPS","gbql_0.5",0.2,NA,"batch8",8419,NA,NA,0.766266961474475
"CHAMPS","gbql_0.5",0.2,NA,"batch8",8420,NA,NA,0.756191646987054
"CHAMPS","gbql_0.5",0.2,NA,"batch8",8421,NA,NA,0.780027734541359
"CHAMPS","gbql_0.5",0.2,NA,"batch8",8422,NA,NA,0.80260588314291
"CHAMPS","gbql_0.5",0.2,NA,"batch8",8423,NA,NA,0.779913261172311
"CHAMPS","gbql_0.5",0.2,NA,"batch8",8424,NA,NA,0.729163605486893
"CHAMPS","gbql_0.5",0.2,NA,"batch8",8425,NA,NA,0.75399240295432
"CHAMPS","gbql_0.5",0.2,NA,"batch8",8426,NA,NA,0.738429720425186
"CHAMPS","gbql_0.5",0.2,NA,"batch8",8427,NA,NA,0.776674959395946
"CHAMPS","gbql_0.5",0.2,NA,"batch8",8428,NA,NA,0.767667601255351
"CHAMPS","gbql_0.5",0.2,NA,"batch8",8429,NA,NA,0.805574097368526
"CHAMPS","gbql_0.5",0.2,NA,"batch8",8430,NA,NA,0.719908599990851
"CHAMPS","gbql_0.5",0.2,NA,"batch8",8431,NA,NA,0.781118132421736
"CHAMPS","gbql_0.5",0.2,NA,"batch8",8432,NA,NA,0.795066502250517
"CHAMPS","gbql_0.5",0.2,NA,"batch8",8433,NA,NA,0.716016338591492
"CHAMPS","gbql_0.5",0.2,NA,"batch8",8434,NA,NA,0.739927154449754
"CHAMPS","gbql_0.5",0.2,NA,"batch8",8435,NA,NA,0.744391705839706
"CHAMPS","gbql_0.5",0.2,NA,"batch8",8436,NA,NA,0.758695403447796
"CHAMPS","gbql_0.5",0.2,NA,"batch8",8437,NA,NA,0.75647029315226
"CHAMPS","gbql_0.5",0.2,NA,"batch8",8438,NA,NA,0.777997349954657
"CHAMPS","gbql_0.5",0.2,NA,"batch8",8439,NA,NA,0.756300465583124
"CHAMPS","gbql_0.5",0.2,NA,"batch8",8440,NA,NA,0.707494361573366
"CHAMPS","gbql_0.5",0.2,NA,"batch8",8441,NA,NA,0.785634176613764
"CHAMPS","gbql_0.5",0.2,NA,"batch8",8442,NA,NA,0.764811531317805
"CHAMPS","gbql_0.5",0.2,NA,"batch8",8443,NA,NA,0.768635440271533
"CHAMPS","gbql_0.5",0.2,NA,"batch8",8444,NA,NA,0.791814435088457
"CHAMPS","gbql_0.5",0.2,NA,"batch8",8445,NA,NA,0.794522029804409
"CHAMPS","gbql_0.5",0.2,NA,"batch8",8446,NA,NA,0.789598985107903
"CHAMPS","gbql_0.5",0.2,NA,"batch8",8447,NA,NA,0.72286836161465
"CHAMPS","gbql_0.5",0.2,NA,"batch8",8448,NA,NA,0.792272038841187
"CHAMPS","gbql_0.5",0.2,NA,"batch8",8449,NA,NA,0.762158016557476
"CHAMPS","gbql_0.5",0.2,NA,"batch8",8450,NA,NA,0.806074333996831
"CHAMPS","gbql_0.5",0.2,NA,"batch8",8451,NA,NA,0.768303892288669
"CHAMPS","gbql_0.5",0.2,NA,"batch8",8452,NA,NA,0.779686742192654
"CHAMPS","gbql_0.5",0.2,NA,"batch8",8453,NA,NA,0.788952650967799
"CHAMPS","gbql_0.5",0.2,NA,"batch8",8454,NA,NA,0.786092577111221
"CHAMPS","gbql_0.5",0.2,NA,"batch8",8455,NA,NA,0.755285043503005
"CHAMPS","gbql_0.5",0.2,NA,"batch8",8456,NA,NA,0.759993243888903
"CHAMPS","gbql_0.5",0.2,NA,"batch8",8457,NA,NA,0.772255924631671
"CHAMPS","gbql_0.5",0.2,NA,"batch8",8458,NA,NA,0.769786305339205
"CHAMPS","gbql_0.5",0.2,NA,"batch8",8459,NA,NA,0.776839175670708
"CHAMPS","gbql_0.5",0.2,NA,"batch8",8460,NA,NA,0.730009457067434
"CHAMPS","gbql_0.5",0.2,NA,"batch8",8461,NA,NA,0.762448255372148
"CHAMPS","gbql_0.5",0.2,NA,"batch8",8462,NA,NA,0.745544339831589
"CHAMPS","gbql_0.5",0.2,NA,"batch8",8463,NA,NA,0.769903793482585
"CHAMPS","gbql_0.5",0.2,NA,"batch8",8464,NA,NA,0.801034807334932
"CHAMPS","gbql_0.5",0.2,NA,"batch8",8465,NA,NA,0.747475741975582
"CHAMPS","gbql_0.5",0.2,NA,"batch8",8466,NA,NA,0.78094584730342
"CHAMPS","gbql_0.5",0.2,NA,"batch8",8467,NA,NA,0.778836688867083
"CHAMPS","gbql_0.5",0.2,NA,"batch8",8468,NA,NA,0.768433756646046
"CHAMPS","gbql_0.5",0.2,NA,"batch8",8469,NA,NA,0.73468235403161
"CHAMPS","gbql_0.5",0.2,NA,"batch8",8470,NA,NA,0.752852045688596
"CHAMPS","gbql_0.5",0.2,NA,"batch8",8471,NA,NA,0.796623732528649
"CHAMPS","gbql_0.5",0.2,NA,"batch8",8472,NA,NA,0.793631709603209
"CHAMPS","gbql_0.5",0.2,NA,"batch8",8473,NA,NA,0.771441358096082
"CHAMPS","gbql_0.5",0.2,NA,"batch8",8474,NA,NA,0.774289085141621
"CHAMPS","gbql_0.5",0.2,NA,"batch8",8475,NA,NA,0.783605708062294
"CHAMPS","gbql_0.5",0.2,NA,"batch8",8476,NA,NA,0.798616936467662
"CHAMPS","gbql_0.5",0.2,NA,"batch8",8477,NA,NA,0.766154055698308
"CHAMPS","gbql_0.5",0.2,NA,"batch8",8478,NA,NA,0.804403723678165
"CHAMPS","gbql_0.5",0.2,NA,"batch8",8479,NA,NA,0.796080696031767
"CHAMPS","gbql_0.5",0.2,NA,"batch8",8480,NA,NA,0.74680679049244
"CHAMPS","gbql_0.5",0.2,NA,"batch8",8481,NA,NA,0.752767503288673
"CHAMPS","gbql_0.5",0.2,NA,"batch8",8482,NA,NA,0.741413141316728
"CHAMPS","gbql_0.5",0.2,NA,"batch8",8483,NA,NA,0.795092627338764
"CHAMPS","gbql_0.5",0.2,NA,"batch8",8484,NA,NA,0.755036534344968
"CHAMPS","gbql_0.5",0.2,NA,"batch8",8485,NA,NA,0.759560368345401
"CHAMPS","gbql_0.5",0.2,NA,"batch8",8486,NA,NA,0.75552854019583
"CHAMPS","gbql_0.5",0.2,NA,"batch8",8487,NA,NA,0.804116460181078
"CHAMPS","gbql_0.5",0.2,NA,"batch8",8488,NA,NA,0.794358671683024
"CHAMPS","gbql_0.5",0.2,NA,"batch8",8489,NA,NA,0.799852148230263
"CHAMPS","gbql_0.5",0.2,NA,"batch8",8490,NA,NA,0.747139805066754
"CHAMPS","gbql_0.5",0.2,NA,"batch8",8491,NA,NA,0.775104139905448
"CHAMPS","gbql_0.5",0.2,NA,"batch8",8492,NA,NA,0.769632366551285
"CHAMPS","gbql_0.5",0.2,NA,"batch8",8493,NA,NA,0.744114119123782
"CHAMPS","gbql_0.5",0.2,NA,"batch8",8494,NA,NA,0.785914723889861
"CHAMPS","gbql_0.5",0.2,NA,"batch8",8495,NA,NA,0.764643365670274
"CHAMPS","gbql_0.5",0.2,NA,"batch8",8496,NA,NA,0.794675408473361
"CHAMPS","gbql_0.5",0.2,NA,"batch8",8497,NA,NA,0.78882758903668
"CHAMPS","gbql_0.5",0.2,NA,"batch8",8498,NA,NA,0.76649574459282
"CHAMPS","gbql_0.5",0.2,NA,"batch8",8499,NA,NA,0.783269541706622
"CHAMPS","gbql_0.5",0.2,NA,"batch8",8500,NA,NA,0.764470662402279
"CHAMPS","gbql_0.5",0.4,NA,"batch8",8001,NA,NA,0.809132453249494
"CHAMPS","gbql_0.5",0.4,NA,"batch8",8002,NA,NA,0.805479280553868
"CHAMPS","gbql_0.5",0.4,NA,"batch8",8003,NA,NA,0.796196228900832
"CHAMPS","gbql_0.5",0.4,NA,"batch8",8004,NA,NA,0.779727620466978
"CHAMPS","gbql_0.5",0.4,NA,"batch8",8005,NA,NA,0.77349785276762
"CHAMPS","gbql_0.5",0.4,NA,"batch8",8006,NA,NA,0.778264679621445
"CHAMPS","gbql_0.5",0.4,NA,"batch8",8007,NA,NA,0.798606478072203
"CHAMPS","gbql_0.5",0.4,NA,"batch8",8008,NA,NA,0.808712282544543
"CHAMPS","gbql_0.5",0.4,NA,"batch8",8009,NA,NA,0.781507852000111
"CHAMPS","gbql_0.5",0.4,NA,"batch8",8010,NA,NA,0.792191838989047
"CHAMPS","gbql_0.5",0.4,NA,"batch8",8011,NA,NA,0.770303261641359
"CHAMPS","gbql_0.5",0.4,NA,"batch8",8012,NA,NA,0.826712813638171
"CHAMPS","gbql_0.5",0.4,NA,"batch8",8013,NA,NA,0.814556944466287
"CHAMPS","gbql_0.5",0.4,NA,"batch8",8014,NA,NA,0.823588215559366
"CHAMPS","gbql_0.5",0.4,NA,"batch8",8015,NA,NA,0.784316686906083
"CHAMPS","gbql_0.5",0.4,NA,"batch8",8016,NA,NA,0.806534123048247
"CHAMPS","gbql_0.5",0.4,NA,"batch8",8017,NA,NA,0.80892347767277
"CHAMPS","gbql_0.5",0.4,NA,"batch8",8018,NA,NA,0.811347559272807
"CHAMPS","gbql_0.5",0.4,NA,"batch8",8019,NA,NA,0.808189402203564
"CHAMPS","gbql_0.5",0.4,NA,"batch8",8020,NA,NA,0.768288681392013
"CHAMPS","gbql_0.5",0.4,NA,"batch8",8021,NA,NA,0.827007820090521
"CHAMPS","gbql_0.5",0.4,NA,"batch8",8022,NA,NA,0.803835298888141
"CHAMPS","gbql_0.5",0.4,NA,"batch8",8023,NA,NA,0.789069857251964
"CHAMPS","gbql_0.5",0.4,NA,"batch8",8024,NA,NA,0.8165544556382
"CHAMPS","gbql_0.5",0.4,NA,"batch8",8025,NA,NA,0.808585844914411
"CHAMPS","gbql_0.5",0.4,NA,"batch8",8026,NA,NA,0.828282665923666
"CHAMPS","gbql_0.5",0.4,NA,"batch8",8027,NA,NA,0.838127076730685
"CHAMPS","gbql_0.5",0.4,NA,"batch8",8028,NA,NA,0.780479819048837
"CHAMPS","gbql_0.5",0.4,NA,"batch8",8029,NA,NA,0.812346293634295
"CHAMPS","gbql_0.5",0.4,NA,"batch8",8030,NA,NA,0.810127704932724
"CHAMPS","gbql_0.5",0.4,NA,"batch8",8031,NA,NA,0.771443950558134
"CHAMPS","gbql_0.5",0.4,NA,"batch8",8032,NA,NA,0.799825536167132
"CHAMPS","gbql_0.5",0.4,NA,"batch8",8033,NA,NA,0.819640919801795
"CHAMPS","gbql_0.5",0.4,NA,"batch8",8034,NA,NA,0.802054796438999
"CHAMPS","gbql_0.5",0.4,NA,"batch8",8035,NA,NA,0.77042340146179
"CHAMPS","gbql_0.5",0.4,NA,"batch8",8036,NA,NA,0.821303461967501
"CHAMPS","gbql_0.5",0.4,NA,"batch8",8037,NA,NA,0.819718050979699
"CHAMPS","gbql_0.5",0.4,NA,"batch8",8038,NA,NA,0.814634902960988
"CHAMPS","gbql_0.5",0.4,NA,"batch8",8039,NA,NA,0.798366387649531
"CHAMPS","gbql_0.5",0.4,NA,"batch8",8040,NA,NA,0.8018503192113
"CHAMPS","gbql_0.5",0.4,NA,"batch8",8041,NA,NA,0.840455187483865
"CHAMPS","gbql_0.5",0.4,NA,"batch8",8042,NA,NA,0.838363814075307
"CHAMPS","gbql_0.5",0.4,NA,"batch8",8043,NA,NA,0.783339752327605
"CHAMPS","gbql_0.5",0.4,NA,"batch8",8044,NA,NA,0.824384661055369
"CHAMPS","gbql_0.5",0.4,NA,"batch8",8045,NA,NA,0.775126766910734
"CHAMPS","gbql_0.5",0.4,NA,"batch8",8046,NA,NA,0.807650928510408
"CHAMPS","gbql_0.5",0.4,NA,"batch8",8047,NA,NA,0.809753856939797
"CHAMPS","gbql_0.5",0.4,NA,"batch8",8048,NA,NA,0.786564782833622
"CHAMPS","gbql_0.5",0.4,NA,"batch8",8049,NA,NA,0.817381678820301
"CHAMPS","gbql_0.5",0.4,NA,"batch8",8050,NA,NA,0.78384543735473
"CHAMPS","gbql_0.5",0.4,NA,"batch8",8051,NA,NA,0.830505629872043
"CHAMPS","gbql_0.5",0.4,NA,"batch8",8052,NA,NA,0.819598222207972
"CHAMPS","gbql_0.5",0.4,NA,"batch8",8053,NA,NA,0.829279751625851
"CHAMPS","gbql_0.5",0.4,NA,"batch8",8054,NA,NA,0.816097941464718
"CHAMPS","gbql_0.5",0.4,NA,"batch8",8055,NA,NA,0.836930026166004
"CHAMPS","gbql_0.5",0.4,NA,"batch8",8056,NA,NA,0.795479480561408
"CHAMPS","gbql_0.5",0.4,NA,"batch8",8057,NA,NA,0.787191174513421
"CHAMPS","gbql_0.5",0.4,NA,"batch8",8058,NA,NA,0.821798582370771
"CHAMPS","gbql_0.5",0.4,NA,"batch8",8059,NA,NA,0.818475690607774
"CHAMPS","gbql_0.5",0.4,NA,"batch8",8060,NA,NA,0.795965092206319
"CHAMPS","gbql_0.5",0.4,NA,"batch8",8061,NA,NA,0.801303461783898
"CHAMPS","gbql_0.5",0.4,NA,"batch8",8062,NA,NA,0.807145785115455
"CHAMPS","gbql_0.5",0.4,NA,"batch8",8063,NA,NA,0.810632194477429
"CHAMPS","gbql_0.5",0.4,NA,"batch8",8064,NA,NA,0.830136729285898
"CHAMPS","gbql_0.5",0.4,NA,"batch8",8065,NA,NA,0.830089699337462
"CHAMPS","gbql_0.5",0.4,NA,"batch8",8066,NA,NA,0.797600428377086
"CHAMPS","gbql_0.5",0.4,NA,"batch8",8067,NA,NA,0.807990832156276
"CHAMPS","gbql_0.5",0.4,NA,"batch8",8068,NA,NA,0.790689245111328
"CHAMPS","gbql_0.5",0.4,NA,"batch8",8069,NA,NA,0.799180594830512
"CHAMPS","gbql_0.5",0.4,NA,"batch8",8070,NA,NA,0.823329188811024
"CHAMPS","gbql_0.5",0.4,NA,"batch8",8071,NA,NA,0.77926119061898
"CHAMPS","gbql_0.5",0.4,NA,"batch8",8072,NA,NA,0.828628184353868
"CHAMPS","gbql_0.5",0.4,NA,"batch8",8073,NA,NA,0.830029616695994
"CHAMPS","gbql_0.5",0.4,NA,"batch8",8074,NA,NA,0.771454429748973
"CHAMPS","gbql_0.5",0.4,NA,"batch8",8075,NA,NA,0.792539293698044
"CHAMPS","gbql_0.5",0.4,NA,"batch8",8076,NA,NA,0.792577052582243
"CHAMPS","gbql_0.5",0.4,NA,"batch8",8077,NA,NA,0.780556022716016
"CHAMPS","gbql_0.5",0.4,NA,"batch8",8078,NA,NA,0.82464675914971
"CHAMPS","gbql_0.5",0.4,NA,"batch8",8079,NA,NA,0.802893091948618
"CHAMPS","gbql_0.5",0.4,NA,"batch8",8080,NA,NA,0.749047258272294
"CHAMPS","gbql_0.5",0.4,NA,"batch8",8081,NA,NA,0.828687387018177
"CHAMPS","gbql_0.5",0.4,NA,"batch8",8082,NA,NA,0.775570756487827
"CHAMPS","gbql_0.5",0.4,NA,"batch8",8083,NA,NA,0.815212847323988
"CHAMPS","gbql_0.5",0.4,NA,"batch8",8084,NA,NA,0.792181077210821
"CHAMPS","gbql_0.5",0.4,NA,"batch8",8085,NA,NA,0.782456905441482
"CHAMPS","gbql_0.5",0.4,NA,"batch8",8086,NA,NA,0.789202465937356
"CHAMPS","gbql_0.5",0.4,NA,"batch8",8087,NA,NA,0.810245289849468
"CHAMPS","gbql_0.5",0.4,NA,"batch8",8088,NA,NA,0.790564948360726
"CHAMPS","gbql_0.5",0.4,NA,"batch8",8089,NA,NA,0.796185163870163
"CHAMPS","gbql_0.5",0.4,NA,"batch8",8090,NA,NA,0.786121293418778
"CHAMPS","gbql_0.5",0.4,NA,"batch8",8091,NA,NA,0.808230617170364
"CHAMPS","gbql_0.5",0.4,NA,"batch8",8092,NA,NA,0.809810277556358
"CHAMPS","gbql_0.5",0.4,NA,"batch8",8093,NA,NA,0.812100141706599
"CHAMPS","gbql_0.5",0.4,NA,"batch8",8094,NA,NA,0.78619373963802
"CHAMPS","gbql_0.5",0.4,NA,"batch8",8095,NA,NA,0.775868414991187
"CHAMPS","gbql_0.5",0.4,NA,"batch8",8096,NA,NA,0.772664159823598
"CHAMPS","gbql_0.5",0.4,NA,"batch8",8097,NA,NA,0.800550789758597
"CHAMPS","gbql_0.5",0.4,NA,"batch8",8098,NA,NA,0.77486371433718
"CHAMPS","gbql_0.5",0.4,NA,"batch8",8099,NA,NA,0.776974472030132
"CHAMPS","gbql_0.5",0.4,NA,"batch8",8100,NA,NA,0.82614847212426
"CHAMPS","gbql_0.5",0.4,NA,"batch8",8101,NA,NA,0.760366386398791
"CHAMPS","gbql_0.5",0.4,NA,"batch8",8102,NA,NA,0.805003462798693
"CHAMPS","gbql_0.5",0.4,NA,"batch8",8103,NA,NA,0.788643836610007
"CHAMPS","gbql_0.5",0.4,NA,"batch8",8104,NA,NA,0.790724785263254
"CHAMPS","gbql_0.5",0.4,NA,"batch8",8105,NA,NA,0.810823901541569
"CHAMPS","gbql_0.5",0.4,NA,"batch8",8106,NA,NA,0.816593945216229
"CHAMPS","gbql_0.5",0.4,NA,"batch8",8107,NA,NA,0.807308421102151
"CHAMPS","gbql_0.5",0.4,NA,"batch8",8108,NA,NA,0.781627591849356
"CHAMPS","gbql_0.5",0.4,NA,"batch8",8109,NA,NA,0.829171154472006
"CHAMPS","gbql_0.5",0.4,NA,"batch8",8110,NA,NA,0.811324047462528
"CHAMPS","gbql_0.5",0.4,NA,"batch8",8111,NA,NA,0.788859516702912
"CHAMPS","gbql_0.5",0.4,NA,"batch8",8112,NA,NA,0.780564334734894
"CHAMPS","gbql_0.5",0.4,NA,"batch8",8113,NA,NA,0.808235147593456
"CHAMPS","gbql_0.5",0.4,NA,"batch8",8114,NA,NA,0.788390926563263
"CHAMPS","gbql_0.5",0.4,NA,"batch8",8115,NA,NA,0.838204623799471
"CHAMPS","gbql_0.5",0.4,NA,"batch8",8116,NA,NA,0.797176200414063
"CHAMPS","gbql_0.5",0.4,NA,"batch8",8117,NA,NA,0.787015656255117
"CHAMPS","gbql_0.5",0.4,NA,"batch8",8118,NA,NA,0.81306435946197
"CHAMPS","gbql_0.5",0.4,NA,"batch8",8119,NA,NA,0.78058697159463
"CHAMPS","gbql_0.5",0.4,NA,"batch8",8120,NA,NA,0.813961499357373
"CHAMPS","gbql_0.5",0.4,NA,"batch8",8121,NA,NA,0.731072241789851
"CHAMPS","gbql_0.5",0.4,NA,"batch8",8122,NA,NA,0.824821455782323
"CHAMPS","gbql_0.5",0.4,NA,"batch8",8123,NA,NA,0.809612193314133
"CHAMPS","gbql_0.5",0.4,NA,"batch8",8124,NA,NA,0.798328630005482
"CHAMPS","gbql_0.5",0.4,NA,"batch8",8125,NA,NA,0.79202626396142
"CHAMPS","gbql_0.5",0.4,NA,"batch8",8126,NA,NA,0.827463895149102
"CHAMPS","gbql_0.5",0.4,NA,"batch8",8127,NA,NA,0.79275130354885
"CHAMPS","gbql_0.5",0.4,NA,"batch8",8128,NA,NA,0.790493199328647
"CHAMPS","gbql_0.5",0.4,NA,"batch8",8129,NA,NA,0.792641428017985
"CHAMPS","gbql_0.5",0.4,NA,"batch8",8130,NA,NA,0.799187783560292
"CHAMPS","gbql_0.5",0.4,NA,"batch8",8131,NA,NA,0.837504936354697
"CHAMPS","gbql_0.5",0.4,NA,"batch8",8132,NA,NA,0.812742061421597
"CHAMPS","gbql_0.5",0.4,NA,"batch8",8133,NA,NA,0.804953613162931
"CHAMPS","gbql_0.5",0.4,NA,"batch8",8134,NA,NA,0.814146509970012
"CHAMPS","gbql_0.5",0.4,NA,"batch8",8135,NA,NA,0.783812329859286
"CHAMPS","gbql_0.5",0.4,NA,"batch8",8136,NA,NA,0.821131513660955
"CHAMPS","gbql_0.5",0.4,NA,"batch8",8137,NA,NA,0.804112598606865
"CHAMPS","gbql_0.5",0.4,NA,"batch8",8138,NA,NA,0.824038044975164
"CHAMPS","gbql_0.5",0.4,NA,"batch8",8139,NA,NA,0.795245826745621
"CHAMPS","gbql_0.5",0.4,NA,"batch8",8140,NA,NA,0.799181915392627
"CHAMPS","gbql_0.5",0.4,NA,"batch8",8141,NA,NA,0.758595181676055
"CHAMPS","gbql_0.5",0.4,NA,"batch8",8142,NA,NA,0.817686855835263
"CHAMPS","gbql_0.5",0.4,NA,"batch8",8143,NA,NA,0.754191375299724
"CHAMPS","gbql_0.5",0.4,NA,"batch8",8144,NA,NA,0.774210922655055
"CHAMPS","gbql_0.5",0.4,NA,"batch8",8145,NA,NA,0.760488058200595
"CHAMPS","gbql_0.5",0.4,NA,"batch8",8146,NA,NA,0.793546100149269
"CHAMPS","gbql_0.5",0.4,NA,"batch8",8147,NA,NA,0.793000351140484
"CHAMPS","gbql_0.5",0.4,NA,"batch8",8148,NA,NA,0.820900291495321
"CHAMPS","gbql_0.5",0.4,NA,"batch8",8149,NA,NA,0.806552713526479
"CHAMPS","gbql_0.5",0.4,NA,"batch8",8150,NA,NA,0.771728100207826
"CHAMPS","gbql_0.5",0.4,NA,"batch8",8151,NA,NA,0.781769834253482
"CHAMPS","gbql_0.5",0.4,NA,"batch8",8152,NA,NA,0.814397185451118
"CHAMPS","gbql_0.5",0.4,NA,"batch8",8153,NA,NA,0.831044292485679
"CHAMPS","gbql_0.5",0.4,NA,"batch8",8154,NA,NA,0.792372823923143
"CHAMPS","gbql_0.5",0.4,NA,"batch8",8155,NA,NA,0.823733981710574
"CHAMPS","gbql_0.5",0.4,NA,"batch8",8156,NA,NA,0.760764344580493
"CHAMPS","gbql_0.5",0.4,NA,"batch8",8157,NA,NA,0.761317308029028
"CHAMPS","gbql_0.5",0.4,NA,"batch8",8158,NA,NA,0.834000959170495
"CHAMPS","gbql_0.5",0.4,NA,"batch8",8159,NA,NA,0.821805457623711
"CHAMPS","gbql_0.5",0.4,NA,"batch8",8160,NA,NA,0.781673234104713
"CHAMPS","gbql_0.5",0.4,NA,"batch8",8161,NA,NA,0.813695092455904
"CHAMPS","gbql_0.5",0.4,NA,"batch8",8162,NA,NA,0.825103513578845
"CHAMPS","gbql_0.5",0.4,NA,"batch8",8163,NA,NA,0.798800001055843
"CHAMPS","gbql_0.5",0.4,NA,"batch8",8164,NA,NA,0.787393101610115
"CHAMPS","gbql_0.5",0.4,NA,"batch8",8165,NA,NA,0.784718590864444
"CHAMPS","gbql_0.5",0.4,NA,"batch8",8166,NA,NA,0.78763300846502
"CHAMPS","gbql_0.5",0.4,NA,"batch8",8167,NA,NA,0.817989677971948
"CHAMPS","gbql_0.5",0.4,NA,"batch8",8168,NA,NA,0.817713715432149
"CHAMPS","gbql_0.5",0.4,NA,"batch8",8169,NA,NA,0.800182861499305
"CHAMPS","gbql_0.5",0.4,NA,"batch8",8170,NA,NA,0.817230559641043
"CHAMPS","gbql_0.5",0.4,NA,"batch8",8171,NA,NA,0.780726034505077
"CHAMPS","gbql_0.5",0.4,NA,"batch8",8172,NA,NA,0.787997051883955
"CHAMPS","gbql_0.5",0.4,NA,"batch8",8173,NA,NA,0.823707193883036
"CHAMPS","gbql_0.5",0.4,NA,"batch8",8174,NA,NA,0.816960840382525
"CHAMPS","gbql_0.5",0.4,NA,"batch8",8175,NA,NA,0.813690440369088
"CHAMPS","gbql_0.5",0.4,NA,"batch8",8176,NA,NA,0.798648078713749
"CHAMPS","gbql_0.5",0.4,NA,"batch8",8177,NA,NA,0.804841204866347
"CHAMPS","gbql_0.5",0.4,NA,"batch8",8178,NA,NA,0.802188755655764
"CHAMPS","gbql_0.5",0.4,NA,"batch8",8179,NA,NA,0.79209821761185
"CHAMPS","gbql_0.5",0.4,NA,"batch8",8180,NA,NA,0.786783483647445
"CHAMPS","gbql_0.5",0.4,NA,"batch8",8181,NA,NA,0.77418337259915
"CHAMPS","gbql_0.5",0.4,NA,"batch8",8182,NA,NA,0.824694025877322
"CHAMPS","gbql_0.5",0.4,NA,"batch8",8183,NA,NA,0.828326897247722
"CHAMPS","gbql_0.5",0.4,NA,"batch8",8184,NA,NA,0.781586104251322
"CHAMPS","gbql_0.5",0.4,NA,"batch8",8185,NA,NA,0.804091059039088
"CHAMPS","gbql_0.5",0.4,NA,"batch8",8186,NA,NA,0.821200817813776
"CHAMPS","gbql_0.5",0.4,NA,"batch8",8187,NA,NA,0.824344413001442
"CHAMPS","gbql_0.5",0.4,NA,"batch8",8188,NA,NA,0.733868528524114
"CHAMPS","gbql_0.5",0.4,NA,"batch8",8189,NA,NA,0.783410455521295
"CHAMPS","gbql_0.5",0.4,NA,"batch8",8190,NA,NA,0.777577488210582
"CHAMPS","gbql_0.5",0.4,NA,"batch8",8191,NA,NA,0.818635314702953
"CHAMPS","gbql_0.5",0.4,NA,"batch8",8192,NA,NA,0.820665901950579
"CHAMPS","gbql_0.5",0.4,NA,"batch8",8193,NA,NA,0.795530299631372
"CHAMPS","gbql_0.5",0.4,NA,"batch8",8194,NA,NA,0.830822110301556
"CHAMPS","gbql_0.5",0.4,NA,"batch8",8195,NA,NA,0.82587611293093
"CHAMPS","gbql_0.5",0.4,NA,"batch8",8196,NA,NA,0.842918091298911
"CHAMPS","gbql_0.5",0.4,NA,"batch8",8197,NA,NA,0.770274940810897
"CHAMPS","gbql_0.5",0.4,NA,"batch8",8198,NA,NA,0.771436538897518
"CHAMPS","gbql_0.5",0.4,NA,"batch8",8199,NA,NA,0.80426784117999
"CHAMPS","gbql_0.5",0.4,NA,"batch8",8200,NA,NA,0.770005438860111
"CHAMPS","gbql_0.5",0.4,NA,"batch8",8201,NA,NA,0.793348696021645
"CHAMPS","gbql_0.5",0.4,NA,"batch8",8202,NA,NA,0.791788405421252
"CHAMPS","gbql_0.5",0.4,NA,"batch8",8203,NA,NA,0.796635164201176
"CHAMPS","gbql_0.5",0.4,NA,"batch8",8204,NA,NA,0.796123936883789
"CHAMPS","gbql_0.5",0.4,NA,"batch8",8205,NA,NA,0.809264420266991
"CHAMPS","gbql_0.5",0.4,NA,"batch8",8206,NA,NA,0.815131228011494
"CHAMPS","gbql_0.5",0.4,NA,"batch8",8207,NA,NA,0.800014099905255
"CHAMPS","gbql_0.5",0.4,NA,"batch8",8208,NA,NA,0.780597390647579
"CHAMPS","gbql_0.5",0.4,NA,"batch8",8209,NA,NA,0.745754933051354
"CHAMPS","gbql_0.5",0.4,NA,"batch8",8210,NA,NA,0.781577063355539
"CHAMPS","gbql_0.5",0.4,NA,"batch8",8211,NA,NA,0.803238133192895
"CHAMPS","gbql_0.5",0.4,NA,"batch8",8212,NA,NA,0.805489935018882
"CHAMPS","gbql_0.5",0.4,NA,"batch8",8213,NA,NA,0.796130360150127
"CHAMPS","gbql_0.5",0.4,NA,"batch8",8214,NA,NA,0.806949168310328
"CHAMPS","gbql_0.5",0.4,NA,"batch8",8215,NA,NA,0.843201955803271
"CHAMPS","gbql_0.5",0.4,NA,"batch8",8216,NA,NA,0.770526403783888
"CHAMPS","gbql_0.5",0.4,NA,"batch8",8217,NA,NA,0.780509835397795
"CHAMPS","gbql_0.5",0.4,NA,"batch8",8218,NA,NA,0.793498698485219
"CHAMPS","gbql_0.5",0.4,NA,"batch8",8219,NA,NA,0.817693806178877
"CHAMPS","gbql_0.5",0.4,NA,"batch8",8220,NA,NA,0.817033953682797
"CHAMPS","gbql_0.5",0.4,NA,"batch8",8221,NA,NA,0.795640125610916
"CHAMPS","gbql_0.5",0.4,NA,"batch8",8222,NA,NA,0.762928947783414
"CHAMPS","gbql_0.5",0.4,NA,"batch8",8223,NA,NA,0.827270707991941
"CHAMPS","gbql_0.5",0.4,NA,"batch8",8224,NA,NA,0.793067637772128
"CHAMPS","gbql_0.5",0.4,NA,"batch8",8225,NA,NA,0.815382767448377
"CHAMPS","gbql_0.5",0.4,NA,"batch8",8226,NA,NA,0.812897791673524
"CHAMPS","gbql_0.5",0.4,NA,"batch8",8227,NA,NA,0.749916104448403
"CHAMPS","gbql_0.5",0.4,NA,"batch8",8228,NA,NA,0.794406355898134
"CHAMPS","gbql_0.5",0.4,NA,"batch8",8229,NA,NA,0.815396090740985
"CHAMPS","gbql_0.5",0.4,NA,"batch8",8230,NA,NA,0.780703097865123
"CHAMPS","gbql_0.5",0.4,NA,"batch8",8231,NA,NA,0.805040841900024
"CHAMPS","gbql_0.5",0.4,NA,"batch8",8232,NA,NA,0.739590123983821
"CHAMPS","gbql_0.5",0.4,NA,"batch8",8233,NA,NA,0.771158259736378
"CHAMPS","gbql_0.5",0.4,NA,"batch8",8234,NA,NA,0.828212579666529
"CHAMPS","gbql_0.5",0.4,NA,"batch8",8235,NA,NA,0.812760159368196
"CHAMPS","gbql_0.5",0.4,NA,"batch8",8236,NA,NA,0.816976654500869
"CHAMPS","gbql_0.5",0.4,NA,"batch8",8237,NA,NA,0.784484325349454
"CHAMPS","gbql_0.5",0.4,NA,"batch8",8238,NA,NA,0.798123414260644
"CHAMPS","gbql_0.5",0.4,NA,"batch8",8239,NA,NA,0.799612193841714
"CHAMPS","gbql_0.5",0.4,NA,"batch8",8240,NA,NA,0.790680895681731
"CHAMPS","gbql_0.5",0.4,NA,"batch8",8241,NA,NA,0.777911374907749
"CHAMPS","gbql_0.5",0.4,NA,"batch8",8242,NA,NA,0.821760561044818
"CHAMPS","gbql_0.5",0.4,NA,"batch8",8243,NA,NA,0.832226930645611
"CHAMPS","gbql_0.5",0.4,NA,"batch8",8244,NA,NA,0.827452289612926
"CHAMPS","gbql_0.5",0.4,NA,"batch8",8245,NA,NA,0.772235805867253
"CHAMPS","gbql_0.5",0.4,NA,"batch8",8246,NA,NA,0.778062102635559
"CHAMPS","gbql_0.5",0.4,NA,"batch8",8247,NA,NA,0.792170688992
"CHAMPS","gbql_0.5",0.4,NA,"batch8",8248,NA,NA,0.790578183706289
"CHAMPS","gbql_0.5",0.4,NA,"batch8",8249,NA,NA,0.807634007196862
"CHAMPS","gbql_0.5",0.4,NA,"batch8",8250,NA,NA,0.817862987739747
"CHAMPS","gbql_0.5",0.4,NA,"batch8",8251,NA,NA,0.780931002670674
"CHAMPS","gbql_0.5",0.4,NA,"batch8",8252,NA,NA,0.786199695688863
"CHAMPS","gbql_0.5",0.4,NA,"batch8",8253,NA,NA,0.811989944356276
"CHAMPS","gbql_0.5",0.4,NA,"batch8",8254,NA,NA,0.780789443667709
"CHAMPS","gbql_0.5",0.4,NA,"batch8",8255,NA,NA,0.798729565797071
"CHAMPS","gbql_0.5",0.4,NA,"batch8",8256,NA,NA,0.81654573260447
"CHAMPS","gbql_0.5",0.4,NA,"batch8",8257,NA,NA,0.794564652103608
"CHAMPS","gbql_0.5",0.4,NA,"batch8",8258,NA,NA,0.790489427888594
"CHAMPS","gbql_0.5",0.4,NA,"batch8",8259,NA,NA,0.776444910818188
"CHAMPS","gbql_0.5",0.4,NA,"batch8",8260,NA,NA,0.787165030876519
"CHAMPS","gbql_0.5",0.4,NA,"batch8",8261,NA,NA,0.817833706146854
"CHAMPS","gbql_0.5",0.4,NA,"batch8",8262,NA,NA,0.830613384076263
"CHAMPS","gbql_0.5",0.4,NA,"batch8",8263,NA,NA,0.808078108655594
"CHAMPS","gbql_0.5",0.4,NA,"batch8",8264,NA,NA,0.798500017197539
"CHAMPS","gbql_0.5",0.4,NA,"batch8",8265,NA,NA,0.76177651757933
"CHAMPS","gbql_0.5",0.4,NA,"batch8",8266,NA,NA,0.794136803074262
"CHAMPS","gbql_0.5",0.4,NA,"batch8",8267,NA,NA,0.795569847569127
"CHAMPS","gbql_0.5",0.4,NA,"batch8",8268,NA,NA,0.771597826877256
"CHAMPS","gbql_0.5",0.4,NA,"batch8",8269,NA,NA,0.8252400514065
"CHAMPS","gbql_0.5",0.4,NA,"batch8",8270,NA,NA,0.779424051836477
"CHAMPS","gbql_0.5",0.4,NA,"batch8",8271,NA,NA,0.791659982455722
"CHAMPS","gbql_0.5",0.4,NA,"batch8",8272,NA,NA,0.799275669191027
"CHAMPS","gbql_0.5",0.4,NA,"batch8",8273,NA,NA,0.799426227766
"CHAMPS","gbql_0.5",0.4,NA,"batch8",8274,NA,NA,0.78792849595342
"CHAMPS","gbql_0.5",0.4,NA,"batch8",8275,NA,NA,0.769741155338491
"CHAMPS","gbql_0.5",0.4,NA,"batch8",8276,NA,NA,0.816925106392384
"CHAMPS","gbql_0.5",0.4,NA,"batch8",8277,NA,NA,0.788078174400833
"CHAMPS","gbql_0.5",0.4,NA,"batch8",8278,NA,NA,0.812980301802843
"CHAMPS","gbql_0.5",0.4,NA,"batch8",8279,NA,NA,0.810680227387113
"CHAMPS","gbql_0.5",0.4,NA,"batch8",8280,NA,NA,0.824833959806083
"CHAMPS","gbql_0.5",0.4,NA,"batch8",8281,NA,NA,0.774760022177014
"CHAMPS","gbql_0.5",0.4,NA,"batch8",8282,NA,NA,0.797134952563491
"CHAMPS","gbql_0.5",0.4,NA,"batch8",8283,NA,NA,0.804222683578678
"CHAMPS","gbql_0.5",0.4,NA,"batch8",8284,NA,NA,0.772232503874604
"CHAMPS","gbql_0.5",0.4,NA,"batch8",8285,NA,NA,0.800150333925424
"CHAMPS","gbql_0.5",0.4,NA,"batch8",8286,NA,NA,0.802897295348446
"CHAMPS","gbql_0.5",0.4,NA,"batch8",8287,NA,NA,0.812476494031353
"CHAMPS","gbql_0.5",0.4,NA,"batch8",8288,NA,NA,0.781956650718439
"CHAMPS","gbql_0.5",0.4,NA,"batch8",8289,NA,NA,0.802218451377446
"CHAMPS","gbql_0.5",0.4,NA,"batch8",8290,NA,NA,0.801854623229705
"CHAMPS","gbql_0.5",0.4,NA,"batch8",8291,NA,NA,0.78765095636299
"CHAMPS","gbql_0.5",0.4,NA,"batch8",8292,NA,NA,0.772214314595814
"CHAMPS","gbql_0.5",0.4,NA,"batch8",8293,NA,NA,0.798679017888563
"CHAMPS","gbql_0.5",0.4,NA,"batch8",8294,NA,NA,0.801361450020579
"CHAMPS","gbql_0.5",0.4,NA,"batch8",8295,NA,NA,0.789418454344097
"CHAMPS","gbql_0.5",0.4,NA,"batch8",8296,NA,NA,0.784741796635527
"CHAMPS","gbql_0.5",0.4,NA,"batch8",8297,NA,NA,0.778127875326944
"CHAMPS","gbql_0.5",0.4,NA,"batch8",8298,NA,NA,0.801287684974729
"CHAMPS","gbql_0.5",0.4,NA,"batch8",8299,NA,NA,0.794747179829221
"CHAMPS","gbql_0.5",0.4,NA,"batch8",8300,NA,NA,0.817868208772984
"CHAMPS","gbql_0.5",0.4,NA,"batch8",8301,NA,NA,0.835400839709149
"CHAMPS","gbql_0.5",0.4,NA,"batch8",8302,NA,NA,0.779964567213145
"CHAMPS","gbql_0.5",0.4,NA,"batch8",8303,NA,NA,0.786539053075508
"CHAMPS","gbql_0.5",0.4,NA,"batch8",8304,NA,NA,0.805196486422868
"CHAMPS","gbql_0.5",0.4,NA,"batch8",8305,NA,NA,0.808294860281698
"CHAMPS","gbql_0.5",0.4,NA,"batch8",8306,NA,NA,0.833058724599065
"CHAMPS","gbql_0.5",0.4,NA,"batch8",8307,NA,NA,0.786042794581534
"CHAMPS","gbql_0.5",0.4,NA,"batch8",8308,NA,NA,0.817349749241921
"CHAMPS","gbql_0.5",0.4,NA,"batch8",8309,NA,NA,0.755601623935102
"CHAMPS","gbql_0.5",0.4,NA,"batch8",8310,NA,NA,0.778704561133633
"CHAMPS","gbql_0.5",0.4,NA,"batch8",8311,NA,NA,0.7699460715956
"CHAMPS","gbql_0.5",0.4,NA,"batch8",8312,NA,NA,0.818322096391678
"CHAMPS","gbql_0.5",0.4,NA,"batch8",8313,NA,NA,0.839581398140952
"CHAMPS","gbql_0.5",0.4,NA,"batch8",8314,NA,NA,0.745980907474398
"CHAMPS","gbql_0.5",0.4,NA,"batch8",8315,NA,NA,0.840368536542838
"CHAMPS","gbql_0.5",0.4,NA,"batch8",8316,NA,NA,0.822354926656857
"CHAMPS","gbql_0.5",0.4,NA,"batch8",8317,NA,NA,0.803883038312981
"CHAMPS","gbql_0.5",0.4,NA,"batch8",8318,NA,NA,0.777311644358816
"CHAMPS","gbql_0.5",0.4,NA,"batch8",8319,NA,NA,0.749072917778167
"CHAMPS","gbql_0.5",0.4,NA,"batch8",8320,NA,NA,0.832488808018141
"CHAMPS","gbql_0.5",0.4,NA,"batch8",8321,NA,NA,0.798013193549352
"CHAMPS","gbql_0.5",0.4,NA,"batch8",8322,NA,NA,0.783476629006612
"CHAMPS","gbql_0.5",0.4,NA,"batch8",8323,NA,NA,0.817460429765978
"CHAMPS","gbql_0.5",0.4,NA,"batch8",8324,NA,NA,0.779832688318781
"CHAMPS","gbql_0.5",0.4,NA,"batch8",8325,NA,NA,0.752273137987782
"CHAMPS","gbql_0.5",0.4,NA,"batch8",8326,NA,NA,0.775633283932361
"CHAMPS","gbql_0.5",0.4,NA,"batch8",8327,NA,NA,0.807012651334489
"CHAMPS","gbql_0.5",0.4,NA,"batch8",8328,NA,NA,0.817919968482515
"CHAMPS","gbql_0.5",0.4,NA,"batch8",8329,NA,NA,0.83829114083008
"CHAMPS","gbql_0.5",0.4,NA,"batch8",8330,NA,NA,0.784655689506799
"CHAMPS","gbql_0.5",0.4,NA,"batch8",8331,NA,NA,0.819130769426214
"CHAMPS","gbql_0.5",0.4,NA,"batch8",8332,NA,NA,0.810664139188046
"CHAMPS","gbql_0.5",0.4,NA,"batch8",8333,NA,NA,0.812362781572172
"CHAMPS","gbql_0.5",0.4,NA,"batch8",8334,NA,NA,0.790210697298111
"CHAMPS","gbql_0.5",0.4,NA,"batch8",8335,NA,NA,0.754682324285412
"CHAMPS","gbql_0.5",0.4,NA,"batch8",8336,NA,NA,0.770287367155433
"CHAMPS","gbql_0.5",0.4,NA,"batch8",8337,NA,NA,0.82780862254544
"CHAMPS","gbql_0.5",0.4,NA,"batch8",8338,NA,NA,0.811708153248746
"CHAMPS","gbql_0.5",0.4,NA,"batch8",8339,NA,NA,0.818446990474084
"CHAMPS","gbql_0.5",0.4,NA,"batch8",8340,NA,NA,0.823241750045685
"CHAMPS","gbql_0.5",0.4,NA,"batch8",8341,NA,NA,0.806424564670975
"CHAMPS","gbql_0.5",0.4,NA,"batch8",8342,NA,NA,0.792430263409052
"CHAMPS","gbql_0.5",0.4,NA,"batch8",8343,NA,NA,0.810803212370296
"CHAMPS","gbql_0.5",0.4,NA,"batch8",8344,NA,NA,0.808904763607831
"CHAMPS","gbql_0.5",0.4,NA,"batch8",8345,NA,NA,0.806196079698097
"CHAMPS","gbql_0.5",0.4,NA,"batch8",8346,NA,NA,0.809870584618475
"CHAMPS","gbql_0.5",0.4,NA,"batch8",8347,NA,NA,0.772392025337322
"CHAMPS","gbql_0.5",0.4,NA,"batch8",8348,NA,NA,0.798411401967793
"CHAMPS","gbql_0.5",0.4,NA,"batch8",8349,NA,NA,0.800522818142594
"CHAMPS","gbql_0.5",0.4,NA,"batch8",8350,NA,NA,0.809950260858376
"CHAMPS","gbql_0.5",0.4,NA,"batch8",8351,NA,NA,0.804946965665625
"CHAMPS","gbql_0.5",0.4,NA,"batch8",8352,NA,NA,0.812293983102474
"CHAMPS","gbql_0.5",0.4,NA,"batch8",8353,NA,NA,0.77557095925664
"CHAMPS","gbql_0.5",0.4,NA,"batch8",8354,NA,NA,0.805481433104947
"CHAMPS","gbql_0.5",0.4,NA,"batch8",8355,NA,NA,0.829907021514748
"CHAMPS","gbql_0.5",0.4,NA,"batch8",8356,NA,NA,0.829194668853646
"CHAMPS","gbql_0.5",0.4,NA,"batch8",8357,NA,NA,0.825744052687267
"CHAMPS","gbql_0.5",0.4,NA,"batch8",8358,NA,NA,0.798784150335977
"CHAMPS","gbql_0.5",0.4,NA,"batch8",8359,NA,NA,0.795772893669817
"CHAMPS","gbql_0.5",0.4,NA,"batch8",8360,NA,NA,0.766983810279632
"CHAMPS","gbql_0.5",0.4,NA,"batch8",8361,NA,NA,0.795755351762084
"CHAMPS","gbql_0.5",0.4,NA,"batch8",8362,NA,NA,0.802965474456434
"CHAMPS","gbql_0.5",0.4,NA,"batch8",8363,NA,NA,0.792985737871153
"CHAMPS","gbql_0.5",0.4,NA,"batch8",8364,NA,NA,0.782289382978508
"CHAMPS","gbql_0.5",0.4,NA,"batch8",8365,NA,NA,0.817977442350774
"CHAMPS","gbql_0.5",0.4,NA,"batch8",8366,NA,NA,0.780204281270635
"CHAMPS","gbql_0.5",0.4,NA,"batch8",8367,NA,NA,0.798150724744022
"CHAMPS","gbql_0.5",0.4,NA,"batch8",8368,NA,NA,0.825761550185283
"CHAMPS","gbql_0.5",0.4,NA,"batch8",8369,NA,NA,0.817248901975103
"CHAMPS","gbql_0.5",0.4,NA,"batch8",8370,NA,NA,0.819529236972201
"CHAMPS","gbql_0.5",0.4,NA,"batch8",8371,NA,NA,0.769676555470306
"CHAMPS","gbql_0.5",0.4,NA,"batch8",8372,NA,NA,0.799648014553729
"CHAMPS","gbql_0.5",0.4,NA,"batch8",8373,NA,NA,0.811334107845503
"CHAMPS","gbql_0.5",0.4,NA,"batch8",8374,NA,NA,0.748042916749553
"CHAMPS","gbql_0.5",0.4,NA,"batch8",8375,NA,NA,0.80041079539144
"CHAMPS","gbql_0.5",0.4,NA,"batch8",8376,NA,NA,0.818007262333349
"CHAMPS","gbql_0.5",0.4,NA,"batch8",8377,NA,NA,0.80694275818862
"CHAMPS","gbql_0.5",0.4,NA,"batch8",8378,NA,NA,0.768176941427197
"CHAMPS","gbql_0.5",0.4,NA,"batch8",8379,NA,NA,0.833669243533314
"CHAMPS","gbql_0.5",0.4,NA,"batch8",8380,NA,NA,0.803854862020852
"CHAMPS","gbql_0.5",0.4,NA,"batch8",8381,NA,NA,0.826881939662611
"CHAMPS","gbql_0.5",0.4,NA,"batch8",8382,NA,NA,0.807396624969827
"CHAMPS","gbql_0.5",0.4,NA,"batch8",8383,NA,NA,0.769877169805329
"CHAMPS","gbql_0.5",0.4,NA,"batch8",8384,NA,NA,0.757221291291036
"CHAMPS","gbql_0.5",0.4,NA,"batch8",8385,NA,NA,0.781851369470709
"CHAMPS","gbql_0.5",0.4,NA,"batch8",8386,NA,NA,0.794899524515734
"CHAMPS","gbql_0.5",0.4,NA,"batch8",8387,NA,NA,0.786469045374636
"CHAMPS","gbql_0.5",0.4,NA,"batch8",8388,NA,NA,0.791794001140532
"CHAMPS","gbql_0.5",0.4,NA,"batch8",8389,NA,NA,0.81353821787168
"CHAMPS","gbql_0.5",0.4,NA,"batch8",8390,NA,NA,0.814586172912414
"CHAMPS","gbql_0.5",0.4,NA,"batch8",8391,NA,NA,0.812323845901802
"CHAMPS","gbql_0.5",0.4,NA,"batch8",8392,NA,NA,0.823400081936165
"CHAMPS","gbql_0.5",0.4,NA,"batch8",8393,NA,NA,0.783226973232065
"CHAMPS","gbql_0.5",0.4,NA,"batch8",8394,NA,NA,0.816494200462848
"CHAMPS","gbql_0.5",0.4,NA,"batch8",8395,NA,NA,0.807953373921064
"CHAMPS","gbql_0.5",0.4,NA,"batch8",8396,NA,NA,0.793448986093828
"CHAMPS","gbql_0.5",0.4,NA,"batch8",8397,NA,NA,0.815626952219426
"CHAMPS","gbql_0.5",0.4,NA,"batch8",8398,NA,NA,0.800755981367333
"CHAMPS","gbql_0.5",0.4,NA,"batch8",8399,NA,NA,0.815028078860915
"CHAMPS","gbql_0.5",0.4,NA,"batch8",8400,NA,NA,0.805064277792429
"CHAMPS","gbql_0.5",0.4,NA,"batch8",8401,NA,NA,0.767177335699079
"CHAMPS","gbql_0.5",0.4,NA,"batch8",8402,NA,NA,0.774944017080754
"CHAMPS","gbql_0.5",0.4,NA,"batch8",8403,NA,NA,0.793700774696018
"CHAMPS","gbql_0.5",0.4,NA,"batch8",8404,NA,NA,0.79257360572502
"CHAMPS","gbql_0.5",0.4,NA,"batch8",8405,NA,NA,0.804346627512577
"CHAMPS","gbql_0.5",0.4,NA,"batch8",8406,NA,NA,0.806578014957098
"CHAMPS","gbql_0.5",0.4,NA,"batch8",8407,NA,NA,0.787907369854067
"CHAMPS","gbql_0.5",0.4,NA,"batch8",8408,NA,NA,0.814846104618795
"CHAMPS","gbql_0.5",0.4,NA,"batch8",8409,NA,NA,0.810234555673383
"CHAMPS","gbql_0.5",0.4,NA,"batch8",8410,NA,NA,0.814909419376457
"CHAMPS","gbql_0.5",0.4,NA,"batch8",8411,NA,NA,0.813667733212995
"CHAMPS","gbql_0.5",0.4,NA,"batch8",8412,NA,NA,0.817377464352415
"CHAMPS","gbql_0.5",0.4,NA,"batch8",8413,NA,NA,0.830550965764131
"CHAMPS","gbql_0.5",0.4,NA,"batch8",8414,NA,NA,0.780655290561
"CHAMPS","gbql_0.5",0.4,NA,"batch8",8415,NA,NA,0.805536561546484
"CHAMPS","gbql_0.5",0.4,NA,"batch8",8416,NA,NA,0.818338323826068
"CHAMPS","gbql_0.5",0.4,NA,"batch8",8417,NA,NA,0.83123633504779
"CHAMPS","gbql_0.5",0.4,NA,"batch8",8418,NA,NA,0.792182724870247
"CHAMPS","gbql_0.5",0.4,NA,"batch8",8419,NA,NA,0.771393989654338
"CHAMPS","gbql_0.5",0.4,NA,"batch8",8420,NA,NA,0.769229669233063
"CHAMPS","gbql_0.5",0.4,NA,"batch8",8421,NA,NA,0.841787008200137
"CHAMPS","gbql_0.5",0.4,NA,"batch8",8422,NA,NA,0.812979269051383
"CHAMPS","gbql_0.5",0.4,NA,"batch8",8423,NA,NA,0.758812506612995
"CHAMPS","gbql_0.5",0.4,NA,"batch8",8424,NA,NA,0.77805897305525
"CHAMPS","gbql_0.5",0.4,NA,"batch8",8425,NA,NA,0.763530434448289
"CHAMPS","gbql_0.5",0.4,NA,"batch8",8426,NA,NA,0.812376804525988
"CHAMPS","gbql_0.5",0.4,NA,"batch8",8427,NA,NA,0.831681774508192
"CHAMPS","gbql_0.5",0.4,NA,"batch8",8428,NA,NA,0.821166277272957
"CHAMPS","gbql_0.5",0.4,NA,"batch8",8429,NA,NA,0.801912482358612
"CHAMPS","gbql_0.5",0.4,NA,"batch8",8430,NA,NA,0.77401864557552
"CHAMPS","gbql_0.5",0.4,NA,"batch8",8431,NA,NA,0.815200194615778
"CHAMPS","gbql_0.5",0.4,NA,"batch8",8432,NA,NA,0.825211140129426
"CHAMPS","gbql_0.5",0.4,NA,"batch8",8433,NA,NA,0.759986757218079
"CHAMPS","gbql_0.5",0.4,NA,"batch8",8434,NA,NA,0.770528119700606
"CHAMPS","gbql_0.5",0.4,NA,"batch8",8435,NA,NA,0.814777501169848
"CHAMPS","gbql_0.5",0.4,NA,"batch8",8436,NA,NA,0.776033651447049
"CHAMPS","gbql_0.5",0.4,NA,"batch8",8437,NA,NA,0.780744856096364
"CHAMPS","gbql_0.5",0.4,NA,"batch8",8438,NA,NA,0.78506272411993
"CHAMPS","gbql_0.5",0.4,NA,"batch8",8439,NA,NA,0.796244612245858
"CHAMPS","gbql_0.5",0.4,NA,"batch8",8440,NA,NA,0.824953637101121
"CHAMPS","gbql_0.5",0.4,NA,"batch8",8441,NA,NA,0.800452154826092
"CHAMPS","gbql_0.5",0.4,NA,"batch8",8442,NA,NA,0.817968479946313
"CHAMPS","gbql_0.5",0.4,NA,"batch8",8443,NA,NA,0.818077686796773
"CHAMPS","gbql_0.5",0.4,NA,"batch8",8444,NA,NA,0.82981861906779
"CHAMPS","gbql_0.5",0.4,NA,"batch8",8445,NA,NA,0.808502061337954
"CHAMPS","gbql_0.5",0.4,NA,"batch8",8446,NA,NA,0.839623211596819
"CHAMPS","gbql_0.5",0.4,NA,"batch8",8447,NA,NA,0.806005635302639
"CHAMPS","gbql_0.5",0.4,NA,"batch8",8448,NA,NA,0.795093703775801
"CHAMPS","gbql_0.5",0.4,NA,"batch8",8449,NA,NA,0.796403979079798
"CHAMPS","gbql_0.5",0.4,NA,"batch8",8450,NA,NA,0.824409495552577
"CHAMPS","gbql_0.5",0.4,NA,"batch8",8451,NA,NA,0.826461094014946
"CHAMPS","gbql_0.5",0.4,NA,"batch8",8452,NA,NA,0.827318487542395
"CHAMPS","gbql_0.5",0.4,NA,"batch8",8453,NA,NA,0.742510203944871
"CHAMPS","gbql_0.5",0.4,NA,"batch8",8454,NA,NA,0.786341515986394
"CHAMPS","gbql_0.5",0.4,NA,"batch8",8455,NA,NA,0.815975582315053
"CHAMPS","gbql_0.5",0.4,NA,"batch8",8456,NA,NA,0.774552215788325
"CHAMPS","gbql_0.5",0.4,NA,"batch8",8457,NA,NA,0.833629175712295
"CHAMPS","gbql_0.5",0.4,NA,"batch8",8458,NA,NA,0.840609198620058
"CHAMPS","gbql_0.5",0.4,NA,"batch8",8459,NA,NA,0.81616124526171
"CHAMPS","gbql_0.5",0.4,NA,"batch8",8460,NA,NA,0.789677226523843
"CHAMPS","gbql_0.5",0.4,NA,"batch8",8461,NA,NA,0.814236672889199
"CHAMPS","gbql_0.5",0.4,NA,"batch8",8462,NA,NA,0.827952814026664
"CHAMPS","gbql_0.5",0.4,NA,"batch8",8463,NA,NA,0.798309970636817
"CHAMPS","gbql_0.5",0.4,NA,"batch8",8464,NA,NA,0.775125730274475
"CHAMPS","gbql_0.5",0.4,NA,"batch8",8465,NA,NA,0.815168497411336
"CHAMPS","gbql_0.5",0.4,NA,"batch8",8466,NA,NA,0.77942694679836
"CHAMPS","gbql_0.5",0.4,NA,"batch8",8467,NA,NA,0.783472136791293
"CHAMPS","gbql_0.5",0.4,NA,"batch8",8468,NA,NA,0.791758971486003
"CHAMPS","gbql_0.5",0.4,NA,"batch8",8469,NA,NA,0.788217088476795
"CHAMPS","gbql_0.5",0.4,NA,"batch8",8470,NA,NA,0.783206135401986
"CHAMPS","gbql_0.5",0.4,NA,"batch8",8471,NA,NA,0.803822951244084
"CHAMPS","gbql_0.5",0.4,NA,"batch8",8472,NA,NA,0.816844112639045
"CHAMPS","gbql_0.5",0.4,NA,"batch8",8473,NA,NA,0.791347823623268
"CHAMPS","gbql_0.5",0.4,NA,"batch8",8474,NA,NA,0.799886768243619
"CHAMPS","gbql_0.5",0.4,NA,"batch8",8475,NA,NA,0.807062639205954
"CHAMPS","gbql_0.5",0.4,NA,"batch8",8476,NA,NA,0.824171841255152
"CHAMPS","gbql_0.5",0.4,NA,"batch8",8477,NA,NA,0.797202487675787
"CHAMPS","gbql_0.5",0.4,NA,"batch8",8478,NA,NA,0.822662754511244
"CHAMPS","gbql_0.5",0.4,NA,"batch8",8479,NA,NA,0.828280051188447
"CHAMPS","gbql_0.5",0.4,NA,"batch8",8480,NA,NA,0.814472231951041
"CHAMPS","gbql_0.5",0.4,NA,"batch8",8481,NA,NA,0.79574526307815
"CHAMPS","gbql_0.5",0.4,NA,"batch8",8482,NA,NA,0.784988902199076
"CHAMPS","gbql_0.5",0.4,NA,"batch8",8483,NA,NA,0.780257532335452
"CHAMPS","gbql_0.5",0.4,NA,"batch8",8484,NA,NA,0.773742222118074
"CHAMPS","gbql_0.5",0.4,NA,"batch8",8485,NA,NA,0.822589464093147
"CHAMPS","gbql_0.5",0.4,NA,"batch8",8486,NA,NA,0.808833716136494
"CHAMPS","gbql_0.5",0.4,NA,"batch8",8487,NA,NA,0.794564199819629
"CHAMPS","gbql_0.5",0.4,NA,"batch8",8488,NA,NA,0.825987306802677
"CHAMPS","gbql_0.5",0.4,NA,"batch8",8489,NA,NA,0.826797625748848
"CHAMPS","gbql_0.5",0.4,NA,"batch8",8490,NA,NA,0.723888805399021
"CHAMPS","gbql_0.5",0.4,NA,"batch8",8491,NA,NA,0.826639861920809
"CHAMPS","gbql_0.5",0.4,NA,"batch8",8492,NA,NA,0.811701056341178
"CHAMPS","gbql_0.5",0.4,NA,"batch8",8493,NA,NA,0.819186635681224
"CHAMPS","gbql_0.5",0.4,NA,"batch8",8494,NA,NA,0.816071255054012
"CHAMPS","gbql_0.5",0.4,NA,"batch8",8495,NA,NA,0.791797557998963
"CHAMPS","gbql_0.5",0.4,NA,"batch8",8496,NA,NA,0.825622338573815
"CHAMPS","gbql_0.5",0.4,NA,"batch8",8497,NA,NA,0.801658192092787
"CHAMPS","gbql_0.5",0.4,NA,"batch8",8498,NA,NA,0.799810923139908
"CHAMPS","gbql_0.5",0.4,NA,"batch8",8499,NA,NA,0.816191416647136
"CHAMPS","gbql_0.5",0.4,NA,"batch8",8500,NA,NA,0.786957742559522
"CHAMPS","gbql_50",0.2,NA,"batch8",8001,NA,NA,0.687490061660459
"CHAMPS","gbql_50",0.2,NA,"batch8",8002,NA,NA,0.673755266996479
"CHAMPS","gbql_50",0.2,NA,"batch8",8003,NA,NA,0.731102246169634
"CHAMPS","gbql_50",0.2,NA,"batch8",8004,NA,NA,0.720761089194433
"CHAMPS","gbql_50",0.2,NA,"batch8",8005,NA,NA,0.724277110720376
"CHAMPS","gbql_50",0.2,NA,"batch8",8006,NA,NA,0.795742432875785
"CHAMPS","gbql_50",0.2,NA,"batch8",8007,NA,NA,0.714162256557853
"CHAMPS","gbql_50",0.2,NA,"batch8",8008,NA,NA,0.686965965106116
"CHAMPS","gbql_50",0.2,NA,"batch8",8009,NA,NA,0.651936847176321
"CHAMPS","gbql_50",0.2,NA,"batch8",8010,NA,NA,0.724453044331632
"CHAMPS","gbql_50",0.2,NA,"batch8",8011,NA,NA,0.768478680826041
"CHAMPS","gbql_50",0.2,NA,"batch8",8012,NA,NA,0.639979038919478
"CHAMPS","gbql_50",0.2,NA,"batch8",8013,NA,NA,0.670777655497112
"CHAMPS","gbql_50",0.2,NA,"batch8",8014,NA,NA,0.666964937169239
"CHAMPS","gbql_50",0.2,NA,"batch8",8015,NA,NA,0.67858095308657
"CHAMPS","gbql_50",0.2,NA,"batch8",8016,NA,NA,0.702611178965712
"CHAMPS","gbql_50",0.2,NA,"batch8",8017,NA,NA,0.704255775501591
"CHAMPS","gbql_50",0.2,NA,"batch8",8018,NA,NA,0.740066732738258
"CHAMPS","gbql_50",0.2,NA,"batch8",8019,NA,NA,0.729732949554922
"CHAMPS","gbql_50",0.2,NA,"batch8",8020,NA,NA,0.679225238011632
"CHAMPS","gbql_50",0.2,NA,"batch8",8021,NA,NA,0.695286545855378
"CHAMPS","gbql_50",0.2,NA,"batch8",8022,NA,NA,0.698426107515576
"CHAMPS","gbql_50",0.2,NA,"batch8",8023,NA,NA,0.701646109999519
"CHAMPS","gbql_50",0.2,NA,"batch8",8024,NA,NA,0.731834949962414
"CHAMPS","gbql_50",0.2,NA,"batch8",8025,NA,NA,0.71390726735333
"CHAMPS","gbql_50",0.2,NA,"batch8",8026,NA,NA,0.716787332694268
"CHAMPS","gbql_50",0.2,NA,"batch8",8027,NA,NA,0.691372450562369
"CHAMPS","gbql_50",0.2,NA,"batch8",8028,NA,NA,0.736797044669208
"CHAMPS","gbql_50",0.2,NA,"batch8",8029,NA,NA,0.63775217410676
"CHAMPS","gbql_50",0.2,NA,"batch8",8030,NA,NA,0.693971607886268
"CHAMPS","gbql_50",0.2,NA,"batch8",8031,NA,NA,0.700950690324485
"CHAMPS","gbql_50",0.2,NA,"batch8",8032,NA,NA,0.73556817699268
"CHAMPS","gbql_50",0.2,NA,"batch8",8033,NA,NA,0.740255060831677
"CHAMPS","gbql_50",0.2,NA,"batch8",8034,NA,NA,0.730177810972741
"CHAMPS","gbql_50",0.2,NA,"batch8",8035,NA,NA,0.627142844738624
"CHAMPS","gbql_50",0.2,NA,"batch8",8036,NA,NA,0.74927683133493
"CHAMPS","gbql_50",0.2,NA,"batch8",8037,NA,NA,0.854311968826329
"CHAMPS","gbql_50",0.2,NA,"batch8",8038,NA,NA,0.731576598967202
"CHAMPS","gbql_50",0.2,NA,"batch8",8039,NA,NA,0.793448123075561
"CHAMPS","gbql_50",0.2,NA,"batch8",8040,NA,NA,0.82398412780837
"CHAMPS","gbql_50",0.2,NA,"batch8",8041,NA,NA,0.683944560212037
"CHAMPS","gbql_50",0.2,NA,"batch8",8042,NA,NA,0.78923813334728
"CHAMPS","gbql_50",0.2,NA,"batch8",8043,NA,NA,0.723596107787093
"CHAMPS","gbql_50",0.2,NA,"batch8",8044,NA,NA,0.712343145861055
"CHAMPS","gbql_50",0.2,NA,"batch8",8045,NA,NA,0.692257690432975
"CHAMPS","gbql_50",0.2,NA,"batch8",8046,NA,NA,0.748407039512567
"CHAMPS","gbql_50",0.2,NA,"batch8",8047,NA,NA,0.657241037678661
"CHAMPS","gbql_50",0.2,NA,"batch8",8048,NA,NA,0.743937834866989
"CHAMPS","gbql_50",0.2,NA,"batch8",8049,NA,NA,0.738235169369305
"CHAMPS","gbql_50",0.2,NA,"batch8",8050,NA,NA,0.707390598467106
"CHAMPS","gbql_50",0.2,NA,"batch8",8051,NA,NA,0.687231704841358
"CHAMPS","gbql_50",0.2,NA,"batch8",8052,NA,NA,0.727665947365719
"CHAMPS","gbql_50",0.2,NA,"batch8",8053,NA,NA,0.693398767686663
"CHAMPS","gbql_50",0.2,NA,"batch8",8054,NA,NA,0.715203387215509
"CHAMPS","gbql_50",0.2,NA,"batch8",8055,NA,NA,0.747994646412371
"CHAMPS","gbql_50",0.2,NA,"batch8",8056,NA,NA,0.828199013632325
"CHAMPS","gbql_50",0.2,NA,"batch8",8057,NA,NA,0.704357156083572
"CHAMPS","gbql_50",0.2,NA,"batch8",8058,NA,NA,0.674195966898775
"CHAMPS","gbql_50",0.2,NA,"batch8",8059,NA,NA,0.792849147562428
"CHAMPS","gbql_50",0.2,NA,"batch8",8060,NA,NA,0.704389957477412
"CHAMPS","gbql_50",0.2,NA,"batch8",8061,NA,NA,0.742361808308739
"CHAMPS","gbql_50",0.2,NA,"batch8",8062,NA,NA,0.762491940673146
"CHAMPS","gbql_50",0.2,NA,"batch8",8063,NA,NA,0.810372778851313
"CHAMPS","gbql_50",0.2,NA,"batch8",8064,NA,NA,0.679331824048561
"CHAMPS","gbql_50",0.2,NA,"batch8",8065,NA,NA,0.659885291884275
"CHAMPS","gbql_50",0.2,NA,"batch8",8066,NA,NA,0.632688226914986
"CHAMPS","gbql_50",0.2,NA,"batch8",8067,NA,NA,0.721908983299575
"CHAMPS","gbql_50",0.2,NA,"batch8",8068,NA,NA,0.683454548731544
"CHAMPS","gbql_50",0.2,NA,"batch8",8069,NA,NA,0.71010822210453
"CHAMPS","gbql_50",0.2,NA,"batch8",8070,NA,NA,0.751828062504008
"CHAMPS","gbql_50",0.2,NA,"batch8",8071,NA,NA,0.668213341811894
"CHAMPS","gbql_50",0.2,NA,"batch8",8072,NA,NA,0.788789067330825
"CHAMPS","gbql_50",0.2,NA,"batch8",8073,NA,NA,0.709512822813153
"CHAMPS","gbql_50",0.2,NA,"batch8",8074,NA,NA,0.710964840865792
"CHAMPS","gbql_50",0.2,NA,"batch8",8075,NA,NA,0.688908790906488
"CHAMPS","gbql_50",0.2,NA,"batch8",8076,NA,NA,0.646731872458452
"CHAMPS","gbql_50",0.2,NA,"batch8",8077,NA,NA,0.696594680344226
"CHAMPS","gbql_50",0.2,NA,"batch8",8078,NA,NA,0.691713596980898
"CHAMPS","gbql_50",0.2,NA,"batch8",8079,NA,NA,0.695577891935872
"CHAMPS","gbql_50",0.2,NA,"batch8",8080,NA,NA,0.623627645106532
"CHAMPS","gbql_50",0.2,NA,"batch8",8081,NA,NA,0.807171111105534
"CHAMPS","gbql_50",0.2,NA,"batch8",8082,NA,NA,0.679010534956871
"CHAMPS","gbql_50",0.2,NA,"batch8",8083,NA,NA,0.7662902087333
"CHAMPS","gbql_50",0.2,NA,"batch8",8084,NA,NA,0.755361230465801
"CHAMPS","gbql_50",0.2,NA,"batch8",8085,NA,NA,0.724851163856457
"CHAMPS","gbql_50",0.2,NA,"batch8",8086,NA,NA,0.764361658054806
"CHAMPS","gbql_50",0.2,NA,"batch8",8087,NA,NA,0.665442291906103
"CHAMPS","gbql_50",0.2,NA,"batch8",8088,NA,NA,0.701082693353294
"CHAMPS","gbql_50",0.2,NA,"batch8",8089,NA,NA,0.705029031114267
"CHAMPS","gbql_50",0.2,NA,"batch8",8090,NA,NA,0.709450788418958
"CHAMPS","gbql_50",0.2,NA,"batch8",8091,NA,NA,0.715329816888528
"CHAMPS","gbql_50",0.2,NA,"batch8",8092,NA,NA,0.688084569702694
"CHAMPS","gbql_50",0.2,NA,"batch8",8093,NA,NA,0.704855538779717
"CHAMPS","gbql_50",0.2,NA,"batch8",8094,NA,NA,0.725992996853674
"CHAMPS","gbql_50",0.2,NA,"batch8",8095,NA,NA,0.794567990401656
"CHAMPS","gbql_50",0.2,NA,"batch8",8096,NA,NA,0.699040181112686
"CHAMPS","gbql_50",0.2,NA,"batch8",8097,NA,NA,0.690412247487535
"CHAMPS","gbql_50",0.2,NA,"batch8",8098,NA,NA,0.710930157093418
"CHAMPS","gbql_50",0.2,NA,"batch8",8099,NA,NA,0.707475931957573
"CHAMPS","gbql_50",0.2,NA,"batch8",8100,NA,NA,0.718369694793289
"CHAMPS","gbql_50",0.2,NA,"batch8",8101,NA,NA,0.72973838435201
"CHAMPS","gbql_50",0.2,NA,"batch8",8102,NA,NA,0.771559619960706
"CHAMPS","gbql_50",0.2,NA,"batch8",8103,NA,NA,0.71173729602021
"CHAMPS","gbql_50",0.2,NA,"batch8",8104,NA,NA,0.712974555908874
"CHAMPS","gbql_50",0.2,NA,"batch8",8105,NA,NA,0.671463057004335
"CHAMPS","gbql_50",0.2,NA,"batch8",8106,NA,NA,0.728650408126963
"CHAMPS","gbql_50",0.2,NA,"batch8",8107,NA,NA,0.726209812589986
"CHAMPS","gbql_50",0.2,NA,"batch8",8108,NA,NA,0.745015971685443
"CHAMPS","gbql_50",0.2,NA,"batch8",8109,NA,NA,0.839059222376893
"CHAMPS","gbql_50",0.2,NA,"batch8",8110,NA,NA,0.677923608492382
"CHAMPS","gbql_50",0.2,NA,"batch8",8111,NA,NA,0.784121176402101
"CHAMPS","gbql_50",0.2,NA,"batch8",8112,NA,NA,0.732176198309473
"CHAMPS","gbql_50",0.2,NA,"batch8",8113,NA,NA,0.794086659682724
"CHAMPS","gbql_50",0.2,NA,"batch8",8114,NA,NA,0.71961398188653
"CHAMPS","gbql_50",0.2,NA,"batch8",8115,NA,NA,0.71929212880524
"CHAMPS","gbql_50",0.2,NA,"batch8",8116,NA,NA,0.734432100950622
"CHAMPS","gbql_50",0.2,NA,"batch8",8117,NA,NA,0.786187277135017
"CHAMPS","gbql_50",0.2,NA,"batch8",8118,NA,NA,0.769918572890877
"CHAMPS","gbql_50",0.2,NA,"batch8",8119,NA,NA,0.673710934814154
"CHAMPS","gbql_50",0.2,NA,"batch8",8120,NA,NA,0.6721532141817
"CHAMPS","gbql_50",0.2,NA,"batch8",8121,NA,NA,0.734424129724416
"CHAMPS","gbql_50",0.2,NA,"batch8",8122,NA,NA,0.651307543042726
"CHAMPS","gbql_50",0.2,NA,"batch8",8123,NA,NA,0.679320918809324
"CHAMPS","gbql_50",0.2,NA,"batch8",8124,NA,NA,0.73255746877635
"CHAMPS","gbql_50",0.2,NA,"batch8",8125,NA,NA,0.70723360606208
"CHAMPS","gbql_50",0.2,NA,"batch8",8126,NA,NA,0.673844721321072
"CHAMPS","gbql_50",0.2,NA,"batch8",8127,NA,NA,0.688845135736672
"CHAMPS","gbql_50",0.2,NA,"batch8",8128,NA,NA,0.789649695425099
"CHAMPS","gbql_50",0.2,NA,"batch8",8129,NA,NA,0.724518392640446
"CHAMPS","gbql_50",0.2,NA,"batch8",8130,NA,NA,0.735182904468182
"CHAMPS","gbql_50",0.2,NA,"batch8",8131,NA,NA,0.645938177265075
"CHAMPS","gbql_50",0.2,NA,"batch8",8132,NA,NA,0.705095944817113
"CHAMPS","gbql_50",0.2,NA,"batch8",8133,NA,NA,0.79432346619712
"CHAMPS","gbql_50",0.2,NA,"batch8",8134,NA,NA,0.680269470836238
"CHAMPS","gbql_50",0.2,NA,"batch8",8135,NA,NA,0.722169826477596
"CHAMPS","gbql_50",0.2,NA,"batch8",8136,NA,NA,0.804552301737503
"CHAMPS","gbql_50",0.2,NA,"batch8",8137,NA,NA,0.734707314949527
"CHAMPS","gbql_50",0.2,NA,"batch8",8138,NA,NA,0.687526555413483
"CHAMPS","gbql_50",0.2,NA,"batch8",8139,NA,NA,0.741625741978173
"CHAMPS","gbql_50",0.2,NA,"batch8",8140,NA,NA,0.744067954494953
"CHAMPS","gbql_50",0.2,NA,"batch8",8141,NA,NA,0.681285369135061
"CHAMPS","gbql_50",0.2,NA,"batch8",8142,NA,NA,0.674347760729699
"CHAMPS","gbql_50",0.2,NA,"batch8",8143,NA,NA,0.744464514991017
"CHAMPS","gbql_50",0.2,NA,"batch8",8144,NA,NA,0.804073024654847
"CHAMPS","gbql_50",0.2,NA,"batch8",8145,NA,NA,0.682983760044561
"CHAMPS","gbql_50",0.2,NA,"batch8",8146,NA,NA,0.88685298054794
"CHAMPS","gbql_50",0.2,NA,"batch8",8147,NA,NA,0.784112284423302
"CHAMPS","gbql_50",0.2,NA,"batch8",8148,NA,NA,0.659077110407187
"CHAMPS","gbql_50",0.2,NA,"batch8",8149,NA,NA,0.677202747421104
"CHAMPS","gbql_50",0.2,NA,"batch8",8150,NA,NA,0.69258752991309
"CHAMPS","gbql_50",0.2,NA,"batch8",8151,NA,NA,0.710579343953135
"CHAMPS","gbql_50",0.2,NA,"batch8",8152,NA,NA,0.736285757222744
"CHAMPS","gbql_50",0.2,NA,"batch8",8153,NA,NA,0.680873088005457
"CHAMPS","gbql_50",0.2,NA,"batch8",8154,NA,NA,0.748803476096496
"CHAMPS","gbql_50",0.2,NA,"batch8",8155,NA,NA,0.688481406012842
"CHAMPS","gbql_50",0.2,NA,"batch8",8156,NA,NA,0.703902279324405
"CHAMPS","gbql_50",0.2,NA,"batch8",8157,NA,NA,0.72256532940836
"CHAMPS","gbql_50",0.2,NA,"batch8",8158,NA,NA,0.830232808141726
"CHAMPS","gbql_50",0.2,NA,"batch8",8159,NA,NA,0.669144175857818
"CHAMPS","gbql_50",0.2,NA,"batch8",8160,NA,NA,0.63609301449224
"CHAMPS","gbql_50",0.2,NA,"batch8",8161,NA,NA,0.81496862883562
"CHAMPS","gbql_50",0.2,NA,"batch8",8162,NA,NA,0.837048842071231
"CHAMPS","gbql_50",0.2,NA,"batch8",8163,NA,NA,0.79001196037093
"CHAMPS","gbql_50",0.2,NA,"batch8",8164,NA,NA,0.680125477020568
"CHAMPS","gbql_50",0.2,NA,"batch8",8165,NA,NA,0.864179688539005
"CHAMPS","gbql_50",0.2,NA,"batch8",8166,NA,NA,0.702097233778374
"CHAMPS","gbql_50",0.2,NA,"batch8",8167,NA,NA,0.695458739622271
"CHAMPS","gbql_50",0.2,NA,"batch8",8168,NA,NA,0.69078733423671
"CHAMPS","gbql_50",0.2,NA,"batch8",8169,NA,NA,0.701161437418619
"CHAMPS","gbql_50",0.2,NA,"batch8",8170,NA,NA,0.781609705339108
"CHAMPS","gbql_50",0.2,NA,"batch8",8171,NA,NA,0.699713264936586
"CHAMPS","gbql_50",0.2,NA,"batch8",8172,NA,NA,0.655106164121519
"CHAMPS","gbql_50",0.2,NA,"batch8",8173,NA,NA,0.738834962872304
"CHAMPS","gbql_50",0.2,NA,"batch8",8174,NA,NA,0.677736494848469
"CHAMPS","gbql_50",0.2,NA,"batch8",8175,NA,NA,0.807107441868184
"CHAMPS","gbql_50",0.2,NA,"batch8",8176,NA,NA,0.721781744756511
"CHAMPS","gbql_50",0.2,NA,"batch8",8177,NA,NA,0.737098582673593
"CHAMPS","gbql_50",0.2,NA,"batch8",8178,NA,NA,0.739960586228429
"CHAMPS","gbql_50",0.2,NA,"batch8",8179,NA,NA,0.707363658838781
"CHAMPS","gbql_50",0.2,NA,"batch8",8180,NA,NA,0.765879911275904
"CHAMPS","gbql_50",0.2,NA,"batch8",8181,NA,NA,0.768896926653694
"CHAMPS","gbql_50",0.2,NA,"batch8",8182,NA,NA,0.655332816683442
"CHAMPS","gbql_50",0.2,NA,"batch8",8183,NA,NA,0.662527835902616
"CHAMPS","gbql_50",0.2,NA,"batch8",8184,NA,NA,0.7788379469073
"CHAMPS","gbql_50",0.2,NA,"batch8",8185,NA,NA,0.741650777385169
"CHAMPS","gbql_50",0.2,NA,"batch8",8186,NA,NA,0.752492794999389
"CHAMPS","gbql_50",0.2,NA,"batch8",8187,NA,NA,0.636867118150259
"CHAMPS","gbql_50",0.2,NA,"batch8",8188,NA,NA,0.737682448693233
"CHAMPS","gbql_50",0.2,NA,"batch8",8189,NA,NA,0.723024247721034
"CHAMPS","gbql_50",0.2,NA,"batch8",8190,NA,NA,0.732035530783365
"CHAMPS","gbql_50",0.2,NA,"batch8",8191,NA,NA,0.669169715933013
"CHAMPS","gbql_50",0.2,NA,"batch8",8192,NA,NA,0.721398946437624
"CHAMPS","gbql_50",0.2,NA,"batch8",8193,NA,NA,0.659962120249643
"CHAMPS","gbql_50",0.2,NA,"batch8",8194,NA,NA,0.753270850027936
"CHAMPS","gbql_50",0.2,NA,"batch8",8195,NA,NA,0.733081449115542
"CHAMPS","gbql_50",0.2,NA,"batch8",8196,NA,NA,0.688960826703897
"CHAMPS","gbql_50",0.2,NA,"batch8",8197,NA,NA,0.715736741010196
"CHAMPS","gbql_50",0.2,NA,"batch8",8198,NA,NA,0.695012428229315
"CHAMPS","gbql_50",0.2,NA,"batch8",8199,NA,NA,0.74432404930478
"CHAMPS","gbql_50",0.2,NA,"batch8",8200,NA,NA,0.657467728611221
"CHAMPS","gbql_50",0.2,NA,"batch8",8201,NA,NA,0.734533972372905
"CHAMPS","gbql_50",0.2,NA,"batch8",8202,NA,NA,0.731284410988104
"CHAMPS","gbql_50",0.2,NA,"batch8",8203,NA,NA,0.724758617572968
"CHAMPS","gbql_50",0.2,NA,"batch8",8204,NA,NA,0.72976625370317
"CHAMPS","gbql_50",0.2,NA,"batch8",8205,NA,NA,0.667322521338136
"CHAMPS","gbql_50",0.2,NA,"batch8",8206,NA,NA,0.704373198289581
"CHAMPS","gbql_50",0.2,NA,"batch8",8207,NA,NA,0.669385106571072
"CHAMPS","gbql_50",0.2,NA,"batch8",8208,NA,NA,0.724292870582518
"CHAMPS","gbql_50",0.2,NA,"batch8",8209,NA,NA,0.824809912006931
"CHAMPS","gbql_50",0.2,NA,"batch8",8210,NA,NA,0.648019706443995
"CHAMPS","gbql_50",0.2,NA,"batch8",8211,NA,NA,0.645273342809983
"CHAMPS","gbql_50",0.2,NA,"batch8",8212,NA,NA,0.710785838435401
"CHAMPS","gbql_50",0.2,NA,"batch8",8213,NA,NA,0.756146043577084
"CHAMPS","gbql_50",0.2,NA,"batch8",8214,NA,NA,0.767322056296666
"CHAMPS","gbql_50",0.2,NA,"batch8",8215,NA,NA,0.713271103053048
"CHAMPS","gbql_50",0.2,NA,"batch8",8216,NA,NA,0.698817335632852
"CHAMPS","gbql_50",0.2,NA,"batch8",8217,NA,NA,0.793588995428857
"CHAMPS","gbql_50",0.2,NA,"batch8",8218,NA,NA,0.667291875459104
"CHAMPS","gbql_50",0.2,NA,"batch8",8219,NA,NA,0.763699747900723
"CHAMPS","gbql_50",0.2,NA,"batch8",8220,NA,NA,0.725289440503323
"CHAMPS","gbql_50",0.2,NA,"batch8",8221,NA,NA,0.702871980736918
"CHAMPS","gbql_50",0.2,NA,"batch8",8222,NA,NA,0.630352960981389
"CHAMPS","gbql_50",0.2,NA,"batch8",8223,NA,NA,0.787174404319405
"CHAMPS","gbql_50",0.2,NA,"batch8",8224,NA,NA,0.769816986806929
"CHAMPS","gbql_50",0.2,NA,"batch8",8225,NA,NA,0.791027375890314
"CHAMPS","gbql_50",0.2,NA,"batch8",8226,NA,NA,0.773179250440688
"CHAMPS","gbql_50",0.2,NA,"batch8",8227,NA,NA,0.748044977949059
"CHAMPS","gbql_50",0.2,NA,"batch8",8228,NA,NA,0.761432591848881
"CHAMPS","gbql_50",0.2,NA,"batch8",8229,NA,NA,0.67777737005459
"CHAMPS","gbql_50",0.2,NA,"batch8",8230,NA,NA,0.72281712883677
"CHAMPS","gbql_50",0.2,NA,"batch8",8231,NA,NA,0.760203554085146
"CHAMPS","gbql_50",0.2,NA,"batch8",8232,NA,NA,0.660166340356669
"CHAMPS","gbql_50",0.2,NA,"batch8",8233,NA,NA,0.725114605006045
"CHAMPS","gbql_50",0.2,NA,"batch8",8234,NA,NA,0.636656549040504
"CHAMPS","gbql_50",0.2,NA,"batch8",8235,NA,NA,0.727940559187801
"CHAMPS","gbql_50",0.2,NA,"batch8",8236,NA,NA,0.715541107330096
"CHAMPS","gbql_50",0.2,NA,"batch8",8237,NA,NA,0.693536042691439
"CHAMPS","gbql_50",0.2,NA,"batch8",8238,NA,NA,0.699404109891604
"CHAMPS","gbql_50",0.2,NA,"batch8",8239,NA,NA,0.753450180384962
"CHAMPS","gbql_50",0.2,NA,"batch8",8240,NA,NA,0.753476208457413
"CHAMPS","gbql_50",0.2,NA,"batch8",8241,NA,NA,0.733412763024825
"CHAMPS","gbql_50",0.2,NA,"batch8",8242,NA,NA,0.76636488053135
"CHAMPS","gbql_50",0.2,NA,"batch8",8243,NA,NA,0.687554028388649
"CHAMPS","gbql_50",0.2,NA,"batch8",8244,NA,NA,0.741322560879715
"CHAMPS","gbql_50",0.2,NA,"batch8",8245,NA,NA,0.686022026729317
"CHAMPS","gbql_50",0.2,NA,"batch8",8246,NA,NA,0.667892753743409
"CHAMPS","gbql_50",0.2,NA,"batch8",8247,NA,NA,0.656687487885026
"CHAMPS","gbql_50",0.2,NA,"batch8",8248,NA,NA,0.66795888208579
"CHAMPS","gbql_50",0.2,NA,"batch8",8249,NA,NA,0.772109514469279
"CHAMPS","gbql_50",0.2,NA,"batch8",8250,NA,NA,0.639354187126515
"CHAMPS","gbql_50",0.2,NA,"batch8",8251,NA,NA,0.643383123113089
"CHAMPS","gbql_50",0.2,NA,"batch8",8252,NA,NA,0.725733507281789
"CHAMPS","gbql_50",0.2,NA,"batch8",8253,NA,NA,0.69510415049779
"CHAMPS","gbql_50",0.2,NA,"batch8",8254,NA,NA,0.690320031122708
"CHAMPS","gbql_50",0.2,NA,"batch8",8255,NA,NA,0.674814335468694
"CHAMPS","gbql_50",0.2,NA,"batch8",8256,NA,NA,0.679240108012227
"CHAMPS","gbql_50",0.2,NA,"batch8",8257,NA,NA,0.728943562540779
"CHAMPS","gbql_50",0.2,NA,"batch8",8258,NA,NA,0.723056087108718
"CHAMPS","gbql_50",0.2,NA,"batch8",8259,NA,NA,0.749635505553074
"CHAMPS","gbql_50",0.2,NA,"batch8",8260,NA,NA,0.655409172088921
"CHAMPS","gbql_50",0.2,NA,"batch8",8261,NA,NA,0.69928955287649
"CHAMPS","gbql_50",0.2,NA,"batch8",8262,NA,NA,0.647530793638933
"CHAMPS","gbql_50",0.2,NA,"batch8",8263,NA,NA,0.767506338468388
"CHAMPS","gbql_50",0.2,NA,"batch8",8264,NA,NA,0.731204087223401
"CHAMPS","gbql_50",0.2,NA,"batch8",8265,NA,NA,0.817748986774452
"CHAMPS","gbql_50",0.2,NA,"batch8",8266,NA,NA,0.71647535484339
"CHAMPS","gbql_50",0.2,NA,"batch8",8267,NA,NA,0.646942778701791
"CHAMPS","gbql_50",0.2,NA,"batch8",8268,NA,NA,0.686317775283151
"CHAMPS","gbql_50",0.2,NA,"batch8",8269,NA,NA,0.713342619639765
"CHAMPS","gbql_50",0.2,NA,"batch8",8270,NA,NA,0.755796583882218
"CHAMPS","gbql_50",0.2,NA,"batch8",8271,NA,NA,0.690836249602472
"CHAMPS","gbql_50",0.2,NA,"batch8",8272,NA,NA,0.79171281321212
"CHAMPS","gbql_50",0.2,NA,"batch8",8273,NA,NA,0.691798115258578
"CHAMPS","gbql_50",0.2,NA,"batch8",8274,NA,NA,0.778018449002741
"CHAMPS","gbql_50",0.2,NA,"batch8",8275,NA,NA,0.612105410944285
"CHAMPS","gbql_50",0.2,NA,"batch8",8276,NA,NA,0.728639713946219
"CHAMPS","gbql_50",0.2,NA,"batch8",8277,NA,NA,0.705287576990998
"CHAMPS","gbql_50",0.2,NA,"batch8",8278,NA,NA,0.683395739873669
"CHAMPS","gbql_50",0.2,NA,"batch8",8279,NA,NA,0.761695300786078
"CHAMPS","gbql_50",0.2,NA,"batch8",8280,NA,NA,0.744592091974824
"CHAMPS","gbql_50",0.2,NA,"batch8",8281,NA,NA,0.732686111043858
"CHAMPS","gbql_50",0.2,NA,"batch8",8282,NA,NA,0.731083051775294
"CHAMPS","gbql_50",0.2,NA,"batch8",8283,NA,NA,0.740904644396219
"CHAMPS","gbql_50",0.2,NA,"batch8",8284,NA,NA,0.709914381053846
"CHAMPS","gbql_50",0.2,NA,"batch8",8285,NA,NA,0.671076164750842
"CHAMPS","gbql_50",0.2,NA,"batch8",8286,NA,NA,0.77667878796652
"CHAMPS","gbql_50",0.2,NA,"batch8",8287,NA,NA,0.729263926923466
"CHAMPS","gbql_50",0.2,NA,"batch8",8288,NA,NA,0.652318951567481
"CHAMPS","gbql_50",0.2,NA,"batch8",8289,NA,NA,0.632714398930162
"CHAMPS","gbql_50",0.2,NA,"batch8",8290,NA,NA,0.721645183076402
"CHAMPS","gbql_50",0.2,NA,"batch8",8291,NA,NA,0.773671907125671
"CHAMPS","gbql_50",0.2,NA,"batch8",8292,NA,NA,0.738918574797912
"CHAMPS","gbql_50",0.2,NA,"batch8",8293,NA,NA,0.636398481866159
"CHAMPS","gbql_50",0.2,NA,"batch8",8294,NA,NA,0.728589664419369
"CHAMPS","gbql_50",0.2,NA,"batch8",8295,NA,NA,0.713263469253328
"CHAMPS","gbql_50",0.2,NA,"batch8",8296,NA,NA,0.659069440174185
"CHAMPS","gbql_50",0.2,NA,"batch8",8297,NA,NA,0.71665476688526
"CHAMPS","gbql_50",0.2,NA,"batch8",8298,NA,NA,0.693698638964096
"CHAMPS","gbql_50",0.2,NA,"batch8",8299,NA,NA,0.70948134546346
"CHAMPS","gbql_50",0.2,NA,"batch8",8300,NA,NA,0.691218075487905
"CHAMPS","gbql_50",0.2,NA,"batch8",8301,NA,NA,0.698897382284096
"CHAMPS","gbql_50",0.2,NA,"batch8",8302,NA,NA,0.706677797232404
"CHAMPS","gbql_50",0.2,NA,"batch8",8303,NA,NA,0.670112423844174
"CHAMPS","gbql_50",0.2,NA,"batch8",8304,NA,NA,0.654977481952956
"CHAMPS","gbql_50",0.2,NA,"batch8",8305,NA,NA,0.74586621827607
"CHAMPS","gbql_50",0.2,NA,"batch8",8306,NA,NA,0.714694738529116
"CHAMPS","gbql_50",0.2,NA,"batch8",8307,NA,NA,0.727431204396555
"CHAMPS","gbql_50",0.2,NA,"batch8",8308,NA,NA,0.692710793256511
"CHAMPS","gbql_50",0.2,NA,"batch8",8309,NA,NA,0.766109238381201
"CHAMPS","gbql_50",0.2,NA,"batch8",8310,NA,NA,0.762889558641353
"CHAMPS","gbql_50",0.2,NA,"batch8",8311,NA,NA,0.700038949718685
"CHAMPS","gbql_50",0.2,NA,"batch8",8312,NA,NA,0.827204826180986
"CHAMPS","gbql_50",0.2,NA,"batch8",8313,NA,NA,0.71663768587529
"CHAMPS","gbql_50",0.2,NA,"batch8",8314,NA,NA,0.672975958675423
"CHAMPS","gbql_50",0.2,NA,"batch8",8315,NA,NA,0.759659842177381
"CHAMPS","gbql_50",0.2,NA,"batch8",8316,NA,NA,0.816607592213887
"CHAMPS","gbql_50",0.2,NA,"batch8",8317,NA,NA,0.816540509991336
"CHAMPS","gbql_50",0.2,NA,"batch8",8318,NA,NA,0.684187546308413
"CHAMPS","gbql_50",0.2,NA,"batch8",8319,NA,NA,0.719323381428076
"CHAMPS","gbql_50",0.2,NA,"batch8",8320,NA,NA,0.678611181817278
"CHAMPS","gbql_50",0.2,NA,"batch8",8321,NA,NA,0.821073217406292
"CHAMPS","gbql_50",0.2,NA,"batch8",8322,NA,NA,0.71430692454798
"CHAMPS","gbql_50",0.2,NA,"batch8",8323,NA,NA,0.73454017490926
"CHAMPS","gbql_50",0.2,NA,"batch8",8324,NA,NA,0.714047328905672
"CHAMPS","gbql_50",0.2,NA,"batch8",8325,NA,NA,0.764502396359229
"CHAMPS","gbql_50",0.2,NA,"batch8",8326,NA,NA,0.69746794890217
"CHAMPS","gbql_50",0.2,NA,"batch8",8327,NA,NA,0.689362445971957
"CHAMPS","gbql_50",0.2,NA,"batch8",8328,NA,NA,0.759756776937898
"CHAMPS","gbql_50",0.2,NA,"batch8",8329,NA,NA,0.675804563297298
"CHAMPS","gbql_50",0.2,NA,"batch8",8330,NA,NA,0.65273076947992
"CHAMPS","gbql_50",0.2,NA,"batch8",8331,NA,NA,0.733335727648115
"CHAMPS","gbql_50",0.2,NA,"batch8",8332,NA,NA,0.684119916929084
"CHAMPS","gbql_50",0.2,NA,"batch8",8333,NA,NA,0.709372202158986
"CHAMPS","gbql_50",0.2,NA,"batch8",8334,NA,NA,0.774377497968361
"CHAMPS","gbql_50",0.2,NA,"batch8",8335,NA,NA,0.692592303384074
"CHAMPS","gbql_50",0.2,NA,"batch8",8336,NA,NA,0.803662475724332
"CHAMPS","gbql_50",0.2,NA,"batch8",8337,NA,NA,0.744142146191632
"CHAMPS","gbql_50",0.2,NA,"batch8",8338,NA,NA,0.660979220127238
"CHAMPS","gbql_50",0.2,NA,"batch8",8339,NA,NA,0.644184172930274
"CHAMPS","gbql_50",0.2,NA,"batch8",8340,NA,NA,0.698383472763884
"CHAMPS","gbql_50",0.2,NA,"batch8",8341,NA,NA,0.709581229372658
"CHAMPS","gbql_50",0.2,NA,"batch8",8342,NA,NA,0.695317828231999
"CHAMPS","gbql_50",0.2,NA,"batch8",8343,NA,NA,0.674914518762993
"CHAMPS","gbql_50",0.2,NA,"batch8",8344,NA,NA,0.726456258299736
"CHAMPS","gbql_50",0.2,NA,"batch8",8345,NA,NA,0.74906668981615
"CHAMPS","gbql_50",0.2,NA,"batch8",8346,NA,NA,0.711658048003409
"CHAMPS","gbql_50",0.2,NA,"batch8",8347,NA,NA,0.743274529603684
"CHAMPS","gbql_50",0.2,NA,"batch8",8348,NA,NA,0.646755459310129
"CHAMPS","gbql_50",0.2,NA,"batch8",8349,NA,NA,0.795810853955143
"CHAMPS","gbql_50",0.2,NA,"batch8",8350,NA,NA,0.694350090025432
"CHAMPS","gbql_50",0.2,NA,"batch8",8351,NA,NA,0.77140952399731
"CHAMPS","gbql_50",0.2,NA,"batch8",8352,NA,NA,0.812702128111491
"CHAMPS","gbql_50",0.2,NA,"batch8",8353,NA,NA,0.717058094305132
"CHAMPS","gbql_50",0.2,NA,"batch8",8354,NA,NA,0.773862630040325
"CHAMPS","gbql_50",0.2,NA,"batch8",8355,NA,NA,0.695356778923934
"CHAMPS","gbql_50",0.2,NA,"batch8",8356,NA,NA,0.7863033208935
"CHAMPS","gbql_50",0.2,NA,"batch8",8357,NA,NA,0.701808064486183
"CHAMPS","gbql_50",0.2,NA,"batch8",8358,NA,NA,0.835570744105397
"CHAMPS","gbql_50",0.2,NA,"batch8",8359,NA,NA,0.709751405615679
"CHAMPS","gbql_50",0.2,NA,"batch8",8360,NA,NA,0.679451787546175
"CHAMPS","gbql_50",0.2,NA,"batch8",8361,NA,NA,0.70414576661236
"CHAMPS","gbql_50",0.2,NA,"batch8",8362,NA,NA,0.699261853667701
"CHAMPS","gbql_50",0.2,NA,"batch8",8363,NA,NA,0.739025562869094
"CHAMPS","gbql_50",0.2,NA,"batch8",8364,NA,NA,0.674415645974476
"CHAMPS","gbql_50",0.2,NA,"batch8",8365,NA,NA,0.712706266047517
"CHAMPS","gbql_50",0.2,NA,"batch8",8366,NA,NA,0.702429806966636
"CHAMPS","gbql_50",0.2,NA,"batch8",8367,NA,NA,0.625949034754472
"CHAMPS","gbql_50",0.2,NA,"batch8",8368,NA,NA,0.65706271865921
"CHAMPS","gbql_50",0.2,NA,"batch8",8369,NA,NA,0.755488727457098
"CHAMPS","gbql_50",0.2,NA,"batch8",8370,NA,NA,0.7348689830313
"CHAMPS","gbql_50",0.2,NA,"batch8",8371,NA,NA,0.72406453162565
"CHAMPS","gbql_50",0.2,NA,"batch8",8372,NA,NA,0.805294553786566
"CHAMPS","gbql_50",0.2,NA,"batch8",8373,NA,NA,0.756614693919897
"CHAMPS","gbql_50",0.2,NA,"batch8",8374,NA,NA,0.747061262907554
"CHAMPS","gbql_50",0.2,NA,"batch8",8375,NA,NA,0.78702976159949
"CHAMPS","gbql_50",0.2,NA,"batch8",8376,NA,NA,0.742988912881903
"CHAMPS","gbql_50",0.2,NA,"batch8",8377,NA,NA,0.73947473964264
"CHAMPS","gbql_50",0.2,NA,"batch8",8378,NA,NA,0.685612546507582
"CHAMPS","gbql_50",0.2,NA,"batch8",8379,NA,NA,0.705702579675694
"CHAMPS","gbql_50",0.2,NA,"batch8",8380,NA,NA,0.710316802197414
"CHAMPS","gbql_50",0.2,NA,"batch8",8381,NA,NA,0.710161958423948
"CHAMPS","gbql_50",0.2,NA,"batch8",8382,NA,NA,0.679173627145714
"CHAMPS","gbql_50",0.2,NA,"batch8",8383,NA,NA,0.760537309833845
"CHAMPS","gbql_50",0.2,NA,"batch8",8384,NA,NA,0.722306468978226
"CHAMPS","gbql_50",0.2,NA,"batch8",8385,NA,NA,0.698747887567376
"CHAMPS","gbql_50",0.2,NA,"batch8",8386,NA,NA,0.703000992864252
"CHAMPS","gbql_50",0.2,NA,"batch8",8387,NA,NA,0.775912902454521
"CHAMPS","gbql_50",0.2,NA,"batch8",8388,NA,NA,0.737096467748847
"CHAMPS","gbql_50",0.2,NA,"batch8",8389,NA,NA,0.71233729309298
"CHAMPS","gbql_50",0.2,NA,"batch8",8390,NA,NA,0.777994111517384
"CHAMPS","gbql_50",0.2,NA,"batch8",8391,NA,NA,0.70189927334973
"CHAMPS","gbql_50",0.2,NA,"batch8",8392,NA,NA,0.792243569171321
"CHAMPS","gbql_50",0.2,NA,"batch8",8393,NA,NA,0.715859441855331
"CHAMPS","gbql_50",0.2,NA,"batch8",8394,NA,NA,0.648603954532632
"CHAMPS","gbql_50",0.2,NA,"batch8",8395,NA,NA,0.610870723982751
"CHAMPS","gbql_50",0.2,NA,"batch8",8396,NA,NA,0.730394293434757
"CHAMPS","gbql_50",0.2,NA,"batch8",8397,NA,NA,0.687025317055076
"CHAMPS","gbql_50",0.2,NA,"batch8",8398,NA,NA,0.674536912474031
"CHAMPS","gbql_50",0.2,NA,"batch8",8399,NA,NA,0.673853209586485
"CHAMPS","gbql_50",0.2,NA,"batch8",8400,NA,NA,0.762385055879704
"CHAMPS","gbql_50",0.2,NA,"batch8",8401,NA,NA,0.672409683744785
"CHAMPS","gbql_50",0.2,NA,"batch8",8402,NA,NA,0.735186805311972
"CHAMPS","gbql_50",0.2,NA,"batch8",8403,NA,NA,0.787652840169658
"CHAMPS","gbql_50",0.2,NA,"batch8",8404,NA,NA,0.743939147791235
"CHAMPS","gbql_50",0.2,NA,"batch8",8405,NA,NA,0.612508427938513
"CHAMPS","gbql_50",0.2,NA,"batch8",8406,NA,NA,0.697067871500048
"CHAMPS","gbql_50",0.2,NA,"batch8",8407,NA,NA,0.706177823475746
"CHAMPS","gbql_50",0.2,NA,"batch8",8408,NA,NA,0.72430774268124
"CHAMPS","gbql_50",0.2,NA,"batch8",8409,NA,NA,0.870219348615886
"CHAMPS","gbql_50",0.2,NA,"batch8",8410,NA,NA,0.776237296199592
"CHAMPS","gbql_50",0.2,NA,"batch8",8411,NA,NA,0.723191870749132
"CHAMPS","gbql_50",0.2,NA,"batch8",8412,NA,NA,0.685979090160207
"CHAMPS","gbql_50",0.2,NA,"batch8",8413,NA,NA,0.686842863847797
"CHAMPS","gbql_50",0.2,NA,"batch8",8414,NA,NA,0.601788572188604
"CHAMPS","gbql_50",0.2,NA,"batch8",8415,NA,NA,0.682370084937438
"CHAMPS","gbql_50",0.2,NA,"batch8",8416,NA,NA,0.739857482626368
"CHAMPS","gbql_50",0.2,NA,"batch8",8417,NA,NA,0.663223204512965
"CHAMPS","gbql_50",0.2,NA,"batch8",8418,NA,NA,0.794597210150578
"CHAMPS","gbql_50",0.2,NA,"batch8",8419,NA,NA,0.707352252840633
"CHAMPS","gbql_50",0.2,NA,"batch8",8420,NA,NA,0.711068657091639
"CHAMPS","gbql_50",0.2,NA,"batch8",8421,NA,NA,0.698316184062615
"CHAMPS","gbql_50",0.2,NA,"batch8",8422,NA,NA,0.744792796212487
"CHAMPS","gbql_50",0.2,NA,"batch8",8423,NA,NA,0.695036926895777
"CHAMPS","gbql_50",0.2,NA,"batch8",8424,NA,NA,0.778382213373291
"CHAMPS","gbql_50",0.2,NA,"batch8",8425,NA,NA,0.743503958721186
"CHAMPS","gbql_50",0.2,NA,"batch8",8426,NA,NA,0.676080537826051
"CHAMPS","gbql_50",0.2,NA,"batch8",8427,NA,NA,0.678111113654156
"CHAMPS","gbql_50",0.2,NA,"batch8",8428,NA,NA,0.81714866691735
"CHAMPS","gbql_50",0.2,NA,"batch8",8429,NA,NA,0.681688470046664
"CHAMPS","gbql_50",0.2,NA,"batch8",8430,NA,NA,0.722927016876604
"CHAMPS","gbql_50",0.2,NA,"batch8",8431,NA,NA,0.678847760679728
"CHAMPS","gbql_50",0.2,NA,"batch8",8432,NA,NA,0.694517821562175
"CHAMPS","gbql_50",0.2,NA,"batch8",8433,NA,NA,0.67394844492709
"CHAMPS","gbql_50",0.2,NA,"batch8",8434,NA,NA,0.751552250069385
"CHAMPS","gbql_50",0.2,NA,"batch8",8435,NA,NA,0.680275672385022
"CHAMPS","gbql_50",0.2,NA,"batch8",8436,NA,NA,0.709655149139912
"CHAMPS","gbql_50",0.2,NA,"batch8",8437,NA,NA,0.794197910854831
"CHAMPS","gbql_50",0.2,NA,"batch8",8438,NA,NA,0.699234592865789
"CHAMPS","gbql_50",0.2,NA,"batch8",8439,NA,NA,0.707964343725565
"CHAMPS","gbql_50",0.2,NA,"batch8",8440,NA,NA,0.669273808916022
"CHAMPS","gbql_50",0.2,NA,"batch8",8441,NA,NA,0.627605015305091
"CHAMPS","gbql_50",0.2,NA,"batch8",8442,NA,NA,0.723918672865871
"CHAMPS","gbql_50",0.2,NA,"batch8",8443,NA,NA,0.722317962745722
"CHAMPS","gbql_50",0.2,NA,"batch8",8444,NA,NA,0.680588989923659
"CHAMPS","gbql_50",0.2,NA,"batch8",8445,NA,NA,0.658232742750416
"CHAMPS","gbql_50",0.2,NA,"batch8",8446,NA,NA,0.783273857649974
"CHAMPS","gbql_50",0.2,NA,"batch8",8447,NA,NA,0.749518210195829
"CHAMPS","gbql_50",0.2,NA,"batch8",8448,NA,NA,0.686098125075322
"CHAMPS","gbql_50",0.2,NA,"batch8",8449,NA,NA,0.673443784973934
"CHAMPS","gbql_50",0.2,NA,"batch8",8450,NA,NA,0.665048274643292
"CHAMPS","gbql_50",0.2,NA,"batch8",8451,NA,NA,0.751058173850551
"CHAMPS","gbql_50",0.2,NA,"batch8",8452,NA,NA,0.782462364260937
"CHAMPS","gbql_50",0.2,NA,"batch8",8453,NA,NA,0.769183245842135
"CHAMPS","gbql_50",0.2,NA,"batch8",8454,NA,NA,0.721345508078966
"CHAMPS","gbql_50",0.2,NA,"batch8",8455,NA,NA,0.74469313766319
"CHAMPS","gbql_50",0.2,NA,"batch8",8456,NA,NA,0.666150359214129
"CHAMPS","gbql_50",0.2,NA,"batch8",8457,NA,NA,0.664242939072704
"CHAMPS","gbql_50",0.2,NA,"batch8",8458,NA,NA,0.698659802086886
"CHAMPS","gbql_50",0.2,NA,"batch8",8459,NA,NA,0.755750032967453
"CHAMPS","gbql_50",0.2,NA,"batch8",8460,NA,NA,0.773218603694484
"CHAMPS","gbql_50",0.2,NA,"batch8",8461,NA,NA,0.734311945682998
"CHAMPS","gbql_50",0.2,NA,"batch8",8462,NA,NA,0.736469611775121
"CHAMPS","gbql_50",0.2,NA,"batch8",8463,NA,NA,0.676251073523255
"CHAMPS","gbql_50",0.2,NA,"batch8",8464,NA,NA,0.743857158986329
"CHAMPS","gbql_50",0.2,NA,"batch8",8465,NA,NA,0.711775195967465
"CHAMPS","gbql_50",0.2,NA,"batch8",8466,NA,NA,0.721352104672793
"CHAMPS","gbql_50",0.2,NA,"batch8",8467,NA,NA,0.786397266935948
"CHAMPS","gbql_50",0.2,NA,"batch8",8468,NA,NA,0.693827629097796
"CHAMPS","gbql_50",0.2,NA,"batch8",8469,NA,NA,0.689957047842578
"CHAMPS","gbql_50",0.2,NA,"batch8",8470,NA,NA,0.756565448862864
"CHAMPS","gbql_50",0.2,NA,"batch8",8471,NA,NA,0.667112910237859
"CHAMPS","gbql_50",0.2,NA,"batch8",8472,NA,NA,0.880283703294567
"CHAMPS","gbql_50",0.2,NA,"batch8",8473,NA,NA,0.666884348003916
"CHAMPS","gbql_50",0.2,NA,"batch8",8474,NA,NA,0.782738183815667
"CHAMPS","gbql_50",0.2,NA,"batch8",8475,NA,NA,0.723720385509088
"CHAMPS","gbql_50",0.2,NA,"batch8",8476,NA,NA,0.69265867145658
"CHAMPS","gbql_50",0.2,NA,"batch8",8477,NA,NA,0.721046469469035
"CHAMPS","gbql_50",0.2,NA,"batch8",8478,NA,NA,0.636636538738621
"CHAMPS","gbql_50",0.2,NA,"batch8",8479,NA,NA,0.694861507868562
"CHAMPS","gbql_50",0.2,NA,"batch8",8480,NA,NA,0.870678836831484
"CHAMPS","gbql_50",0.2,NA,"batch8",8481,NA,NA,0.721043638031881
"CHAMPS","gbql_50",0.2,NA,"batch8",8482,NA,NA,0.784868787715758
"CHAMPS","gbql_50",0.2,NA,"batch8",8483,NA,NA,0.725846466692134
"CHAMPS","gbql_50",0.2,NA,"batch8",8484,NA,NA,0.765552299305229
"CHAMPS","gbql_50",0.2,NA,"batch8",8485,NA,NA,0.670703014367685
"CHAMPS","gbql_50",0.2,NA,"batch8",8486,NA,NA,0.677604315071319
"CHAMPS","gbql_50",0.2,NA,"batch8",8487,NA,NA,0.75765727592308
"CHAMPS","gbql_50",0.2,NA,"batch8",8488,NA,NA,0.762788925288153
"CHAMPS","gbql_50",0.2,NA,"batch8",8489,NA,NA,0.718720257489117
"CHAMPS","gbql_50",0.2,NA,"batch8",8490,NA,NA,0.730545357324173
"CHAMPS","gbql_50",0.2,NA,"batch8",8491,NA,NA,0.712042676763574
"CHAMPS","gbql_50",0.2,NA,"batch8",8492,NA,NA,0.669241409073932
"CHAMPS","gbql_50",0.2,NA,"batch8",8493,NA,NA,0.768522475053544
"CHAMPS","gbql_50",0.2,NA,"batch8",8494,NA,NA,0.71010442695543
"CHAMPS","gbql_50",0.2,NA,"batch8",8495,NA,NA,0.778119060729475
"CHAMPS","gbql_50",0.2,NA,"batch8",8496,NA,NA,0.624686789218928
"CHAMPS","gbql_50",0.2,NA,"batch8",8497,NA,NA,0.749215981527713
"CHAMPS","gbql_50",0.2,NA,"batch8",8498,NA,NA,0.716367448497584
"CHAMPS","gbql_50",0.2,NA,"batch8",8499,NA,NA,0.705526604288163
"CHAMPS","gbql_50",0.2,NA,"batch8",8500,NA,NA,0.685133988101587
"CHAMPS","gbql_50",0.4,NA,"batch8",8001,NA,NA,0.784967832933103
"CHAMPS","gbql_50",0.4,NA,"batch8",8002,NA,NA,0.695151841549566
"CHAMPS","gbql_50",0.4,NA,"batch8",8003,NA,NA,0.788697063739778
"CHAMPS","gbql_50",0.4,NA,"batch8",8004,NA,NA,0.647777094871239
"CHAMPS","gbql_50",0.4,NA,"batch8",8005,NA,NA,0.784815450199825
"CHAMPS","gbql_50",0.4,NA,"batch8",8006,NA,NA,0.813200274208706
"CHAMPS","gbql_50",0.4,NA,"batch8",8007,NA,NA,0.825380118084122
"CHAMPS","gbql_50",0.4,NA,"batch8",8008,NA,NA,0.764909698695647
"CHAMPS","gbql_50",0.4,NA,"batch8",8009,NA,NA,0.80106934868614
"CHAMPS","gbql_50",0.4,NA,"batch8",8010,NA,NA,0.761651619531363
"CHAMPS","gbql_50",0.4,NA,"batch8",8011,NA,NA,0.701923131484933
"CHAMPS","gbql_50",0.4,NA,"batch8",8012,NA,NA,0.694657703840797
"CHAMPS","gbql_50",0.4,NA,"batch8",8013,NA,NA,0.817444471815647
"CHAMPS","gbql_50",0.4,NA,"batch8",8014,NA,NA,0.736808988924265
"CHAMPS","gbql_50",0.4,NA,"batch8",8015,NA,NA,0.711839837096148
"CHAMPS","gbql_50",0.4,NA,"batch8",8016,NA,NA,0.754878955096404
"CHAMPS","gbql_50",0.4,NA,"batch8",8017,NA,NA,0.726710107472867
"CHAMPS","gbql_50",0.4,NA,"batch8",8018,NA,NA,0.757950729953739
"CHAMPS","gbql_50",0.4,NA,"batch8",8019,NA,NA,0.759499727270367
"CHAMPS","gbql_50",0.4,NA,"batch8",8020,NA,NA,0.747746714514817
"CHAMPS","gbql_50",0.4,NA,"batch8",8021,NA,NA,0.842961833260029
"CHAMPS","gbql_50",0.4,NA,"batch8",8022,NA,NA,0.713521547063768
"CHAMPS","gbql_50",0.4,NA,"batch8",8023,NA,NA,0.700797557293814
"CHAMPS","gbql_50",0.4,NA,"batch8",8024,NA,NA,0.772112542038993
"CHAMPS","gbql_50",0.4,NA,"batch8",8025,NA,NA,0.765239574873469
"CHAMPS","gbql_50",0.4,NA,"batch8",8026,NA,NA,0.691612786656255
"CHAMPS","gbql_50",0.4,NA,"batch8",8027,NA,NA,0.699788227452198
"CHAMPS","gbql_50",0.4,NA,"batch8",8028,NA,NA,0.755937443439908
"CHAMPS","gbql_50",0.4,NA,"batch8",8029,NA,NA,0.668329685247875
"CHAMPS","gbql_50",0.4,NA,"batch8",8030,NA,NA,0.699000589818295
"CHAMPS","gbql_50",0.4,NA,"batch8",8031,NA,NA,0.771151389727398
"CHAMPS","gbql_50",0.4,NA,"batch8",8032,NA,NA,0.768407504644832
"CHAMPS","gbql_50",0.4,NA,"batch8",8033,NA,NA,0.777546820541621
"CHAMPS","gbql_50",0.4,NA,"batch8",8034,NA,NA,0.699019329060683
"CHAMPS","gbql_50",0.4,NA,"batch8",8035,NA,NA,0.670741723902974
"CHAMPS","gbql_50",0.4,NA,"batch8",8036,NA,NA,0.743108348037733
"CHAMPS","gbql_50",0.4,NA,"batch8",8037,NA,NA,0.705154958920972
"CHAMPS","gbql_50",0.4,NA,"batch8",8038,NA,NA,0.769559458199795
"CHAMPS","gbql_50",0.4,NA,"batch8",8039,NA,NA,0.696597178115532
"CHAMPS","gbql_50",0.4,NA,"batch8",8040,NA,NA,0.817487002984781
"CHAMPS","gbql_50",0.4,NA,"batch8",8041,NA,NA,0.71841733759616
"CHAMPS","gbql_50",0.4,NA,"batch8",8042,NA,NA,0.636638594322659
"CHAMPS","gbql_50",0.4,NA,"batch8",8043,NA,NA,0.774930376180096
"CHAMPS","gbql_50",0.4,NA,"batch8",8044,NA,NA,0.711145556439932
"CHAMPS","gbql_50",0.4,NA,"batch8",8045,NA,NA,0.737600341638118
"CHAMPS","gbql_50",0.4,NA,"batch8",8046,NA,NA,0.711310286866309
"CHAMPS","gbql_50",0.4,NA,"batch8",8047,NA,NA,0.774174323966894
"CHAMPS","gbql_50",0.4,NA,"batch8",8048,NA,NA,0.693449060681952
"CHAMPS","gbql_50",0.4,NA,"batch8",8049,NA,NA,0.772322792542266
"CHAMPS","gbql_50",0.4,NA,"batch8",8050,NA,NA,0.669328762631452
"CHAMPS","gbql_50",0.4,NA,"batch8",8051,NA,NA,0.725129328747316
"CHAMPS","gbql_50",0.4,NA,"batch8",8052,NA,NA,0.704662130640618
"CHAMPS","gbql_50",0.4,NA,"batch8",8053,NA,NA,0.657502161623871
"CHAMPS","gbql_50",0.4,NA,"batch8",8054,NA,NA,0.701029618129935
"CHAMPS","gbql_50",0.4,NA,"batch8",8055,NA,NA,0.684080062413601
"CHAMPS","gbql_50",0.4,NA,"batch8",8056,NA,NA,0.716154094839343
"CHAMPS","gbql_50",0.4,NA,"batch8",8057,NA,NA,0.785087865141043
"CHAMPS","gbql_50",0.4,NA,"batch8",8058,NA,NA,0.697660131783165
"CHAMPS","gbql_50",0.4,NA,"batch8",8059,NA,NA,0.757618879179407
"CHAMPS","gbql_50",0.4,NA,"batch8",8060,NA,NA,0.745150337850523
"CHAMPS","gbql_50",0.4,NA,"batch8",8061,NA,NA,0.762709556175622
"CHAMPS","gbql_50",0.4,NA,"batch8",8062,NA,NA,0.797650163774281
"CHAMPS","gbql_50",0.4,NA,"batch8",8063,NA,NA,0.733294657069801
"CHAMPS","gbql_50",0.4,NA,"batch8",8064,NA,NA,0.757762368747978
"CHAMPS","gbql_50",0.4,NA,"batch8",8065,NA,NA,0.757371522290377
"CHAMPS","gbql_50",0.4,NA,"batch8",8066,NA,NA,0.70384677499704
"CHAMPS","gbql_50",0.4,NA,"batch8",8067,NA,NA,0.709147401561003
"CHAMPS","gbql_50",0.4,NA,"batch8",8068,NA,NA,0.737599918071417
"CHAMPS","gbql_50",0.4,NA,"batch8",8069,NA,NA,0.764490271876471
"CHAMPS","gbql_50",0.4,NA,"batch8",8070,NA,NA,0.75091045472909
"CHAMPS","gbql_50",0.4,NA,"batch8",8071,NA,NA,0.770928961482626
"CHAMPS","gbql_50",0.4,NA,"batch8",8072,NA,NA,0.66980123880163
"CHAMPS","gbql_50",0.4,NA,"batch8",8073,NA,NA,0.70157811887847
"CHAMPS","gbql_50",0.4,NA,"batch8",8074,NA,NA,0.76323291284871
"CHAMPS","gbql_50",0.4,NA,"batch8",8075,NA,NA,0.678087656634851
"CHAMPS","gbql_50",0.4,NA,"batch8",8076,NA,NA,0.808730068545538
"CHAMPS","gbql_50",0.4,NA,"batch8",8077,NA,NA,0.852203039561942
"CHAMPS","gbql_50",0.4,NA,"batch8",8078,NA,NA,0.739569844292812
"CHAMPS","gbql_50",0.4,NA,"batch8",8079,NA,NA,0.749860039084066
"CHAMPS","gbql_50",0.4,NA,"batch8",8080,NA,NA,0.64765909510986
"CHAMPS","gbql_50",0.4,NA,"batch8",8081,NA,NA,0.750849182242444
"CHAMPS","gbql_50",0.4,NA,"batch8",8082,NA,NA,0.727424894141768
"CHAMPS","gbql_50",0.4,NA,"batch8",8083,NA,NA,0.77422253863653
"CHAMPS","gbql_50",0.4,NA,"batch8",8084,NA,NA,0.737823570466246
"CHAMPS","gbql_50",0.4,NA,"batch8",8085,NA,NA,0.720940429185846
"CHAMPS","gbql_50",0.4,NA,"batch8",8086,NA,NA,0.780171955740154
"CHAMPS","gbql_50",0.4,NA,"batch8",8087,NA,NA,0.726827614384337
"CHAMPS","gbql_50",0.4,NA,"batch8",8088,NA,NA,0.726770562011455
"CHAMPS","gbql_50",0.4,NA,"batch8",8089,NA,NA,0.742869874964684
"CHAMPS","gbql_50",0.4,NA,"batch8",8090,NA,NA,0.81672827477178
"CHAMPS","gbql_50",0.4,NA,"batch8",8091,NA,NA,0.766850095761861
"CHAMPS","gbql_50",0.4,NA,"batch8",8092,NA,NA,0.712288561363466
"CHAMPS","gbql_50",0.4,NA,"batch8",8093,NA,NA,0.723378109708586
"CHAMPS","gbql_50",0.4,NA,"batch8",8094,NA,NA,0.809653689124444
"CHAMPS","gbql_50",0.4,NA,"batch8",8095,NA,NA,0.756331477694364
"CHAMPS","gbql_50",0.4,NA,"batch8",8096,NA,NA,0.718162016019121
"CHAMPS","gbql_50",0.4,NA,"batch8",8097,NA,NA,0.783412072256393
"CHAMPS","gbql_50",0.4,NA,"batch8",8098,NA,NA,0.787999431287491
"CHAMPS","gbql_50",0.4,NA,"batch8",8099,NA,NA,0.70974130866726
"CHAMPS","gbql_50",0.4,NA,"batch8",8100,NA,NA,0.690678756378642
"CHAMPS","gbql_50",0.4,NA,"batch8",8101,NA,NA,0.732869730988105
"CHAMPS","gbql_50",0.4,NA,"batch8",8102,NA,NA,0.836060492420152
"CHAMPS","gbql_50",0.4,NA,"batch8",8103,NA,NA,0.772589210726917
"CHAMPS","gbql_50",0.4,NA,"batch8",8104,NA,NA,0.825234618537886
"CHAMPS","gbql_50",0.4,NA,"batch8",8105,NA,NA,0.680736465563906
"CHAMPS","gbql_50",0.4,NA,"batch8",8106,NA,NA,0.775009826074048
"CHAMPS","gbql_50",0.4,NA,"batch8",8107,NA,NA,0.777385393502374
"CHAMPS","gbql_50",0.4,NA,"batch8",8108,NA,NA,0.66522664762663
"CHAMPS","gbql_50",0.4,NA,"batch8",8109,NA,NA,0.683865327780896
"CHAMPS","gbql_50",0.4,NA,"batch8",8110,NA,NA,0.765253779996718
"CHAMPS","gbql_50",0.4,NA,"batch8",8111,NA,NA,0.704601884015612
"CHAMPS","gbql_50",0.4,NA,"batch8",8112,NA,NA,0.793383735848798
"CHAMPS","gbql_50",0.4,NA,"batch8",8113,NA,NA,0.742348652002132
"CHAMPS","gbql_50",0.4,NA,"batch8",8114,NA,NA,0.790750239165639
"CHAMPS","gbql_50",0.4,NA,"batch8",8115,NA,NA,0.707946574838969
"CHAMPS","gbql_50",0.4,NA,"batch8",8116,NA,NA,0.722227520424771
"CHAMPS","gbql_50",0.4,NA,"batch8",8117,NA,NA,0.809064126206782
"CHAMPS","gbql_50",0.4,NA,"batch8",8118,NA,NA,0.713952803763436
"CHAMPS","gbql_50",0.4,NA,"batch8",8119,NA,NA,0.711030306842832
"CHAMPS","gbql_50",0.4,NA,"batch8",8120,NA,NA,0.755112568233334
"CHAMPS","gbql_50",0.4,NA,"batch8",8121,NA,NA,0.668853504367638
"CHAMPS","gbql_50",0.4,NA,"batch8",8122,NA,NA,0.658808222334438
"CHAMPS","gbql_50",0.4,NA,"batch8",8123,NA,NA,0.774498457421919
"CHAMPS","gbql_50",0.4,NA,"batch8",8124,NA,NA,0.754690128092111
"CHAMPS","gbql_50",0.4,NA,"batch8",8125,NA,NA,0.775330517179816
"CHAMPS","gbql_50",0.4,NA,"batch8",8126,NA,NA,0.716857507106887
"CHAMPS","gbql_50",0.4,NA,"batch8",8127,NA,NA,0.788598839341706
"CHAMPS","gbql_50",0.4,NA,"batch8",8128,NA,NA,0.763495623256844
"CHAMPS","gbql_50",0.4,NA,"batch8",8129,NA,NA,0.741178249684959
"CHAMPS","gbql_50",0.4,NA,"batch8",8130,NA,NA,0.669825512577989
"CHAMPS","gbql_50",0.4,NA,"batch8",8131,NA,NA,0.65686009800421
"CHAMPS","gbql_50",0.4,NA,"batch8",8132,NA,NA,0.769481237691894
"CHAMPS","gbql_50",0.4,NA,"batch8",8133,NA,NA,0.740499440450855
"CHAMPS","gbql_50",0.4,NA,"batch8",8134,NA,NA,0.731286389266221
"CHAMPS","gbql_50",0.4,NA,"batch8",8135,NA,NA,0.717220200771202
"CHAMPS","gbql_50",0.4,NA,"batch8",8136,NA,NA,0.812489097488484
"CHAMPS","gbql_50",0.4,NA,"batch8",8137,NA,NA,0.70923527711489
"CHAMPS","gbql_50",0.4,NA,"batch8",8138,NA,NA,0.725728993322703
"CHAMPS","gbql_50",0.4,NA,"batch8",8139,NA,NA,0.781551434804534
"CHAMPS","gbql_50",0.4,NA,"batch8",8140,NA,NA,0.679915431128273
"CHAMPS","gbql_50",0.4,NA,"batch8",8141,NA,NA,0.760135338792017
"CHAMPS","gbql_50",0.4,NA,"batch8",8142,NA,NA,0.736889868519199
"CHAMPS","gbql_50",0.4,NA,"batch8",8143,NA,NA,0.719971784269278
"CHAMPS","gbql_50",0.4,NA,"batch8",8144,NA,NA,0.729013620561092
"CHAMPS","gbql_50",0.4,NA,"batch8",8145,NA,NA,0.711022700823061
"CHAMPS","gbql_50",0.4,NA,"batch8",8146,NA,NA,0.785231991029036
"CHAMPS","gbql_50",0.4,NA,"batch8",8147,NA,NA,0.725729073411774
"CHAMPS","gbql_50",0.4,NA,"batch8",8148,NA,NA,0.671835830884159
"CHAMPS","gbql_50",0.4,NA,"batch8",8149,NA,NA,0.742051231541572
"CHAMPS","gbql_50",0.4,NA,"batch8",8150,NA,NA,0.68936329957278
"CHAMPS","gbql_50",0.4,NA,"batch8",8151,NA,NA,0.803050812634757
"CHAMPS","gbql_50",0.4,NA,"batch8",8152,NA,NA,0.69534109155168
"CHAMPS","gbql_50",0.4,NA,"batch8",8153,NA,NA,0.731516524926706
"CHAMPS","gbql_50",0.4,NA,"batch8",8154,NA,NA,0.736180943862223
"CHAMPS","gbql_50",0.4,NA,"batch8",8155,NA,NA,0.740213921259855
"CHAMPS","gbql_50",0.4,NA,"batch8",8156,NA,NA,0.741055909872526
"CHAMPS","gbql_50",0.4,NA,"batch8",8157,NA,NA,0.762967570007098
"CHAMPS","gbql_50",0.4,NA,"batch8",8158,NA,NA,0.683268066545485
"CHAMPS","gbql_50",0.4,NA,"batch8",8159,NA,NA,0.73084288203363
"CHAMPS","gbql_50",0.4,NA,"batch8",8160,NA,NA,0.717484732103015
"CHAMPS","gbql_50",0.4,NA,"batch8",8161,NA,NA,0.757425913302047
"CHAMPS","gbql_50",0.4,NA,"batch8",8162,NA,NA,0.704733352003757
"CHAMPS","gbql_50",0.4,NA,"batch8",8163,NA,NA,0.865091696572399
"CHAMPS","gbql_50",0.4,NA,"batch8",8164,NA,NA,0.724616881973037
"CHAMPS","gbql_50",0.4,NA,"batch8",8165,NA,NA,0.681584580572136
"CHAMPS","gbql_50",0.4,NA,"batch8",8166,NA,NA,0.658060270901012
"CHAMPS","gbql_50",0.4,NA,"batch8",8167,NA,NA,0.698530733870362
"CHAMPS","gbql_50",0.4,NA,"batch8",8168,NA,NA,0.76153229545001
"CHAMPS","gbql_50",0.4,NA,"batch8",8169,NA,NA,0.872285277994594
"CHAMPS","gbql_50",0.4,NA,"batch8",8170,NA,NA,0.735379980559728
"CHAMPS","gbql_50",0.4,NA,"batch8",8171,NA,NA,0.755286658605907
"CHAMPS","gbql_50",0.4,NA,"batch8",8172,NA,NA,0.726868816262705
"CHAMPS","gbql_50",0.4,NA,"batch8",8173,NA,NA,0.77710843938529
"CHAMPS","gbql_50",0.4,NA,"batch8",8174,NA,NA,0.706303746118697
"CHAMPS","gbql_50",0.4,NA,"batch8",8175,NA,NA,0.756230473667885
"CHAMPS","gbql_50",0.4,NA,"batch8",8176,NA,NA,0.750902751054175
"CHAMPS","gbql_50",0.4,NA,"batch8",8177,NA,NA,0.720216964656461
"CHAMPS","gbql_50",0.4,NA,"batch8",8178,NA,NA,0.685784449749966
"CHAMPS","gbql_50",0.4,NA,"batch8",8179,NA,NA,0.724418897749927
"CHAMPS","gbql_50",0.4,NA,"batch8",8180,NA,NA,0.69577218246562
"CHAMPS","gbql_50",0.4,NA,"batch8",8181,NA,NA,0.771926828830333
"CHAMPS","gbql_50",0.4,NA,"batch8",8182,NA,NA,0.743100294712687
"CHAMPS","gbql_50",0.4,NA,"batch8",8183,NA,NA,0.748884519685298
"CHAMPS","gbql_50",0.4,NA,"batch8",8184,NA,NA,0.810672032991911
"CHAMPS","gbql_50",0.4,NA,"batch8",8185,NA,NA,0.76686305237843
"CHAMPS","gbql_50",0.4,NA,"batch8",8186,NA,NA,0.735339706815197
"CHAMPS","gbql_50",0.4,NA,"batch8",8187,NA,NA,0.709685076522276
"CHAMPS","gbql_50",0.4,NA,"batch8",8188,NA,NA,0.773239034018508
"CHAMPS","gbql_50",0.4,NA,"batch8",8189,NA,NA,0.699911959880288
"CHAMPS","gbql_50",0.4,NA,"batch8",8190,NA,NA,0.77490769397897
"CHAMPS","gbql_50",0.4,NA,"batch8",8191,NA,NA,0.764213116858336
"CHAMPS","gbql_50",0.4,NA,"batch8",8192,NA,NA,0.728803718531313
"CHAMPS","gbql_50",0.4,NA,"batch8",8193,NA,NA,0.729786012824172
"CHAMPS","gbql_50",0.4,NA,"batch8",8194,NA,NA,0.732746725741667
"CHAMPS","gbql_50",0.4,NA,"batch8",8195,NA,NA,0.700020104492524
"CHAMPS","gbql_50",0.4,NA,"batch8",8196,NA,NA,0.639780380874519
"CHAMPS","gbql_50",0.4,NA,"batch8",8197,NA,NA,0.798706118695283
"CHAMPS","gbql_50",0.4,NA,"batch8",8198,NA,NA,0.722761926764592
"CHAMPS","gbql_50",0.4,NA,"batch8",8199,NA,NA,0.740347215396593
"CHAMPS","gbql_50",0.4,NA,"batch8",8200,NA,NA,0.813961063095087
"CHAMPS","gbql_50",0.4,NA,"batch8",8201,NA,NA,0.756503172917552
"CHAMPS","gbql_50",0.4,NA,"batch8",8202,NA,NA,0.756763361716147
"CHAMPS","gbql_50",0.4,NA,"batch8",8203,NA,NA,0.712687090872129
"CHAMPS","gbql_50",0.4,NA,"batch8",8204,NA,NA,0.808462358452629
"CHAMPS","gbql_50",0.4,NA,"batch8",8205,NA,NA,0.810931477213712
"CHAMPS","gbql_50",0.4,NA,"batch8",8206,NA,NA,0.760536459747319
"CHAMPS","gbql_50",0.4,NA,"batch8",8207,NA,NA,0.74744559393356
"CHAMPS","gbql_50",0.4,NA,"batch8",8208,NA,NA,0.653818001585595
"CHAMPS","gbql_50",0.4,NA,"batch8",8209,NA,NA,0.717138590353166
"CHAMPS","gbql_50",0.4,NA,"batch8",8210,NA,NA,0.641535040643848
"CHAMPS","gbql_50",0.4,NA,"batch8",8211,NA,NA,0.693697897139741
"CHAMPS","gbql_50",0.4,NA,"batch8",8212,NA,NA,0.75912951779279
"CHAMPS","gbql_50",0.4,NA,"batch8",8213,NA,NA,0.78232947849284
"CHAMPS","gbql_50",0.4,NA,"batch8",8214,NA,NA,0.677435614705297
"CHAMPS","gbql_50",0.4,NA,"batch8",8215,NA,NA,0.655109768798985
"CHAMPS","gbql_50",0.4,NA,"batch8",8216,NA,NA,0.774705744882998
"CHAMPS","gbql_50",0.4,NA,"batch8",8217,NA,NA,0.680953434822047
"CHAMPS","gbql_50",0.4,NA,"batch8",8218,NA,NA,0.803552766912983
"CHAMPS","gbql_50",0.4,NA,"batch8",8219,NA,NA,0.777748732898516
"CHAMPS","gbql_50",0.4,NA,"batch8",8220,NA,NA,0.765386764181469
"CHAMPS","gbql_50",0.4,NA,"batch8",8221,NA,NA,0.777806897904991
"CHAMPS","gbql_50",0.4,NA,"batch8",8222,NA,NA,0.786172396283533
"CHAMPS","gbql_50",0.4,NA,"batch8",8223,NA,NA,0.725335212059378
"CHAMPS","gbql_50",0.4,NA,"batch8",8224,NA,NA,0.806611014756277
"CHAMPS","gbql_50",0.4,NA,"batch8",8225,NA,NA,0.772236644781102
"CHAMPS","gbql_50",0.4,NA,"batch8",8226,NA,NA,0.740765691253001
"CHAMPS","gbql_50",0.4,NA,"batch8",8227,NA,NA,0.792466646309291
"CHAMPS","gbql_50",0.4,NA,"batch8",8228,NA,NA,0.823519388735099
"CHAMPS","gbql_50",0.4,NA,"batch8",8229,NA,NA,0.752693090999572
"CHAMPS","gbql_50",0.4,NA,"batch8",8230,NA,NA,0.736659241538776
"CHAMPS","gbql_50",0.4,NA,"batch8",8231,NA,NA,0.755537137326715
"CHAMPS","gbql_50",0.4,NA,"batch8",8232,NA,NA,0.738300861618048
"CHAMPS","gbql_50",0.4,NA,"batch8",8233,NA,NA,0.790046830189554
"CHAMPS","gbql_50",0.4,NA,"batch8",8234,NA,NA,0.670794822390981
"CHAMPS","gbql_50",0.4,NA,"batch8",8235,NA,NA,0.760001699747085
"CHAMPS","gbql_50",0.4,NA,"batch8",8236,NA,NA,0.64943689517745
"CHAMPS","gbql_50",0.4,NA,"batch8",8237,NA,NA,0.690044130815523
"CHAMPS","gbql_50",0.4,NA,"batch8",8238,NA,NA,0.732274317297784
"CHAMPS","gbql_50",0.4,NA,"batch8",8239,NA,NA,0.745261063606789
"CHAMPS","gbql_50",0.4,NA,"batch8",8240,NA,NA,0.747967217427171
"CHAMPS","gbql_50",0.4,NA,"batch8",8241,NA,NA,0.763764695025093
"CHAMPS","gbql_50",0.4,NA,"batch8",8242,NA,NA,0.733047093193975
"CHAMPS","gbql_50",0.4,NA,"batch8",8243,NA,NA,0.673226785035981
"CHAMPS","gbql_50",0.4,NA,"batch8",8244,NA,NA,0.689914501129183
"CHAMPS","gbql_50",0.4,NA,"batch8",8245,NA,NA,0.703707598790215
"CHAMPS","gbql_50",0.4,NA,"batch8",8246,NA,NA,0.746598525867821
"CHAMPS","gbql_50",0.4,NA,"batch8",8247,NA,NA,0.700958565093495
"CHAMPS","gbql_50",0.4,NA,"batch8",8248,NA,NA,0.787350720311971
"CHAMPS","gbql_50",0.4,NA,"batch8",8249,NA,NA,0.771443352247799
"CHAMPS","gbql_50",0.4,NA,"batch8",8250,NA,NA,0.703016139127356
"CHAMPS","gbql_50",0.4,NA,"batch8",8251,NA,NA,0.760390329023908
"CHAMPS","gbql_50",0.4,NA,"batch8",8252,NA,NA,0.765373211182029
"CHAMPS","gbql_50",0.4,NA,"batch8",8253,NA,NA,0.736970873515491
"CHAMPS","gbql_50",0.4,NA,"batch8",8254,NA,NA,0.70851764245606
"CHAMPS","gbql_50",0.4,NA,"batch8",8255,NA,NA,0.749237769096849
"CHAMPS","gbql_50",0.4,NA,"batch8",8256,NA,NA,0.749619384915032
"CHAMPS","gbql_50",0.4,NA,"batch8",8257,NA,NA,0.81147619633188
"CHAMPS","gbql_50",0.4,NA,"batch8",8258,NA,NA,0.813835011446701
"CHAMPS","gbql_50",0.4,NA,"batch8",8259,NA,NA,0.749162888055181
"CHAMPS","gbql_50",0.4,NA,"batch8",8260,NA,NA,0.788156967952782
"CHAMPS","gbql_50",0.4,NA,"batch8",8261,NA,NA,0.650465523754907
"CHAMPS","gbql_50",0.4,NA,"batch8",8262,NA,NA,0.730588085988356
"CHAMPS","gbql_50",0.4,NA,"batch8",8263,NA,NA,0.709860643090308
"CHAMPS","gbql_50",0.4,NA,"batch8",8264,NA,NA,0.780300474491317
"CHAMPS","gbql_50",0.4,NA,"batch8",8265,NA,NA,0.709522930614644
"CHAMPS","gbql_50",0.4,NA,"batch8",8266,NA,NA,0.756570210307253
"CHAMPS","gbql_50",0.4,NA,"batch8",8267,NA,NA,0.70660510974396
"CHAMPS","gbql_50",0.4,NA,"batch8",8268,NA,NA,0.891951019230464
"CHAMPS","gbql_50",0.4,NA,"batch8",8269,NA,NA,0.758312466619487
"CHAMPS","gbql_50",0.4,NA,"batch8",8270,NA,NA,0.780572211981371
"CHAMPS","gbql_50",0.4,NA,"batch8",8271,NA,NA,0.736929205284601
"CHAMPS","gbql_50",0.4,NA,"batch8",8272,NA,NA,0.846592418718681
"CHAMPS","gbql_50",0.4,NA,"batch8",8273,NA,NA,0.762632727565004
"CHAMPS","gbql_50",0.4,NA,"batch8",8274,NA,NA,0.671102759492632
"CHAMPS","gbql_50",0.4,NA,"batch8",8275,NA,NA,0.727751271902306
"CHAMPS","gbql_50",0.4,NA,"batch8",8276,NA,NA,0.710823962562381
"CHAMPS","gbql_50",0.4,NA,"batch8",8277,NA,NA,0.788393730412623
"CHAMPS","gbql_50",0.4,NA,"batch8",8278,NA,NA,0.73141241852247
"CHAMPS","gbql_50",0.4,NA,"batch8",8279,NA,NA,0.780525565098674
"CHAMPS","gbql_50",0.4,NA,"batch8",8280,NA,NA,0.808956502621129
"CHAMPS","gbql_50",0.4,NA,"batch8",8281,NA,NA,0.772291897456318
"CHAMPS","gbql_50",0.4,NA,"batch8",8282,NA,NA,0.809069263215872
"CHAMPS","gbql_50",0.4,NA,"batch8",8283,NA,NA,0.690235611310512
"CHAMPS","gbql_50",0.4,NA,"batch8",8284,NA,NA,0.668916438396825
"CHAMPS","gbql_50",0.4,NA,"batch8",8285,NA,NA,0.774735968750617
"CHAMPS","gbql_50",0.4,NA,"batch8",8286,NA,NA,0.730660162465282
"CHAMPS","gbql_50",0.4,NA,"batch8",8287,NA,NA,0.732094139634907
"CHAMPS","gbql_50",0.4,NA,"batch8",8288,NA,NA,0.745318223495269
"CHAMPS","gbql_50",0.4,NA,"batch8",8289,NA,NA,0.68668202415706
"CHAMPS","gbql_50",0.4,NA,"batch8",8290,NA,NA,0.771347121213865
"CHAMPS","gbql_50",0.4,NA,"batch8",8291,NA,NA,0.841817519657807
"CHAMPS","gbql_50",0.4,NA,"batch8",8292,NA,NA,0.718962784357677
"CHAMPS","gbql_50",0.4,NA,"batch8",8293,NA,NA,0.711864444599701
"CHAMPS","gbql_50",0.4,NA,"batch8",8294,NA,NA,0.774987835058136
"CHAMPS","gbql_50",0.4,NA,"batch8",8295,NA,NA,0.705376475293768
"CHAMPS","gbql_50",0.4,NA,"batch8",8296,NA,NA,0.789816851341147
"CHAMPS","gbql_50",0.4,NA,"batch8",8297,NA,NA,0.685843270599347
"CHAMPS","gbql_50",0.4,NA,"batch8",8298,NA,NA,0.795111682818404
"CHAMPS","gbql_50",0.4,NA,"batch8",8299,NA,NA,0.715204859815194
"CHAMPS","gbql_50",0.4,NA,"batch8",8300,NA,NA,0.755105202498225
"CHAMPS","gbql_50",0.4,NA,"batch8",8301,NA,NA,0.696070706880114
"CHAMPS","gbql_50",0.4,NA,"batch8",8302,NA,NA,0.722924717439718
"CHAMPS","gbql_50",0.4,NA,"batch8",8303,NA,NA,0.806791045982679
"CHAMPS","gbql_50",0.4,NA,"batch8",8304,NA,NA,0.722242263329408
"CHAMPS","gbql_50",0.4,NA,"batch8",8305,NA,NA,0.691859621939121
"CHAMPS","gbql_50",0.4,NA,"batch8",8306,NA,NA,0.701371935893178
"CHAMPS","gbql_50",0.4,NA,"batch8",8307,NA,NA,0.815550467794201
"CHAMPS","gbql_50",0.4,NA,"batch8",8308,NA,NA,0.800761900990533
"CHAMPS","gbql_50",0.4,NA,"batch8",8309,NA,NA,0.776790558766318
"CHAMPS","gbql_50",0.4,NA,"batch8",8310,NA,NA,0.763056921015196
"CHAMPS","gbql_50",0.4,NA,"batch8",8311,NA,NA,0.718869233246515
"CHAMPS","gbql_50",0.4,NA,"batch8",8312,NA,NA,0.734879282154412
"CHAMPS","gbql_50",0.4,NA,"batch8",8313,NA,NA,0.679370247233046
"CHAMPS","gbql_50",0.4,NA,"batch8",8314,NA,NA,0.704376607031568
"CHAMPS","gbql_50",0.4,NA,"batch8",8315,NA,NA,0.725396426083979
"CHAMPS","gbql_50",0.4,NA,"batch8",8316,NA,NA,0.749449944371196
"CHAMPS","gbql_50",0.4,NA,"batch8",8317,NA,NA,0.81312612005805
"CHAMPS","gbql_50",0.4,NA,"batch8",8318,NA,NA,0.706726485327019
"CHAMPS","gbql_50",0.4,NA,"batch8",8319,NA,NA,0.830938911082606
"CHAMPS","gbql_50",0.4,NA,"batch8",8320,NA,NA,0.658522875923193
"CHAMPS","gbql_50",0.4,NA,"batch8",8321,NA,NA,0.817272629173784
"CHAMPS","gbql_50",0.4,NA,"batch8",8322,NA,NA,0.687138664299347
"CHAMPS","gbql_50",0.4,NA,"batch8",8323,NA,NA,0.742982792853854
"CHAMPS","gbql_50",0.4,NA,"batch8",8324,NA,NA,0.812268104710718
"CHAMPS","gbql_50",0.4,NA,"batch8",8325,NA,NA,0.68452214369745
"CHAMPS","gbql_50",0.4,NA,"batch8",8326,NA,NA,0.761829984884408
"CHAMPS","gbql_50",0.4,NA,"batch8",8327,NA,NA,0.663495121525665
"CHAMPS","gbql_50",0.4,NA,"batch8",8328,NA,NA,0.81853203389261
"CHAMPS","gbql_50",0.4,NA,"batch8",8329,NA,NA,0.738573417415495
"CHAMPS","gbql_50",0.4,NA,"batch8",8330,NA,NA,0.745415264092662
"CHAMPS","gbql_50",0.4,NA,"batch8",8331,NA,NA,0.786271169039045
"CHAMPS","gbql_50",0.4,NA,"batch8",8332,NA,NA,0.733829734476108
"CHAMPS","gbql_50",0.4,NA,"batch8",8333,NA,NA,0.70198248060936
"CHAMPS","gbql_50",0.4,NA,"batch8",8334,NA,NA,0.739990618201151
"CHAMPS","gbql_50",0.4,NA,"batch8",8335,NA,NA,0.747256610812127
"CHAMPS","gbql_50",0.4,NA,"batch8",8336,NA,NA,0.784185814607601
"CHAMPS","gbql_50",0.4,NA,"batch8",8337,NA,NA,0.681990832730662
"CHAMPS","gbql_50",0.4,NA,"batch8",8338,NA,NA,0.680022657454579
"CHAMPS","gbql_50",0.4,NA,"batch8",8339,NA,NA,0.676796795600361
"CHAMPS","gbql_50",0.4,NA,"batch8",8340,NA,NA,0.733976594431809
"CHAMPS","gbql_50",0.4,NA,"batch8",8341,NA,NA,0.729517833481473
"CHAMPS","gbql_50",0.4,NA,"batch8",8342,NA,NA,0.795375561678709
"CHAMPS","gbql_50",0.4,NA,"batch8",8343,NA,NA,0.741052717966933
"CHAMPS","gbql_50",0.4,NA,"batch8",8344,NA,NA,0.744037635730787
"CHAMPS","gbql_50",0.4,NA,"batch8",8345,NA,NA,0.67729386436415
"CHAMPS","gbql_50",0.4,NA,"batch8",8346,NA,NA,0.749085507133267
"CHAMPS","gbql_50",0.4,NA,"batch8",8347,NA,NA,0.720448442616409
"CHAMPS","gbql_50",0.4,NA,"batch8",8348,NA,NA,0.736948280261613
"CHAMPS","gbql_50",0.4,NA,"batch8",8349,NA,NA,0.839800193549714
"CHAMPS","gbql_50",0.4,NA,"batch8",8350,NA,NA,0.736761523995344
"CHAMPS","gbql_50",0.4,NA,"batch8",8351,NA,NA,0.780132911609883
"CHAMPS","gbql_50",0.4,NA,"batch8",8352,NA,NA,0.796341517784024
"CHAMPS","gbql_50",0.4,NA,"batch8",8353,NA,NA,0.629362758353336
"CHAMPS","gbql_50",0.4,NA,"batch8",8354,NA,NA,0.677517086587952
"CHAMPS","gbql_50",0.4,NA,"batch8",8355,NA,NA,0.759133402794248
"CHAMPS","gbql_50",0.4,NA,"batch8",8356,NA,NA,0.761776473977442
"CHAMPS","gbql_50",0.4,NA,"batch8",8357,NA,NA,0.705863725584347
"CHAMPS","gbql_50",0.4,NA,"batch8",8358,NA,NA,0.836389125712339
"CHAMPS","gbql_50",0.4,NA,"batch8",8359,NA,NA,0.67774783081744
"CHAMPS","gbql_50",0.4,NA,"batch8",8360,NA,NA,0.752614199784922
"CHAMPS","gbql_50",0.4,NA,"batch8",8361,NA,NA,0.760627426605942
"CHAMPS","gbql_50",0.4,NA,"batch8",8362,NA,NA,0.756312678243848
"CHAMPS","gbql_50",0.4,NA,"batch8",8363,NA,NA,0.701198472677552
"CHAMPS","gbql_50",0.4,NA,"batch8",8364,NA,NA,0.690799093403995
"CHAMPS","gbql_50",0.4,NA,"batch8",8365,NA,NA,0.759719407535746
"CHAMPS","gbql_50",0.4,NA,"batch8",8366,NA,NA,0.803030908884944
"CHAMPS","gbql_50",0.4,NA,"batch8",8367,NA,NA,0.735514631006871
"CHAMPS","gbql_50",0.4,NA,"batch8",8368,NA,NA,0.673369505613444
"CHAMPS","gbql_50",0.4,NA,"batch8",8369,NA,NA,0.663606464889304
"CHAMPS","gbql_50",0.4,NA,"batch8",8370,NA,NA,0.728898616323611
"CHAMPS","gbql_50",0.4,NA,"batch8",8371,NA,NA,0.787555396987179
"CHAMPS","gbql_50",0.4,NA,"batch8",8372,NA,NA,0.800470944271513
"CHAMPS","gbql_50",0.4,NA,"batch8",8373,NA,NA,0.736867418072859
"CHAMPS","gbql_50",0.4,NA,"batch8",8374,NA,NA,0.79680662225182
"CHAMPS","gbql_50",0.4,NA,"batch8",8375,NA,NA,0.714252825352021
"CHAMPS","gbql_50",0.4,NA,"batch8",8376,NA,NA,0.76080953534513
"CHAMPS","gbql_50",0.4,NA,"batch8",8377,NA,NA,0.717584471709252
"CHAMPS","gbql_50",0.4,NA,"batch8",8378,NA,NA,0.741474417719011
"CHAMPS","gbql_50",0.4,NA,"batch8",8379,NA,NA,0.653605581692456
"CHAMPS","gbql_50",0.4,NA,"batch8",8380,NA,NA,0.849567184479086
"CHAMPS","gbql_50",0.4,NA,"batch8",8381,NA,NA,0.751384331599514
"CHAMPS","gbql_50",0.4,NA,"batch8",8382,NA,NA,0.700949582959625
"CHAMPS","gbql_50",0.4,NA,"batch8",8383,NA,NA,0.714471073467144
"CHAMPS","gbql_50",0.4,NA,"batch8",8384,NA,NA,0.711942558797351
"CHAMPS","gbql_50",0.4,NA,"batch8",8385,NA,NA,0.747377374142231
"CHAMPS","gbql_50",0.4,NA,"batch8",8386,NA,NA,0.833521806860346
"CHAMPS","gbql_50",0.4,NA,"batch8",8387,NA,NA,0.696154911153261
"CHAMPS","gbql_50",0.4,NA,"batch8",8388,NA,NA,0.749238225840349
"CHAMPS","gbql_50",0.4,NA,"batch8",8389,NA,NA,0.682695974264528
"CHAMPS","gbql_50",0.4,NA,"batch8",8390,NA,NA,0.773620159933772
"CHAMPS","gbql_50",0.4,NA,"batch8",8391,NA,NA,0.739615520050065
"CHAMPS","gbql_50",0.4,NA,"batch8",8392,NA,NA,0.746094919844621
"CHAMPS","gbql_50",0.4,NA,"batch8",8393,NA,NA,0.719183605811585
"CHAMPS","gbql_50",0.4,NA,"batch8",8394,NA,NA,0.757421636147478
"CHAMPS","gbql_50",0.4,NA,"batch8",8395,NA,NA,0.735984242554433
"CHAMPS","gbql_50",0.4,NA,"batch8",8396,NA,NA,0.777242497949167
"CHAMPS","gbql_50",0.4,NA,"batch8",8397,NA,NA,0.78075148452799
"CHAMPS","gbql_50",0.4,NA,"batch8",8398,NA,NA,0.773010692990043
"CHAMPS","gbql_50",0.4,NA,"batch8",8399,NA,NA,0.692606716667978
"CHAMPS","gbql_50",0.4,NA,"batch8",8400,NA,NA,0.68532831291315
"CHAMPS","gbql_50",0.4,NA,"batch8",8401,NA,NA,0.818591348591559
"CHAMPS","gbql_50",0.4,NA,"batch8",8402,NA,NA,0.698835324897504
"CHAMPS","gbql_50",0.4,NA,"batch8",8403,NA,NA,0.837180189884776
"CHAMPS","gbql_50",0.4,NA,"batch8",8404,NA,NA,0.814092983004019
"CHAMPS","gbql_50",0.4,NA,"batch8",8405,NA,NA,0.714472463307868
"CHAMPS","gbql_50",0.4,NA,"batch8",8406,NA,NA,0.700244681903045
"CHAMPS","gbql_50",0.4,NA,"batch8",8407,NA,NA,0.782540773582353
"CHAMPS","gbql_50",0.4,NA,"batch8",8408,NA,NA,0.877056336106865
"CHAMPS","gbql_50",0.4,NA,"batch8",8409,NA,NA,0.773341557119017
"CHAMPS","gbql_50",0.4,NA,"batch8",8410,NA,NA,0.745006391111267
"CHAMPS","gbql_50",0.4,NA,"batch8",8411,NA,NA,0.852356249505196
"CHAMPS","gbql_50",0.4,NA,"batch8",8412,NA,NA,0.696044842225964
"CHAMPS","gbql_50",0.4,NA,"batch8",8413,NA,NA,0.717431586091495
"CHAMPS","gbql_50",0.4,NA,"batch8",8414,NA,NA,0.767907701073682
"CHAMPS","gbql_50",0.4,NA,"batch8",8415,NA,NA,0.715375571135441
"CHAMPS","gbql_50",0.4,NA,"batch8",8416,NA,NA,0.711848231959767
"CHAMPS","gbql_50",0.4,NA,"batch8",8417,NA,NA,0.603572828081078
"CHAMPS","gbql_50",0.4,NA,"batch8",8418,NA,NA,0.804520028708542
"CHAMPS","gbql_50",0.4,NA,"batch8",8419,NA,NA,0.753049115764178
"CHAMPS","gbql_50",0.4,NA,"batch8",8420,NA,NA,0.670619267758491
"CHAMPS","gbql_50",0.4,NA,"batch8",8421,NA,NA,0.675468623650535
"CHAMPS","gbql_50",0.4,NA,"batch8",8422,NA,NA,0.785505109669441
"CHAMPS","gbql_50",0.4,NA,"batch8",8423,NA,NA,0.746209719086767
"CHAMPS","gbql_50",0.4,NA,"batch8",8424,NA,NA,0.747644640819572
"CHAMPS","gbql_50",0.4,NA,"batch8",8425,NA,NA,0.749082919828209
"CHAMPS","gbql_50",0.4,NA,"batch8",8426,NA,NA,0.691081201664938
"CHAMPS","gbql_50",0.4,NA,"batch8",8427,NA,NA,0.73713236642201
"CHAMPS","gbql_50",0.4,NA,"batch8",8428,NA,NA,0.718900410797999
"CHAMPS","gbql_50",0.4,NA,"batch8",8429,NA,NA,0.766087534554537
"CHAMPS","gbql_50",0.4,NA,"batch8",8430,NA,NA,0.743207597634661
"CHAMPS","gbql_50",0.4,NA,"batch8",8431,NA,NA,0.689037283442579
"CHAMPS","gbql_50",0.4,NA,"batch8",8432,NA,NA,0.790688004394687
"CHAMPS","gbql_50",0.4,NA,"batch8",8433,NA,NA,0.744761291513921
"CHAMPS","gbql_50",0.4,NA,"batch8",8434,NA,NA,0.717924581268607
"CHAMPS","gbql_50",0.4,NA,"batch8",8435,NA,NA,0.759964537135831
"CHAMPS","gbql_50",0.4,NA,"batch8",8436,NA,NA,0.741146972663788
"CHAMPS","gbql_50",0.4,NA,"batch8",8437,NA,NA,0.729763094977136
"CHAMPS","gbql_50",0.4,NA,"batch8",8438,NA,NA,0.696995239516824
"CHAMPS","gbql_50",0.4,NA,"batch8",8439,NA,NA,0.802301240411754
"CHAMPS","gbql_50",0.4,NA,"batch8",8440,NA,NA,0.731138716790905
"CHAMPS","gbql_50",0.4,NA,"batch8",8441,NA,NA,0.753347843190172
"CHAMPS","gbql_50",0.4,NA,"batch8",8442,NA,NA,0.719961127408332
"CHAMPS","gbql_50",0.4,NA,"batch8",8443,NA,NA,0.714903450722448
"CHAMPS","gbql_50",0.4,NA,"batch8",8444,NA,NA,0.74378932775001
"CHAMPS","gbql_50",0.4,NA,"batch8",8445,NA,NA,0.725718336032894
"CHAMPS","gbql_50",0.4,NA,"batch8",8446,NA,NA,0.657366934784398
"CHAMPS","gbql_50",0.4,NA,"batch8",8447,NA,NA,0.747636373388206
"CHAMPS","gbql_50",0.4,NA,"batch8",8448,NA,NA,0.751607584856725
"CHAMPS","gbql_50",0.4,NA,"batch8",8449,NA,NA,0.725054110552272
"CHAMPS","gbql_50",0.4,NA,"batch8",8450,NA,NA,0.705820975416067
"CHAMPS","gbql_50",0.4,NA,"batch8",8451,NA,NA,0.755558215929883
"CHAMPS","gbql_50",0.4,NA,"batch8",8452,NA,NA,0.690809083424914
"CHAMPS","gbql_50",0.4,NA,"batch8",8453,NA,NA,0.755926940462536
"CHAMPS","gbql_50",0.4,NA,"batch8",8454,NA,NA,0.757278803679435
"CHAMPS","gbql_50",0.4,NA,"batch8",8455,NA,NA,0.737407036913614
"CHAMPS","gbql_50",0.4,NA,"batch8",8456,NA,NA,0.677234463660298
"CHAMPS","gbql_50",0.4,NA,"batch8",8457,NA,NA,0.675071897282825
"CHAMPS","gbql_50",0.4,NA,"batch8",8458,NA,NA,0.667656163049117
"CHAMPS","gbql_50",0.4,NA,"batch8",8459,NA,NA,0.713591270867249
"CHAMPS","gbql_50",0.4,NA,"batch8",8460,NA,NA,0.730285957524215
"CHAMPS","gbql_50",0.4,NA,"batch8",8461,NA,NA,0.714983231674259
"CHAMPS","gbql_50",0.4,NA,"batch8",8462,NA,NA,0.693693491572526
"CHAMPS","gbql_50",0.4,NA,"batch8",8463,NA,NA,0.759181978919793
"CHAMPS","gbql_50",0.4,NA,"batch8",8464,NA,NA,0.756416424022437
"CHAMPS","gbql_50",0.4,NA,"batch8",8465,NA,NA,0.749367496833765
"CHAMPS","gbql_50",0.4,NA,"batch8",8466,NA,NA,0.684438306999158
"CHAMPS","gbql_50",0.4,NA,"batch8",8467,NA,NA,0.725114507712686
"CHAMPS","gbql_50",0.4,NA,"batch8",8468,NA,NA,0.683626509998933
"CHAMPS","gbql_50",0.4,NA,"batch8",8469,NA,NA,0.71890162509637
"CHAMPS","gbql_50",0.4,NA,"batch8",8470,NA,NA,0.750139542163172
"CHAMPS","gbql_50",0.4,NA,"batch8",8471,NA,NA,0.762378445238385
"CHAMPS","gbql_50",0.4,NA,"batch8",8472,NA,NA,0.761538074608877
"CHAMPS","gbql_50",0.4,NA,"batch8",8473,NA,NA,0.719126897807806
"CHAMPS","gbql_50",0.4,NA,"batch8",8474,NA,NA,0.732886622892884
"CHAMPS","gbql_50",0.4,NA,"batch8",8475,NA,NA,0.893595073477833
"CHAMPS","gbql_50",0.4,NA,"batch8",8476,NA,NA,0.796504069518054
"CHAMPS","gbql_50",0.4,NA,"batch8",8477,NA,NA,0.664590924163381
"CHAMPS","gbql_50",0.4,NA,"batch8",8478,NA,NA,0.692496390937104
"CHAMPS","gbql_50",0.4,NA,"batch8",8479,NA,NA,0.742003726854695
"CHAMPS","gbql_50",0.4,NA,"batch8",8480,NA,NA,0.736917094216471
"CHAMPS","gbql_50",0.4,NA,"batch8",8481,NA,NA,0.739507594610609
"CHAMPS","gbql_50",0.4,NA,"batch8",8482,NA,NA,0.768435813498505
"CHAMPS","gbql_50",0.4,NA,"batch8",8483,NA,NA,0.839536699461686
"CHAMPS","gbql_50",0.4,NA,"batch8",8484,NA,NA,0.778974201329778
"CHAMPS","gbql_50",0.4,NA,"batch8",8485,NA,NA,0.747110737591351
"CHAMPS","gbql_50",0.4,NA,"batch8",8486,NA,NA,0.729774087380182
"CHAMPS","gbql_50",0.4,NA,"batch8",8487,NA,NA,0.805616740797354
"CHAMPS","gbql_50",0.4,NA,"batch8",8488,NA,NA,0.730621417604626
"CHAMPS","gbql_50",0.4,NA,"batch8",8489,NA,NA,0.642992913871846
"CHAMPS","gbql_50",0.4,NA,"batch8",8490,NA,NA,0.664023161618986
"CHAMPS","gbql_50",0.4,NA,"batch8",8491,NA,NA,0.654869144824766
"CHAMPS","gbql_50",0.4,NA,"batch8",8492,NA,NA,0.684308136791697
"CHAMPS","gbql_50",0.4,NA,"batch8",8493,NA,NA,0.737724719193211
"CHAMPS","gbql_50",0.4,NA,"batch8",8494,NA,NA,0.676594304472612
"CHAMPS","gbql_50",0.4,NA,"batch8",8495,NA,NA,0.734685220315999
"CHAMPS","gbql_50",0.4,NA,"batch8",8496,NA,NA,0.702658119020044
"CHAMPS","gbql_50",0.4,NA,"batch8",8497,NA,NA,0.758529203772585
"CHAMPS","gbql_50",0.4,NA,"batch8",8498,NA,NA,0.760868726558788
"CHAMPS","gbql_50",0.4,NA,"batch8",8499,NA,NA,0.734888910758263
"CHAMPS","gbql_50",0.4,NA,"batch8",8500,NA,NA,0.698347774872167
"CHAMPS","local_avg",0,NA,"batch8",8001,0.533993399339934,0.228666194108806,0.781586021505376
"CHAMPS","local_avg",0,NA,"batch8",8002,0.533993399339934,0.228666194108806,0.781586021505376
"CHAMPS","local_avg",0,NA,"batch8",8003,0.533993399339934,0.228666194108806,0.781586021505376
"CHAMPS","local_avg",0,NA,"batch8",8004,0.533993399339934,0.228666194108806,0.781586021505376
"CHAMPS","local_avg",0,NA,"batch8",8005,0.533993399339934,0.228666194108806,0.781586021505376
"CHAMPS","local_avg",0,NA,"batch8",8006,0.533993399339934,0.228666194108806,0.781586021505376
"CHAMPS","local_avg",0,NA,"batch8",8007,0.533993399339934,0.228666194108806,0.781586021505376
"CHAMPS","local_avg",0,NA,"batch8",8008,0.533993399339934,0.228666194108806,0.781586021505376
"CHAMPS","local_avg",0,NA,"batch8",8009,0.533993399339934,0.228666194108806,0.781586021505376
"CHAMPS","local_avg",0,NA,"batch8",8010,0.533993399339934,0.228666194108806,0.781586021505376
"CHAMPS","local_avg",0,NA,"batch8",8011,0.533993399339934,0.228666194108806,0.781586021505376
"CHAMPS","local_avg",0,NA,"batch8",8012,0.533993399339934,0.228666194108806,0.781586021505376
"CHAMPS","local_avg",0,NA,"batch8",8013,0.533993399339934,0.228666194108806,0.781586021505376
"CHAMPS","local_avg",0,NA,"batch8",8014,0.533993399339934,0.228666194108806,0.781586021505376
"CHAMPS","local_avg",0,NA,"batch8",8015,0.533993399339934,0.228666194108806,0.781586021505376
"CHAMPS","local_avg",0,NA,"batch8",8016,0.533993399339934,0.228666194108806,0.781586021505376
"CHAMPS","local_avg",0,NA,"batch8",8017,0.533993399339934,0.228666194108806,0.781586021505376
"CHAMPS","local_avg",0,NA,"batch8",8018,0.533993399339934,0.228666194108806,0.781586021505376
"CHAMPS","local_avg",0,NA,"batch8",8019,0.533993399339934,0.228666194108806,0.781586021505376
"CHAMPS","local_avg",0,NA,"batch8",8020,0.533993399339934,0.228666194108806,0.781586021505376
"CHAMPS","local_avg",0,NA,"batch8",8021,0.533993399339934,0.228666194108806,0.781586021505376
"CHAMPS","local_avg",0,NA,"batch8",8022,0.533993399339934,0.228666194108806,0.781586021505376
"CHAMPS","local_avg",0,NA,"batch8",8023,0.533993399339934,0.228666194108806,0.781586021505376
"CHAMPS","local_avg",0,NA,"batch8",8024,0.533993399339934,0.228666194108806,0.781586021505376
"CHAMPS","local_avg",0,NA,"batch8",8025,0.533993399339934,0.228666194108806,0.781586021505376
"CHAMPS","local_avg",0,NA,"batch8",8026,0.533993399339934,0.228666194108806,0.781586021505376
"CHAMPS","local_avg",0,NA,"batch8",8027,0.533993399339934,0.228666194108806,0.781586021505376
"CHAMPS","local_avg",0,NA,"batch8",8028,0.533993399339934,0.228666194108806,0.781586021505376
"CHAMPS","local_avg",0,NA,"batch8",8029,0.533993399339934,0.228666194108806,0.781586021505376
"CHAMPS","local_avg",0,NA,"batch8",8030,0.533993399339934,0.228666194108806,0.781586021505376
"CHAMPS","local_avg",0,NA,"batch8",8031,0.533993399339934,0.228666194108806,0.781586021505376
"CHAMPS","local_avg",0,NA,"batch8",8032,0.533993399339934,0.228666194108806,0.781586021505376
"CHAMPS","local_avg",0,NA,"batch8",8033,0.533993399339934,0.228666194108806,0.781586021505376
"CHAMPS","local_avg",0,NA,"batch8",8034,0.533993399339934,0.228666194108806,0.781586021505376
"CHAMPS","local_avg",0,NA,"batch8",8035,0.533993399339934,0.228666194108806,0.781586021505376
"CHAMPS","local_avg",0,NA,"batch8",8036,0.533993399339934,0.228666194108806,0.781586021505376
"CHAMPS","local_avg",0,NA,"batch8",8037,0.533993399339934,0.228666194108806,0.781586021505376
"CHAMPS","local_avg",0,NA,"batch8",8038,0.533993399339934,0.228666194108806,0.781586021505376
"CHAMPS","local_avg",0,NA,"batch8",8039,0.533993399339934,0.228666194108806,0.781586021505376
"CHAMPS","local_avg",0,NA,"batch8",8040,0.533993399339934,0.228666194108806,0.781586021505376
"CHAMPS","local_avg",0,NA,"batch8",8041,0.533993399339934,0.228666194108806,0.781586021505376
"CHAMPS","local_avg",0,NA,"batch8",8042,0.533993399339934,0.228666194108806,0.781586021505376
"CHAMPS","local_avg",0,NA,"batch8",8043,0.533993399339934,0.228666194108806,0.781586021505376
"CHAMPS","local_avg",0,NA,"batch8",8044,0.533993399339934,0.228666194108806,0.781586021505376
"CHAMPS","local_avg",0,NA,"batch8",8045,0.533993399339934,0.228666194108806,0.781586021505376
"CHAMPS","local_avg",0,NA,"batch8",8046,0.533993399339934,0.228666194108806,0.781586021505376
"CHAMPS","local_avg",0,NA,"batch8",8047,0.533993399339934,0.228666194108806,0.781586021505376
"CHAMPS","local_avg",0,NA,"batch8",8048,0.533993399339934,0.228666194108806,0.781586021505376
"CHAMPS","local_avg",0,NA,"batch8",8049,0.533993399339934,0.228666194108806,0.781586021505376
"CHAMPS","local_avg",0,NA,"batch8",8050,0.533993399339934,0.228666194108806,0.781586021505376
"CHAMPS","local_avg",0,NA,"batch8",8051,0.533993399339934,0.228666194108806,0.781586021505376
"CHAMPS","local_avg",0,NA,"batch8",8052,0.533993399339934,0.228666194108806,0.781586021505376
"CHAMPS","local_avg",0,NA,"batch8",8053,0.533993399339934,0.228666194108806,0.781586021505376
"CHAMPS","local_avg",0,NA,"batch8",8054,0.533993399339934,0.228666194108806,0.781586021505376
"CHAMPS","local_avg",0,NA,"batch8",8055,0.533993399339934,0.228666194108806,0.781586021505376
"CHAMPS","local_avg",0,NA,"batch8",8056,0.533993399339934,0.228666194108806,0.781586021505376
"CHAMPS","local_avg",0,NA,"batch8",8057,0.533993399339934,0.228666194108806,0.781586021505376
"CHAMPS","local_avg",0,NA,"batch8",8058,0.533993399339934,0.228666194108806,0.781586021505376
"CHAMPS","local_avg",0,NA,"batch8",8059,0.533993399339934,0.228666194108806,0.781586021505376
"CHAMPS","local_avg",0,NA,"batch8",8060,0.533993399339934,0.228666194108806,0.781586021505376
"CHAMPS","local_avg",0,NA,"batch8",8061,0.533993399339934,0.228666194108806,0.781586021505376
"CHAMPS","local_avg",0,NA,"batch8",8062,0.533993399339934,0.228666194108806,0.781586021505376
"CHAMPS","local_avg",0,NA,"batch8",8063,0.533993399339934,0.228666194108806,0.781586021505376
"CHAMPS","local_avg",0,NA,"batch8",8064,0.533993399339934,0.228666194108806,0.781586021505376
"CHAMPS","local_avg",0,NA,"batch8",8065,0.533993399339934,0.228666194108806,0.781586021505376
"CHAMPS","local_avg",0,NA,"batch8",8066,0.533993399339934,0.228666194108806,0.781586021505376
"CHAMPS","local_avg",0,NA,"batch8",8067,0.533993399339934,0.228666194108806,0.781586021505376
"CHAMPS","local_avg",0,NA,"batch8",8068,0.533993399339934,0.228666194108806,0.781586021505376
"CHAMPS","local_avg",0,NA,"batch8",8069,0.533993399339934,0.228666194108806,0.781586021505376
"CHAMPS","local_avg",0,NA,"batch8",8070,0.533993399339934,0.228666194108806,0.781586021505376
"CHAMPS","local_avg",0,NA,"batch8",8071,0.533993399339934,0.228666194108806,0.781586021505376
"CHAMPS","local_avg",0,NA,"batch8",8072,0.533993399339934,0.228666194108806,0.781586021505376
"CHAMPS","local_avg",0,NA,"batch8",8073,0.533993399339934,0.228666194108806,0.781586021505376
"CHAMPS","local_avg",0,NA,"batch8",8074,0.533993399339934,0.228666194108806,0.781586021505376
"CHAMPS","local_avg",0,NA,"batch8",8075,0.533993399339934,0.228666194108806,0.781586021505376
"CHAMPS","local_avg",0,NA,"batch8",8076,0.533993399339934,0.228666194108806,0.781586021505376
"CHAMPS","local_avg",0,NA,"batch8",8077,0.533993399339934,0.228666194108806,0.781586021505376
"CHAMPS","local_avg",0,NA,"batch8",8078,0.533993399339934,0.228666194108806,0.781586021505376
"CHAMPS","local_avg",0,NA,"batch8",8079,0.533993399339934,0.228666194108806,0.781586021505376
"CHAMPS","local_avg",0,NA,"batch8",8080,0.533993399339934,0.228666194108806,0.781586021505376
"CHAMPS","local_avg",0,NA,"batch8",8081,0.533993399339934,0.228666194108806,0.781586021505376
"CHAMPS","local_avg",0,NA,"batch8",8082,0.533993399339934,0.228666194108806,0.781586021505376
"CHAMPS","local_avg",0,NA,"batch8",8083,0.533993399339934,0.228666194108806,0.781586021505376
"CHAMPS","local_avg",0,NA,"batch8",8084,0.533993399339934,0.228666194108806,0.781586021505376
"CHAMPS","local_avg",0,NA,"batch8",8085,0.533993399339934,0.228666194108806,0.781586021505376
"CHAMPS","local_avg",0,NA,"batch8",8086,0.533993399339934,0.228666194108806,0.781586021505376
"CHAMPS","local_avg",0,NA,"batch8",8087,0.533993399339934,0.228666194108806,0.781586021505376
"CHAMPS","local_avg",0,NA,"batch8",8088,0.533993399339934,0.228666194108806,0.781586021505376
"CHAMPS","local_avg",0,NA,"batch8",8089,0.533993399339934,0.228666194108806,0.781586021505376
"CHAMPS","local_avg",0,NA,"batch8",8090,0.533993399339934,0.228666194108806,0.781586021505376
"CHAMPS","local_avg",0,NA,"batch8",8091,0.533993399339934,0.228666194108806,0.781586021505376
"CHAMPS","local_avg",0,NA,"batch8",8092,0.533993399339934,0.228666194108806,0.781586021505376
"CHAMPS","local_avg",0,NA,"batch8",8093,0.533993399339934,0.228666194108806,0.781586021505376
"CHAMPS","local_avg",0,NA,"batch8",8094,0.533993399339934,0.228666194108806,0.781586021505376
"CHAMPS","local_avg",0,NA,"batch8",8095,0.533993399339934,0.228666194108806,0.781586021505376
"CHAMPS","local_avg",0,NA,"batch8",8096,0.533993399339934,0.228666194108806,0.781586021505376
"CHAMPS","local_avg",0,NA,"batch8",8097,0.533993399339934,0.228666194108806,0.781586021505376
"CHAMPS","local_avg",0,NA,"batch8",8098,0.533993399339934,0.228666194108806,0.781586021505376
"CHAMPS","local_avg",0,NA,"batch8",8099,0.533993399339934,0.228666194108806,0.781586021505376
"CHAMPS","local_avg",0,NA,"batch8",8100,0.533993399339934,0.228666194108806,0.781586021505376
"CHAMPS","local_avg",0,NA,"batch8",8101,0.533993399339934,0.228666194108806,0.781586021505376
"CHAMPS","local_avg",0,NA,"batch8",8102,0.533993399339934,0.228666194108806,0.781586021505376
"CHAMPS","local_avg",0,NA,"batch8",8103,0.533993399339934,0.228666194108806,0.781586021505376
"CHAMPS","local_avg",0,NA,"batch8",8104,0.533993399339934,0.228666194108806,0.781586021505376
"CHAMPS","local_avg",0,NA,"batch8",8105,0.533993399339934,0.228666194108806,0.781586021505376
"CHAMPS","local_avg",0,NA,"batch8",8106,0.533993399339934,0.228666194108806,0.781586021505376
"CHAMPS","local_avg",0,NA,"batch8",8107,0.533993399339934,0.228666194108806,0.781586021505376
"CHAMPS","local_avg",0,NA,"batch8",8108,0.533993399339934,0.228666194108806,0.781586021505376
"CHAMPS","local_avg",0,NA,"batch8",8109,0.533993399339934,0.228666194108806,0.781586021505376
"CHAMPS","local_avg",0,NA,"batch8",8110,0.533993399339934,0.228666194108806,0.781586021505376
"CHAMPS","local_avg",0,NA,"batch8",8111,0.533993399339934,0.228666194108806,0.781586021505376
"CHAMPS","local_avg",0,NA,"batch8",8112,0.533993399339934,0.228666194108806,0.781586021505376
"CHAMPS","local_avg",0,NA,"batch8",8113,0.533993399339934,0.228666194108806,0.781586021505376
"CHAMPS","local_avg",0,NA,"batch8",8114,0.533993399339934,0.228666194108806,0.781586021505376
"CHAMPS","local_avg",0,NA,"batch8",8115,0.533993399339934,0.228666194108806,0.781586021505376
"CHAMPS","local_avg",0,NA,"batch8",8116,0.533993399339934,0.228666194108806,0.781586021505376
"CHAMPS","local_avg",0,NA,"batch8",8117,0.533993399339934,0.228666194108806,0.781586021505376
"CHAMPS","local_avg",0,NA,"batch8",8118,0.533993399339934,0.228666194108806,0.781586021505376
"CHAMPS","local_avg",0,NA,"batch8",8119,0.533993399339934,0.228666194108806,0.781586021505376
"CHAMPS","local_avg",0,NA,"batch8",8120,0.533993399339934,0.228666194108806,0.781586021505376
"CHAMPS","local_avg",0,NA,"batch8",8121,0.533993399339934,0.228666194108806,0.781586021505376
"CHAMPS","local_avg",0,NA,"batch8",8122,0.533993399339934,0.228666194108806,0.781586021505376
"CHAMPS","local_avg",0,NA,"batch8",8123,0.533993399339934,0.228666194108806,0.781586021505376
"CHAMPS","local_avg",0,NA,"batch8",8124,0.533993399339934,0.228666194108806,0.781586021505376
"CHAMPS","local_avg",0,NA,"batch8",8125,0.533993399339934,0.228666194108806,0.781586021505376
"CHAMPS","local_avg",0,NA,"batch8",8126,0.533993399339934,0.228666194108806,0.781586021505376
"CHAMPS","local_avg",0,NA,"batch8",8127,0.533993399339934,0.228666194108806,0.781586021505376
"CHAMPS","local_avg",0,NA,"batch8",8128,0.533993399339934,0.228666194108806,0.781586021505376
"CHAMPS","local_avg",0,NA,"batch8",8129,0.533993399339934,0.228666194108806,0.781586021505376
"CHAMPS","local_avg",0,NA,"batch8",8130,0.533993399339934,0.228666194108806,0.781586021505376
"CHAMPS","local_avg",0,NA,"batch8",8131,0.533993399339934,0.228666194108806,0.781586021505376
"CHAMPS","local_avg",0,NA,"batch8",8132,0.533993399339934,0.228666194108806,0.781586021505376
"CHAMPS","local_avg",0,NA,"batch8",8133,0.533993399339934,0.228666194108806,0.781586021505376
"CHAMPS","local_avg",0,NA,"batch8",8134,0.533993399339934,0.228666194108806,0.781586021505376
"CHAMPS","local_avg",0,NA,"batch8",8135,0.533993399339934,0.228666194108806,0.781586021505376
"CHAMPS","local_avg",0,NA,"batch8",8136,0.533993399339934,0.228666194108806,0.781586021505376
"CHAMPS","local_avg",0,NA,"batch8",8137,0.533993399339934,0.228666194108806,0.781586021505376
"CHAMPS","local_avg",0,NA,"batch8",8138,0.533993399339934,0.228666194108806,0.781586021505376
"CHAMPS","local_avg",0,NA,"batch8",8139,0.533993399339934,0.228666194108806,0.781586021505376
"CHAMPS","local_avg",0,NA,"batch8",8140,0.533993399339934,0.228666194108806,0.781586021505376
"CHAMPS","local_avg",0,NA,"batch8",8141,0.533993399339934,0.228666194108806,0.781586021505376
"CHAMPS","local_avg",0,NA,"batch8",8142,0.533993399339934,0.228666194108806,0.781586021505376
"CHAMPS","local_avg",0,NA,"batch8",8143,0.533993399339934,0.228666194108806,0.781586021505376
"CHAMPS","local_avg",0,NA,"batch8",8144,0.533993399339934,0.228666194108806,0.781586021505376
"CHAMPS","local_avg",0,NA,"batch8",8145,0.533993399339934,0.228666194108806,0.781586021505376
"CHAMPS","local_avg",0,NA,"batch8",8146,0.533993399339934,0.228666194108806,0.781586021505376
"CHAMPS","local_avg",0,NA,"batch8",8147,0.533993399339934,0.228666194108806,0.781586021505376
"CHAMPS","local_avg",0,NA,"batch8",8148,0.533993399339934,0.228666194108806,0.781586021505376
"CHAMPS","local_avg",0,NA,"batch8",8149,0.533993399339934,0.228666194108806,0.781586021505376
"CHAMPS","local_avg",0,NA,"batch8",8150,0.533993399339934,0.228666194108806,0.781586021505376
"CHAMPS","local_avg",0,NA,"batch8",8151,0.533993399339934,0.228666194108806,0.781586021505376
"CHAMPS","local_avg",0,NA,"batch8",8152,0.533993399339934,0.228666194108806,0.781586021505376
"CHAMPS","local_avg",0,NA,"batch8",8153,0.533993399339934,0.228666194108806,0.781586021505376
"CHAMPS","local_avg",0,NA,"batch8",8154,0.533993399339934,0.228666194108806,0.781586021505376
"CHAMPS","local_avg",0,NA,"batch8",8155,0.533993399339934,0.228666194108806,0.781586021505376
"CHAMPS","local_avg",0,NA,"batch8",8156,0.533993399339934,0.228666194108806,0.781586021505376
"CHAMPS","local_avg",0,NA,"batch8",8157,0.533993399339934,0.228666194108806,0.781586021505376
"CHAMPS","local_avg",0,NA,"batch8",8158,0.533993399339934,0.228666194108806,0.781586021505376
"CHAMPS","local_avg",0,NA,"batch8",8159,0.533993399339934,0.228666194108806,0.781586021505376
"CHAMPS","local_avg",0,NA,"batch8",8160,0.533993399339934,0.228666194108806,0.781586021505376
"CHAMPS","local_avg",0,NA,"batch8",8161,0.533993399339934,0.228666194108806,0.781586021505376
"CHAMPS","local_avg",0,NA,"batch8",8162,0.533993399339934,0.228666194108806,0.781586021505376
"CHAMPS","local_avg",0,NA,"batch8",8163,0.533993399339934,0.228666194108806,0.781586021505376
"CHAMPS","local_avg",0,NA,"batch8",8164,0.533993399339934,0.228666194108806,0.781586021505376
"CHAMPS","local_avg",0,NA,"batch8",8165,0.533993399339934,0.228666194108806,0.781586021505376
"CHAMPS","local_avg",0,NA,"batch8",8166,0.533993399339934,0.228666194108806,0.781586021505376
"CHAMPS","local_avg",0,NA,"batch8",8167,0.533993399339934,0.228666194108806,0.781586021505376
"CHAMPS","local_avg",0,NA,"batch8",8168,0.533993399339934,0.228666194108806,0.781586021505376
"CHAMPS","local_avg",0,NA,"batch8",8169,0.533993399339934,0.228666194108806,0.781586021505376
"CHAMPS","local_avg",0,NA,"batch8",8170,0.533993399339934,0.228666194108806,0.781586021505376
"CHAMPS","local_avg",0,NA,"batch8",8171,0.533993399339934,0.228666194108806,0.781586021505376
"CHAMPS","local_avg",0,NA,"batch8",8172,0.533993399339934,0.228666194108806,0.781586021505376
"CHAMPS","local_avg",0,NA,"batch8",8173,0.533993399339934,0.228666194108806,0.781586021505376
"CHAMPS","local_avg",0,NA,"batch8",8174,0.533993399339934,0.228666194108806,0.781586021505376
"CHAMPS","local_avg",0,NA,"batch8",8175,0.533993399339934,0.228666194108806,0.781586021505376
"CHAMPS","local_avg",0,NA,"batch8",8176,0.533993399339934,0.228666194108806,0.781586021505376
"CHAMPS","local_avg",0,NA,"batch8",8177,0.533993399339934,0.228666194108806,0.781586021505376
"CHAMPS","local_avg",0,NA,"batch8",8178,0.533993399339934,0.228666194108806,0.781586021505376
"CHAMPS","local_avg",0,NA,"batch8",8179,0.533993399339934,0.228666194108806,0.781586021505376
"CHAMPS","local_avg",0,NA,"batch8",8180,0.533993399339934,0.228666194108806,0.781586021505376
"CHAMPS","local_avg",0,NA,"batch8",8181,0.533993399339934,0.228666194108806,0.781586021505376
"CHAMPS","local_avg",0,NA,"batch8",8182,0.533993399339934,0.228666194108806,0.781586021505376
"CHAMPS","local_avg",0,NA,"batch8",8183,0.533993399339934,0.228666194108806,0.781586021505376
"CHAMPS","local_avg",0,NA,"batch8",8184,0.533993399339934,0.228666194108806,0.781586021505376
"CHAMPS","local_avg",0,NA,"batch8",8185,0.533993399339934,0.228666194108806,0.781586021505376
"CHAMPS","local_avg",0,NA,"batch8",8186,0.533993399339934,0.228666194108806,0.781586021505376
"CHAMPS","local_avg",0,NA,"batch8",8187,0.533993399339934,0.228666194108806,0.781586021505376
"CHAMPS","local_avg",0,NA,"batch8",8188,0.533993399339934,0.228666194108806,0.781586021505376
"CHAMPS","local_avg",0,NA,"batch8",8189,0.533993399339934,0.228666194108806,0.781586021505376
"CHAMPS","local_avg",0,NA,"batch8",8190,0.533993399339934,0.228666194108806,0.781586021505376
"CHAMPS","local_avg",0,NA,"batch8",8191,0.533993399339934,0.228666194108806,0.781586021505376
"CHAMPS","local_avg",0,NA,"batch8",8192,0.533993399339934,0.228666194108806,0.781586021505376
"CHAMPS","local_avg",0,NA,"batch8",8193,0.533993399339934,0.228666194108806,0.781586021505376
"CHAMPS","local_avg",0,NA,"batch8",8194,0.533993399339934,0.228666194108806,0.781586021505376
"CHAMPS","local_avg",0,NA,"batch8",8195,0.533993399339934,0.228666194108806,0.781586021505376
"CHAMPS","local_avg",0,NA,"batch8",8196,0.533993399339934,0.228666194108806,0.781586021505376
"CHAMPS","local_avg",0,NA,"batch8",8197,0.533993399339934,0.228666194108806,0.781586021505376
"CHAMPS","local_avg",0,NA,"batch8",8198,0.533993399339934,0.228666194108806,0.781586021505376
"CHAMPS","local_avg",0,NA,"batch8",8199,0.533993399339934,0.228666194108806,0.781586021505376
"CHAMPS","local_avg",0,NA,"batch8",8200,0.533993399339934,0.228666194108806,0.781586021505376
"CHAMPS","local_avg",0,NA,"batch8",8201,0.533993399339934,0.228666194108806,0.781586021505376
"CHAMPS","local_avg",0,NA,"batch8",8202,0.533993399339934,0.228666194108806,0.781586021505376
"CHAMPS","local_avg",0,NA,"batch8",8203,0.533993399339934,0.228666194108806,0.781586021505376
"CHAMPS","local_avg",0,NA,"batch8",8204,0.533993399339934,0.228666194108806,0.781586021505376
"CHAMPS","local_avg",0,NA,"batch8",8205,0.533993399339934,0.228666194108806,0.781586021505376
"CHAMPS","local_avg",0,NA,"batch8",8206,0.533993399339934,0.228666194108806,0.781586021505376
"CHAMPS","local_avg",0,NA,"batch8",8207,0.533993399339934,0.228666194108806,0.781586021505376
"CHAMPS","local_avg",0,NA,"batch8",8208,0.533993399339934,0.228666194108806,0.781586021505376
"CHAMPS","local_avg",0,NA,"batch8",8209,0.533993399339934,0.228666194108806,0.781586021505376
"CHAMPS","local_avg",0,NA,"batch8",8210,0.533993399339934,0.228666194108806,0.781586021505376
"CHAMPS","local_avg",0,NA,"batch8",8211,0.533993399339934,0.228666194108806,0.781586021505376
"CHAMPS","local_avg",0,NA,"batch8",8212,0.533993399339934,0.228666194108806,0.781586021505376
"CHAMPS","local_avg",0,NA,"batch8",8213,0.533993399339934,0.228666194108806,0.781586021505376
"CHAMPS","local_avg",0,NA,"batch8",8214,0.533993399339934,0.228666194108806,0.781586021505376
"CHAMPS","local_avg",0,NA,"batch8",8215,0.533993399339934,0.228666194108806,0.781586021505376
"CHAMPS","local_avg",0,NA,"batch8",8216,0.533993399339934,0.228666194108806,0.781586021505376
"CHAMPS","local_avg",0,NA,"batch8",8217,0.533993399339934,0.228666194108806,0.781586021505376
"CHAMPS","local_avg",0,NA,"batch8",8218,0.533993399339934,0.228666194108806,0.781586021505376
"CHAMPS","local_avg",0,NA,"batch8",8219,0.533993399339934,0.228666194108806,0.781586021505376
"CHAMPS","local_avg",0,NA,"batch8",8220,0.533993399339934,0.228666194108806,0.781586021505376
"CHAMPS","local_avg",0,NA,"batch8",8221,0.533993399339934,0.228666194108806,0.781586021505376
"CHAMPS","local_avg",0,NA,"batch8",8222,0.533993399339934,0.228666194108806,0.781586021505376
"CHAMPS","local_avg",0,NA,"batch8",8223,0.533993399339934,0.228666194108806,0.781586021505376
"CHAMPS","local_avg",0,NA,"batch8",8224,0.533993399339934,0.228666194108806,0.781586021505376
"CHAMPS","local_avg",0,NA,"batch8",8225,0.533993399339934,0.228666194108806,0.781586021505376
"CHAMPS","local_avg",0,NA,"batch8",8226,0.533993399339934,0.228666194108806,0.781586021505376
"CHAMPS","local_avg",0,NA,"batch8",8227,0.533993399339934,0.228666194108806,0.781586021505376
"CHAMPS","local_avg",0,NA,"batch8",8228,0.533993399339934,0.228666194108806,0.781586021505376
"CHAMPS","local_avg",0,NA,"batch8",8229,0.533993399339934,0.228666194108806,0.781586021505376
"CHAMPS","local_avg",0,NA,"batch8",8230,0.533993399339934,0.228666194108806,0.781586021505376
"CHAMPS","local_avg",0,NA,"batch8",8231,0.533993399339934,0.228666194108806,0.781586021505376
"CHAMPS","local_avg",0,NA,"batch8",8232,0.533993399339934,0.228666194108806,0.781586021505376
"CHAMPS","local_avg",0,NA,"batch8",8233,0.533993399339934,0.228666194108806,0.781586021505376
"CHAMPS","local_avg",0,NA,"batch8",8234,0.533993399339934,0.228666194108806,0.781586021505376
"CHAMPS","local_avg",0,NA,"batch8",8235,0.533993399339934,0.228666194108806,0.781586021505376
"CHAMPS","local_avg",0,NA,"batch8",8236,0.533993399339934,0.228666194108806,0.781586021505376
"CHAMPS","local_avg",0,NA,"batch8",8237,0.533993399339934,0.228666194108806,0.781586021505376
"CHAMPS","local_avg",0,NA,"batch8",8238,0.533993399339934,0.228666194108806,0.781586021505376
"CHAMPS","local_avg",0,NA,"batch8",8239,0.533993399339934,0.228666194108806,0.781586021505376
"CHAMPS","local_avg",0,NA,"batch8",8240,0.533993399339934,0.228666194108806,0.781586021505376
"CHAMPS","local_avg",0,NA,"batch8",8241,0.533993399339934,0.228666194108806,0.781586021505376
"CHAMPS","local_avg",0,NA,"batch8",8242,0.533993399339934,0.228666194108806,0.781586021505376
"CHAMPS","local_avg",0,NA,"batch8",8243,0.533993399339934,0.228666194108806,0.781586021505376
"CHAMPS","local_avg",0,NA,"batch8",8244,0.533993399339934,0.228666194108806,0.781586021505376
"CHAMPS","local_avg",0,NA,"batch8",8245,0.533993399339934,0.228666194108806,0.781586021505376
"CHAMPS","local_avg",0,NA,"batch8",8246,0.533993399339934,0.228666194108806,0.781586021505376
"CHAMPS","local_avg",0,NA,"batch8",8247,0.533993399339934,0.228666194108806,0.781586021505376
"CHAMPS","local_avg",0,NA,"batch8",8248,0.533993399339934,0.228666194108806,0.781586021505376
"CHAMPS","local_avg",0,NA,"batch8",8249,0.533993399339934,0.228666194108806,0.781586021505376
"CHAMPS","local_avg",0,NA,"batch8",8250,0.533993399339934,0.228666194108806,0.781586021505376
"CHAMPS","local_avg",0,NA,"batch8",8251,0.533993399339934,0.228666194108806,0.781586021505376
"CHAMPS","local_avg",0,NA,"batch8",8252,0.533993399339934,0.228666194108806,0.781586021505376
"CHAMPS","local_avg",0,NA,"batch8",8253,0.533993399339934,0.228666194108806,0.781586021505376
"CHAMPS","local_avg",0,NA,"batch8",8254,0.533993399339934,0.228666194108806,0.781586021505376
"CHAMPS","local_avg",0,NA,"batch8",8255,0.533993399339934,0.228666194108806,0.781586021505376
"CHAMPS","local_avg",0,NA,"batch8",8256,0.533993399339934,0.228666194108806,0.781586021505376
"CHAMPS","local_avg",0,NA,"batch8",8257,0.533993399339934,0.228666194108806,0.781586021505376
"CHAMPS","local_avg",0,NA,"batch8",8258,0.533993399339934,0.228666194108806,0.781586021505376
"CHAMPS","local_avg",0,NA,"batch8",8259,0.533993399339934,0.228666194108806,0.781586021505376
"CHAMPS","local_avg",0,NA,"batch8",8260,0.533993399339934,0.228666194108806,0.781586021505376
"CHAMPS","local_avg",0,NA,"batch8",8261,0.533993399339934,0.228666194108806,0.781586021505376
"CHAMPS","local_avg",0,NA,"batch8",8262,0.533993399339934,0.228666194108806,0.781586021505376
"CHAMPS","local_avg",0,NA,"batch8",8263,0.533993399339934,0.228666194108806,0.781586021505376
"CHAMPS","local_avg",0,NA,"batch8",8264,0.533993399339934,0.228666194108806,0.781586021505376
"CHAMPS","local_avg",0,NA,"batch8",8265,0.533993399339934,0.228666194108806,0.781586021505376
"CHAMPS","local_avg",0,NA,"batch8",8266,0.533993399339934,0.228666194108806,0.781586021505376
"CHAMPS","local_avg",0,NA,"batch8",8267,0.533993399339934,0.228666194108806,0.781586021505376
"CHAMPS","local_avg",0,NA,"batch8",8268,0.533993399339934,0.228666194108806,0.781586021505376
"CHAMPS","local_avg",0,NA,"batch8",8269,0.533993399339934,0.228666194108806,0.781586021505376
"CHAMPS","local_avg",0,NA,"batch8",8270,0.533993399339934,0.228666194108806,0.781586021505376
"CHAMPS","local_avg",0,NA,"batch8",8271,0.533993399339934,0.228666194108806,0.781586021505376
"CHAMPS","local_avg",0,NA,"batch8",8272,0.533993399339934,0.228666194108806,0.781586021505376
"CHAMPS","local_avg",0,NA,"batch8",8273,0.533993399339934,0.228666194108806,0.781586021505376
"CHAMPS","local_avg",0,NA,"batch8",8274,0.533993399339934,0.228666194108806,0.781586021505376
"CHAMPS","local_avg",0,NA,"batch8",8275,0.533993399339934,0.228666194108806,0.781586021505376
"CHAMPS","local_avg",0,NA,"batch8",8276,0.533993399339934,0.228666194108806,0.781586021505376
"CHAMPS","local_avg",0,NA,"batch8",8277,0.533993399339934,0.228666194108806,0.781586021505376
"CHAMPS","local_avg",0,NA,"batch8",8278,0.533993399339934,0.228666194108806,0.781586021505376
"CHAMPS","local_avg",0,NA,"batch8",8279,0.533993399339934,0.228666194108806,0.781586021505376
"CHAMPS","local_avg",0,NA,"batch8",8280,0.533993399339934,0.228666194108806,0.781586021505376
"CHAMPS","local_avg",0,NA,"batch8",8281,0.533993399339934,0.228666194108806,0.781586021505376
"CHAMPS","local_avg",0,NA,"batch8",8282,0.533993399339934,0.228666194108806,0.781586021505376
"CHAMPS","local_avg",0,NA,"batch8",8283,0.533993399339934,0.228666194108806,0.781586021505376
"CHAMPS","local_avg",0,NA,"batch8",8284,0.533993399339934,0.228666194108806,0.781586021505376
"CHAMPS","local_avg",0,NA,"batch8",8285,0.533993399339934,0.228666194108806,0.781586021505376
"CHAMPS","local_avg",0,NA,"batch8",8286,0.533993399339934,0.228666194108806,0.781586021505376
"CHAMPS","local_avg",0,NA,"batch8",8287,0.533993399339934,0.228666194108806,0.781586021505376
"CHAMPS","local_avg",0,NA,"batch8",8288,0.533993399339934,0.228666194108806,0.781586021505376
"CHAMPS","local_avg",0,NA,"batch8",8289,0.533993399339934,0.228666194108806,0.781586021505376
"CHAMPS","local_avg",0,NA,"batch8",8290,0.533993399339934,0.228666194108806,0.781586021505376
"CHAMPS","local_avg",0,NA,"batch8",8291,0.533993399339934,0.228666194108806,0.781586021505376
"CHAMPS","local_avg",0,NA,"batch8",8292,0.533993399339934,0.228666194108806,0.781586021505376
"CHAMPS","local_avg",0,NA,"batch8",8293,0.533993399339934,0.228666194108806,0.781586021505376
"CHAMPS","local_avg",0,NA,"batch8",8294,0.533993399339934,0.228666194108806,0.781586021505376
"CHAMPS","local_avg",0,NA,"batch8",8295,0.533993399339934,0.228666194108806,0.781586021505376
"CHAMPS","local_avg",0,NA,"batch8",8296,0.533993399339934,0.228666194108806,0.781586021505376
"CHAMPS","local_avg",0,NA,"batch8",8297,0.533993399339934,0.228666194108806,0.781586021505376
"CHAMPS","local_avg",0,NA,"batch8",8298,0.533993399339934,0.228666194108806,0.781586021505376
"CHAMPS","local_avg",0,NA,"batch8",8299,0.533993399339934,0.228666194108806,0.781586021505376
"CHAMPS","local_avg",0,NA,"batch8",8300,0.533993399339934,0.228666194108806,0.781586021505376
"CHAMPS","local_avg",0,NA,"batch8",8301,0.533993399339934,0.228666194108806,0.781586021505376
"CHAMPS","local_avg",0,NA,"batch8",8302,0.533993399339934,0.228666194108806,0.781586021505376
"CHAMPS","local_avg",0,NA,"batch8",8303,0.533993399339934,0.228666194108806,0.781586021505376
"CHAMPS","local_avg",0,NA,"batch8",8304,0.533993399339934,0.228666194108806,0.781586021505376
"CHAMPS","local_avg",0,NA,"batch8",8305,0.533993399339934,0.228666194108806,0.781586021505376
"CHAMPS","local_avg",0,NA,"batch8",8306,0.533993399339934,0.228666194108806,0.781586021505376
"CHAMPS","local_avg",0,NA,"batch8",8307,0.533993399339934,0.228666194108806,0.781586021505376
"CHAMPS","local_avg",0,NA,"batch8",8308,0.533993399339934,0.228666194108806,0.781586021505376
"CHAMPS","local_avg",0,NA,"batch8",8309,0.533993399339934,0.228666194108806,0.781586021505376
"CHAMPS","local_avg",0,NA,"batch8",8310,0.533993399339934,0.228666194108806,0.781586021505376
"CHAMPS","local_avg",0,NA,"batch8",8311,0.533993399339934,0.228666194108806,0.781586021505376
"CHAMPS","local_avg",0,NA,"batch8",8312,0.533993399339934,0.228666194108806,0.781586021505376
"CHAMPS","local_avg",0,NA,"batch8",8313,0.533993399339934,0.228666194108806,0.781586021505376
"CHAMPS","local_avg",0,NA,"batch8",8314,0.533993399339934,0.228666194108806,0.781586021505376
"CHAMPS","local_avg",0,NA,"batch8",8315,0.533993399339934,0.228666194108806,0.781586021505376
"CHAMPS","local_avg",0,NA,"batch8",8316,0.533993399339934,0.228666194108806,0.781586021505376
"CHAMPS","local_avg",0,NA,"batch8",8317,0.533993399339934,0.228666194108806,0.781586021505376
"CHAMPS","local_avg",0,NA,"batch8",8318,0.533993399339934,0.228666194108806,0.781586021505376
"CHAMPS","local_avg",0,NA,"batch8",8319,0.533993399339934,0.228666194108806,0.781586021505376
"CHAMPS","local_avg",0,NA,"batch8",8320,0.533993399339934,0.228666194108806,0.781586021505376
"CHAMPS","local_avg",0,NA,"batch8",8321,0.533993399339934,0.228666194108806,0.781586021505376
"CHAMPS","local_avg",0,NA,"batch8",8322,0.533993399339934,0.228666194108806,0.781586021505376
"CHAMPS","local_avg",0,NA,"batch8",8323,0.533993399339934,0.228666194108806,0.781586021505376
"CHAMPS","local_avg",0,NA,"batch8",8324,0.533993399339934,0.228666194108806,0.781586021505376
"CHAMPS","local_avg",0,NA,"batch8",8325,0.533993399339934,0.228666194108806,0.781586021505376
"CHAMPS","local_avg",0,NA,"batch8",8326,0.533993399339934,0.228666194108806,0.781586021505376
"CHAMPS","local_avg",0,NA,"batch8",8327,0.533993399339934,0.228666194108806,0.781586021505376
"CHAMPS","local_avg",0,NA,"batch8",8328,0.533993399339934,0.228666194108806,0.781586021505376
"CHAMPS","local_avg",0,NA,"batch8",8329,0.533993399339934,0.228666194108806,0.781586021505376
"CHAMPS","local_avg",0,NA,"batch8",8330,0.533993399339934,0.228666194108806,0.781586021505376
"CHAMPS","local_avg",0,NA,"batch8",8331,0.533993399339934,0.228666194108806,0.781586021505376
"CHAMPS","local_avg",0,NA,"batch8",8332,0.533993399339934,0.228666194108806,0.781586021505376
"CHAMPS","local_avg",0,NA,"batch8",8333,0.533993399339934,0.228666194108806,0.781586021505376
"CHAMPS","local_avg",0,NA,"batch8",8334,0.533993399339934,0.228666194108806,0.781586021505376
"CHAMPS","local_avg",0,NA,"batch8",8335,0.533993399339934,0.228666194108806,0.781586021505376
"CHAMPS","local_avg",0,NA,"batch8",8336,0.533993399339934,0.228666194108806,0.781586021505376
"CHAMPS","local_avg",0,NA,"batch8",8337,0.533993399339934,0.228666194108806,0.781586021505376
"CHAMPS","local_avg",0,NA,"batch8",8338,0.533993399339934,0.228666194108806,0.781586021505376
"CHAMPS","local_avg",0,NA,"batch8",8339,0.533993399339934,0.228666194108806,0.781586021505376
"CHAMPS","local_avg",0,NA,"batch8",8340,0.533993399339934,0.228666194108806,0.781586021505376
"CHAMPS","local_avg",0,NA,"batch8",8341,0.533993399339934,0.228666194108806,0.781586021505376
"CHAMPS","local_avg",0,NA,"batch8",8342,0.533993399339934,0.228666194108806,0.781586021505376
"CHAMPS","local_avg",0,NA,"batch8",8343,0.533993399339934,0.228666194108806,0.781586021505376
"CHAMPS","local_avg",0,NA,"batch8",8344,0.533993399339934,0.228666194108806,0.781586021505376
"CHAMPS","local_avg",0,NA,"batch8",8345,0.533993399339934,0.228666194108806,0.781586021505376
"CHAMPS","local_avg",0,NA,"batch8",8346,0.533993399339934,0.228666194108806,0.781586021505376
"CHAMPS","local_avg",0,NA,"batch8",8347,0.533993399339934,0.228666194108806,0.781586021505376
"CHAMPS","local_avg",0,NA,"batch8",8348,0.533993399339934,0.228666194108806,0.781586021505376
"CHAMPS","local_avg",0,NA,"batch8",8349,0.533993399339934,0.228666194108806,0.781586021505376
"CHAMPS","local_avg",0,NA,"batch8",8350,0.533993399339934,0.228666194108806,0.781586021505376
"CHAMPS","local_avg",0,NA,"batch8",8351,0.533993399339934,0.228666194108806,0.781586021505376
"CHAMPS","local_avg",0,NA,"batch8",8352,0.533993399339934,0.228666194108806,0.781586021505376
"CHAMPS","local_avg",0,NA,"batch8",8353,0.533993399339934,0.228666194108806,0.781586021505376
"CHAMPS","local_avg",0,NA,"batch8",8354,0.533993399339934,0.228666194108806,0.781586021505376
"CHAMPS","local_avg",0,NA,"batch8",8355,0.533993399339934,0.228666194108806,0.781586021505376
"CHAMPS","local_avg",0,NA,"batch8",8356,0.533993399339934,0.228666194108806,0.781586021505376
"CHAMPS","local_avg",0,NA,"batch8",8357,0.533993399339934,0.228666194108806,0.781586021505376
"CHAMPS","local_avg",0,NA,"batch8",8358,0.533993399339934,0.228666194108806,0.781586021505376
"CHAMPS","local_avg",0,NA,"batch8",8359,0.533993399339934,0.228666194108806,0.781586021505376
"CHAMPS","local_avg",0,NA,"batch8",8360,0.533993399339934,0.228666194108806,0.781586021505376
"CHAMPS","local_avg",0,NA,"batch8",8361,0.533993399339934,0.228666194108806,0.781586021505376
"CHAMPS","local_avg",0,NA,"batch8",8362,0.533993399339934,0.228666194108806,0.781586021505376
"CHAMPS","local_avg",0,NA,"batch8",8363,0.533993399339934,0.228666194108806,0.781586021505376
"CHAMPS","local_avg",0,NA,"batch8",8364,0.533993399339934,0.228666194108806,0.781586021505376
"CHAMPS","local_avg",0,NA,"batch8",8365,0.533993399339934,0.228666194108806,0.781586021505376
"CHAMPS","local_avg",0,NA,"batch8",8366,0.533993399339934,0.228666194108806,0.781586021505376
"CHAMPS","local_avg",0,NA,"batch8",8367,0.533993399339934,0.228666194108806,0.781586021505376
"CHAMPS","local_avg",0,NA,"batch8",8368,0.533993399339934,0.228666194108806,0.781586021505376
"CHAMPS","local_avg",0,NA,"batch8",8369,0.533993399339934,0.228666194108806,0.781586021505376
"CHAMPS","local_avg",0,NA,"batch8",8370,0.533993399339934,0.228666194108806,0.781586021505376
"CHAMPS","local_avg",0,NA,"batch8",8371,0.533993399339934,0.228666194108806,0.781586021505376
"CHAMPS","local_avg",0,NA,"batch8",8372,0.533993399339934,0.228666194108806,0.781586021505376
"CHAMPS","local_avg",0,NA,"batch8",8373,0.533993399339934,0.228666194108806,0.781586021505376
"CHAMPS","local_avg",0,NA,"batch8",8374,0.533993399339934,0.228666194108806,0.781586021505376
"CHAMPS","local_avg",0,NA,"batch8",8375,0.533993399339934,0.228666194108806,0.781586021505376
"CHAMPS","local_avg",0,NA,"batch8",8376,0.533993399339934,0.228666194108806,0.781586021505376
"CHAMPS","local_avg",0,NA,"batch8",8377,0.533993399339934,0.228666194108806,0.781586021505376
"CHAMPS","local_avg",0,NA,"batch8",8378,0.533993399339934,0.228666194108806,0.781586021505376
"CHAMPS","local_avg",0,NA,"batch8",8379,0.533993399339934,0.228666194108806,0.781586021505376
"CHAMPS","local_avg",0,NA,"batch8",8380,0.533993399339934,0.228666194108806,0.781586021505376
"CHAMPS","local_avg",0,NA,"batch8",8381,0.533993399339934,0.228666194108806,0.781586021505376
"CHAMPS","local_avg",0,NA,"batch8",8382,0.533993399339934,0.228666194108806,0.781586021505376
"CHAMPS","local_avg",0,NA,"batch8",8383,0.533993399339934,0.228666194108806,0.781586021505376
"CHAMPS","local_avg",0,NA,"batch8",8384,0.533993399339934,0.228666194108806,0.781586021505376
"CHAMPS","local_avg",0,NA,"batch8",8385,0.533993399339934,0.228666194108806,0.781586021505376
"CHAMPS","local_avg",0,NA,"batch8",8386,0.533993399339934,0.228666194108806,0.781586021505376
"CHAMPS","local_avg",0,NA,"batch8",8387,0.533993399339934,0.228666194108806,0.781586021505376
"CHAMPS","local_avg",0,NA,"batch8",8388,0.533993399339934,0.228666194108806,0.781586021505376
"CHAMPS","local_avg",0,NA,"batch8",8389,0.533993399339934,0.228666194108806,0.781586021505376
"CHAMPS","local_avg",0,NA,"batch8",8390,0.533993399339934,0.228666194108806,0.781586021505376
"CHAMPS","local_avg",0,NA,"batch8",8391,0.533993399339934,0.228666194108806,0.781586021505376
"CHAMPS","local_avg",0,NA,"batch8",8392,0.533993399339934,0.228666194108806,0.781586021505376
"CHAMPS","local_avg",0,NA,"batch8",8393,0.533993399339934,0.228666194108806,0.781586021505376
"CHAMPS","local_avg",0,NA,"batch8",8394,0.533993399339934,0.228666194108806,0.781586021505376
"CHAMPS","local_avg",0,NA,"batch8",8395,0.533993399339934,0.228666194108806,0.781586021505376
"CHAMPS","local_avg",0,NA,"batch8",8396,0.533993399339934,0.228666194108806,0.781586021505376
"CHAMPS","local_avg",0,NA,"batch8",8397,0.533993399339934,0.228666194108806,0.781586021505376
"CHAMPS","local_avg",0,NA,"batch8",8398,0.533993399339934,0.228666194108806,0.781586021505376
"CHAMPS","local_avg",0,NA,"batch8",8399,0.533993399339934,0.228666194108806,0.781586021505376
"CHAMPS","local_avg",0,NA,"batch8",8400,0.533993399339934,0.228666194108806,0.781586021505376
"CHAMPS","local_avg",0,NA,"batch8",8401,0.533993399339934,0.228666194108806,0.781586021505376
"CHAMPS","local_avg",0,NA,"batch8",8402,0.533993399339934,0.228666194108806,0.781586021505376
"CHAMPS","local_avg",0,NA,"batch8",8403,0.533993399339934,0.228666194108806,0.781586021505376
"CHAMPS","local_avg",0,NA,"batch8",8404,0.533993399339934,0.228666194108806,0.781586021505376
"CHAMPS","local_avg",0,NA,"batch8",8405,0.533993399339934,0.228666194108806,0.781586021505376
"CHAMPS","local_avg",0,NA,"batch8",8406,0.533993399339934,0.228666194108806,0.781586021505376
"CHAMPS","local_avg",0,NA,"batch8",8407,0.533993399339934,0.228666194108806,0.781586021505376
"CHAMPS","local_avg",0,NA,"batch8",8408,0.533993399339934,0.228666194108806,0.781586021505376
"CHAMPS","local_avg",0,NA,"batch8",8409,0.533993399339934,0.228666194108806,0.781586021505376
"CHAMPS","local_avg",0,NA,"batch8",8410,0.533993399339934,0.228666194108806,0.781586021505376
"CHAMPS","local_avg",0,NA,"batch8",8411,0.533993399339934,0.228666194108806,0.781586021505376
"CHAMPS","local_avg",0,NA,"batch8",8412,0.533993399339934,0.228666194108806,0.781586021505376
"CHAMPS","local_avg",0,NA,"batch8",8413,0.533993399339934,0.228666194108806,0.781586021505376
"CHAMPS","local_avg",0,NA,"batch8",8414,0.533993399339934,0.228666194108806,0.781586021505376
"CHAMPS","local_avg",0,NA,"batch8",8415,0.533993399339934,0.228666194108806,0.781586021505376
"CHAMPS","local_avg",0,NA,"batch8",8416,0.533993399339934,0.228666194108806,0.781586021505376
"CHAMPS","local_avg",0,NA,"batch8",8417,0.533993399339934,0.228666194108806,0.781586021505376
"CHAMPS","local_avg",0,NA,"batch8",8418,0.533993399339934,0.228666194108806,0.781586021505376
"CHAMPS","local_avg",0,NA,"batch8",8419,0.533993399339934,0.228666194108806,0.781586021505376
"CHAMPS","local_avg",0,NA,"batch8",8420,0.533993399339934,0.228666194108806,0.781586021505376
"CHAMPS","local_avg",0,NA,"batch8",8421,0.533993399339934,0.228666194108806,0.781586021505376
"CHAMPS","local_avg",0,NA,"batch8",8422,0.533993399339934,0.228666194108806,0.781586021505376
"CHAMPS","local_avg",0,NA,"batch8",8423,0.533993399339934,0.228666194108806,0.781586021505376
"CHAMPS","local_avg",0,NA,"batch8",8424,0.533993399339934,0.228666194108806,0.781586021505376
"CHAMPS","local_avg",0,NA,"batch8",8425,0.533993399339934,0.228666194108806,0.781586021505376
"CHAMPS","local_avg",0,NA,"batch8",8426,0.533993399339934,0.228666194108806,0.781586021505376
"CHAMPS","local_avg",0,NA,"batch8",8427,0.533993399339934,0.228666194108806,0.781586021505376
"CHAMPS","local_avg",0,NA,"batch8",8428,0.533993399339934,0.228666194108806,0.781586021505376
"CHAMPS","local_avg",0,NA,"batch8",8429,0.533993399339934,0.228666194108806,0.781586021505376
"CHAMPS","local_avg",0,NA,"batch8",8430,0.533993399339934,0.228666194108806,0.781586021505376
"CHAMPS","local_avg",0,NA,"batch8",8431,0.533993399339934,0.228666194108806,0.781586021505376
"CHAMPS","local_avg",0,NA,"batch8",8432,0.533993399339934,0.228666194108806,0.781586021505376
"CHAMPS","local_avg",0,NA,"batch8",8433,0.533993399339934,0.228666194108806,0.781586021505376
"CHAMPS","local_avg",0,NA,"batch8",8434,0.533993399339934,0.228666194108806,0.781586021505376
"CHAMPS","local_avg",0,NA,"batch8",8435,0.533993399339934,0.228666194108806,0.781586021505376
"CHAMPS","local_avg",0,NA,"batch8",8436,0.533993399339934,0.228666194108806,0.781586021505376
"CHAMPS","local_avg",0,NA,"batch8",8437,0.533993399339934,0.228666194108806,0.781586021505376
"CHAMPS","local_avg",0,NA,"batch8",8438,0.533993399339934,0.228666194108806,0.781586021505376
"CHAMPS","local_avg",0,NA,"batch8",8439,0.533993399339934,0.228666194108806,0.781586021505376
"CHAMPS","local_avg",0,NA,"batch8",8440,0.533993399339934,0.228666194108806,0.781586021505376
"CHAMPS","local_avg",0,NA,"batch8",8441,0.533993399339934,0.228666194108806,0.781586021505376
"CHAMPS","local_avg",0,NA,"batch8",8442,0.533993399339934,0.228666194108806,0.781586021505376
"CHAMPS","local_avg",0,NA,"batch8",8443,0.533993399339934,0.228666194108806,0.781586021505376
"CHAMPS","local_avg",0,NA,"batch8",8444,0.533993399339934,0.228666194108806,0.781586021505376
"CHAMPS","local_avg",0,NA,"batch8",8445,0.533993399339934,0.228666194108806,0.781586021505376
"CHAMPS","local_avg",0,NA,"batch8",8446,0.533993399339934,0.228666194108806,0.781586021505376
"CHAMPS","local_avg",0,NA,"batch8",8447,0.533993399339934,0.228666194108806,0.781586021505376
"CHAMPS","local_avg",0,NA,"batch8",8448,0.533993399339934,0.228666194108806,0.781586021505376
"CHAMPS","local_avg",0,NA,"batch8",8449,0.533993399339934,0.228666194108806,0.781586021505376
"CHAMPS","local_avg",0,NA,"batch8",8450,0.533993399339934,0.228666194108806,0.781586021505376
"CHAMPS","local_avg",0,NA,"batch8",8451,0.533993399339934,0.228666194108806,0.781586021505376
"CHAMPS","local_avg",0,NA,"batch8",8452,0.533993399339934,0.228666194108806,0.781586021505376
"CHAMPS","local_avg",0,NA,"batch8",8453,0.533993399339934,0.228666194108806,0.781586021505376
"CHAMPS","local_avg",0,NA,"batch8",8454,0.533993399339934,0.228666194108806,0.781586021505376
"CHAMPS","local_avg",0,NA,"batch8",8455,0.533993399339934,0.228666194108806,0.781586021505376
"CHAMPS","local_avg",0,NA,"batch8",8456,0.533993399339934,0.228666194108806,0.781586021505376
"CHAMPS","local_avg",0,NA,"batch8",8457,0.533993399339934,0.228666194108806,0.781586021505376
"CHAMPS","local_avg",0,NA,"batch8",8458,0.533993399339934,0.228666194108806,0.781586021505376
"CHAMPS","local_avg",0,NA,"batch8",8459,0.533993399339934,0.228666194108806,0.781586021505376
"CHAMPS","local_avg",0,NA,"batch8",8460,0.533993399339934,0.228666194108806,0.781586021505376
"CHAMPS","local_avg",0,NA,"batch8",8461,0.533993399339934,0.228666194108806,0.781586021505376
"CHAMPS","local_avg",0,NA,"batch8",8462,0.533993399339934,0.228666194108806,0.781586021505376
"CHAMPS","local_avg",0,NA,"batch8",8463,0.533993399339934,0.228666194108806,0.781586021505376
"CHAMPS","local_avg",0,NA,"batch8",8464,0.533993399339934,0.228666194108806,0.781586021505376
"CHAMPS","local_avg",0,NA,"batch8",8465,0.533993399339934,0.228666194108806,0.781586021505376
"CHAMPS","local_avg",0,NA,"batch8",8466,0.533993399339934,0.228666194108806,0.781586021505376
"CHAMPS","local_avg",0,NA,"batch8",8467,0.533993399339934,0.228666194108806,0.781586021505376
"CHAMPS","local_avg",0,NA,"batch8",8468,0.533993399339934,0.228666194108806,0.781586021505376
"CHAMPS","local_avg",0,NA,"batch8",8469,0.533993399339934,0.228666194108806,0.781586021505376
"CHAMPS","local_avg",0,NA,"batch8",8470,0.533993399339934,0.228666194108806,0.781586021505376
"CHAMPS","local_avg",0,NA,"batch8",8471,0.533993399339934,0.228666194108806,0.781586021505376
"CHAMPS","local_avg",0,NA,"batch8",8472,0.533993399339934,0.228666194108806,0.781586021505376
"CHAMPS","local_avg",0,NA,"batch8",8473,0.533993399339934,0.228666194108806,0.781586021505376
"CHAMPS","local_avg",0,NA,"batch8",8474,0.533993399339934,0.228666194108806,0.781586021505376
"CHAMPS","local_avg",0,NA,"batch8",8475,0.533993399339934,0.228666194108806,0.781586021505376
"CHAMPS","local_avg",0,NA,"batch8",8476,0.533993399339934,0.228666194108806,0.781586021505376
"CHAMPS","local_avg",0,NA,"batch8",8477,0.533993399339934,0.228666194108806,0.781586021505376
"CHAMPS","local_avg",0,NA,"batch8",8478,0.533993399339934,0.228666194108806,0.781586021505376
"CHAMPS","local_avg",0,NA,"batch8",8479,0.533993399339934,0.228666194108806,0.781586021505376
"CHAMPS","local_avg",0,NA,"batch8",8480,0.533993399339934,0.228666194108806,0.781586021505376
"CHAMPS","local_avg",0,NA,"batch8",8481,0.533993399339934,0.228666194108806,0.781586021505376
"CHAMPS","local_avg",0,NA,"batch8",8482,0.533993399339934,0.228666194108806,0.781586021505376
"CHAMPS","local_avg",0,NA,"batch8",8483,0.533993399339934,0.228666194108806,0.781586021505376
"CHAMPS","local_avg",0,NA,"batch8",8484,0.533993399339934,0.228666194108806,0.781586021505376
"CHAMPS","local_avg",0,NA,"batch8",8485,0.533993399339934,0.228666194108806,0.781586021505376
"CHAMPS","local_avg",0,NA,"batch8",8486,0.533993399339934,0.228666194108806,0.781586021505376
"CHAMPS","local_avg",0,NA,"batch8",8487,0.533993399339934,0.228666194108806,0.781586021505376
"CHAMPS","local_avg",0,NA,"batch8",8488,0.533993399339934,0.228666194108806,0.781586021505376
"CHAMPS","local_avg",0,NA,"batch8",8489,0.533993399339934,0.228666194108806,0.781586021505376
"CHAMPS","local_avg",0,NA,"batch8",8490,0.533993399339934,0.228666194108806,0.781586021505376
"CHAMPS","local_avg",0,NA,"batch8",8491,0.533993399339934,0.228666194108806,0.781586021505376
"CHAMPS","local_avg",0,NA,"batch8",8492,0.533993399339934,0.228666194108806,0.781586021505376
"CHAMPS","local_avg",0,NA,"batch8",8493,0.533993399339934,0.228666194108806,0.781586021505376
"CHAMPS","local_avg",0,NA,"batch8",8494,0.533993399339934,0.228666194108806,0.781586021505376
"CHAMPS","local_avg",0,NA,"batch8",8495,0.533993399339934,0.228666194108806,0.781586021505376
"CHAMPS","local_avg",0,NA,"batch8",8496,0.533993399339934,0.228666194108806,0.781586021505376
"CHAMPS","local_avg",0,NA,"batch8",8497,0.533993399339934,0.228666194108806,0.781586021505376
"CHAMPS","local_avg",0,NA,"batch8",8498,0.533993399339934,0.228666194108806,0.781586021505376
"CHAMPS","local_avg",0,NA,"batch8",8499,0.533993399339934,0.228666194108806,0.781586021505376
"CHAMPS","local_avg",0,NA,"batch8",8500,0.533993399339934,0.228666194108806,0.781586021505376
"CHAMPS","local_avg",0.2,NA,"batch8",8001,0.537128712871287,0.235690621256123,0.781418010752688
"CHAMPS","local_avg",0.2,NA,"batch8",8002,0.526402640264026,0.239812679478149,0.788138440860215
"CHAMPS","local_avg",0.2,NA,"batch8",8003,0.542904290429043,0.227888324289542,0.772177419354839
"CHAMPS","local_avg",0.2,NA,"batch8",8004,0.537953795379538,0.239096740248056,0.778057795698925
"CHAMPS","local_avg",0.2,NA,"batch8",8005,0.542904290429043,0.234803532393949,0.782258064516129
"CHAMPS","local_avg",0.2,NA,"batch8",8006,0.531353135313531,0.223953832395481,0.778897849462366
"CHAMPS","local_avg",0.2,NA,"batch8",8007,0.54042904290429,0.225718300516688,0.780577956989247
"CHAMPS","local_avg",0.2,NA,"batch8",8008,0.531353135313531,0.228915552225694,0.776377688172043
"CHAMPS","local_avg",0.2,NA,"batch8",8009,0.546204620462046,0.243804571344537,0.787298387096774
"CHAMPS","local_avg",0.2,NA,"batch8",8010,0.532178217821782,0.230544955983552,0.78679435483871
"CHAMPS","local_avg",0.2,NA,"batch8",8011,0.533003300330033,0.21958713234235,0.781081989247312
"CHAMPS","local_avg",0.2,NA,"batch8",8012,0.537953795379538,0.222272029987962,0.785114247311828
"CHAMPS","local_avg",0.2,NA,"batch8",8013,0.54042904290429,0.222248010776208,0.782258064516129
"CHAMPS","local_avg",0.2,NA,"batch8",8014,0.548679867986799,0.237595687888479,0.784778225806452
"CHAMPS","local_avg",0.2,NA,"batch8",8015,0.53960396039604,0.231506337939551,0.793514784946237
"CHAMPS","local_avg",0.2,NA,"batch8",8016,0.542904290429043,0.22137749675586,0.78309811827957
"CHAMPS","local_avg",0.2,NA,"batch8",8017,0.532178217821782,0.218308350390551,0.78309811827957
"CHAMPS","local_avg",0.2,NA,"batch8",8018,0.527227722772277,0.224349483766524,0.78309811827957
"CHAMPS","local_avg",0.2,NA,"batch8",8019,0.526402640264026,0.228585082778631,0.775537634408602
"CHAMPS","local_avg",0.2,NA,"batch8",8020,0.5503300330033,0.228839565110057,0.783938172043011
"CHAMPS","local_avg",0.2,NA,"batch8",8021,0.523102310231023,0.227800790576121,0.786458333333333
"CHAMPS","local_avg",0.2,NA,"batch8",8022,0.517326732673267,0.224007893148518,0.780241935483871
"CHAMPS","local_avg",0.2,NA,"batch8",8023,0.535478547854785,0.235079346065149,0.780577956989247
"CHAMPS","local_avg",0.2,NA,"batch8",8024,0.523102310231023,0.235951473120836,0.778057795698925
"CHAMPS","local_avg",0.2,NA,"batch8",8025,0.535478547854785,0.225305106236693,0.781418010752688
"CHAMPS","local_avg",0.2,NA,"batch8",8026,0.533828382838284,0.231716905779406,0.782762096774194
"CHAMPS","local_avg",0.2,NA,"batch8",8027,0.51980198019802,0.208963200353287,0.771001344086022
"CHAMPS","local_avg",0.2,NA,"batch8",8028,0.525577557755776,0.229408184417845,0.787298387096774
"CHAMPS","local_avg",0.2,NA,"batch8",8029,0.542904290429043,0.228367859578303,0.778561827956989
"CHAMPS","local_avg",0.2,NA,"batch8",8030,0.54950495049505,0.231731967006735,0.783938172043011
"CHAMPS","local_avg",0.2,NA,"batch8",8031,0.542079207920792,0.234504029394356,0.785114247311828
"CHAMPS","local_avg",0.2,NA,"batch8",8032,0.531353135313531,0.218207734532051,0.786458333333333
"CHAMPS","local_avg",0.2,NA,"batch8",8033,0.542904290429043,0.235266020233851,0.792338709677419
"CHAMPS","local_avg",0.2,NA,"batch8",8034,0.526402640264026,0.229705687830688,0.783938172043011
"CHAMPS","local_avg",0.2,NA,"batch8",8035,0.532178217821782,0.227861190792225,0.780577956989247
"CHAMPS","local_avg",0.2,NA,"batch8",8036,0.538778877887789,0.222463123363778,0.779737903225806
"CHAMPS","local_avg",0.2,NA,"batch8",8037,0.542904290429043,0.23725028021903,0.784778225806452
"CHAMPS","local_avg",0.2,NA,"batch8",8038,0.516501650165016,0.224660385409224,0.780577956989247
"CHAMPS","local_avg",0.2,NA,"batch8",8039,0.513201320132013,0.222402111996037,0.774697580645161
"CHAMPS","local_avg",0.2,NA,"batch8",8040,0.534653465346535,0.220400432900433,0.772681451612903
"CHAMPS","local_avg",0.2,NA,"batch8",8041,0.538778877887789,0.230565946851374,0.776377688172043
"CHAMPS","local_avg",0.2,NA,"batch8",8042,0.528052805280528,0.228805537944554,0.775537634408602
"CHAMPS","local_avg",0.2,NA,"batch8",8043,0.538778877887789,0.223417612394843,0.778897849462366
"CHAMPS","local_avg",0.2,NA,"batch8",8044,0.554455445544555,0.243637836424304,0.785618279569892
"CHAMPS","local_avg",0.2,NA,"batch8",8045,0.546204620462046,0.24013078639377,0.775201612903226
"CHAMPS","local_avg",0.2,NA,"batch8",8046,0.534653465346535,0.232892088843669,0.777721774193548
"CHAMPS","local_avg",0.2,NA,"batch8",8047,0.545379537953795,0.219441141587881,0.788138440860215
"CHAMPS","local_avg",0.2,NA,"batch8",8048,0.537953795379538,0.223157969810603,0.782258064516129
"CHAMPS","local_avg",0.2,NA,"batch8",8049,0.532178217821782,0.216709289243955,0.787298387096774
"CHAMPS","local_avg",0.2,NA,"batch8",8050,0.537128712871287,0.234279815529816,0.787298387096774
"CHAMPS","local_avg",0.2,NA,"batch8",8051,0.52970297029703,0.234673821548822,0.779737903225806
"CHAMPS","local_avg",0.2,NA,"batch8",8052,0.53960396039604,0.241507306819807,0.777721774193548
"CHAMPS","local_avg",0.2,NA,"batch8",8053,0.532178217821782,0.215444986431238,0.783938172043011
"CHAMPS","local_avg",0.2,NA,"batch8",8054,0.528877887788779,0.216337360790134,0.786122311827957
"CHAMPS","local_avg",0.2,NA,"batch8",8055,0.5503300330033,0.233427128427128,0.795698924731183
"CHAMPS","local_avg",0.2,NA,"batch8",8056,0.526402640264026,0.222824785577894,0.785618279569892
"CHAMPS","local_avg",0.2,NA,"batch8",8057,0.528877887788779,0.231352419510314,0.778897849462366
"CHAMPS","local_avg",0.2,NA,"batch8",8058,0.531353135313531,0.232247072100013,0.780577956989247
"CHAMPS","local_avg",0.2,NA,"batch8",8059,0.541254125412541,0.228935017798378,0.786458333333333
"CHAMPS","local_avg",0.2,NA,"batch8",8060,0.537128712871287,0.228072173979103,0.791498655913978
"CHAMPS","local_avg",0.2,NA,"batch8",8061,0.533003300330033,0.231265759374749,0.777217741935484
"CHAMPS","local_avg",0.2,NA,"batch8",8062,0.538778877887789,0.218606910746741,0.777721774193548
"CHAMPS","local_avg",0.2,NA,"batch8",8063,0.546204620462046,0.241048933424253,0.772177419354839
"CHAMPS","local_avg",0.2,NA,"batch8",8064,0.537128712871287,0.227954169844902,0.776377688172043
"CHAMPS","local_avg",0.2,NA,"batch8",8065,0.541254125412541,0.227181184181055,0.781418010752688
"CHAMPS","local_avg",0.2,NA,"batch8",8066,0.551980198019802,0.222251825580205,0.777217741935484
"CHAMPS","local_avg",0.2,NA,"batch8",8067,0.528877887788779,0.226292322441819,0.784778225806452
"CHAMPS","local_avg",0.2,NA,"batch8",8068,0.531353135313531,0.224435477163709,0.778897849462366
"CHAMPS","local_avg",0.2,NA,"batch8",8069,0.537953795379538,0.232133009142921,0.784778225806452
"CHAMPS","local_avg",0.2,NA,"batch8",8070,0.528877887788779,0.219091004331156,0.776881720430108
"CHAMPS","local_avg",0.2,NA,"batch8",8071,0.54042904290429,0.234307285759591,0.786122311827957
"CHAMPS","local_avg",0.2,NA,"batch8",8072,0.531353135313531,0.228082274998393,0.778057795698925
"CHAMPS","local_avg",0.2,NA,"batch8",8073,0.542904290429043,0.235792388725825,0.787634408602151
"CHAMPS","local_avg",0.2,NA,"batch8",8074,0.545379537953795,0.233850701283345,0.77385752688172
"CHAMPS","local_avg",0.2,NA,"batch8",8075,0.543729372937294,0.224347009865627,0.776041666666667
"CHAMPS","local_avg",0.2,NA,"batch8",8076,0.537953795379538,0.222023806539936,0.778897849462366
"CHAMPS","local_avg",0.2,NA,"batch8",8077,0.515676567656766,0.222278512302475,0.778057795698925
"CHAMPS","local_avg",0.2,NA,"batch8",8078,0.528877887788779,0.232306939054614,0.780577956989247
"CHAMPS","local_avg",0.2,NA,"batch8",8079,0.516501650165016,0.220986814964534,0.780577956989247
"CHAMPS","local_avg",0.2,NA,"batch8",8080,0.52970297029703,0.230167543068001,0.774361559139785
"CHAMPS","local_avg",0.2,NA,"batch8",8081,0.531353135313531,0.227158278693366,0.778057795698925
"CHAMPS","local_avg",0.2,NA,"batch8",8082,0.53052805280528,0.227469860862374,0.786458333333333
"CHAMPS","local_avg",0.2,NA,"batch8",8083,0.521452145214521,0.228798869869668,0.783602150537634
"CHAMPS","local_avg",0.2,NA,"batch8",8084,0.542079207920792,0.238709439252918,0.776377688172043
"CHAMPS","local_avg",0.2,NA,"batch8",8085,0.537953795379538,0.218646785629742,0.778897849462366
"CHAMPS","local_avg",0.2,NA,"batch8",8086,0.533828382838284,0.22909942680776,0.778897849462366
"CHAMPS","local_avg",0.2,NA,"batch8",8087,0.534653465346535,0.23265549022128,0.780913978494624
"CHAMPS","local_avg",0.2,NA,"batch8",8088,0.533003300330033,0.221491907096317,0.789818548387097
"CHAMPS","local_avg",0.2,NA,"batch8",8089,0.527227722772277,0.236082334838554,0.778057795698925
"CHAMPS","local_avg",0.2,NA,"batch8",8090,0.531353135313531,0.222830935382572,0.782258064516129
"CHAMPS","local_avg",0.2,NA,"batch8",8091,0.537953795379538,0.245698988416029,0.781922043010753
"CHAMPS","local_avg",0.2,NA,"batch8",8092,0.528877887788779,0.239096667110904,0.784778225806452
"CHAMPS","local_avg",0.2,NA,"batch8",8093,0.523927392739274,0.229459674312615,0.778897849462366
"CHAMPS","local_avg",0.2,NA,"batch8",8094,0.542079207920792,0.231157109796709,0.776377688172043
"CHAMPS","local_avg",0.2,NA,"batch8",8095,0.533003300330033,0.223775177152164,0.782258064516129
"CHAMPS","local_avg",0.2,NA,"batch8",8096,0.536303630363036,0.226316869306374,0.778897849462366
"CHAMPS","local_avg",0.2,NA,"batch8",8097,0.523102310231023,0.229769542269542,0.775537634408602
"CHAMPS","local_avg",0.2,NA,"batch8",8098,0.521452145214521,0.22268320161767,0.782258064516129
"CHAMPS","local_avg",0.2,NA,"batch8",8099,0.524752475247525,0.226199937682211,0.777721774193548
"CHAMPS","local_avg",0.2,NA,"batch8",8100,0.537128712871287,0.234839581640073,0.770161290322581
"CHAMPS","local_avg",0.2,NA,"batch8",8101,0.536303630363036,0.23553323591893,0.781081989247312
"CHAMPS","local_avg",0.2,NA,"batch8",8102,0.542079207920792,0.241691990026492,0.779737903225806
"CHAMPS","local_avg",0.2,NA,"batch8",8103,0.544554455445545,0.232040995524968,0.77385752688172
"CHAMPS","local_avg",0.2,NA,"batch8",8104,0.532178217821782,0.221887447783793,0.784442204301075
"CHAMPS","local_avg",0.2,NA,"batch8",8105,0.548679867986799,0.232107320014929,0.788978494623656
"CHAMPS","local_avg",0.2,NA,"batch8",8106,0.52970297029703,0.228244524904145,0.785618279569892
"CHAMPS","local_avg",0.2,NA,"batch8",8107,0.531353135313531,0.222266869565426,0.778897849462366
"CHAMPS","local_avg",0.2,NA,"batch8",8108,0.545379537953795,0.225731899399932,0.778561827956989
"CHAMPS","local_avg",0.2,NA,"batch8",8109,0.528877887788779,0.225865444862155,0.774361559139785
"CHAMPS","local_avg",0.2,NA,"batch8",8110,0.538778877887789,0.227813856761406,0.779737903225806
"CHAMPS","local_avg",0.2,NA,"batch8",8111,0.54042904290429,0.241554817179682,0.786962365591398
"CHAMPS","local_avg",0.2,NA,"batch8",8112,0.538778877887789,0.230992413755572,0.785282258064516
"CHAMPS","local_avg",0.2,NA,"batch8",8113,0.536303630363036,0.235932116628212,0.774697580645161
"CHAMPS","local_avg",0.2,NA,"batch8",8114,0.52970297029703,0.218652871526724,0.788138440860215
"CHAMPS","local_avg",0.2,NA,"batch8",8115,0.518976897689769,0.212498131045108,0.772177419354839
"CHAMPS","local_avg",0.2,NA,"batch8",8116,0.523102310231023,0.220118815610619,0.780073924731183
"CHAMPS","local_avg",0.2,NA,"batch8",8117,0.536303630363036,0.225294035082679,0.77940188172043
"CHAMPS","local_avg",0.2,NA,"batch8",8118,0.534653465346535,0.228826855055021,0.778057795698925
"CHAMPS","local_avg",0.2,NA,"batch8",8119,0.53960396039604,0.237231662446123,0.785618279569892
"CHAMPS","local_avg",0.2,NA,"batch8",8120,0.534653465346535,0.237054328110224,0.786458333333333
"CHAMPS","local_avg",0.2,NA,"batch8",8121,0.535478547854785,0.230034207065457,0.781081989247312
"CHAMPS","local_avg",0.2,NA,"batch8",8122,0.53960396039604,0.241285857341892,0.780577956989247
"CHAMPS","local_avg",0.2,NA,"batch8",8123,0.554455445544554,0.230125606144201,0.782258064516129
"CHAMPS","local_avg",0.2,NA,"batch8",8124,0.537953795379538,0.239138395000464,0.782258064516129
"CHAMPS","local_avg",0.2,NA,"batch8",8125,0.533003300330033,0.229101228155868,0.776377688172043
"CHAMPS","local_avg",0.2,NA,"batch8",8126,0.548679867986799,0.225875416283811,0.778393817204301
"CHAMPS","local_avg",0.2,NA,"batch8",8127,0.547029702970297,0.231542787792788,0.776881720430108
"CHAMPS","local_avg",0.2,NA,"batch8",8128,0.541254125412541,0.225249779078175,0.784778225806452
"CHAMPS","local_avg",0.2,NA,"batch8",8129,0.537128712871287,0.219005135945925,0.782258064516129
"CHAMPS","local_avg",0.2,NA,"batch8",8130,0.525577557755776,0.231361722767973,0.78309811827957
"CHAMPS","local_avg",0.2,NA,"batch8",8131,0.52970297029703,0.216356630487065,0.784778225806452
"CHAMPS","local_avg",0.2,NA,"batch8",8132,0.527227722772277,0.235872087955421,0.78309811827957
"CHAMPS","local_avg",0.2,NA,"batch8",8133,0.534653465346535,0.222477758754933,0.776881720430108
"CHAMPS","local_avg",0.2,NA,"batch8",8134,0.537953795379538,0.229931798345827,0.784274193548387
"CHAMPS","local_avg",0.2,NA,"batch8",8135,0.537953795379538,0.214668405874193,0.776377688172043
"CHAMPS","local_avg",0.2,NA,"batch8",8136,0.544554455445545,0.228877233485733,0.779737903225806
"CHAMPS","local_avg",0.2,NA,"batch8",8137,0.537128712871287,0.228869583145899,0.780241935483871
"CHAMPS","local_avg",0.2,NA,"batch8",8138,0.528877887788779,0.220249671081924,0.785618279569892
"CHAMPS","local_avg",0.2,NA,"batch8",8139,0.507425742574257,0.218368427794486,0.781418010752688
"CHAMPS","local_avg",0.2,NA,"batch8",8140,0.543729372937294,0.224275040232487,0.777721774193548
"CHAMPS","local_avg",0.2,NA,"batch8",8141,0.541254125412541,0.239617075255662,0.776881720430108
"CHAMPS","local_avg",0.2,NA,"batch8",8142,0.518976897689769,0.225842126623377,0.778057795698925
"CHAMPS","local_avg",0.2,NA,"batch8",8143,0.535478547854785,0.236470164272406,0.774193548387097
"CHAMPS","local_avg",0.2,NA,"batch8",8144,0.528877887788779,0.224465509149512,0.778057795698925
"CHAMPS","local_avg",0.2,NA,"batch8",8145,0.544554455445545,0.235724008561045,0.779737903225806
"CHAMPS","local_avg",0.2,NA,"batch8",8146,0.532178217821782,0.224223521652726,0.787298387096774
"CHAMPS","local_avg",0.2,NA,"batch8",8147,0.533003300330033,0.231225604996097,0.781418010752688
"CHAMPS","local_avg",0.2,NA,"batch8",8148,0.526402640264026,0.227890492683839,0.782258064516129
"CHAMPS","local_avg",0.2,NA,"batch8",8149,0.552805280528053,0.235856252045412,0.784778225806452
"CHAMPS","local_avg",0.2,NA,"batch8",8150,0.532178217821782,0.22019355305475,0.779737903225806
"CHAMPS","local_avg",0.2,NA,"batch8",8151,0.524752475247525,0.219604012489434,0.782258064516129
"CHAMPS","local_avg",0.2,NA,"batch8",8152,0.53960396039604,0.234081923134023,0.777217741935484
"CHAMPS","local_avg",0.2,NA,"batch8",8153,0.535478547854785,0.235376971477953,0.778561827956989
"CHAMPS","local_avg",0.2,NA,"batch8",8154,0.533828382838284,0.231997426163448,0.778897849462366
"CHAMPS","local_avg",0.2,NA,"batch8",8155,0.533828382838284,0.236196493879007,0.78309811827957
"CHAMPS","local_avg",0.2,NA,"batch8",8156,0.54042904290429,0.224939058717842,0.778897849462366
"CHAMPS","local_avg",0.2,NA,"batch8",8157,0.527227722772277,0.226835016835017,0.782258064516129
"CHAMPS","local_avg",0.2,NA,"batch8",8158,0.538778877887789,0.234196525093264,0.780241935483871
"CHAMPS","local_avg",0.2,NA,"batch8",8159,0.536303630363036,0.225411151916444,0.776377688172043
"CHAMPS","local_avg",0.2,NA,"batch8",8160,0.534653465346535,0.236846690013856,0.778057795698925
"CHAMPS","local_avg",0.2,NA,"batch8",8161,0.524752475247525,0.225660173936036,0.774697580645161
"CHAMPS","local_avg",0.2,NA,"batch8",8162,0.523927392739274,0.226391310864405,0.777217741935484
"CHAMPS","local_avg",0.2,NA,"batch8",8163,0.515676567656766,0.225689986028705,0.778897849462366
"CHAMPS","local_avg",0.2,NA,"batch8",8164,0.5503300330033,0.230877301291703,0.771337365591398
"CHAMPS","local_avg",0.2,NA,"batch8",8165,0.537128712871287,0.215038222646918,0.772177419354839
"CHAMPS","local_avg",0.2,NA,"batch8",8166,0.522277227722772,0.229722599093698,0.78309811827957
"CHAMPS","local_avg",0.2,NA,"batch8",8167,0.537128712871287,0.232765752765753,0.780577956989247
"CHAMPS","local_avg",0.2,NA,"batch8",8168,0.538778877887789,0.234334957607984,0.785618279569892
"CHAMPS","local_avg",0.2,NA,"batch8",8169,0.545379537953795,0.228828970014827,0.76932123655914
"CHAMPS","local_avg",0.2,NA,"batch8",8170,0.541254125412541,0.226771463260033,0.784778225806452
"CHAMPS","local_avg",0.2,NA,"batch8",8171,0.526402640264026,0.22533140818539,0.785618279569892
"CHAMPS","local_avg",0.2,NA,"batch8",8172,0.522277227722772,0.233342028923425,0.779737903225806
"CHAMPS","local_avg",0.2,NA,"batch8",8173,0.544554455445545,0.235405330578879,0.785282258064516
"CHAMPS","local_avg",0.2,NA,"batch8",8174,0.520627062706271,0.220486383454188,0.771001344086022
"CHAMPS","local_avg",0.2,NA,"batch8",8175,0.541254125412541,0.2325803213461,0.788978494623656
"CHAMPS","local_avg",0.2,NA,"batch8",8176,0.528877887788779,0.221103213763576,0.779737903225806
"CHAMPS","local_avg",0.2,NA,"batch8",8177,0.537953795379538,0.228256974506975,0.780577956989247
"CHAMPS","local_avg",0.2,NA,"batch8",8178,0.533828382838284,0.223971570415536,0.774361559139785
"CHAMPS","local_avg",0.2,NA,"batch8",8179,0.533828382838284,0.228863699175521,0.776881720430108
"CHAMPS","local_avg",0.2,NA,"batch8",8180,0.538778877887789,0.226591830299457,0.773521505376344
"CHAMPS","local_avg",0.2,NA,"batch8",8181,0.538778877887789,0.234491536398316,0.770497311827957
"CHAMPS","local_avg",0.2,NA,"batch8",8182,0.528877887788779,0.231697693085428,0.779737903225806
"CHAMPS","local_avg",0.2,NA,"batch8",8183,0.521452145214521,0.227045163051133,0.781922043010753
"CHAMPS","local_avg",0.2,NA,"batch8",8184,0.541254125412541,0.232921097307505,0.778561827956989
"CHAMPS","local_avg",0.2,NA,"batch8",8185,0.535478547854785,0.224014211097544,0.78309811827957
"CHAMPS","local_avg",0.2,NA,"batch8",8186,0.537953795379538,0.223742476469095,0.77940188172043
"CHAMPS","local_avg",0.2,NA,"batch8",8187,0.528052805280528,0.216741122178453,0.77301747311828
"CHAMPS","local_avg",0.2,NA,"batch8",8188,0.531353135313531,0.230864197530864,0.778561827956989
"CHAMPS","local_avg",0.2,NA,"batch8",8189,0.53052805280528,0.22313939123239,0.782258064516129
"CHAMPS","local_avg",0.2,NA,"batch8",8190,0.533828382838284,0.212957122373241,0.78309811827957
"CHAMPS","local_avg",0.2,NA,"batch8",8191,0.528052805280528,0.226993291795923,0.77940188172043
"CHAMPS","local_avg",0.2,NA,"batch8",8192,0.542079207920792,0.232436363329706,0.785618279569892
"CHAMPS","local_avg",0.2,NA,"batch8",8193,0.54042904290429,0.235242498128447,0.790658602150538
"CHAMPS","local_avg",0.2,NA,"batch8",8194,0.525577557755776,0.223840922496311,0.776377688172043
"CHAMPS","local_avg",0.2,NA,"batch8",8195,0.545379537953795,0.23068002230561,0.783938172043011
"CHAMPS","local_avg",0.2,NA,"batch8",8196,0.556105610561056,0.232977401992232,0.779737903225806
"CHAMPS","local_avg",0.2,NA,"batch8",8197,0.524752475247525,0.226608737858738,0.777217741935484
"CHAMPS","local_avg",0.2,NA,"batch8",8198,0.547854785478548,0.229009088927362,0.783602150537634
"CHAMPS","local_avg",0.2,NA,"batch8",8199,0.525577557755776,0.221340984925648,0.778897849462366
"CHAMPS","local_avg",0.2,NA,"batch8",8200,0.523927392739274,0.222688969017094,0.784778225806452
"CHAMPS","local_avg",0.2,NA,"batch8",8201,0.532178217821782,0.218428172704488,0.774697580645161
"CHAMPS","local_avg",0.2,NA,"batch8",8202,0.533828382838284,0.217928070717154,0.778057795698925
"CHAMPS","local_avg",0.2,NA,"batch8",8203,0.538778877887789,0.228505769133011,0.785954301075269
"CHAMPS","local_avg",0.2,NA,"batch8",8204,0.531353135313531,0.213880204685725,0.786962365591398
"CHAMPS","local_avg",0.2,NA,"batch8",8205,0.517326732673267,0.226899852246101,0.777721774193548
"CHAMPS","local_avg",0.2,NA,"batch8",8206,0.53052805280528,0.222183510933511,0.775537634408602
"CHAMPS","local_avg",0.2,NA,"batch8",8207,0.551155115511551,0.238539786598061,0.775537634408602
"CHAMPS","local_avg",0.2,NA,"batch8",8208,0.552805280528053,0.243689525826623,0.781418010752688
"CHAMPS","local_avg",0.2,NA,"batch8",8209,0.533828382838284,0.224792419219987,0.781418010752688
"CHAMPS","local_avg",0.2,NA,"batch8",8210,0.546204620462046,0.230942614906169,0.783938172043011
"CHAMPS","local_avg",0.2,NA,"batch8",8211,0.537953795379538,0.223139415773832,0.776713709677419
"CHAMPS","local_avg",0.2,NA,"batch8",8212,0.534653465346535,0.238576212651325,0.78309811827957
"CHAMPS","local_avg",0.2,NA,"batch8",8213,0.524752475247525,0.233776396504178,0.779737903225806
"CHAMPS","local_avg",0.2,NA,"batch8",8214,0.534653465346535,0.228329070829071,0.784778225806452
"CHAMPS","local_avg",0.2,NA,"batch8",8215,0.525577557755776,0.233584826067794,0.778057795698925
"CHAMPS","local_avg",0.2,NA,"batch8",8216,0.526402640264026,0.230412443723062,0.786962365591398
"CHAMPS","local_avg",0.2,NA,"batch8",8217,0.526402640264026,0.232406689466722,0.788978494623656
"CHAMPS","local_avg",0.2,NA,"batch8",8218,0.53960396039604,0.233727521465825,0.784442204301075
"CHAMPS","local_avg",0.2,NA,"batch8",8219,0.54042904290429,0.234642394017394,0.786458333333333
"CHAMPS","local_avg",0.2,NA,"batch8",8220,0.546204620462046,0.226081562776061,0.776881720430108
"CHAMPS","local_avg",0.2,NA,"batch8",8221,0.53052805280528,0.231962261019279,0.776881720430108
"CHAMPS","local_avg",0.2,NA,"batch8",8222,0.537128712871287,0.226624940225351,0.782258064516129
"CHAMPS","local_avg",0.2,NA,"batch8",8223,0.523102310231023,0.227056507756847,0.779737903225806
"CHAMPS","local_avg",0.2,NA,"batch8",8224,0.535478547854785,0.231590100297194,0.770161290322581
"CHAMPS","local_avg",0.2,NA,"batch8",8225,0.537128712871287,0.222151085270579,0.777217741935484
"CHAMPS","local_avg",0.2,NA,"batch8",8226,0.523927392739274,0.226131590626756,0.784778225806452
"CHAMPS","local_avg",0.2,NA,"batch8",8227,0.514026402640264,0.218822393822394,0.778561827956989
"CHAMPS","local_avg",0.2,NA,"batch8",8228,0.537128712871287,0.222002432661619,0.778897849462366
"CHAMPS","local_avg",0.2,NA,"batch8",8229,0.523102310231023,0.229053847896115,0.790658602150538
"CHAMPS","local_avg",0.2,NA,"batch8",8230,0.554455445544555,0.227430947111798,0.777217741935484
"CHAMPS","local_avg",0.2,NA,"batch8",8231,0.533828382838284,0.222899771569166,0.781081989247312
"CHAMPS","local_avg",0.2,NA,"batch8",8232,0.552805280528053,0.241547301547302,0.788138440860215
"CHAMPS","local_avg",0.2,NA,"batch8",8233,0.536303630363036,0.230842998679743,0.778057795698925
"CHAMPS","local_avg",0.2,NA,"batch8",8234,0.538778877887789,0.245795455636874,0.780577956989247
"CHAMPS","local_avg",0.2,NA,"batch8",8235,0.523102310231023,0.216091212079203,0.783938172043011
"CHAMPS","local_avg",0.2,NA,"batch8",8236,0.536303630363036,0.235186632492667,0.776377688172043
"CHAMPS","local_avg",0.2,NA,"batch8",8237,0.528877887788779,0.222227340571161,0.783938172043011
"CHAMPS","local_avg",0.2,NA,"batch8",8238,0.533003300330033,0.231303288731272,0.780577956989247
"CHAMPS","local_avg",0.2,NA,"batch8",8239,0.532178217821782,0.224838219729524,0.788978494623656
"CHAMPS","local_avg",0.2,NA,"batch8",8240,0.545379537953795,0.228299433637416,0.782258064516129
"CHAMPS","local_avg",0.2,NA,"batch8",8241,0.542904290429043,0.238082678748978,0.781418010752688
"CHAMPS","local_avg",0.2,NA,"batch8",8242,0.548679867986799,0.235053669140154,0.782258064516129
"CHAMPS","local_avg",0.2,NA,"batch8",8243,0.522277227722772,0.226587450038495,0.787298387096774
"CHAMPS","local_avg",0.2,NA,"batch8",8244,0.53052805280528,0.22262215415933,0.78309811827957
"CHAMPS","local_avg",0.2,NA,"batch8",8245,0.534653465346535,0.228856926629397,0.778057795698925
"CHAMPS","local_avg",0.2,NA,"batch8",8246,0.52970297029703,0.233097669238974,0.762600806451613
"CHAMPS","local_avg",0.2,NA,"batch8",8247,0.537953795379538,0.226624768141219,0.787802419354839
"CHAMPS","local_avg",0.2,NA,"batch8",8248,0.536303630363036,0.236147675078239,0.781081989247312
"CHAMPS","local_avg",0.2,NA,"batch8",8249,0.545379537953795,0.221991797185397,0.778897849462366
"CHAMPS","local_avg",0.2,NA,"batch8",8250,0.53960396039604,0.239256667051197,0.779737903225806
"CHAMPS","local_avg",0.2,NA,"batch8",8251,0.535478547854785,0.229514142520663,0.788138440860215
"CHAMPS","local_avg",0.2,NA,"batch8",8252,0.518151815181518,0.217773600668338,0.779737903225806
"CHAMPS","local_avg",0.2,NA,"batch8",8253,0.536303630363036,0.229529520636486,0.788138440860215
"CHAMPS","local_avg",0.2,NA,"batch8",8254,0.528052805280528,0.22663866339422,0.784442204301075
"CHAMPS","local_avg",0.2,NA,"batch8",8255,0.53960396039604,0.238857200472445,0.784778225806452
"CHAMPS","local_avg",0.2,NA,"batch8",8256,0.533828382838284,0.23375569366749,0.774361559139785
"CHAMPS","local_avg",0.2,NA,"batch8",8257,0.53052805280528,0.239103767210331,0.775537634408602
"CHAMPS","local_avg",0.2,NA,"batch8",8258,0.552805280528053,0.232542017851882,0.788978494623656
"CHAMPS","local_avg",0.2,NA,"batch8",8259,0.52970297029703,0.230298387622017,0.778897849462366
"CHAMPS","local_avg",0.2,NA,"batch8",8260,0.544554455445545,0.244005771884061,0.772681451612903
"CHAMPS","local_avg",0.2,NA,"batch8",8261,0.532178217821782,0.231064579078957,0.775201612903226
"CHAMPS","local_avg",0.2,NA,"batch8",8262,0.53960396039604,0.231597594343228,0.784778225806452
"CHAMPS","local_avg",0.2,NA,"batch8",8263,0.541254125412541,0.237711505721374,0.783938172043011
"CHAMPS","local_avg",0.2,NA,"batch8",8264,0.544554455445545,0.23198760635864,0.77940188172043
"CHAMPS","local_avg",0.2,NA,"batch8",8265,0.53052805280528,0.23677312118924,0.775873655913978
"CHAMPS","local_avg",0.2,NA,"batch8",8266,0.541254125412541,0.216733402684471,0.77940188172043
"CHAMPS","local_avg",0.2,NA,"batch8",8267,0.52970297029703,0.233637406759262,0.787298387096774
"CHAMPS","local_avg",0.2,NA,"batch8",8268,0.523102310231023,0.219609402203488,0.781418010752688
"CHAMPS","local_avg",0.2,NA,"batch8",8269,0.544554455445545,0.228918084041035,0.780577956989247
"CHAMPS","local_avg",0.2,NA,"batch8",8270,0.537953795379538,0.230247716881548,0.777721774193548
"CHAMPS","local_avg",0.2,NA,"batch8",8271,0.528052805280528,0.224604493135195,0.788138440860215
"CHAMPS","local_avg",0.2,NA,"batch8",8272,0.527227722772277,0.222318129468784,0.775201612903226
"CHAMPS","local_avg",0.2,NA,"batch8",8273,0.535478547854785,0.230427942101951,0.786122311827957
"CHAMPS","local_avg",0.2,NA,"batch8",8274,0.532178217821782,0.232355927626945,0.783938172043011
"CHAMPS","local_avg",0.2,NA,"batch8",8275,0.538778877887789,0.226701054072299,0.780577956989247
"CHAMPS","local_avg",0.2,NA,"batch8",8276,0.52970297029703,0.222651541292846,0.781418010752688
"CHAMPS","local_avg",0.2,NA,"batch8",8277,0.527227722772277,0.23798870953828,0.788138440860215
"CHAMPS","local_avg",0.2,NA,"batch8",8278,0.533828382838284,0.22501948300505,0.786458333333333
"CHAMPS","local_avg",0.2,NA,"batch8",8279,0.528052805280528,0.229253449075744,0.781418010752688
"CHAMPS","local_avg",0.2,NA,"batch8",8280,0.523927392739274,0.220328489517086,0.782258064516129
"CHAMPS","local_avg",0.2,NA,"batch8",8281,0.533003300330033,0.221269643289718,0.772681451612903
"CHAMPS","local_avg",0.2,NA,"batch8",8282,0.525577557755776,0.230689077119541,0.778057795698925
"CHAMPS","local_avg",0.2,NA,"batch8",8283,0.537953795379538,0.21662916332034,0.775537634408602
"CHAMPS","local_avg",0.2,NA,"batch8",8284,0.528877887788779,0.230855315309725,0.775537634408602
"CHAMPS","local_avg",0.2,NA,"batch8",8285,0.528052805280528,0.226698468661057,0.792338709677419
"CHAMPS","local_avg",0.2,NA,"batch8",8286,0.528052805280528,0.233130263952182,0.782258064516129
"CHAMPS","local_avg",0.2,NA,"batch8",8287,0.546204620462046,0.23748590171004,0.781081989247312
"CHAMPS","local_avg",0.2,NA,"batch8",8288,0.542904290429043,0.231679657967212,0.777217741935484
"CHAMPS","local_avg",0.2,NA,"batch8",8289,0.546204620462046,0.235050204849361,0.77385752688172
"CHAMPS","local_avg",0.2,NA,"batch8",8290,0.541254125412541,0.226535479839256,0.783938172043011
"CHAMPS","local_avg",0.2,NA,"batch8",8291,0.523102310231023,0.222727040020766,0.769657258064516
"CHAMPS","local_avg",0.2,NA,"batch8",8292,0.533828382838284,0.223348768576627,0.784778225806452
"CHAMPS","local_avg",0.2,NA,"batch8",8293,0.528052805280528,0.20917476091486,0.769657258064516
"CHAMPS","local_avg",0.2,NA,"batch8",8294,0.532178217821782,0.236310668066008,0.784778225806452
"CHAMPS","local_avg",0.2,NA,"batch8",8295,0.537128712871287,0.230733727072817,0.774697580645161
"CHAMPS","local_avg",0.2,NA,"batch8",8296,0.53052805280528,0.222928027138553,0.776377688172043
"CHAMPS","local_avg",0.2,NA,"batch8",8297,0.53960396039604,0.238626009881279,0.776041666666667
"CHAMPS","local_avg",0.2,NA,"batch8",8298,0.538778877887789,0.226757760900825,0.788978494623656
"CHAMPS","local_avg",0.2,NA,"batch8",8299,0.53052805280528,0.22837425427886,0.776881720430108
"CHAMPS","local_avg",0.2,NA,"batch8",8300,0.544554455445545,0.23158431419791,0.783434139784946
"CHAMPS","local_avg",0.2,NA,"batch8",8301,0.524752475247525,0.212836095511706,0.782762096774194
"CHAMPS","local_avg",0.2,NA,"batch8",8302,0.537128712871287,0.234189905906985,0.775201612903226
"CHAMPS","local_avg",0.2,NA,"batch8",8303,0.543729372937294,0.237093612895127,0.778561827956989
"CHAMPS","local_avg",0.2,NA,"batch8",8304,0.538778877887789,0.226255215743444,0.781922043010753
"CHAMPS","local_avg",0.2,NA,"batch8",8305,0.515676567656766,0.226806742302827,0.788138440860215
"CHAMPS","local_avg",0.2,NA,"batch8",8306,0.534653465346535,0.229612255275871,0.784442204301075
"CHAMPS","local_avg",0.2,NA,"batch8",8307,0.541254125412541,0.22894656019656,0.778897849462366
"CHAMPS","local_avg",0.2,NA,"batch8",8308,0.53960396039604,0.233514982075758,0.778057795698925
"CHAMPS","local_avg",0.2,NA,"batch8",8309,0.53960396039604,0.217878911959308,0.784778225806452
"CHAMPS","local_avg",0.2,NA,"batch8",8310,0.527227722772277,0.22092343753528,0.771337365591398
"CHAMPS","local_avg",0.2,NA,"batch8",8311,0.528052805280528,0.224985990277783,0.776377688172043
"CHAMPS","local_avg",0.2,NA,"batch8",8312,0.533828382838284,0.228843175338381,0.782258064516129
"CHAMPS","local_avg",0.2,NA,"batch8",8313,0.52970297029703,0.2394769754693,0.781418010752688
"CHAMPS","local_avg",0.2,NA,"batch8",8314,0.543729372937294,0.228700381535081,0.780577956989247
"CHAMPS","local_avg",0.2,NA,"batch8",8315,0.535478547854785,0.231050108599082,0.780577956989247
"CHAMPS","local_avg",0.2,NA,"batch8",8316,0.528052805280528,0.211359845870715,0.787298387096774
"CHAMPS","local_avg",0.2,NA,"batch8",8317,0.537953795379538,0.22709753528719,0.778057795698925
"CHAMPS","local_avg",0.2,NA,"batch8",8318,0.545379537953795,0.224958191819431,0.785618279569892
"CHAMPS","local_avg",0.2,NA,"batch8",8319,0.520627062706271,0.222094966379627,0.777217741935484
"CHAMPS","local_avg",0.2,NA,"batch8",8320,0.533003300330033,0.230865724377073,0.771001344086022
"CHAMPS","local_avg",0.2,NA,"batch8",8321,0.532178217821782,0.23218404961052,0.78679435483871
"CHAMPS","local_avg",0.2,NA,"batch8",8322,0.535478547854785,0.236489814492002,0.786458333333333
"CHAMPS","local_avg",0.2,NA,"batch8",8323,0.551980198019802,0.226121794871795,0.779737903225806
"CHAMPS","local_avg",0.2,NA,"batch8",8324,0.531353135313531,0.223766474753317,0.778057795698925
"CHAMPS","local_avg",0.2,NA,"batch8",8325,0.532178217821782,0.224617788426579,0.776713709677419
"CHAMPS","local_avg",0.2,NA,"batch8",8326,0.533828382838284,0.223905253912859,0.780577956989247
"CHAMPS","local_avg",0.2,NA,"batch8",8327,0.52970297029703,0.229880649586976,0.790658602150538
"CHAMPS","local_avg",0.2,NA,"batch8",8328,0.532178217821782,0.230448085252874,0.778057795698925
"CHAMPS","local_avg",0.2,NA,"batch8",8329,0.545379537953795,0.233831897520756,0.790658602150538
"CHAMPS","local_avg",0.2,NA,"batch8",8330,0.53052805280528,0.224643383754325,0.789818548387097
"CHAMPS","local_avg",0.2,NA,"batch8",8331,0.528877887788779,0.226720428694113,0.774361559139785
"CHAMPS","local_avg",0.2,NA,"batch8",8332,0.542904290429043,0.236405044328812,0.785618279569892
"CHAMPS","local_avg",0.2,NA,"batch8",8333,0.542904290429043,0.230391131880102,0.774697580645161
"CHAMPS","local_avg",0.2,NA,"batch8",8334,0.524752475247525,0.234017327767328,0.782258064516129
"CHAMPS","local_avg",0.2,NA,"batch8",8335,0.516501650165016,0.217761392000054,0.776041666666667
"CHAMPS","local_avg",0.2,NA,"batch8",8336,0.54042904290429,0.236762805618738,0.771841397849462
"CHAMPS","local_avg",0.2,NA,"batch8",8337,0.547854785478548,0.231717791106695,0.790322580645161
"CHAMPS","local_avg",0.2,NA,"batch8",8338,0.53960396039604,0.222105481792662,0.775033602150538
"CHAMPS","local_avg",0.2,NA,"batch8",8339,0.527227722772277,0.221042854230346,0.784778225806452
"CHAMPS","local_avg",0.2,NA,"batch8",8340,0.527227722772277,0.221991768865755,0.776881720430108
"CHAMPS","local_avg",0.2,NA,"batch8",8341,0.528877887788779,0.228194733703208,0.773521505376344
"CHAMPS","local_avg",0.2,NA,"batch8",8342,0.543729372937294,0.233085924575332,0.779737903225806
"CHAMPS","local_avg",0.2,NA,"batch8",8343,0.553630363036304,0.222473189503651,0.783602150537634
"CHAMPS","local_avg",0.2,NA,"batch8",8344,0.538778877887789,0.237687557015244,0.775537634408602
"CHAMPS","local_avg",0.2,NA,"batch8",8345,0.551980198019802,0.218210295402409,0.785618279569892
"CHAMPS","local_avg",0.2,NA,"batch8",8346,0.54042904290429,0.232387931294836,0.783434139784946
"CHAMPS","local_avg",0.2,NA,"batch8",8347,0.52970297029703,0.224334765901329,0.778393817204301
"CHAMPS","local_avg",0.2,NA,"batch8",8348,0.537953795379538,0.21450599856397,0.780241935483871
"CHAMPS","local_avg",0.2,NA,"batch8",8349,0.532178217821782,0.228692755269752,0.782258064516129
"CHAMPS","local_avg",0.2,NA,"batch8",8350,0.523927392739274,0.219987211862212,0.784778225806452
"CHAMPS","local_avg",0.2,NA,"batch8",8351,0.54042904290429,0.232757506839216,0.771673387096774
"CHAMPS","local_avg",0.2,NA,"batch8",8352,0.528877887788779,0.219779746188973,0.78309811827957
"CHAMPS","local_avg",0.2,NA,"batch8",8353,0.543729372937294,0.225074177068858,0.781418010752688
"CHAMPS","local_avg",0.2,NA,"batch8",8354,0.548679867986799,0.238202873761922,0.779737903225806
"CHAMPS","local_avg",0.2,NA,"batch8",8355,0.53960396039604,0.239739079290163,0.787298387096774
"CHAMPS","local_avg",0.2,NA,"batch8",8356,0.537128712871287,0.235230510746252,0.787298387096774
"CHAMPS","local_avg",0.2,NA,"batch8",8357,0.538778877887789,0.228876124476635,0.787298387096774
"CHAMPS","local_avg",0.2,NA,"batch8",8358,0.517326732673267,0.20578823347181,0.779737903225806
"CHAMPS","local_avg",0.2,NA,"batch8",8359,0.544554455445545,0.228037927272299,0.786122311827957
"CHAMPS","local_avg",0.2,NA,"batch8",8360,0.524752475247525,0.2313654822846,0.784778225806452
"CHAMPS","local_avg",0.2,NA,"batch8",8361,0.51980198019802,0.224395693561481,0.778057795698925
"CHAMPS","local_avg",0.2,NA,"batch8",8362,0.53960396039604,0.226147758186983,0.777721774193548
"CHAMPS","local_avg",0.2,NA,"batch8",8363,0.538778877887789,0.230493447809022,0.77940188172043
"CHAMPS","local_avg",0.2,NA,"batch8",8364,0.52970297029703,0.224116223257989,0.771841397849462
"CHAMPS","local_avg",0.2,NA,"batch8",8365,0.535478547854785,0.221467932059746,0.775033602150538
"CHAMPS","local_avg",0.2,NA,"batch8",8366,0.525577557755776,0.224760174874186,0.774697580645161
"CHAMPS","local_avg",0.2,NA,"batch8",8367,0.537953795379538,0.238217991159168,0.777721774193548
"CHAMPS","local_avg",0.2,NA,"batch8",8368,0.531353135313531,0.231216093138647,0.785618279569892
"CHAMPS","local_avg",0.2,NA,"batch8",8369,0.544554455445545,0.22932818534063,0.785282258064516
"CHAMPS","local_avg",0.2,NA,"batch8",8370,0.546204620462046,0.235292457402935,0.784778225806452
"CHAMPS","local_avg",0.2,NA,"batch8",8371,0.54042904290429,0.230437208957951,0.779737903225806
"CHAMPS","local_avg",0.2,NA,"batch8",8372,0.526402640264026,0.219029194087804,0.785618279569892
"CHAMPS","local_avg",0.2,NA,"batch8",8373,0.531353135313531,0.221595828144296,0.778057795698925
"CHAMPS","local_avg",0.2,NA,"batch8",8374,0.531353135313531,0.225002285296403,0.782258064516129
"CHAMPS","local_avg",0.2,NA,"batch8",8375,0.5503300330033,0.229325206329646,0.78309811827957
"CHAMPS","local_avg",0.2,NA,"batch8",8376,0.525577557755776,0.223654434268308,0.778897849462366
"CHAMPS","local_avg",0.2,NA,"batch8",8377,0.544554455445545,0.22679069626395,0.781418010752688
"CHAMPS","local_avg",0.2,NA,"batch8",8378,0.54042904290429,0.231354090005115,0.781418010752688
"CHAMPS","local_avg",0.2,NA,"batch8",8379,0.516501650165016,0.228012074730825,0.784778225806452
"CHAMPS","local_avg",0.2,NA,"batch8",8380,0.535478547854785,0.21693985319029,0.785618279569892
"CHAMPS","local_avg",0.2,NA,"batch8",8381,0.533828382838284,0.226283378457291,0.785618279569892
"CHAMPS","local_avg",0.2,NA,"batch8",8382,0.52970297029703,0.231877429953088,0.778897849462366
"CHAMPS","local_avg",0.2,NA,"batch8",8383,0.521452145214521,0.23066522060999,0.781418010752688
"CHAMPS","local_avg",0.2,NA,"batch8",8384,0.52970297029703,0.232433083687736,0.776377688172043
"CHAMPS","local_avg",0.2,NA,"batch8",8385,0.534653465346535,0.238624338624339,0.789818548387097
"CHAMPS","local_avg",0.2,NA,"batch8",8386,0.542079207920792,0.233658385555288,0.787634408602151
"CHAMPS","local_avg",0.2,NA,"batch8",8387,0.536303630363036,0.229279812969881,0.78309811827957
"CHAMPS","local_avg",0.2,NA,"batch8",8388,0.543729372937294,0.229830583170114,0.790994623655914
"CHAMPS","local_avg",0.2,NA,"batch8",8389,0.532178217821782,0.230284535311709,0.78309811827957
"CHAMPS","local_avg",0.2,NA,"batch8",8390,0.534653465346535,0.238948897407797,0.781418010752688
"CHAMPS","local_avg",0.2,NA,"batch8",8391,0.53052805280528,0.222010285276032,0.776881720430108
"CHAMPS","local_avg",0.2,NA,"batch8",8392,0.54042904290429,0.238181909317707,0.780241935483871
"CHAMPS","local_avg",0.2,NA,"batch8",8393,0.531353135313531,0.227206917100578,0.776377688172043
"CHAMPS","local_avg",0.2,NA,"batch8",8394,0.535478547854785,0.228986815745607,0.782258064516129
"CHAMPS","local_avg",0.2,NA,"batch8",8395,0.54042904290429,0.230170999035824,0.778057795698925
"CHAMPS","local_avg",0.2,NA,"batch8",8396,0.537128712871287,0.229045759308917,0.779737903225806
"CHAMPS","local_avg",0.2,NA,"batch8",8397,0.535478547854785,0.235104920630037,0.780241935483871
"CHAMPS","local_avg",0.2,NA,"batch8",8398,0.533828382838284,0.218718953279294,0.775201612903226
"CHAMPS","local_avg",0.2,NA,"batch8",8399,0.53052805280528,0.235874408074583,0.781922043010753
"CHAMPS","local_avg",0.2,NA,"batch8",8400,0.54042904290429,0.231592683380342,0.778561827956989
"CHAMPS","local_avg",0.2,NA,"batch8",8401,0.548679867986799,0.223692214776859,0.782258064516129
"CHAMPS","local_avg",0.2,NA,"batch8",8402,0.54042904290429,0.221362705394963,0.778897849462366
"CHAMPS","local_avg",0.2,NA,"batch8",8403,0.535478547854785,0.237493326300694,0.782258064516129
"CHAMPS","local_avg",0.2,NA,"batch8",8404,0.521452145214521,0.224403332727227,0.775537634408602
"CHAMPS","local_avg",0.2,NA,"batch8",8405,0.53052805280528,0.230606851997189,0.780577956989247
"CHAMPS","local_avg",0.2,NA,"batch8",8406,0.536303630363036,0.223372750221152,0.784274193548387
"CHAMPS","local_avg",0.2,NA,"batch8",8407,0.534653465346535,0.231796675340386,0.778393817204301
"CHAMPS","local_avg",0.2,NA,"batch8",8408,0.54042904290429,0.227752656856734,0.779737903225806
"CHAMPS","local_avg",0.2,NA,"batch8",8409,0.534653465346535,0.227921267132634,0.781418010752688
"CHAMPS","local_avg",0.2,NA,"batch8",8410,0.53052805280528,0.221678972069597,0.77940188172043
"CHAMPS","local_avg",0.2,NA,"batch8",8411,0.528877887788779,0.217568480873052,0.783938172043011
"CHAMPS","local_avg",0.2,NA,"batch8",8412,0.523927392739274,0.223034656780501,0.775537634408602
"CHAMPS","local_avg",0.2,NA,"batch8",8413,0.526402640264026,0.223633582786348,0.78309811827957
"CHAMPS","local_avg",0.2,NA,"batch8",8414,0.556930693069307,0.243051948051948,0.775537634408602
"CHAMPS","local_avg",0.2,NA,"batch8",8415,0.533828382838284,0.228005560562058,0.780577956989247
"CHAMPS","local_avg",0.2,NA,"batch8",8416,0.528052805280528,0.228666197308439,0.771841397849462
"CHAMPS","local_avg",0.2,NA,"batch8",8417,0.535478547854785,0.226976789831759,0.776881720430108
"CHAMPS","local_avg",0.2,NA,"batch8",8418,0.528877887788779,0.236188281877937,0.782258064516129
"CHAMPS","local_avg",0.2,NA,"batch8",8419,0.544554455445545,0.233535652101829,0.778057795698925
"CHAMPS","local_avg",0.2,NA,"batch8",8420,0.54042904290429,0.232921436714263,0.783938172043011
"CHAMPS","local_avg",0.2,NA,"batch8",8421,0.537953795379538,0.226400699896463,0.77301747311828
"CHAMPS","local_avg",0.2,NA,"batch8",8422,0.532178217821782,0.234276418026418,0.77940188172043
"CHAMPS","local_avg",0.2,NA,"batch8",8423,0.53052805280528,0.229487992917165,0.782258064516129
"CHAMPS","local_avg",0.2,NA,"batch8",8424,0.537128712871287,0.23161787043366,0.784778225806452
"CHAMPS","local_avg",0.2,NA,"batch8",8425,0.528877887788779,0.222161188476487,0.789818548387097
"CHAMPS","local_avg",0.2,NA,"batch8",8426,0.547029702970297,0.230479686173879,0.782762096774194
"CHAMPS","local_avg",0.2,NA,"batch8",8427,0.525577557755776,0.23250102186542,0.778057795698925
"CHAMPS","local_avg",0.2,NA,"batch8",8428,0.535478547854785,0.237374953447189,0.77385752688172
"CHAMPS","local_avg",0.2,NA,"batch8",8429,0.531353135313531,0.231526523444627,0.785618279569892
"CHAMPS","local_avg",0.2,NA,"batch8",8430,0.53960396039604,0.230918180602104,0.780913978494624
"CHAMPS","local_avg",0.2,NA,"batch8",8431,0.537128712871287,0.239597763693608,0.788978494623656
"CHAMPS","local_avg",0.2,NA,"batch8",8432,0.525577557755776,0.227291833958501,0.77301747311828
"CHAMPS","local_avg",0.2,NA,"batch8",8433,0.54042904290429,0.235501271867459,0.78309811827957
"CHAMPS","local_avg",0.2,NA,"batch8",8434,0.533828382838284,0.222813047956962,0.774361559139785
"CHAMPS","local_avg",0.2,NA,"batch8",8435,0.543729372937294,0.226716340770092,0.784778225806452
"CHAMPS","local_avg",0.2,NA,"batch8",8436,0.542079207920792,0.237524814553219,0.787298387096774
"CHAMPS","local_avg",0.2,NA,"batch8",8437,0.523927392739274,0.228850309264094,0.77385752688172
"CHAMPS","local_avg",0.2,NA,"batch8",8438,0.533828382838284,0.224113331150745,0.783938172043011
"CHAMPS","local_avg",0.2,NA,"batch8",8439,0.524752475247525,0.223750521424834,0.777721774193548
"CHAMPS","local_avg",0.2,NA,"batch8",8440,0.547029702970297,0.237055557340645,0.775201612903226
"CHAMPS","local_avg",0.2,NA,"batch8",8441,0.521452145214521,0.226588019065014,0.775537634408602
"CHAMPS","local_avg",0.2,NA,"batch8",8442,0.527227722772277,0.220026894298755,0.776377688172043
"CHAMPS","local_avg",0.2,NA,"batch8",8443,0.535478547854785,0.227907631032631,0.784778225806452
"CHAMPS","local_avg",0.2,NA,"batch8",8444,0.546204620462046,0.241691022354232,0.782258064516129
"CHAMPS","local_avg",0.2,NA,"batch8",8445,0.522277227722772,0.224732323373628,0.787298387096774
"CHAMPS","local_avg",0.2,NA,"batch8",8446,0.520627062706271,0.215897181522182,0.788474462365591
"CHAMPS","local_avg",0.2,NA,"batch8",8447,0.523927392739274,0.215364569875111,0.766801075268817
"CHAMPS","local_avg",0.2,NA,"batch8",8448,0.547029702970297,0.235071918821919,0.778057795698925
"CHAMPS","local_avg",0.2,NA,"batch8",8449,0.532178217821782,0.213246945232916,0.777217741935484
"CHAMPS","local_avg",0.2,NA,"batch8",8450,0.528052805280528,0.238762250481,0.782258064516129
"CHAMPS","local_avg",0.2,NA,"batch8",8451,0.534653465346535,0.230839339772916,0.780577956989247
"CHAMPS","local_avg",0.2,NA,"batch8",8452,0.532178217821782,0.224577573650689,0.78309811827957
"CHAMPS","local_avg",0.2,NA,"batch8",8453,0.535478547854785,0.238682997335743,0.778057795698925
"CHAMPS","local_avg",0.2,NA,"batch8",8454,0.543729372937294,0.233660742186557,0.788978494623656
"CHAMPS","local_avg",0.2,NA,"batch8",8455,0.541254125412541,0.228612212938057,0.783434139784946
"CHAMPS","local_avg",0.2,NA,"batch8",8456,0.542904290429043,0.235595225674806,0.782258064516129
"CHAMPS","local_avg",0.2,NA,"batch8",8457,0.537953795379538,0.232879775134392,0.777721774193548
"CHAMPS","local_avg",0.2,NA,"batch8",8458,0.528052805280528,0.214865974873286,0.778561827956989
"CHAMPS","local_avg",0.2,NA,"batch8",8459,0.52970297029703,0.228477516635411,0.781081989247312
"CHAMPS","local_avg",0.2,NA,"batch8",8460,0.54042904290429,0.231848028836459,0.771841397849462
"CHAMPS","local_avg",0.2,NA,"batch8",8461,0.541254125412541,0.22624895910511,0.783938172043011
"CHAMPS","local_avg",0.2,NA,"batch8",8462,0.537953795379538,0.234560870683752,0.783602150537634
"CHAMPS","local_avg",0.2,NA,"batch8",8463,0.515676567656766,0.221606544476974,0.782258064516129
"CHAMPS","local_avg",0.2,NA,"batch8",8464,0.546204620462046,0.232424711984157,0.78309811827957
"CHAMPS","local_avg",0.2,NA,"batch8",8465,0.528052805280528,0.234965256882297,0.780577956989247
"CHAMPS","local_avg",0.2,NA,"batch8",8466,0.542079207920792,0.235870919883402,0.786458333333333
"CHAMPS","local_avg",0.2,NA,"batch8",8467,0.537953795379538,0.230723974202205,0.779737903225806
"CHAMPS","local_avg",0.2,NA,"batch8",8468,0.528052805280528,0.22852932163416,0.781081989247312
"CHAMPS","local_avg",0.2,NA,"batch8",8469,0.538778877887789,0.234866423389493,0.780577956989247
"CHAMPS","local_avg",0.2,NA,"batch8",8470,0.527227722772277,0.223459438701045,0.769153225806452
"CHAMPS","local_avg",0.2,NA,"batch8",8471,0.545379537953795,0.240952701928966,0.778897849462366
"CHAMPS","local_avg",0.2,NA,"batch8",8472,0.53052805280528,0.232584757584758,0.784274193548387
"CHAMPS","local_avg",0.2,NA,"batch8",8473,0.535478547854785,0.221360031963198,0.782258064516129
"CHAMPS","local_avg",0.2,NA,"batch8",8474,0.522277227722772,0.219128169870772,0.771337365591398
"CHAMPS","local_avg",0.2,NA,"batch8",8475,0.535478547854785,0.242219926955708,0.780577956989247
"CHAMPS","local_avg",0.2,NA,"batch8",8476,0.523927392739274,0.226198014048914,0.778897849462366
"CHAMPS","local_avg",0.2,NA,"batch8",8477,0.536303630363036,0.239279207202594,0.791498655913978
"CHAMPS","local_avg",0.2,NA,"batch8",8478,0.54950495049505,0.233981811295601,0.786122311827957
"CHAMPS","local_avg",0.2,NA,"batch8",8479,0.527227722772277,0.229187509243077,0.788978494623656
"CHAMPS","local_avg",0.2,NA,"batch8",8480,0.533003300330033,0.219946837478697,0.773353494623656
"CHAMPS","local_avg",0.2,NA,"batch8",8481,0.538778877887789,0.228148580838215,0.787802419354839
"CHAMPS","local_avg",0.2,NA,"batch8",8482,0.533003300330033,0.227975293458412,0.783602150537634
"CHAMPS","local_avg",0.2,NA,"batch8",8483,0.537128712871287,0.235007683882305,0.788978494623656
"CHAMPS","local_avg",0.2,NA,"batch8",8484,0.532178217821782,0.218084018363287,0.780577956989247
"CHAMPS","local_avg",0.2,NA,"batch8",8485,0.542904290429043,0.232811273254822,0.790322580645161
"CHAMPS","local_avg",0.2,NA,"batch8",8486,0.54042904290429,0.232788517603883,0.781418010752688
"CHAMPS","local_avg",0.2,NA,"batch8",8487,0.544554455445545,0.227323028860872,0.785618279569892
"CHAMPS","local_avg",0.2,NA,"batch8",8488,0.536303630363036,0.23875245255895,0.778897849462366
"CHAMPS","local_avg",0.2,NA,"batch8",8489,0.545379537953795,0.236570559450994,0.780577956989247
"CHAMPS","local_avg",0.2,NA,"batch8",8490,0.548679867986799,0.23710673367365,0.776041666666667
"CHAMPS","local_avg",0.2,NA,"batch8",8491,0.547854785478548,0.230847637828073,0.781418010752688
"CHAMPS","local_avg",0.2,NA,"batch8",8492,0.546204620462046,0.234687610841127,0.779737903225806
"CHAMPS","local_avg",0.2,NA,"batch8",8493,0.528877887788779,0.218926070848521,0.779737903225806
"CHAMPS","local_avg",0.2,NA,"batch8",8494,0.541254125412541,0.232164162864027,0.781418010752688
"CHAMPS","local_avg",0.2,NA,"batch8",8495,0.53960396039604,0.235001314832981,0.78309811827957
"CHAMPS","local_avg",0.2,NA,"batch8",8496,0.528052805280528,0.240326436930756,0.788978494623656
"CHAMPS","local_avg",0.2,NA,"batch8",8497,0.53960396039604,0.235777600779666,0.783938172043011
"CHAMPS","local_avg",0.2,NA,"batch8",8498,0.54042904290429,0.228793359875541,0.781418010752688
"CHAMPS","local_avg",0.2,NA,"batch8",8499,0.528877887788779,0.231961826804671,0.784778225806452
"CHAMPS","local_avg",0.2,NA,"batch8",8500,0.535478547854785,0.223201867175371,0.789314516129032
"CHAMPS","local_avg",0.4,NA,"batch8",8001,0.541254125412541,0.226764069264069,0.772177419354839
"CHAMPS","local_avg",0.4,NA,"batch8",8002,0.539053905390539,0.234501835179546,0.784274193548387
"CHAMPS","local_avg",0.4,NA,"batch8",8003,0.561056105610561,0.222738948174995,0.775537634408602
"CHAMPS","local_avg",0.4,NA,"batch8",8004,0.537953795379538,0.226650900247061,0.763440860215054
"CHAMPS","local_avg",0.4,NA,"batch8",8005,0.536853685368537,0.239687443611562,0.772401433691756
"CHAMPS","local_avg",0.4,NA,"batch8",8006,0.547854785478548,0.224976536621273,0.778897849462366
"CHAMPS","local_avg",0.4,NA,"batch8",8007,0.533553355335534,0.236514562054887,0.788978494623656
"CHAMPS","local_avg",0.4,NA,"batch8",8008,0.519251925192519,0.219274475524476,0.780017921146953
"CHAMPS","local_avg",0.4,NA,"batch8",8009,0.54015401540154,0.23644448874712,0.790098566308244
"CHAMPS","local_avg",0.4,NA,"batch8",8010,0.534653465346535,0.241867520801318,0.782258064516129
"CHAMPS","local_avg",0.4,NA,"batch8",8011,0.518151815181518,0.237197511929107,0.780241935483871
"CHAMPS","local_avg",0.4,NA,"batch8",8012,0.551155115511551,0.220400839974117,0.789874551971326
"CHAMPS","local_avg",0.4,NA,"batch8",8013,0.525852585258526,0.223458398641588,0.783154121863799
"CHAMPS","local_avg",0.4,NA,"batch8",8014,0.551155115511551,0.229566373180451,0.78673835125448
"CHAMPS","local_avg",0.4,NA,"batch8",8015,0.546754675467547,0.241109724628514,0.794354838709677
"CHAMPS","local_avg",0.4,NA,"batch8",8016,0.528052805280528,0.199176528599606,0.77665770609319
"CHAMPS","local_avg",0.4,NA,"batch8",8017,0.534653465346535,0.215032827394281,0.781137992831541
"CHAMPS","local_avg",0.4,NA,"batch8",8018,0.548954895489549,0.236567375758095,0.788978494623656
"CHAMPS","local_avg",0.4,NA,"batch8",8019,0.528052805280528,0.220474089407508,0.777777777777778
"CHAMPS","local_avg",0.4,NA,"batch8",8020,0.548954895489549,0.219320257937002,0.767921146953405
"CHAMPS","local_avg",0.4,NA,"batch8",8021,0.523652365236524,0.220481466769384,0.793458781362007
"CHAMPS","local_avg",0.4,NA,"batch8",8022,0.533553355335534,0.24322687660923,0.781362007168459
"CHAMPS","local_avg",0.4,NA,"batch8",8023,0.492849284928493,0.228972802245473,0.770161290322581
"CHAMPS","local_avg",0.4,NA,"batch8",8024,0.519251925192519,0.242371825273319,0.778897849462366
"CHAMPS","local_avg",0.4,NA,"batch8",8025,0.522552255225523,0.188348506069094,0.794354838709677
"CHAMPS","local_avg",0.4,NA,"batch8",8026,0.541254125412541,0.244291889143148,0.784274193548387
"CHAMPS","local_avg",0.4,NA,"batch8",8027,0.514851485148515,0.223264407871185,0.783378136200717
"CHAMPS","local_avg",0.4,NA,"batch8",8028,0.499449944994499,0.221401343522463,0.77665770609319
"CHAMPS","local_avg",0.4,NA,"batch8",8029,0.518151815181518,0.23562358154283,0.773297491039427
"CHAMPS","local_avg",0.4,NA,"batch8",8030,0.532453245324532,0.236998415350546,0.781137992831541
"CHAMPS","local_avg",0.4,NA,"batch8",8031,0.545654565456546,0.225124355684996,0.782258064516129
"CHAMPS","local_avg",0.4,NA,"batch8",8032,0.525852585258526,0.223939255189255,0.790098566308244
"CHAMPS","local_avg",0.4,NA,"batch8",8033,0.537953795379538,0.215237871050817,0.785618279569892
"CHAMPS","local_avg",0.4,NA,"batch8",8034,0.543454345434543,0.227899139306886,0.774417562724014
"CHAMPS","local_avg",0.4,NA,"batch8",8035,0.529152915291529,0.236695664701878,0.779121863799283
"CHAMPS","local_avg",0.4,NA,"batch8",8036,0.525852585258526,0.227674275400669,0.778897849462366
"CHAMPS","local_avg",0.4,NA,"batch8",8037,0.548954895489549,0.228898225957049,0.783378136200717
"CHAMPS","local_avg",0.4,NA,"batch8",8038,0.514851485148515,0.222886295402654,0.771953405017921
"CHAMPS","local_avg",0.4,NA,"batch8",8040,0.553355335533553,0.232220332577475,0.77665770609319
"CHAMPS","local_avg",0.4,NA,"batch8",8041,0.537953795379538,0.230617809524796,0.775537634408602
"CHAMPS","local_avg",0.4,NA,"batch8",8042,0.552255225522552,0.249329894420937,0.783378136200717
"CHAMPS","local_avg",0.4,NA,"batch8",8043,0.524752475247525,0.208606830203808,0.767697132616487
"CHAMPS","local_avg",0.4,NA,"batch8",8044,0.537953795379538,0.229491091221479,0.775313620071685
"CHAMPS","local_avg",0.4,NA,"batch8",8045,0.533553355335533,0.226886625615439,0.756720430107527
"CHAMPS","local_avg",0.4,NA,"batch8",8046,0.534653465346535,0.231730420847269,0.773297491039426
"CHAMPS","local_avg",0.4,NA,"batch8",8047,0.518151815181518,0.212339492530368,0.786962365591398
"CHAMPS","local_avg",0.4,NA,"batch8",8048,0.531353135313531,0.224569336778639,0.781137992831541
"CHAMPS","local_avg",0.4,NA,"batch8",8049,0.531353135313531,0.224696949203691,0.788754480286738
"CHAMPS","local_avg",0.4,NA,"batch8",8050,0.553355335533553,0.23677695620179,0.800179211469534
"CHAMPS","local_avg",0.4,NA,"batch8",8051,0.53025302530253,0.239871794128279,0.783378136200717
"CHAMPS","local_avg",0.4,NA,"batch8",8052,0.512651265126513,0.239743029034126,0.772177419354839
"CHAMPS","local_avg",0.4,NA,"batch8",8053,0.506050605060506,0.220868390122422,0.790994623655914
"CHAMPS","local_avg",0.4,NA,"batch8",8054,0.512651265126513,0.210986943985981,0.786962365591398
"CHAMPS","local_avg",0.4,NA,"batch8",8055,0.514851485148515,0.223599559382448,0.781137992831541
"CHAMPS","local_avg",0.4,NA,"batch8",8056,0.504950495049505,0.217839695523745,0.777777777777778
"CHAMPS","local_avg",0.4,NA,"batch8",8057,0.536853685368537,0.242151321902725,0.773521505376344
"CHAMPS","local_avg",0.4,NA,"batch8",8058,0.542354235423542,0.230330165692008,0.778673835125448
"CHAMPS","local_avg",0.4,NA,"batch8",8059,0.532453245324532,0.22855827268937,0.788978494623656
"CHAMPS","local_avg",0.4,NA,"batch8",8060,0.518151815181518,0.226068588145117,0.780017921146953
"CHAMPS","local_avg",0.4,NA,"batch8",8061,0.515951595159516,0.209651927285113,0.776881720430108
"CHAMPS","local_avg",0.4,NA,"batch8",8062,0.534653465346535,0.218016645675637,0.777777777777778
"CHAMPS","local_avg",0.4,NA,"batch8",8063,0.543454345434543,0.264439619139366,0.772177419354839
"CHAMPS","local_avg",0.4,NA,"batch8",8064,0.535753575357536,0.233478487886383,0.77665770609319
"CHAMPS","local_avg",0.4,NA,"batch8",8065,0.544554455445545,0.24286908261872,0.787858422939068
"CHAMPS","local_avg",0.4,NA,"batch8",8066,0.555555555555556,0.220978260869565,0.76747311827957
"CHAMPS","local_avg",0.4,NA,"batch8",8067,0.542354235423542,0.225709687610676,0.788978494623656
"CHAMPS","local_avg",0.4,NA,"batch8",8068,0.537953795379538,0.230325564879868,0.770161290322581
"CHAMPS","local_avg",0.4,NA,"batch8",8069,0.541254125412541,0.215819333922782,0.782258064516129
"CHAMPS","local_avg",0.4,NA,"batch8",8070,0.524752475247525,0.221027617062751,0.77665770609319
"CHAMPS","local_avg",0.4,NA,"batch8",8071,0.546754675467547,0.23537849202431,0.772401433691756
"CHAMPS","local_avg",0.4,NA,"batch8",8072,0.526952695269527,0.222352440444546,0.776433691756272
"CHAMPS","local_avg",0.4,NA,"batch8",8073,0.524752475247525,0.233509011997968,0.784498207885305
"CHAMPS","local_avg",0.4,NA,"batch8",8074,0.545654565456546,0.225078608521263,0.774193548387097
"CHAMPS","local_avg",0.4,NA,"batch8",8075,0.548954895489549,0.217008558557118,0.769041218637993
"CHAMPS","local_avg",0.4,NA,"batch8",8076,0.546754675467547,0.240209590892736,0.780241935483871
"CHAMPS","local_avg",0.4,NA,"batch8",8077,0.511551155115512,0.201953242309837,0.794578853046595
"CHAMPS","local_avg",0.4,NA,"batch8",8078,0.546754675467547,0.242486940795211,0.77665770609319
"CHAMPS","local_avg",0.4,NA,"batch8",8079,0.514851485148515,0.210258151102843,0.778897849462366
"CHAMPS","local_avg",0.4,NA,"batch8",8080,0.522552255225523,0.21256665209304,0.761200716845878
"CHAMPS","local_avg",0.4,NA,"batch8",8081,0.511551155115512,0.223187850408981,0.772177419354839
"CHAMPS","local_avg",0.4,NA,"batch8",8082,0.547854785478548,0.228610127907881,0.780241935483871
"CHAMPS","local_avg",0.4,NA,"batch8",8083,0.518151815181518,0.2177421286453,0.78673835125448
"CHAMPS","local_avg",0.4,NA,"batch8",8084,0.583058305830583,0.238891086030674,0.771057347670251
"CHAMPS","local_avg",0.4,NA,"batch8",8085,0.528052805280528,0.23309841116922,0.767921146953405
"CHAMPS","local_avg",0.4,NA,"batch8",8086,0.525852585258526,0.225866658047547,0.772177419354839
"CHAMPS","local_avg",0.4,NA,"batch8",8087,0.557755775577558,0.239273920296088,0.781137992831541
"CHAMPS","local_avg",0.4,NA,"batch8",8088,0.542354235423542,0.206347609044107,0.788978494623656
"CHAMPS","local_avg",0.4,NA,"batch8",8089,0.548954895489549,0.243353766077343,0.774641577060932
"CHAMPS","local_avg",0.4,NA,"batch8",8090,0.545654565456546,0.21193860670445,0.783602150537634
"CHAMPS","local_avg",0.4,NA,"batch8",8091,0.53025302530253,0.232376260564781,0.769937275985663
"CHAMPS","local_avg",0.4,NA,"batch8",8092,0.551155115511551,0.246155924354717,0.791218637992832
"CHAMPS","local_avg",0.4,NA,"batch8",8093,0.553355335533553,0.238321926999463,0.790098566308244
"CHAMPS","local_avg",0.4,NA,"batch8",8094,0.509350935093509,0.230239253145263,0.773073476702509
"CHAMPS","local_avg",0.4,NA,"batch8",8095,0.522552255225523,0.210315838165103,0.769041218637993
"CHAMPS","local_avg",0.4,NA,"batch8",8096,0.55005500550055,0.229215391335028,0.769041218637993
"CHAMPS","local_avg",0.4,NA,"batch8",8097,0.541254125412541,0.241286567896997,0.781137992831541
"CHAMPS","local_avg",0.4,NA,"batch8",8098,0.513751375137514,0.223592291414443,0.774641577060932
"CHAMPS","local_avg",0.4,NA,"batch8",8099,0.524752475247525,0.226998922019559,0.771281362007168
"CHAMPS","local_avg",0.4,NA,"batch8",8100,0.541254125412541,0.263603781006356,0.778673835125448
"CHAMPS","local_avg",0.4,NA,"batch8",8101,0.522552255225523,0.229800862192503,0.764560931899642
"CHAMPS","local_avg",0.4,NA,"batch8",8102,0.543454345434543,0.249624976725179,0.776433691756272
"CHAMPS","local_avg",0.4,NA,"batch8",8103,0.555555555555556,0.217878823311604,0.770833333333333
"CHAMPS","local_avg",0.4,NA,"batch8",8104,0.543454345434544,0.229941236661612,0.778001792114695
"CHAMPS","local_avg",0.4,NA,"batch8",8105,0.55005500550055,0.24753710841203,0.78405017921147
"CHAMPS","local_avg",0.4,NA,"batch8",8106,0.54015401540154,0.228328840879268,0.786514336917563
"CHAMPS","local_avg",0.4,NA,"batch8",8107,0.554455445544554,0.227560009169205,0.787858422939068
"CHAMPS","local_avg",0.4,NA,"batch8",8108,0.536853685368537,0.233082404874617,0.765681003584229
"CHAMPS","local_avg",0.4,NA,"batch8",8109,0.528052805280528,0.230204756928895,0.777777777777778
"CHAMPS","local_avg",0.4,NA,"batch8",8110,0.523652365236524,0.218219579899642,0.774417562724014
"CHAMPS","local_avg",0.4,NA,"batch8",8111,0.565456545654565,0.246342763989823,0.77665770609319
"CHAMPS","local_avg",0.4,NA,"batch8",8112,0.54015401540154,0.229997591238005,0.775537634408602
"CHAMPS","local_avg",0.4,NA,"batch8",8113,0.55995599559956,0.247212304583567,0.788978494623656
"CHAMPS","local_avg",0.4,NA,"batch8",8114,0.541254125412541,0.212517557528062,0.786514336917563
"CHAMPS","local_avg",0.4,NA,"batch8",8115,0.529152915291529,0.21495928290621,0.774417562724014
"CHAMPS","local_avg",0.4,NA,"batch8",8116,0.514851485148515,0.221720466065005,0.778673835125448
"CHAMPS","local_avg",0.4,NA,"batch8",8117,0.533553355335533,0.223651811151811,0.769041218637993
"CHAMPS","local_avg",0.4,NA,"batch8",8118,0.529152915291529,0.241319177418895,0.784274193548387
"CHAMPS","local_avg",0.4,NA,"batch8",8119,0.556655665566557,0.249438894438894,0.776881720430108
"CHAMPS","local_avg",0.4,NA,"batch8",8120,0.536853685368537,0.235823407395375,0.77665770609319
"CHAMPS","local_avg",0.4,NA,"batch8",8121,0.523652365236524,0.229082103678878,0.764336917562724
"CHAMPS","local_avg",0.4,NA,"batch8",8122,0.524752475247525,0.228741175626151,0.781137992831541
"CHAMPS","local_avg",0.4,NA,"batch8",8123,0.535753575357536,0.224105235042735,0.773521505376344
"CHAMPS","local_avg",0.4,NA,"batch8",8124,0.512651265126513,0.225583756537845,0.764560931899642
"CHAMPS","local_avg",0.4,NA,"batch8",8125,0.546754675467547,0.227800038892983,0.769937275985663
"CHAMPS","local_avg",0.4,NA,"batch8",8126,0.534653465346535,0.205171809372214,0.789650537634409
"CHAMPS","local_avg",0.4,NA,"batch8",8127,0.563256325632563,0.24478126237524,0.784498207885305
"CHAMPS","local_avg",0.4,NA,"batch8",8128,0.564356435643564,0.247575602429699,0.782930107526882
"CHAMPS","local_avg",0.4,NA,"batch8",8129,0.563256325632563,0.210773693861929,0.77665770609319
"CHAMPS","local_avg",0.4,NA,"batch8",8130,0.509350935093509,0.214065138253187,0.77755376344086
"CHAMPS","local_avg",0.4,NA,"batch8",8131,0.539053905390539,0.226063115125615,0.788754480286738
"CHAMPS","local_avg",0.4,NA,"batch8",8132,0.539053905390539,0.231299901825353,0.790994623655914
"CHAMPS","local_avg",0.4,NA,"batch8",8133,0.539053905390539,0.233017602078161,0.771057347670251
"CHAMPS","local_avg",0.4,NA,"batch8",8134,0.544554455445545,0.236865515436944,0.777777777777778
"CHAMPS","local_avg",0.4,NA,"batch8",8135,0.542354235423542,0.225317485573351,0.771057347670251
"CHAMPS","local_avg",0.4,NA,"batch8",8136,0.556655665566557,0.241665614478114,0.778897849462366
"CHAMPS","local_avg",0.4,NA,"batch8",8137,0.546754675467547,0.223668835294843,0.783378136200717
"CHAMPS","local_avg",0.4,NA,"batch8",8138,0.519251925192519,0.215467934249723,0.784498207885305
"CHAMPS","local_avg",0.4,NA,"batch8",8139,0.517051705170517,0.213740778962657,0.774193548387097
"CHAMPS","local_avg",0.4,NA,"batch8",8140,0.551155115511551,0.22051803339479,0.772401433691756
"CHAMPS","local_avg",0.4,NA,"batch8",8141,0.537953795379538,0.231885456734528,0.769041218637993
"CHAMPS","local_avg",0.4,NA,"batch8",8142,0.518151815181518,0.208830711771888,0.797715053763441
"CHAMPS","local_avg",0.4,NA,"batch8",8143,0.539053905390539,0.235254386816887,0.771057347670251
"CHAMPS","local_avg",0.4,NA,"batch8",8144,0.529152915291529,0.216962842896291,0.770161290322581
"CHAMPS","local_avg",0.4,NA,"batch8",8145,0.54015401540154,0.243163462354639,0.776881720430108
"CHAMPS","local_avg",0.4,NA,"batch8",8146,0.54015401540154,0.231613213990094,0.769937275985663
"CHAMPS","local_avg",0.4,NA,"batch8",8147,0.521452145214521,0.221777005114708,0.77665770609319
"CHAMPS","local_avg",0.4,NA,"batch8",8148,0.500550055005501,0.22456036802943,0.784274193548387
"CHAMPS","local_avg",0.4,NA,"batch8",8149,0.556655665566557,0.239921107331822,0.771057347670251
"CHAMPS","local_avg",0.4,NA,"batch8",8150,0.532453245324533,0.216994118478393,0.778897849462366
"CHAMPS","local_avg",0.4,NA,"batch8",8151,0.51045104510451,0.212996509848919,0.77665770609319
"CHAMPS","local_avg",0.4,NA,"batch8",8152,0.532453245324533,0.23040514066368,0.791218637992832
"CHAMPS","local_avg",0.4,NA,"batch8",8153,0.548954895489549,0.251565303180264,0.790994623655914
"CHAMPS","local_avg",0.4,NA,"batch8",8154,0.515951595159516,0.218894670157656,0.779793906810036
"CHAMPS","local_avg",0.4,NA,"batch8",8155,0.531353135313531,0.237718459214443,0.778897849462366
"CHAMPS","local_avg",0.4,NA,"batch8",8156,0.524752475247525,0.219057195024153,0.762320788530466
"CHAMPS","local_avg",0.4,NA,"batch8",8157,0.517051705170517,0.226330083619166,0.772177419354839
"CHAMPS","local_avg",0.4,NA,"batch8",8158,0.541254125412541,0.247132083602672,0.794802867383513
"CHAMPS","local_avg",0.4,NA,"batch8",8159,0.498349834983498,0.225771714470349,0.775537634408602
"CHAMPS","local_avg",0.4,NA,"batch8",8160,0.558855885588559,0.240031222024635,0.779121863799283
"CHAMPS","local_avg",0.4,NA,"batch8",8161,0.525852585258526,0.235581355126592,0.775537634408602
"CHAMPS","local_avg",0.4,NA,"batch8",8162,0.524752475247525,0.225430400424971,0.778897849462366
"CHAMPS","local_avg",0.4,NA,"batch8",8163,0.541254125412541,0.235608446382429,0.775313620071685
"CHAMPS","local_avg",0.4,NA,"batch8",8164,0.529152915291529,0.214459380101877,0.765681003584229
"CHAMPS","local_avg",0.4,NA,"batch8",8165,0.53025302530253,0.222124089248367,0.769937275985663
"CHAMPS","local_avg",0.4,NA,"batch8",8166,0.557755775577558,0.243943824206982,0.781362007168459
"CHAMPS","local_avg",0.4,NA,"batch8",8167,0.525852585258526,0.228650340199253,0.795698924731183
"CHAMPS","local_avg",0.4,NA,"batch8",8168,0.522552255225523,0.235287556026522,0.790098566308244
"CHAMPS","local_avg",0.4,NA,"batch8",8169,0.532453245324533,0.231507910181617,0.769937275985663
"CHAMPS","local_avg",0.4,NA,"batch8",8170,0.536853685368537,0.240238850494318,0.797715053763441
"CHAMPS","local_avg",0.4,NA,"batch8",8171,0.534653465346535,0.232616003228601,0.780913978494624
"CHAMPS","local_avg",0.4,NA,"batch8",8172,0.512651265126513,0.234439632146535,0.773521505376344
"CHAMPS","local_avg",0.4,NA,"batch8",8173,0.547854785478548,0.224481934187817,0.78673835125448
"CHAMPS","local_avg",0.4,NA,"batch8",8174,0.532453245324532,0.226652739963163,0.770161290322581
"CHAMPS","local_avg",0.4,NA,"batch8",8175,0.562156215621562,0.248505977505442,0.789874551971326
"CHAMPS","local_avg",0.4,NA,"batch8",8176,0.548954895489549,0.232636110917017,0.792338709677419
"CHAMPS","local_avg",0.4,NA,"batch8",8177,0.539053905390539,0.230592429526719,0.779793906810036
"CHAMPS","local_avg",0.4,NA,"batch8",8178,0.535753575357536,0.211335281142001,0.773073476702509
"CHAMPS","local_avg",0.4,NA,"batch8",8179,0.501650165016502,0.210304374233101,0.763440860215054
"CHAMPS","local_avg",0.4,NA,"batch8",8180,0.534653465346535,0.224544465531784,0.774641577060932
"CHAMPS","local_avg",0.4,NA,"batch8",8181,0.53025302530253,0.236674973984813,0.770161290322581
"CHAMPS","local_avg",0.4,NA,"batch8",8182,0.543454345434543,0.235296436950849,0.783154121863799
"CHAMPS","local_avg",0.4,NA,"batch8",8183,0.532453245324532,0.246189027632336,0.790994623655914
"CHAMPS","local_avg",0.4,NA,"batch8",8184,0.557755775577558,0.229643488695213,0.77665770609319
"CHAMPS","local_avg",0.4,NA,"batch8",8185,0.526952695269527,0.20384778588438,0.778673835125448
"CHAMPS","local_avg",0.4,NA,"batch8",8186,0.533553355335533,0.2119943584032,0.790098566308244
"CHAMPS","local_avg",0.4,NA,"batch8",8187,0.537953795379538,0.232954713591207,0.788978494623656
"CHAMPS","local_avg",0.4,NA,"batch8",8188,0.53025302530253,0.220371451408719,0.769041218637993
"CHAMPS","local_avg",0.4,NA,"batch8",8189,0.522552255225523,0.204416441841592,0.787634408602151
"CHAMPS","local_avg",0.4,NA,"batch8",8190,0.514851485148515,0.205654862214518,0.778001792114695
"CHAMPS","local_avg",0.4,NA,"batch8",8191,0.513751375137514,0.227466033193536,0.777777777777778
"CHAMPS","local_avg",0.4,NA,"batch8",8192,0.532453245324532,0.227874472128868,0.783378136200717
"CHAMPS","local_avg",0.4,NA,"batch8",8193,0.55995599559956,0.238052645029389,0.795698924731183
"CHAMPS","local_avg",0.4,NA,"batch8",8194,0.546754675467547,0.231427103947822,0.778897849462366
"CHAMPS","local_avg",0.4,NA,"batch8",8195,0.541254125412541,0.248893803799079,0.784274193548387
"CHAMPS","local_avg",0.4,NA,"batch8",8196,0.534653465346535,0.229970262958985,0.784274193548387
"CHAMPS","local_avg",0.4,NA,"batch8",8197,0.508250825082508,0.225889821051111,0.794578853046595
"CHAMPS","local_avg",0.4,NA,"batch8",8198,0.534653465346535,0.205615181745213,0.776881720430108
"CHAMPS","local_avg",0.4,NA,"batch8",8199,0.519251925192519,0.220287021378889,0.778897849462366
"CHAMPS","local_avg",0.4,NA,"batch8",8200,0.537953795379538,0.227599126064208,0.779121863799283
"CHAMPS","local_avg",0.4,NA,"batch8",8201,0.526952695269527,0.233550016291952,0.781137992831541
"CHAMPS","local_avg",0.4,NA,"batch8",8202,0.524752475247525,0.225466519077089,0.779793906810036
"CHAMPS","local_avg",0.4,NA,"batch8",8203,0.517051705170517,0.221714071980029,0.787410394265233
"CHAMPS","local_avg",0.4,NA,"batch8",8204,0.512651265126513,0.20173454251717,0.772177419354839
"CHAMPS","local_avg",0.4,NA,"batch8",8205,0.539053905390539,0.245734213962464,0.778001792114695
"CHAMPS","local_avg",0.4,NA,"batch8",8206,0.537953795379538,0.238915886661021,0.775537634408602
"CHAMPS","local_avg",0.4,NA,"batch8",8207,0.55995599559956,0.227546103819224,0.769937275985663
"CHAMPS","local_avg",0.4,NA,"batch8",8208,0.512651265126513,0.232751505722997,0.766801075268817
"CHAMPS","local_avg",0.4,NA,"batch8",8209,0.537953795379538,0.226314244087328,0.767921146953405
"CHAMPS","local_avg",0.4,NA,"batch8",8210,0.567656765676568,0.246648754796975,0.780241935483871
"CHAMPS","local_avg",0.4,NA,"batch8",8211,0.545654565456546,0.232666582215542,0.778897849462366
"CHAMPS","local_avg",0.4,NA,"batch8",8212,0.54015401540154,0.245748827602831,0.782034050179211
"CHAMPS","local_avg",0.4,NA,"batch8",8213,0.544554455445545,0.245106613551853,0.778897849462366
"CHAMPS","local_avg",0.4,NA,"batch8",8214,0.551155115511551,0.232664941441537,0.78584229390681
"CHAMPS","local_avg",0.4,NA,"batch8",8215,0.532453245324532,0.239310600737301,0.790098566308244
"CHAMPS","local_avg",0.4,NA,"batch8",8216,0.534653465346535,0.235353215505862,0.784498207885305
"CHAMPS","local_avg",0.4,NA,"batch8",8217,0.545654565456546,0.226406848659004,0.783154121863799
"CHAMPS","local_avg",0.4,NA,"batch8",8218,0.548954895489549,0.230923392074762,0.77665770609319
"CHAMPS","local_avg",0.4,NA,"batch8",8219,0.513751375137514,0.222210783597693,0.784498207885305
"CHAMPS","local_avg",0.4,NA,"batch8",8220,0.536853685368537,0.228889688693543,0.776881720430108
"CHAMPS","local_avg",0.4,NA,"batch8",8221,0.545654565456546,0.244406262424687,0.780913978494624
"CHAMPS","local_avg",0.4,NA,"batch8",8222,0.532453245324532,0.22829719609892,0.77576164874552
"CHAMPS","local_avg",0.4,NA,"batch8",8223,0.536853685368537,0.224118828818077,0.787858422939068
"CHAMPS","local_avg",0.4,NA,"batch8",8224,0.553355335533553,0.247157662204278,0.774417562724014
"CHAMPS","local_avg",0.4,NA,"batch8",8225,0.54015401540154,0.221196757931196,0.774193548387097
"CHAMPS","local_avg",0.4,NA,"batch8",8226,0.548954895489549,0.233062617702448,0.790098566308244
"CHAMPS","local_avg",0.4,NA,"batch8",8227,0.529152915291529,0.217478528054248,0.784722222222222
"CHAMPS","local_avg",0.4,NA,"batch8",8228,0.556655665566557,0.215410205867594,0.791218637992832
"CHAMPS","local_avg",0.4,NA,"batch8",8229,0.53025302530253,0.24185664119281,0.800179211469534
"CHAMPS","local_avg",0.4,NA,"batch8",8230,0.539053905390539,0.215127734450786,0.77755376344086
"CHAMPS","local_avg",0.4,NA,"batch8",8231,0.53025302530253,0.225007216851428,0.790098566308244
"CHAMPS","local_avg",0.4,NA,"batch8",8232,0.553355335533553,0.242434516016525,0.775537634408602
"CHAMPS","local_avg",0.4,NA,"batch8",8233,0.531353135313531,0.211470974477621,0.784498207885305
"CHAMPS","local_avg",0.4,NA,"batch8",8234,0.55005500550055,0.245567792985458,0.787858422939068
"CHAMPS","local_avg",0.4,NA,"batch8",8235,0.522552255225523,0.21632443718228,0.768817204301075
"CHAMPS","local_avg",0.4,NA,"batch8",8236,0.556655665566557,0.245212527971422,0.781137992831541
"CHAMPS","local_avg",0.4,NA,"batch8",8237,0.543454345434544,0.232855789129874,0.780017921146953
"CHAMPS","local_avg",0.4,NA,"batch8",8238,0.54015401540154,0.244828401611938,0.773073476702509
"CHAMPS","local_avg",0.4,NA,"batch8",8239,0.509350935093509,0.221137718728786,0.786962365591398
"CHAMPS","local_avg",0.4,NA,"batch8",8240,0.536853685368537,0.229197252047629,0.777777777777778
"CHAMPS","local_avg",0.4,NA,"batch8",8241,0.544554455445545,0.223626428643683,0.77665770609319
"CHAMPS","local_avg",0.4,NA,"batch8",8242,0.541254125412541,0.248233105171664,0.784274193548387
"CHAMPS","local_avg",0.4,NA,"batch8",8243,0.535753575357536,0.230489277271192,0.788754480286738
"CHAMPS","local_avg",0.4,NA,"batch8",8244,0.545654565456546,0.240993066480724,0.791218637992832
"CHAMPS","local_avg",0.4,NA,"batch8",8245,0.558855885588559,0.227375730994152,0.779793906810036
"CHAMPS","local_avg",0.4,NA,"batch8",8246,0.532453245324532,0.237220121995763,0.770161290322581
"CHAMPS","local_avg",0.4,NA,"batch8",8247,0.533553355335533,0.222926999592989,0.780241935483871
"CHAMPS","local_avg",0.4,NA,"batch8",8248,0.543454345434543,0.242938482959098,0.779121863799283
"CHAMPS","local_avg",0.4,NA,"batch8",8249,0.526952695269527,0.204494403125235,0.774417562724014
"CHAMPS","local_avg",0.4,NA,"batch8",8250,0.535753575357536,0.243258212635344,0.784498207885305
"CHAMPS","local_avg",0.4,NA,"batch8",8251,0.532453245324532,0.226971221409716,0.785618279569892
"CHAMPS","local_avg",0.4,NA,"batch8",8252,0.525852585258526,0.219280330855875,0.779793906810036
"CHAMPS","local_avg",0.4,NA,"batch8",8253,0.533553355335534,0.218092507847203,0.771953405017921
"CHAMPS","local_avg",0.4,NA,"batch8",8254,0.547854785478548,0.224399767669114,0.781362007168459
"CHAMPS","local_avg",0.4,NA,"batch8",8255,0.525852585258526,0.232401835472956,0.771953405017921
"CHAMPS","local_avg",0.4,NA,"batch8",8256,0.539053905390539,0.240347000831497,0.787858422939068
"CHAMPS","local_avg",0.4,NA,"batch8",8257,0.532453245324532,0.230022277917015,0.777777777777778
"CHAMPS","local_avg",0.4,NA,"batch8",8258,0.529152915291529,0.239112875125265,0.778001792114695
"CHAMPS","local_avg",0.4,NA,"batch8",8259,0.526952695269527,0.222945910424659,0.768817204301075
"CHAMPS","local_avg",0.4,NA,"batch8",8260,0.531353135313531,0.23983882629716,0.777777777777778
"CHAMPS","local_avg",0.4,NA,"batch8",8261,0.52035203520352,0.23237977847496,0.778001792114695
"CHAMPS","local_avg",0.4,NA,"batch8",8262,0.537953795379538,0.220606899508153,0.773297491039427
"CHAMPS","local_avg",0.4,NA,"batch8",8263,0.547854785478548,0.219337038552464,0.778897849462366
"CHAMPS","local_avg",0.4,NA,"batch8",8264,0.546754675467547,0.221614660356896,0.787858422939068
"CHAMPS","local_avg",0.4,NA,"batch8",8265,0.542354235423542,0.232237582989605,0.771057347670251
"CHAMPS","local_avg",0.4,NA,"batch8",8266,0.543454345434543,0.223326152349141,0.769937275985663
"CHAMPS","local_avg",0.4,NA,"batch8",8267,0.531353135313531,0.221672375243804,0.788754480286738
"CHAMPS","local_avg",0.4,NA,"batch8",8268,0.531353135313531,0.209870012478768,0.773521505376344
"CHAMPS","local_avg",0.4,NA,"batch8",8269,0.546754675467547,0.215956128004562,0.795250896057348
"CHAMPS","local_avg",0.4,NA,"batch8",8270,0.524752475247525,0.232008926243005,0.783154121863799
"CHAMPS","local_avg",0.4,NA,"batch8",8271,0.537953795379538,0.222332595068805,0.791218637992832
"CHAMPS","local_avg",0.4,NA,"batch8",8272,0.523652365236524,0.220128707543647,0.780017921146953
"CHAMPS","local_avg",0.4,NA,"batch8",8273,0.54015401540154,0.22067750217305,0.790098566308244
"CHAMPS","local_avg",0.4,NA,"batch8",8274,0.551155115511551,0.245657659792834,0.777777777777778
"CHAMPS","local_avg",0.4,NA,"batch8",8275,0.536853685368537,0.238531274306244,0.775537634408602
"CHAMPS","local_avg",0.4,NA,"batch8",8276,0.522552255225523,0.23523157352401,0.783378136200717
"CHAMPS","local_avg",0.4,NA,"batch8",8277,0.533553355335534,0.248803520115142,0.784274193548387
"CHAMPS","local_avg",0.4,NA,"batch8",8278,0.52035203520352,0.210270032720691,0.783378136200717
"CHAMPS","local_avg",0.4,NA,"batch8",8279,0.546754675467547,0.232679020338316,0.782258064516129
"CHAMPS","local_avg",0.4,NA,"batch8",8280,0.513751375137514,0.203409221710843,0.777777777777778
"CHAMPS","local_avg",0.4,NA,"batch8",8281,0.522552255225523,0.21095657578531,0.781362007168459
"CHAMPS","local_avg",0.4,NA,"batch8",8282,0.514851485148515,0.216374335726745,0.773073476702509
"CHAMPS","local_avg",0.4,NA,"batch8",8283,0.532453245324532,0.23048955096266,0.77665770609319
"CHAMPS","local_avg",0.4,NA,"batch8",8284,0.552255225522552,0.223728774455519,0.775537634408602
"CHAMPS","local_avg",0.4,NA,"batch8",8285,0.523652365236524,0.220531956469456,0.792338709677419
"CHAMPS","local_avg",0.4,NA,"batch8",8286,0.535753575357536,0.220764844396891,0.787858422939068
"CHAMPS","local_avg",0.4,NA,"batch8",8287,0.54015401540154,0.233760530399118,0.780017921146953
"CHAMPS","local_avg",0.4,NA,"batch8",8288,0.548954895489549,0.227432824834794,0.767921146953405
"CHAMPS","local_avg",0.4,NA,"batch8",8289,0.55005500550055,0.230719390426746,0.778897849462366
"CHAMPS","local_avg",0.4,NA,"batch8",8290,0.546754675467547,0.23487999855301,0.791218637992832
"CHAMPS","local_avg",0.4,NA,"batch8",8291,0.519251925192519,0.225461811580233,0.767697132616487
"CHAMPS","local_avg",0.4,NA,"batch8",8292,0.528052805280528,0.204881953707821,0.773521505376344
"CHAMPS","local_avg",0.4,NA,"batch8",8293,0.557755775577558,0.234270380540897,0.783154121863799
"CHAMPS","local_avg",0.4,NA,"batch8",8294,0.513751375137514,0.231919446603853,0.788754480286738
"CHAMPS","local_avg",0.4,NA,"batch8",8295,0.539053905390539,0.23252886002886,0.769937275985663
"CHAMPS","local_avg",0.4,NA,"batch8",8296,0.522552255225523,0.20255463276238,0.778897849462366
"CHAMPS","local_avg",0.4,NA,"batch8",8297,0.548954895489549,0.222225706236709,0.778673835125448
"CHAMPS","local_avg",0.4,NA,"batch8",8298,0.536853685368537,0.248138265523323,0.774193548387097
"CHAMPS","local_avg",0.4,NA,"batch8",8299,0.551155115511551,0.228918247515808,0.773297491039426
"CHAMPS","local_avg",0.4,NA,"batch8",8300,0.507150715071507,0.217345777936056,0.783378136200717
"CHAMPS","local_avg",0.4,NA,"batch8",8301,0.535753575357536,0.223581259488357,0.782258064516129
"CHAMPS","local_avg",0.4,NA,"batch8",8302,0.548954895489549,0.239223326322125,0.769937275985663
"CHAMPS","local_avg",0.4,NA,"batch8",8303,0.529152915291529,0.232338630204484,0.7665770609319
"CHAMPS","local_avg",0.4,NA,"batch8",8304,0.52035203520352,0.227166095404137,0.780017921146953
"CHAMPS","local_avg",0.4,NA,"batch8",8305,0.532453245324533,0.217171585287416,0.784722222222222
"CHAMPS","local_avg",0.4,NA,"batch8",8306,0.547854785478548,0.234163853137557,0.792562724014337
"CHAMPS","local_avg",0.4,NA,"batch8",8307,0.543454345434544,0.230158582067449,0.779793906810036
"CHAMPS","local_avg",0.4,NA,"batch8",8308,0.541254125412541,0.233134920634921,0.780017921146953
"CHAMPS","local_avg",0.4,NA,"batch8",8309,0.556655665566557,0.220956558920955,0.792338709677419
"CHAMPS","local_avg",0.4,NA,"batch8",8310,0.524752475247525,0.209937544633842,0.769937275985663
"CHAMPS","local_avg",0.4,NA,"batch8",8311,0.523652365236524,0.220732830131038,0.771953405017921
"CHAMPS","local_avg",0.4,NA,"batch8",8312,0.554455445544555,0.233754263627145,0.773297491039427
"CHAMPS","local_avg",0.4,NA,"batch8",8313,0.526952695269527,0.254492630385488,0.78673835125448
"CHAMPS","local_avg",0.4,NA,"batch8",8314,0.532453245324533,0.217026682467859,0.764560931899642
"CHAMPS","local_avg",0.4,NA,"batch8",8315,0.534653465346535,0.226243165561922,0.795698924731183
"CHAMPS","local_avg",0.4,NA,"batch8",8316,0.52035203520352,0.209196583139525,0.784498207885305
"CHAMPS","local_avg",0.4,NA,"batch8",8317,0.54015401540154,0.227948123476141,0.791218637992832
"CHAMPS","local_avg",0.4,NA,"batch8",8318,0.529152915291529,0.222914758852259,0.775537634408602
"CHAMPS","local_avg",0.4,NA,"batch8",8319,0.514851485148515,0.211872644856749,0.768817204301075
"CHAMPS","local_avg",0.4,NA,"batch8",8320,0.526952695269527,0.239037392346216,0.786514336917563
"CHAMPS","local_avg",0.4,NA,"batch8",8321,0.552255225522552,0.225666078343563,0.772849462365591
"CHAMPS","local_avg",0.4,NA,"batch8",8322,0.54015401540154,0.230167383367637,0.771281362007168
"CHAMPS","local_avg",0.4,NA,"batch8",8323,0.539053905390539,0.224832775798018,0.785618279569892
"CHAMPS","local_avg",0.4,NA,"batch8",8324,0.536853685368537,0.218175231473171,0.77665770609319
"CHAMPS","local_avg",0.4,NA,"batch8",8325,0.524752475247525,0.217228674964435,0.759856630824373
"CHAMPS","local_avg",0.4,NA,"batch8",8326,0.546754675467547,0.224352487156575,0.770161290322581
"CHAMPS","local_avg",0.4,NA,"batch8",8327,0.529152915291529,0.219482538283684,0.790322580645161
"CHAMPS","local_avg",0.4,NA,"batch8",8328,0.506050605060506,0.226746480213033,0.784274193548387
"CHAMPS","local_avg",0.4,NA,"batch8",8329,0.565456545654565,0.258011144683833,0.78673835125448
"CHAMPS","local_avg",0.4,NA,"batch8",8330,0.533553355335534,0.223748647186147,0.780241935483871
"CHAMPS","local_avg",0.4,NA,"batch8",8331,0.547854785478548,0.238429754747739,0.791218637992832
"CHAMPS","local_avg",0.4,NA,"batch8",8332,0.554455445544555,0.24410694833489,0.792338709677419
"CHAMPS","local_avg",0.4,NA,"batch8",8333,0.532453245324532,0.220510183582528,0.782258064516129
"CHAMPS","local_avg",0.4,NA,"batch8",8334,0.526952695269527,0.238116934808111,0.784498207885305
"CHAMPS","local_avg",0.4,NA,"batch8",8335,0.526952695269527,0.218260999828796,0.767921146953405
"CHAMPS","local_avg",0.4,NA,"batch8",8336,0.545654565456546,0.231816474672307,0.769041218637993
"CHAMPS","local_avg",0.4,NA,"batch8",8337,0.546754675467547,0.238326486065343,0.797715053763441
"CHAMPS","local_avg",0.4,NA,"batch8",8338,0.543454345434544,0.235908935602665,0.77755376344086
"CHAMPS","local_avg",0.4,NA,"batch8",8339,0.542354235423542,0.224406698079749,0.783378136200717
"CHAMPS","local_avg",0.4,NA,"batch8",8340,0.519251925192519,0.213422619047619,0.783378136200717
"CHAMPS","local_avg",0.4,NA,"batch8",8341,0.502750275027503,0.22395767048857,0.780017921146953
"CHAMPS","local_avg",0.4,NA,"batch8",8342,0.51045104510451,0.21963100034298,0.789874551971326
"CHAMPS","local_avg",0.4,NA,"batch8",8343,0.536853685368537,0.203772095959596,0.780017921146953
"CHAMPS","local_avg",0.4,NA,"batch8",8344,0.55995599559956,0.246959547375569,0.792338709677419
"CHAMPS","local_avg",0.4,NA,"batch8",8345,0.503850385038504,0.208639766980174,0.773297491039426
"CHAMPS","local_avg",0.4,NA,"batch8",8346,0.561056105610561,0.244012295574796,0.785618279569892
"CHAMPS","local_avg",0.4,NA,"batch8",8347,0.543454345434543,0.225805837143046,0.783378136200717
"CHAMPS","local_avg",0.4,NA,"batch8",8348,0.54015401540154,0.215672487772025,0.778673835125448
"CHAMPS","local_avg",0.4,NA,"batch8",8349,0.55005500550055,0.236574352460125,0.784498207885305
"CHAMPS","local_avg",0.4,NA,"batch8",8350,0.531353135313531,0.234498642719024,0.776433691756272
"CHAMPS","local_avg",0.4,NA,"batch8",8351,0.53025302530253,0.23461848449057,0.771057347670251
"CHAMPS","local_avg",0.4,NA,"batch8",8352,0.508250825082508,0.21709571354104,0.780913978494624
"CHAMPS","local_avg",0.4,NA,"batch8",8353,0.563256325632563,0.243180087792157,0.787858422939068
"CHAMPS","local_avg",0.4,NA,"batch8",8354,0.53025302530253,0.236862954606599,0.778001792114695
"CHAMPS","local_avg",0.4,NA,"batch8",8355,0.531353135313531,0.252469023263087,0.787858422939068
"CHAMPS","local_avg",0.4,NA,"batch8",8356,0.536853685368537,0.241737671008939,0.79323476702509
"CHAMPS","local_avg",0.4,NA,"batch8",8357,0.54015401540154,0.239368602379223,0.807795698924731
"CHAMPS","local_avg",0.4,NA,"batch8",8358,0.52035203520352,0.20457100937924,0.773521505376344
"CHAMPS","local_avg",0.4,NA,"batch8",8359,0.513751375137514,0.21861478235677,0.772177419354839
"CHAMPS","local_avg",0.4,NA,"batch8",8360,0.532453245324532,0.232286405723906,0.774417562724014
"CHAMPS","local_avg",0.4,NA,"batch8",8361,0.541254125412541,0.230631474669809,0.78584229390681
"CHAMPS","local_avg",0.4,NA,"batch8",8362,0.526952695269527,0.219071929729444,0.770161290322581
"CHAMPS","local_avg",0.4,NA,"batch8",8363,0.541254125412541,0.235066329370174,0.784274193548387
"CHAMPS","local_avg",0.4,NA,"batch8",8364,0.519251925192519,0.216158469372392,0.775537634408602
"CHAMPS","local_avg",0.4,NA,"batch8",8365,0.523652365236524,0.210161719160268,0.776209677419355
"CHAMPS","local_avg",0.4,NA,"batch8",8366,0.531353135313531,0.228384618954794,0.75
"CHAMPS","local_avg",0.4,NA,"batch8",8367,0.554455445544555,0.25320939715878,0.777777777777778
"CHAMPS","local_avg",0.4,NA,"batch8",8368,0.524752475247525,0.234715558800352,0.77665770609319
"CHAMPS","local_avg",0.4,NA,"batch8",8369,0.55005500550055,0.228871158392435,0.781137992831541
"CHAMPS","local_avg",0.4,NA,"batch8",8370,0.522552255225523,0.221013654734585,0.787858422939068
"CHAMPS","local_avg",0.4,NA,"batch8",8371,0.545654565456546,0.229701710548841,0.77755376344086
"CHAMPS","local_avg",0.4,NA,"batch8",8372,0.519251925192519,0.206596126758775,0.77665770609319
"CHAMPS","local_avg",0.4,NA,"batch8",8373,0.511551155115512,0.205923092128418,0.781137992831541
"CHAMPS","local_avg",0.4,NA,"batch8",8374,0.529152915291529,0.210566981612267,0.773073476702509
"CHAMPS","local_avg",0.4,NA,"batch8",8375,0.553355335533553,0.23074592144141,0.794578853046595
"CHAMPS","local_avg",0.4,NA,"batch8",8376,0.525852585258526,0.208350208786777,0.784498207885305
"CHAMPS","local_avg",0.4,NA,"batch8",8377,0.53025302530253,0.230919728742028,0.787634408602151
"CHAMPS","local_avg",0.4,NA,"batch8",8378,0.54015401540154,0.227726907174023,0.784722222222222
"CHAMPS","local_avg",0.4,NA,"batch8",8379,0.517051705170517,0.230553741437362,0.795474910394265
"CHAMPS","local_avg",0.4,NA,"batch8",8380,0.533553355335534,0.226282388112976,0.795474910394265
"CHAMPS","local_avg",0.4,NA,"batch8",8381,0.556655665566557,0.256868497088469,0.785618279569892
"CHAMPS","local_avg",0.4,NA,"batch8",8382,0.533553355335534,0.244092400532539,0.774417562724014
"CHAMPS","local_avg",0.4,NA,"batch8",8383,0.528052805280528,0.231978508608943,0.776881720430108
"CHAMPS","local_avg",0.4,NA,"batch8",8384,0.536853685368537,0.249408573264741,0.778001792114695
"CHAMPS","local_avg",0.4,NA,"batch8",8385,0.534653465346535,0.232536789397727,0.77576164874552
"CHAMPS","local_avg",0.4,NA,"batch8",8386,0.556655665566557,0.235346252327747,0.788754480286738
"CHAMPS","local_avg",0.4,NA,"batch8",8387,0.511551155115512,0.207005600715569,0.778001792114695
"CHAMPS","local_avg",0.4,NA,"batch8",8388,0.534653465346535,0.233577035886818,0.789874551971326
"CHAMPS","local_avg",0.4,NA,"batch8",8389,0.536853685368537,0.248118072565925,0.788978494623656
"CHAMPS","local_avg",0.4,NA,"batch8",8390,0.514851485148515,0.242474874913734,0.783154121863799
"CHAMPS","local_avg",0.4,NA,"batch8",8391,0.511551155115512,0.222905031687467,0.782482078853047
"CHAMPS","local_avg",0.4,NA,"batch8",8392,0.529152915291529,0.234684453964115,0.766801075268817
"CHAMPS","local_avg",0.4,NA,"batch8",8393,0.541254125412541,0.232768864613024,0.785618279569892
"CHAMPS","local_avg",0.4,NA,"batch8",8394,0.546754675467547,0.228078142955632,0.787634408602151
"CHAMPS","local_avg",0.4,NA,"batch8",8395,0.526952695269527,0.23205121818375,0.783154121863799
"CHAMPS","local_avg",0.4,NA,"batch8",8396,0.51045104510451,0.217699104835733,0.783378136200717
"CHAMPS","local_avg",0.4,NA,"batch8",8397,0.522552255225523,0.233141885681525,0.769041218637993
"CHAMPS","local_avg",0.4,NA,"batch8",8398,0.528052805280528,0.208974936533841,0.771281362007168
"CHAMPS","local_avg",0.4,NA,"batch8",8399,0.521452145214521,0.228288526882904,0.780241935483871
"CHAMPS","local_avg",0.4,NA,"batch8",8400,0.563256325632563,0.234092036918176,0.784498207885305
"CHAMPS","local_avg",0.4,NA,"batch8",8401,0.541254125412541,0.219944852660129,0.778897849462366
"CHAMPS","local_avg",0.4,NA,"batch8",8402,0.544554455445545,0.230575509296828,0.774417562724014
"CHAMPS","local_avg",0.4,NA,"batch8",8403,0.554455445544555,0.261835016835017,0.776433691756272
"CHAMPS","local_avg",0.4,NA,"batch8",8404,0.525852585258526,0.239877689698949,0.760976702508961
"CHAMPS","local_avg",0.4,NA,"batch8",8405,0.535753575357536,0.240447417166167,0.779121863799283
"CHAMPS","local_avg",0.4,NA,"batch8",8406,0.543454345434544,0.226876940654275,0.785394265232975
"CHAMPS","local_avg",0.4,NA,"batch8",8407,0.526952695269527,0.248994252873563,0.770161290322581
"CHAMPS","local_avg",0.4,NA,"batch8",8408,0.547854785478548,0.229026644748658,0.782482078853047
"CHAMPS","local_avg",0.4,NA,"batch8",8409,0.541254125412541,0.229228946018536,0.778897849462366
"CHAMPS","local_avg",0.4,NA,"batch8",8410,0.525852585258526,0.218142303433001,0.792562724014337
"CHAMPS","local_avg",0.4,NA,"batch8",8411,0.501650165016502,0.203528766586091,0.780689964157706
"CHAMPS","local_avg",0.4,NA,"batch8",8412,0.523652365236524,0.238315624129769,0.777777777777778
"CHAMPS","local_avg",0.4,NA,"batch8",8413,0.512651265126513,0.216150300171527,0.775313620071685
"CHAMPS","local_avg",0.4,NA,"batch8",8414,0.533553355335534,0.245142318373648,0.776881720430108
"CHAMPS","local_avg",0.4,NA,"batch8",8415,0.544554455445545,0.235910887473597,0.785394265232975
"CHAMPS","local_avg",0.4,NA,"batch8",8416,0.528052805280528,0.22527846043635,0.776881720430108
"CHAMPS","local_avg",0.4,NA,"batch8",8417,0.541254125412541,0.2243891580232,0.772177419354839
"CHAMPS","local_avg",0.4,NA,"batch8",8418,0.539053905390539,0.232418743440298,0.770833333333333
"CHAMPS","local_avg",0.4,NA,"batch8",8419,0.517051705170517,0.194796513836428,0.768817204301075
"CHAMPS","local_avg",0.4,NA,"batch8",8420,0.521452145214521,0.243701599326599,0.782258064516129
"CHAMPS","local_avg",0.4,NA,"batch8",8421,0.514851485148515,0.221853801399024,0.781362007168459
"CHAMPS","local_avg",0.4,NA,"batch8",8422,0.522552255225523,0.232722323972324,0.780017921146953
"CHAMPS","local_avg",0.4,NA,"batch8",8423,0.52035203520352,0.214297346780899,0.767921146953405
"CHAMPS","local_avg",0.4,NA,"batch8",8424,0.506050605060506,0.209098629290937,0.778673835125448
"CHAMPS","local_avg",0.4,NA,"batch8",8425,0.523652365236524,0.219750867021198,0.779793906810036
"CHAMPS","local_avg",0.4,NA,"batch8",8426,0.515951595159516,0.21768122370975,0.784498207885305
"CHAMPS","local_avg",0.4,NA,"batch8",8427,0.524752475247525,0.22692198274041,0.769937275985663
"CHAMPS","local_avg",0.4,NA,"batch8",8428,0.515951595159516,0.238146026030254,0.777777777777778
"CHAMPS","local_avg",0.4,NA,"batch8",8429,0.545654565456546,0.247671686011569,0.778001792114695
"CHAMPS","local_avg",0.4,NA,"batch8",8430,0.535753575357536,0.225220080671989,0.776433691756272
"CHAMPS","local_avg",0.4,NA,"batch8",8431,0.555555555555556,0.251825084036067,0.793458781362007
"CHAMPS","local_avg",0.4,NA,"batch8",8432,0.517051705170517,0.230399419959228,0.776881720430108
"CHAMPS","local_avg",0.4,NA,"batch8",8433,0.526952695269527,0.214193690296631,0.767921146953405
"CHAMPS","local_avg",0.4,NA,"batch8",8434,0.522552255225523,0.215492249992705,0.794802867383513
"CHAMPS","local_avg",0.4,NA,"batch8",8435,0.531353135313531,0.225945961718021,0.795698924731183
"CHAMPS","local_avg",0.4,NA,"batch8",8436,0.523652365236524,0.228864430873359,0.780241935483871
"CHAMPS","local_avg",0.4,NA,"batch8",8437,0.53025302530253,0.230557888513439,0.779121863799283
"CHAMPS","local_avg",0.4,NA,"batch8",8438,0.531353135313531,0.223403211187009,0.782258064516129
"CHAMPS","local_avg",0.4,NA,"batch8",8439,0.531353135313531,0.231013650616309,0.784498207885305
"CHAMPS","local_avg",0.4,NA,"batch8",8440,0.552255225522552,0.242143290414003,0.783154121863799
"CHAMPS","local_avg",0.4,NA,"batch8",8441,0.51045104510451,0.220774063776058,0.778897849462366
"CHAMPS","local_avg",0.4,NA,"batch8",8442,0.519251925192519,0.218789511112881,0.783378136200717
"CHAMPS","local_avg",0.4,NA,"batch8",8443,0.536853685368537,0.228282605517058,0.78673835125448
"CHAMPS","local_avg",0.4,NA,"batch8",8444,0.555555555555556,0.226017019043335,0.790994623655914
"CHAMPS","local_avg",0.4,NA,"batch8",8445,0.517051705170517,0.217954766967925,0.77665770609319
"CHAMPS","local_avg",0.4,NA,"batch8",8446,0.513751375137514,0.220511266178789,0.803091397849462
"CHAMPS","local_avg",0.4,NA,"batch8",8447,0.511551155115512,0.23063198953824,0.774417562724014
"CHAMPS","local_avg",0.4,NA,"batch8",8448,0.553355335533553,0.227909272384136,0.782482078853047
"CHAMPS","local_avg",0.4,NA,"batch8",8449,0.537953795379538,0.228138146877934,0.791218637992832
"CHAMPS","local_avg",0.4,NA,"batch8",8450,0.528052805280528,0.228063581012272,0.77665770609319
"CHAMPS","local_avg",0.4,NA,"batch8",8451,0.533553355335534,0.230992870985604,0.77665770609319
"CHAMPS","local_avg",0.4,NA,"batch8",8452,0.54015401540154,0.241896677619569,0.78673835125448
"CHAMPS","local_avg",0.4,NA,"batch8",8453,0.533553355335534,0.235263234359437,0.758736559139785
"CHAMPS","local_avg",0.4,NA,"batch8",8454,0.546754675467547,0.242306682444889,0.792114695340502
"CHAMPS","local_avg",0.4,NA,"batch8",8455,0.541254125412541,0.238210536739949,0.788530465949821
"CHAMPS","local_avg",0.4,NA,"batch8",8456,0.552255225522552,0.233944033162327,0.774641577060932
"CHAMPS","local_avg",0.4,NA,"batch8",8457,0.55005500550055,0.228027152758895,0.790098566308244
"CHAMPS","local_avg",0.4,NA,"batch8",8458,0.534653465346535,0.224925595238095,0.78673835125448
"CHAMPS","local_avg",0.4,NA,"batch8",8459,0.536853685368537,0.23069701077312,0.790098566308244
"CHAMPS","local_avg",0.4,NA,"batch8",8460,0.539053905390539,0.228588981039345,0.77665770609319
"CHAMPS","local_avg",0.4,NA,"batch8",8461,0.532453245324532,0.234998949502437,0.781137992831541
"CHAMPS","local_avg",0.4,NA,"batch8",8462,0.543454345434543,0.232904582063236,0.792338709677419
"CHAMPS","local_avg",0.4,NA,"batch8",8463,0.515951595159516,0.210061612364244,0.782258064516129
"CHAMPS","local_avg",0.4,NA,"batch8",8464,0.542354235423542,0.228311387950976,0.779121863799283
"CHAMPS","local_avg",0.4,NA,"batch8",8465,0.523652365236524,0.238388143603551,0.781137992831541
"CHAMPS","local_avg",0.4,NA,"batch8",8466,0.515951595159516,0.22831224407761,0.774417562724014
"CHAMPS","local_avg",0.4,NA,"batch8",8467,0.524752475247525,0.233326897987742,0.766801075268817
"CHAMPS","local_avg",0.4,NA,"batch8",8468,0.482948294829483,0.210523806456874,0.774641577060932
"CHAMPS","local_avg",0.4,NA,"batch8",8469,0.524752475247525,0.221541306143216,0.777777777777778
"CHAMPS","local_avg",0.4,NA,"batch8",8470,0.526952695269527,0.230809210089607,0.781137992831541
"CHAMPS","local_avg",0.4,NA,"batch8",8471,0.537953795379538,0.242463104347399,0.785618279569892
"CHAMPS","local_avg",0.4,NA,"batch8",8472,0.533553355335534,0.236214387652406,0.784274193548387
"CHAMPS","local_avg",0.4,NA,"batch8",8473,0.533553355335534,0.229845912724064,0.7665770609319
"CHAMPS","local_avg",0.4,NA,"batch8",8474,0.554455445544555,0.22826426954523,0.778897849462366
"CHAMPS","local_avg",0.4,NA,"batch8",8475,0.501650165016502,0.240004187252764,0.780913978494624
"CHAMPS","local_avg",0.4,NA,"batch8",8476,0.529152915291529,0.237220647052378,0.785618279569892
"CHAMPS","local_avg",0.4,NA,"batch8",8477,0.534653465346535,0.231974480101666,0.80241935483871
"CHAMPS","local_avg",0.4,NA,"batch8",8478,0.553355335533553,0.239206721419312,0.792114695340502
"CHAMPS","local_avg",0.4,NA,"batch8",8479,0.535753575357536,0.23530622122242,0.792562724014337
"CHAMPS","local_avg",0.4,NA,"batch8",8480,0.529152915291529,0.221674895408874,0.781362007168459
"CHAMPS","local_avg",0.4,NA,"batch8",8481,0.528052805280528,0.229949999323401,0.778897849462366
"CHAMPS","local_avg",0.4,NA,"batch8",8482,0.536853685368537,0.222740957503723,0.788082437275986
"CHAMPS","local_avg",0.4,NA,"batch8",8483,0.536853685368537,0.234554084832143,0.784498207885305
"CHAMPS","local_avg",0.4,NA,"batch8",8484,0.509350935093509,0.204250774143953,0.777777777777778
"CHAMPS","local_avg",0.4,NA,"batch8",8485,0.53025302530253,0.244319642646685,0.794578853046595
"CHAMPS","local_avg",0.4,NA,"batch8",8486,0.525852585258526,0.236662520946795,0.777777777777778
"CHAMPS","local_avg",0.4,NA,"batch8",8487,0.531353135313531,0.228876942443186,0.782034050179211
"CHAMPS","local_avg",0.4,NA,"batch8",8488,0.523652365236524,0.246805584596282,0.777777777777778
"CHAMPS","local_avg",0.4,NA,"batch8",8489,0.565456545654565,0.255144578074145,0.792114695340502
"CHAMPS","local_avg",0.4,NA,"batch8",8490,0.553355335533553,0.237813650100884,0.762096774193548
"CHAMPS","local_avg",0.4,NA,"batch8",8491,0.524752475247525,0.220737430820833,0.775537634408602
"CHAMPS","local_avg",0.4,NA,"batch8",8492,0.536853685368537,0.251687478110664,0.769041218637993
"CHAMPS","local_avg",0.4,NA,"batch8",8493,0.513751375137514,0.219488536155203,0.779793906810036
"CHAMPS","local_avg",0.4,NA,"batch8",8494,0.529152915291529,0.230022389890811,0.781137992831541
"CHAMPS","local_avg",0.4,NA,"batch8",8495,0.561056105610561,0.245723637775268,0.775537634408602
"CHAMPS","local_avg",0.4,NA,"batch8",8496,0.531353135313531,0.243160925134331,0.783602150537634
"CHAMPS","local_avg",0.4,NA,"batch8",8497,0.554455445544555,0.248575931190249,0.786290322580645
"CHAMPS","local_avg",0.4,NA,"batch8",8498,0.528052805280528,0.233700038540887,0.769937275985663
"CHAMPS","local_avg",0.4,NA,"batch8",8499,0.548954895489549,0.241201657047955,0.783154121863799
"CHAMPS","local_avg",0.4,NA,"batch8",8500,0.524752475247525,0.215819498022311,0.776881720430108
"CHAMPS","local_self",0.2,NA,"batch8",8001,0.628712871287129,0.206419079707243,0.783898873936897
"CHAMPS","local_self",0.2,NA,"batch8",8002,0.611386138613861,0.200184803780694,0.73736705013378
"CHAMPS","local_self",0.2,NA,"batch8",8003,0.648514851485149,0.233317562903187,0.766368339274918
"CHAMPS","local_self",0.2,NA,"batch8",8004,0.650990099009901,0.208198380566802,0.730489039473359
"CHAMPS","local_self",0.2,NA,"batch8",8005,0.683168316831683,0.268387861707189,0.78353899441954
"CHAMPS","local_self",0.2,NA,"batch8",8006,0.636138613861386,0.220082220047651,0.757995130276974
"CHAMPS","local_self",0.2,NA,"batch8",8007,0.668316831683168,0.23717008797654,0.757552237046228
"CHAMPS","local_self",0.2,NA,"batch8",8008,0.660891089108911,0.233912838263059,0.761551599894294
"CHAMPS","local_self",0.2,NA,"batch8",8009,0.638613861386139,0.202799029403369,0.735570826386111
"CHAMPS","local_self",0.2,NA,"batch8",8010,0.643564356435644,0.205482456140351,0.749062679886155
"CHAMPS","local_self",0.2,NA,"batch8",8011,0.660891089108911,0.229525862068966,0.759364448001981
"CHAMPS","local_self",0.2,NA,"batch8",8012,0.636138613861386,0.193475033261591,0.707738565004057
"CHAMPS","local_self",0.2,NA,"batch8",8013,0.650990099009901,0.218882203863346,0.791640728689618
"CHAMPS","local_self",0.2,NA,"batch8",8014,0.663366336633663,0.260371767241379,0.801571641205985
"CHAMPS","local_self",0.2,NA,"batch8",8015,0.641089108910891,0.2080006476439,0.768460147451181
"CHAMPS","local_self",0.2,NA,"batch8",8016,0.638613861386139,0.202164539496378,0.725522213991483
"CHAMPS","local_self",0.2,NA,"batch8",8017,0.648514851485149,0.214571011828644,0.80375480060158
"CHAMPS","local_self",0.2,NA,"batch8",8018,0.636138613861386,0.204169541221111,0.752078640654643
"CHAMPS","local_self",0.2,NA,"batch8",8019,0.641089108910891,0.252535842293907,0.794156900138583
"CHAMPS","local_self",0.2,NA,"batch8",8020,0.683168316831683,0.258202476030345,0.788016975059255
"CHAMPS","local_self",0.2,NA,"batch8",8021,0.641089108910891,0.249053992996724,0.776502451465347
"CHAMPS","local_self",0.2,NA,"batch8",8022,0.648514851485149,0.226493818681319,0.781878291046379
"CHAMPS","local_self",0.2,NA,"batch8",8023,0.641089108910891,0.224980983592945,0.743517714283248
"CHAMPS","local_self",0.2,NA,"batch8",8024,0.623762376237624,0.21652151348546,0.74913508826305
"CHAMPS","local_self",0.2,NA,"batch8",8025,0.638613861386139,0.199059462896799,0.738622712879122
"CHAMPS","local_self",0.2,NA,"batch8",8026,0.616336633663366,0.197445054945055,0.718574528906394
"CHAMPS","local_self",0.2,NA,"batch8",8027,0.633663366336634,0.210660173160173,0.73964601206467
"CHAMPS","local_self",0.2,NA,"batch8",8028,0.626237623762376,0.218716722017204,0.782306665257537
"CHAMPS","local_self",0.2,NA,"batch8",8029,0.648514851485149,0.218158357992219,0.781559925277686
"CHAMPS","local_self",0.2,NA,"batch8",8030,0.638613861386139,0.193603824795775,0.715516286741137
"CHAMPS","local_self",0.2,NA,"batch8",8031,0.646039603960396,0.209440482017575,0.761343296758208
"CHAMPS","local_self",0.2,NA,"batch8",8032,0.643564356435644,0.233693626278249,0.791270908864212
"CHAMPS","local_self",0.2,NA,"batch8",8033,0.663366336633663,0.248868430895085,0.806593884331753
"CHAMPS","local_self",0.2,NA,"batch8",8034,0.638613861386139,0.217847222222222,0.784849735466076
"CHAMPS","local_self",0.2,NA,"batch8",8035,0.636138613861386,0.196611384111384,0.746969591306879
"CHAMPS","local_self",0.2,NA,"batch8",8036,0.668316831683168,0.251328838555913,0.816286309001398
"CHAMPS","local_self",0.2,NA,"batch8",8037,0.653465346534653,0.229149453368203,0.753462848584809
"CHAMPS","local_self",0.2,NA,"batch8",8038,0.631188118811881,0.227187028657617,0.794632086970287
"CHAMPS","local_self",0.2,NA,"batch8",8039,0.636138613861386,0.255532354070661,0.798430607118805
"CHAMPS","local_self",0.2,NA,"batch8",8040,0.650990099009901,0.228841991341991,0.768912802146224
"CHAMPS","local_self",0.2,NA,"batch8",8041,0.648514851485149,0.261224046679055,0.812170413715154
"CHAMPS","local_self",0.2,NA,"batch8",8042,0.623762376237624,0.211184210526316,0.752932498574063
"CHAMPS","local_self",0.2,NA,"batch8",8043,0.646039603960396,0.21118908247296,0.7750016631259
"CHAMPS","local_self",0.2,NA,"batch8",8044,0.660891089108911,0.235734404734585,0.782626762010867
"CHAMPS","local_self",0.2,NA,"batch8",8045,0.658415841584158,0.256544920966992,0.807787877645398
"CHAMPS","local_self",0.2,NA,"batch8",8046,0.608910891089109,0.247502305925759,0.802922582961496
"CHAMPS","local_self",0.2,NA,"batch8",8047,0.643564356435644,0.226938279112192,0.788996050750148
"CHAMPS","local_self",0.2,NA,"batch8",8048,0.665841584158416,0.246938328117171,0.80617483411835
"CHAMPS","local_self",0.2,NA,"batch8",8049,0.643564356435644,0.248508254913045,0.8219385674185
"CHAMPS","local_self",0.2,NA,"batch8",8050,0.643564356435644,0.247888513513514,0.797555926044141
"CHAMPS","local_self",0.2,NA,"batch8",8051,0.618811881188119,0.254285714285714,0.791148111208382
"CHAMPS","local_self",0.2,NA,"batch8",8052,0.658415841584158,0.230587730587731,0.788907175846666
"CHAMPS","local_self",0.2,NA,"batch8",8053,0.660891089108911,0.240402170699256,0.766489639262106
"CHAMPS","local_self",0.2,NA,"batch8",8054,0.663366336633663,0.23322997592113,0.799158091599761
"CHAMPS","local_self",0.2,NA,"batch8",8055,0.660891089108911,0.247813852813853,0.827263472961162
"CHAMPS","local_self",0.2,NA,"batch8",8056,0.628712871287129,0.2103889943074,0.73827938843511
"CHAMPS","local_self",0.2,NA,"batch8",8057,0.636138613861386,0.223129940235203,0.753862316862003
"CHAMPS","local_self",0.2,NA,"batch8",8058,0.576732673267327,0.175803167420814,0.68645690875688
"CHAMPS","local_self",0.2,NA,"batch8",8059,0.648514851485149,0.224605211488092,0.778488896844302
"CHAMPS","local_self",0.2,NA,"batch8",8060,0.646039603960396,0.219587053571429,0.745900108187455
"CHAMPS","local_self",0.2,NA,"batch8",8061,0.633663366336634,0.220424855380608,0.748168876761973
"CHAMPS","local_self",0.2,NA,"batch8",8062,0.646039603960396,0.256207220910611,0.796197044064323
"CHAMPS","local_self",0.2,NA,"batch8",8063,0.685643564356436,0.264785651262633,0.802581532023442
"CHAMPS","local_self",0.2,NA,"batch8",8064,0.628712871287129,0.210507246376812,0.74042243055266
"CHAMPS","local_self",0.2,NA,"batch8",8065,0.650990099009901,0.241219610591533,0.790389830970202
"CHAMPS","local_self",0.2,NA,"batch8",8066,0.650990099009901,0.2071492610956,0.781533060413259
"CHAMPS","local_self",0.2,NA,"batch8",8067,0.658415841584158,0.23085394301762,0.775506073552922
"CHAMPS","local_self",0.2,NA,"batch8",8068,0.628712871287129,0.253372636674448,0.814444867266069
"CHAMPS","local_self",0.2,NA,"batch8",8069,0.638613861386139,0.24470325929577,0.765449253682604
"CHAMPS","local_self",0.2,NA,"batch8",8070,0.611386138613861,0.24299792446221,0.802058148231399
"CHAMPS","local_self",0.2,NA,"batch8",8071,0.648514851485149,0.224360115597363,0.744071680078467
"CHAMPS","local_self",0.2,NA,"batch8",8072,0.653465346534653,0.227096688034188,0.76358357667554
"CHAMPS","local_self",0.2,NA,"batch8",8073,0.638613861386139,0.24209412233793,0.808331900033989
"CHAMPS","local_self",0.2,NA,"batch8",8074,0.638613861386139,0.196171259608291,0.720549285771285
"CHAMPS","local_self",0.2,NA,"batch8",8075,0.670792079207921,0.223427051671733,0.76087961120654
"CHAMPS","local_self",0.2,NA,"batch8",8076,0.663366336633663,0.255265326071778,0.819885598535592
"CHAMPS","local_self",0.2,NA,"batch8",8077,0.655940594059406,0.246441183926433,0.747229435399409
"CHAMPS","local_self",0.2,NA,"batch8",8078,0.623762376237624,0.192504804612428,0.753514224262993
"CHAMPS","local_self",0.2,NA,"batch8",8079,0.638613861386139,0.224173906950673,0.765952072235435
"CHAMPS","local_self",0.2,NA,"batch8",8080,0.638613861386139,0.214722686733556,0.764397981507294
"CHAMPS","local_self",0.2,NA,"batch8",8081,0.623762376237624,0.19922201336675,0.770344820493002
"CHAMPS","local_self",0.2,NA,"batch8",8082,0.576732673267327,0.162128659683051,0.687310099036165
"CHAMPS","local_self",0.2,NA,"batch8",8083,0.636138613861386,0.205839512711864,0.7408975949457
"CHAMPS","local_self",0.2,NA,"batch8",8084,0.660891089108911,0.228158399082312,0.772677438804029
"CHAMPS","local_self",0.2,NA,"batch8",8085,0.648514851485149,0.225408864048837,0.763354674970023
"CHAMPS","local_self",0.2,NA,"batch8",8086,0.643564356435644,0.199318181818182,0.756471577503755
"CHAMPS","local_self",0.2,NA,"batch8",8087,0.648514851485149,0.230160659801678,0.759419508421338
"CHAMPS","local_self",0.2,NA,"batch8",8088,0.653465346534653,0.23879358355026,0.804078514872015
"CHAMPS","local_self",0.2,NA,"batch8",8089,0.646039603960396,0.226989735665109,0.767621092297291
"CHAMPS","local_self",0.2,NA,"batch8",8090,0.670792079207921,0.243601539286893,0.819660061220519
"CHAMPS","local_self",0.2,NA,"batch8",8091,0.636138613861386,0.224780701754386,0.760638210931818
"CHAMPS","local_self",0.2,NA,"batch8",8092,0.613861386138614,0.212812927861728,0.728679024531919
"CHAMPS","local_self",0.2,NA,"batch8",8093,0.648514851485149,0.222231200172377,0.772963634786182
"CHAMPS","local_self",0.2,NA,"batch8",8094,0.660891089108911,0.227520290401247,0.758596238184896
"CHAMPS","local_self",0.2,NA,"batch8",8095,0.636138613861386,0.212310936436351,0.770742415609357
"CHAMPS","local_self",0.2,NA,"batch8",8096,0.633663366336634,0.19097422235023,0.703939464605295
"CHAMPS","local_self",0.2,NA,"batch8",8097,0.636138613861386,0.213636363636364,0.759227768745591
"CHAMPS","local_self",0.2,NA,"batch8",8098,0.613861386138614,0.238567931244851,0.768932715277168
"CHAMPS","local_self",0.2,NA,"batch8",8099,0.626237623762376,0.206013927216281,0.778262964065159
"CHAMPS","local_self",0.2,NA,"batch8",8100,0.678217821782178,0.249324111000128,0.785619111242136
"CHAMPS","local_self",0.2,NA,"batch8",8101,0.650990099009901,0.236509049622654,0.765217201160357
"CHAMPS","local_self",0.2,NA,"batch8",8102,0.668316831683168,0.235106942496494,0.76708095197291
"CHAMPS","local_self",0.2,NA,"batch8",8103,0.643564356435644,0.201614068029176,0.744215862704399
"CHAMPS","local_self",0.2,NA,"batch8",8104,0.648514851485149,0.214433007555278,0.7526098376177
"CHAMPS","local_self",0.2,NA,"batch8",8105,0.663366336633663,0.226264576808055,0.780263275656893
"CHAMPS","local_self",0.2,NA,"batch8",8106,0.618811881188119,0.216651734907917,0.754633819526018
"CHAMPS","local_self",0.2,NA,"batch8",8107,0.611386138613861,0.173049848381707,0.686861771274695
"CHAMPS","local_self",0.2,NA,"batch8",8108,0.653465346534653,0.248202986676347,0.801924053792583
"CHAMPS","local_self",0.2,NA,"batch8",8109,0.648514851485149,0.225274122807018,0.769831522221497
"CHAMPS","local_self",0.2,NA,"batch8",8110,0.653465346534653,0.227755844215439,0.772379840351126
"CHAMPS","local_self",0.2,NA,"batch8",8111,0.643564356435644,0.253391317441716,0.783021790468796
"CHAMPS","local_self",0.2,NA,"batch8",8112,0.655940594059406,0.241111111111111,0.794650911075621
"CHAMPS","local_self",0.2,NA,"batch8",8113,0.650990099009901,0.215981335044081,0.753199851642954
"CHAMPS","local_self",0.2,NA,"batch8",8114,0.663366336633663,0.244804043634341,0.808714404700931
"CHAMPS","local_self",0.2,NA,"batch8",8115,0.631188118811881,0.232397342995169,0.771379190555645
"CHAMPS","local_self",0.2,NA,"batch8",8116,0.648514851485149,0.24512099921936,0.795601216223132
"CHAMPS","local_self",0.2,NA,"batch8",8117,0.648514851485149,0.209991756794123,0.761906257604269
"CHAMPS","local_self",0.2,NA,"batch8",8118,0.668316831683168,0.241515474457614,0.769535620600681
"CHAMPS","local_self",0.2,NA,"batch8",8119,0.636138613861386,0.219314998726763,0.775228733467196
"CHAMPS","local_self",0.2,NA,"batch8",8120,0.636138613861386,0.204768336910665,0.751906352098179
"CHAMPS","local_self",0.2,NA,"batch8",8121,0.643564356435644,0.214620058760684,0.742830722787023
"CHAMPS","local_self",0.2,NA,"batch8",8122,0.670792079207921,0.246168271383789,0.777349718979924
"CHAMPS","local_self",0.2,NA,"batch8",8123,0.665841584158416,0.227432545218994,0.783194255010712
"CHAMPS","local_self",0.2,NA,"batch8",8124,0.643564356435644,0.222706747275713,0.777241849844988
"CHAMPS","local_self",0.2,NA,"batch8",8125,0.611386138613861,0.193017006346652,0.769731773482055
"CHAMPS","local_self",0.2,NA,"batch8",8126,0.650990099009901,0.235284751445612,0.781940897072456
"CHAMPS","local_self",0.2,NA,"batch8",8127,0.655940594059406,0.236960955710956,0.760992381944459
"CHAMPS","local_self",0.2,NA,"batch8",8128,0.616336633663366,0.190065568009008,0.709054868889184
"CHAMPS","local_self",0.2,NA,"batch8",8129,0.665841584158416,0.228202786796537,0.777340317831587
"CHAMPS","local_self",0.2,NA,"batch8",8130,0.643564356435644,0.203940590659341,0.745953809841818
"CHAMPS","local_self",0.2,NA,"batch8",8131,0.646039603960396,0.229685833490181,0.809538016805712
"CHAMPS","local_self",0.2,NA,"batch8",8132,0.621287128712871,0.202751265251265,0.77664338253789
"CHAMPS","local_self",0.2,NA,"batch8",8133,0.641089108910891,0.222672632319371,0.770335662339462
"CHAMPS","local_self",0.2,NA,"batch8",8134,0.603960396039604,0.193115766854687,0.778058218088713
"CHAMPS","local_self",0.2,NA,"batch8",8135,0.655940594059406,0.244360021030801,0.807328994873159
"CHAMPS","local_self",0.2,NA,"batch8",8136,0.638613861386139,0.215252039960345,0.792344759267075
"CHAMPS","local_self",0.2,NA,"batch8",8137,0.633663366336634,0.187938596491228,0.719979898584688
"CHAMPS","local_self",0.2,NA,"batch8",8138,0.636138613861386,0.195689418859649,0.766340919864051
"CHAMPS","local_self",0.2,NA,"batch8",8139,0.633663366336634,0.23026265214606,0.78133302667425
"CHAMPS","local_self",0.2,NA,"batch8",8140,0.603960396039604,0.219674316482827,0.762324417671912
"CHAMPS","local_self",0.2,NA,"batch8",8141,0.680693069306931,0.268919631093544,0.824180473186088
"CHAMPS","local_self",0.2,NA,"batch8",8142,0.631188118811881,0.190169986263736,0.720296590589536
"CHAMPS","local_self",0.2,NA,"batch8",8143,0.650990099009901,0.23589850003426,0.754935482671302
"CHAMPS","local_self",0.2,NA,"batch8",8144,0.638613861386139,0.209493765399836,0.742522341225462
"CHAMPS","local_self",0.2,NA,"batch8",8145,0.663366336633663,0.243019088970113,0.807511887338292
"CHAMPS","local_self",0.2,NA,"batch8",8146,0.653465346534653,0.242162173436308,0.810125205612764
"CHAMPS","local_self",0.2,NA,"batch8",8147,0.646039603960396,0.209225865209472,0.76169208929657
"CHAMPS","local_self",0.2,NA,"batch8",8148,0.641089108910891,0.211478919266218,0.745507856717058
"CHAMPS","local_self",0.2,NA,"batch8",8149,0.646039603960396,0.211160675357517,0.798546494928561
"CHAMPS","local_self",0.2,NA,"batch8",8150,0.631188118811881,0.203014705882353,0.788159179012028
"CHAMPS","local_self",0.2,NA,"batch8",8151,0.633663366336634,0.219164553468233,0.76587312469264
"CHAMPS","local_self",0.2,NA,"batch8",8152,0.663366336633663,0.251954095612444,0.791884024736303
"CHAMPS","local_self",0.2,NA,"batch8",8153,0.633663366336634,0.197724014336918,0.735918505248656
"CHAMPS","local_self",0.2,NA,"batch8",8154,0.648514851485149,0.245600213769718,0.78174426103142
"CHAMPS","local_self",0.2,NA,"batch8",8155,0.653465346534653,0.217427733556766,0.789674641483314
"CHAMPS","local_self",0.2,NA,"batch8",8156,0.633663366336634,0.233307291666667,0.785119305041401
"CHAMPS","local_self",0.2,NA,"batch8",8157,0.626237623762376,0.217698412698413,0.777980732233509
"CHAMPS","local_self",0.2,NA,"batch8",8158,0.660891089108911,0.247300724637681,0.781690253039813
"CHAMPS","local_self",0.2,NA,"batch8",8159,0.638613861386139,0.195875333238686,0.738520012304427
"CHAMPS","local_self",0.2,NA,"batch8",8160,0.566831683168317,0.238390340086367,0.80282330435529
"CHAMPS","local_self",0.2,NA,"batch8",8161,0.623762376237624,0.193312937062937,0.722893007469871
"CHAMPS","local_self",0.2,NA,"batch8",8162,0.633663366336634,0.203241265460996,0.75212978128425
"CHAMPS","local_self",0.2,NA,"batch8",8163,0.603960396039604,0.194665712336933,0.709489745719459
"CHAMPS","local_self",0.2,NA,"batch8",8164,0.660891089108911,0.230819746376812,0.828597206168771
"CHAMPS","local_self",0.2,NA,"batch8",8165,0.638613861386139,0.219983277591973,0.759167093755959
"CHAMPS","local_self",0.2,NA,"batch8",8166,0.616336633663366,0.207029397818872,0.735771232562711
"CHAMPS","local_self",0.2,NA,"batch8",8167,0.626237623762376,0.199434731934732,0.726077989869478
"CHAMPS","local_self",0.2,NA,"batch8",8168,0.658415841584158,0.217482182017544,0.759920707831138
"CHAMPS","local_self",0.2,NA,"batch8",8169,0.680693069306931,0.249934988179669,0.776481823355459
"CHAMPS","local_self",0.2,NA,"batch8",8170,0.658415841584158,0.219003705501907,0.769758195779994
"CHAMPS","local_self",0.2,NA,"batch8",8171,0.641089108910891,0.221107203186849,0.781408541329538
"CHAMPS","local_self",0.2,NA,"batch8",8172,0.626237623762376,0.204095740860447,0.742717965231075
"CHAMPS","local_self",0.2,NA,"batch8",8173,0.650990099009901,0.239588164616522,0.780826888545497
"CHAMPS","local_self",0.2,NA,"batch8",8174,0.641089108910891,0.213849306672796,0.746526540783987
"CHAMPS","local_self",0.2,NA,"batch8",8175,0.663366336633663,0.265882209188661,0.821850861604373
"CHAMPS","local_self",0.2,NA,"batch8",8176,0.658415841584158,0.242863016917293,0.796251294289233
"CHAMPS","local_self",0.2,NA,"batch8",8177,0.636138613861386,0.192777777777778,0.747264271563599
"CHAMPS","local_self",0.2,NA,"batch8",8178,0.653465346534653,0.225015964240102,0.753298526181602
"CHAMPS","local_self",0.2,NA,"batch8",8179,0.626237623762376,0.197008979737173,0.748655455768049
"CHAMPS","local_self",0.2,NA,"batch8",8180,0.658415841584158,0.206576850644647,0.770965349500798
"CHAMPS","local_self",0.2,NA,"batch8",8181,0.665841584158416,0.234325408583883,0.782005519705457
"CHAMPS","local_self",0.2,NA,"batch8",8182,0.636138613861386,0.245215268998455,0.795819076739785
"CHAMPS","local_self",0.2,NA,"batch8",8183,0.576732673267327,0.215347012906716,0.755191036762987
"CHAMPS","local_self",0.2,NA,"batch8",8184,0.631188118811881,0.198533317776921,0.724172050403084
"CHAMPS","local_self",0.2,NA,"batch8",8185,0.633663366336634,0.212222222222222,0.743703854845097
"CHAMPS","local_self",0.2,NA,"batch8",8186,0.653465346534653,0.228421656159347,0.801326766151498
"CHAMPS","local_self",0.2,NA,"batch8",8187,0.646039603960396,0.211030787075266,0.760051964671515
"CHAMPS","local_self",0.2,NA,"batch8",8188,0.653465346534653,0.216130604288499,0.767821460860309
"CHAMPS","local_self",0.2,NA,"batch8",8189,0.653465346534653,0.241368111174676,0.784295464116047
"CHAMPS","local_self",0.2,NA,"batch8",8190,0.680693069306931,0.246647191898014,0.783215832853337
"CHAMPS","local_self",0.2,NA,"batch8",8191,0.633663366336634,0.189473684210526,0.730317259713862
"CHAMPS","local_self",0.2,NA,"batch8",8192,0.663366336633663,0.23188754180602,0.77506048894634
"CHAMPS","local_self",0.2,NA,"batch8",8193,0.650990099009901,0.224102377486657,0.7709363696334
"CHAMPS","local_self",0.2,NA,"batch8",8194,0.650990099009901,0.246139381764547,0.786348136303233
"CHAMPS","local_self",0.2,NA,"batch8",8195,0.646039603960396,0.205018070989319,0.766558255071729
"CHAMPS","local_self",0.2,NA,"batch8",8196,0.673267326732673,0.255415153349475,0.802950885033927
"CHAMPS","local_self",0.2,NA,"batch8",8197,0.655940594059406,0.235592185592186,0.770128455719716
"CHAMPS","local_self",0.2,NA,"batch8",8198,0.633663366336634,0.192048427927161,0.730018247351457
"CHAMPS","local_self",0.2,NA,"batch8",8199,0.631188118811881,0.200524641239404,0.726853893816887
"CHAMPS","local_self",0.2,NA,"batch8",8200,0.641089108910891,0.223012152777778,0.770278743353234
"CHAMPS","local_self",0.2,NA,"batch8",8201,0.641089108910891,0.248172514619883,0.802101246558556
"CHAMPS","local_self",0.2,NA,"batch8",8202,0.655940594059406,0.230664536920112,0.782382150646924
"CHAMPS","local_self",0.2,NA,"batch8",8203,0.638613861386139,0.269000405146315,0.800277395530333
"CHAMPS","local_self",0.2,NA,"batch8",8204,0.618811881188119,0.214687359424202,0.74588501186768
"CHAMPS","local_self",0.2,NA,"batch8",8205,0.599009900990099,0.173254730504587,0.685610093173637
"CHAMPS","local_self",0.2,NA,"batch8",8206,0.658415841584158,0.228548534798535,0.765870779564213
"CHAMPS","local_self",0.2,NA,"batch8",8207,0.658415841584158,0.207290090868863,0.786024941111109
"CHAMPS","local_self",0.2,NA,"batch8",8208,0.673267326732673,0.246231044940722,0.803806489387343
"CHAMPS","local_self",0.2,NA,"batch8",8209,0.665841584158416,0.23979114202676,0.786727877534402
"CHAMPS","local_self",0.2,NA,"batch8",8210,0.638613861386139,0.207583018149287,0.794430504145472
"CHAMPS","local_self",0.2,NA,"batch8",8211,0.688118811881188,0.258555292278682,0.78255280296904
"CHAMPS","local_self",0.2,NA,"batch8",8212,0.628712871287129,0.19960331148672,0.746383866308892
"CHAMPS","local_self",0.2,NA,"batch8",8213,0.643564356435644,0.244458653026428,0.804525596782299
"CHAMPS","local_self",0.2,NA,"batch8",8214,0.653465346534653,0.226581196581197,0.759169288347648
"CHAMPS","local_self",0.2,NA,"batch8",8215,0.611386138613861,0.217565709465012,0.739510539712858
"CHAMPS","local_self",0.2,NA,"batch8",8216,0.631188118811881,0.245177129221733,0.809599403457378
"CHAMPS","local_self",0.2,NA,"batch8",8217,0.653465346534653,0.235162037037037,0.776403800972032
"CHAMPS","local_self",0.2,NA,"batch8",8218,0.648514851485149,0.216476150691174,0.75868565852515
"CHAMPS","local_self",0.2,NA,"batch8",8219,0.621287128712871,0.245078502415459,0.801045317901727
"CHAMPS","local_self",0.2,NA,"batch8",8220,0.673267326732673,0.235390110557969,0.796760214190925
"CHAMPS","local_self",0.2,NA,"batch8",8221,0.655940594059406,0.225991114149009,0.74942622332155
"CHAMPS","local_self",0.2,NA,"batch8",8222,0.621287128712871,0.180289785242291,0.743002975659405
"CHAMPS","local_self",0.2,NA,"batch8",8223,0.648514851485149,0.215475853612526,0.756297686255362
"CHAMPS","local_self",0.2,NA,"batch8",8224,0.648514851485149,0.21765350877193,0.744056302797014
"CHAMPS","local_self",0.2,NA,"batch8",8225,0.631188118811881,0.186717811373648,0.721899020103217
"CHAMPS","local_self",0.2,NA,"batch8",8226,0.603960396039604,0.176319802145195,0.692717706449065
"CHAMPS","local_self",0.2,NA,"batch8",8227,0.641089108910891,0.239245495495496,0.774664393919358
"CHAMPS","local_self",0.2,NA,"batch8",8228,0.643564356435644,0.229992015931707,0.794476658803962
"CHAMPS","local_self",0.2,NA,"batch8",8229,0.574257425742574,0.159643665158371,0.669351147767321
"CHAMPS","local_self",0.2,NA,"batch8",8230,0.678217821782178,0.219634414049308,0.737947204908956
"CHAMPS","local_self",0.2,NA,"batch8",8231,0.663366336633663,0.25426760662424,0.816243412072218
"CHAMPS","local_self",0.2,NA,"batch8",8232,0.631188118811881,0.189011544011544,0.714377166516812
"CHAMPS","local_self",0.2,NA,"batch8",8233,0.641089108910891,0.214155271154745,0.764274807007058
"CHAMPS","local_self",0.2,NA,"batch8",8234,0.621287128712871,0.228727561516741,0.774185251157591
"CHAMPS","local_self",0.2,NA,"batch8",8235,0.611386138613861,0.224147431898524,0.797643985106233
"CHAMPS","local_self",0.2,NA,"batch8",8236,0.626237623762376,0.192567920585162,0.742986515756716
"CHAMPS","local_self",0.2,NA,"batch8",8237,0.638613861386139,0.217363731698627,0.762000908080588
"CHAMPS","local_self",0.2,NA,"batch8",8238,0.658415841584158,0.23589003145983,0.772093010409017
"CHAMPS","local_self",0.2,NA,"batch8",8239,0.636138613861386,0.226894861894862,0.765016749153371
"CHAMPS","local_self",0.2,NA,"batch8",8240,0.646039603960396,0.241223354018418,0.804685328639746
"CHAMPS","local_self",0.2,NA,"batch8",8241,0.633663366336634,0.204717008544101,0.744275083333511
"CHAMPS","local_self",0.2,NA,"batch8",8242,0.646039603960396,0.230690350389321,0.825540781007143
"CHAMPS","local_self",0.2,NA,"batch8",8243,0.643564356435644,0.225419930033417,0.800310183553157
"CHAMPS","local_self",0.2,NA,"batch8",8244,0.653465346534653,0.21823476702509,0.745276126879677
"CHAMPS","local_self",0.2,NA,"batch8",8245,0.611386138613861,0.198238257445096,0.712627447593929
"CHAMPS","local_self",0.2,NA,"batch8",8246,0.665841584158416,0.235170807453416,0.763548487541704
"CHAMPS","local_self",0.2,NA,"batch8",8247,0.658415841584158,0.229704445093837,0.779095985515698
"CHAMPS","local_self",0.2,NA,"batch8",8248,0.636138613861386,0.206430309972081,0.753720818499529
"CHAMPS","local_self",0.2,NA,"batch8",8249,0.646039603960396,0.19749963471654,0.746175387040198
"CHAMPS","local_self",0.2,NA,"batch8",8250,0.650990099009901,0.265299539170507,0.826628811178568
"CHAMPS","local_self",0.2,NA,"batch8",8251,0.663366336633663,0.256620379739849,0.807364125996706
"CHAMPS","local_self",0.2,NA,"batch8",8252,0.618811881188119,0.222940162907268,0.74215652812479
"CHAMPS","local_self",0.2,NA,"batch8",8253,0.626237623762376,0.192271562607384,0.717365236534663
"CHAMPS","local_self",0.2,NA,"batch8",8254,0.660891089108911,0.257194842255136,0.78753858484311
"CHAMPS","local_self",0.2,NA,"batch8",8255,0.631188118811881,0.219324712643678,0.764219103148405
"CHAMPS","local_self",0.2,NA,"batch8",8256,0.670792079207921,0.229522505885656,0.778838854496216
"CHAMPS","local_self",0.2,NA,"batch8",8257,0.623762376237624,0.202976744890464,0.701520921886645
"CHAMPS","local_self",0.2,NA,"batch8",8258,0.623762376237624,0.220882038143557,0.748731328194178
"CHAMPS","local_self",0.2,NA,"batch8",8259,0.646039603960396,0.226575365688269,0.759229958905579
"CHAMPS","local_self",0.2,NA,"batch8",8260,0.606435643564356,0.222109761583446,0.762238773265555
"CHAMPS","local_self",0.2,NA,"batch8",8261,0.653465346534653,0.227142690978376,0.769073754396322
"CHAMPS","local_self",0.2,NA,"batch8",8262,0.638613861386139,0.223853711790393,0.742597228742447
"CHAMPS","local_self",0.2,NA,"batch8",8263,0.653465346534653,0.255518353174603,0.802222517274958
"CHAMPS","local_self",0.2,NA,"batch8",8264,0.685643564356436,0.264452808959633,0.829990667713725
"CHAMPS","local_self",0.2,NA,"batch8",8265,0.626237623762376,0.208123473748474,0.756595975774233
"CHAMPS","local_self",0.2,NA,"batch8",8266,0.643564356435644,0.260447025686425,0.825142977722908
"CHAMPS","local_self",0.2,NA,"batch8",8267,0.650990099009901,0.218131363122172,0.747403482007287
"CHAMPS","local_self",0.2,NA,"batch8",8268,0.611386138613861,0.190509057444541,0.684057944533429
"CHAMPS","local_self",0.2,NA,"batch8",8269,0.641089108910891,0.194469874387907,0.741167083516808
"CHAMPS","local_self",0.2,NA,"batch8",8270,0.648514851485149,0.232335412549407,0.757882402334775
"CHAMPS","local_self",0.2,NA,"batch8",8271,0.648514851485149,0.226206140350877,0.75915600378524
"CHAMPS","local_self",0.2,NA,"batch8",8272,0.641089108910891,0.203543072647876,0.736562901505765
"CHAMPS","local_self",0.2,NA,"batch8",8273,0.643564356435644,0.216432417313475,0.762922991253665
"CHAMPS","local_self",0.2,NA,"batch8",8274,0.631188118811881,0.237316073184436,0.796046971710997
"CHAMPS","local_self",0.2,NA,"batch8",8275,0.660891089108911,0.23029072143879,0.784679313444373
"CHAMPS","local_self",0.2,NA,"batch8",8276,0.663366336633663,0.25042328042328,0.797761121470148
"CHAMPS","local_self",0.2,NA,"batch8",8277,0.618811881188119,0.199387960829493,0.743030366184039
"CHAMPS","local_self",0.2,NA,"batch8",8278,0.628712871287129,0.193387978142077,0.741696297200754
"CHAMPS","local_self",0.2,NA,"batch8",8279,0.655940594059406,0.255222172204045,0.788770481230182
"CHAMPS","local_self",0.2,NA,"batch8",8280,0.653465346534653,0.223513645224172,0.757013104452363
"CHAMPS","local_self",0.2,NA,"batch8",8281,0.648514851485149,0.221712697664297,0.77451939874705
"CHAMPS","local_self",0.2,NA,"batch8",8282,0.633663366336634,0.24419839700832,0.751936959702415
"CHAMPS","local_self",0.2,NA,"batch8",8283,0.665841584158416,0.234015984015984,0.810631361984449
"CHAMPS","local_self",0.2,NA,"batch8",8284,0.646039603960396,0.219419531639263,0.763375159217832
"CHAMPS","local_self",0.2,NA,"batch8",8285,0.648514851485149,0.230813602694828,0.750253209450173
"CHAMPS","local_self",0.2,NA,"batch8",8286,0.586633663366337,0.160414072229141,0.663554956014713
"CHAMPS","local_self",0.2,NA,"batch8",8287,0.653465346534653,0.228104630044285,0.763673728005487
"CHAMPS","local_self",0.2,NA,"batch8",8288,0.673267326732673,0.244670270716408,0.785023384213245
"CHAMPS","local_self",0.2,NA,"batch8",8289,0.658415841584158,0.252315024789346,0.803583574155362
"CHAMPS","local_self",0.2,NA,"batch8",8290,0.665841584158416,0.245180432966474,0.782228397310924
"CHAMPS","local_self",0.2,NA,"batch8",8291,0.648514851485149,0.237414072404564,0.786649312715316
"CHAMPS","local_self",0.2,NA,"batch8",8292,0.623762376237624,0.20217760435729,0.744107284785963
"CHAMPS","local_self",0.2,NA,"batch8",8293,0.655940594059406,0.213593681301426,0.772202034864314
"CHAMPS","local_self",0.2,NA,"batch8",8294,0.633663366336634,0.196841931216931,0.743584614265629
"CHAMPS","local_self",0.2,NA,"batch8",8295,0.675742574257426,0.233200831236178,0.787311036091326
"CHAMPS","local_self",0.2,NA,"batch8",8296,0.638613861386139,0.216772875816993,0.748786894819647
"CHAMPS","local_self",0.2,NA,"batch8",8297,0.663366336633663,0.23310771334089,0.758334452297898
"CHAMPS","local_self",0.2,NA,"batch8",8298,0.628712871287129,0.200752519871672,0.718778135990873
"CHAMPS","local_self",0.2,NA,"batch8",8299,0.650990099009901,0.222818330548594,0.743346835484512
"CHAMPS","local_self",0.2,NA,"batch8",8300,0.670792079207921,0.247258466380356,0.794912533927614
"CHAMPS","local_self",0.2,NA,"batch8",8301,0.596534653465347,0.264555955360868,0.811402849597406
"CHAMPS","local_self",0.2,NA,"batch8",8302,0.618811881188119,0.187902131075755,0.696209132148007
"CHAMPS","local_self",0.2,NA,"batch8",8303,0.638613861386139,0.205612784772754,0.722486225774469
"CHAMPS","local_self",0.2,NA,"batch8",8304,0.650990099009901,0.213012553953048,0.762492713794443
"CHAMPS","local_self",0.2,NA,"batch8",8305,0.611386138613861,0.201812019106682,0.712392362335454
"CHAMPS","local_self",0.2,NA,"batch8",8306,0.623762376237624,0.252518115942029,0.80055676075404
"CHAMPS","local_self",0.2,NA,"batch8",8307,0.631188118811881,0.190161752661753,0.712147641219456
"CHAMPS","local_self",0.2,NA,"batch8",8308,0.636138613861386,0.182835820895522,0.703934824095232
"CHAMPS","local_self",0.2,NA,"batch8",8309,0.665841584158416,0.243042057978732,0.78022926041668
"CHAMPS","local_self",0.2,NA,"batch8",8310,0.646039603960396,0.226260964912281,0.775534549713642
"CHAMPS","local_self",0.2,NA,"batch8",8311,0.650990099009901,0.236390853295513,0.762641508529159
"CHAMPS","local_self",0.2,NA,"batch8",8312,0.665841584158416,0.231801084378177,0.779006789854352
"CHAMPS","local_self",0.2,NA,"batch8",8313,0.655940594059406,0.238868634259259,0.767910340497229
"CHAMPS","local_self",0.2,NA,"batch8",8314,0.673267326732673,0.220765611134464,0.776934965042331
"CHAMPS","local_self",0.2,NA,"batch8",8315,0.628712871287129,0.19415315626078,0.717487294409722
"CHAMPS","local_self",0.2,NA,"batch8",8316,0.623762376237624,0.22560817805383,0.727853394458603
"CHAMPS","local_self",0.2,NA,"batch8",8317,0.653465346534653,0.236453201970443,0.766135329474258
"CHAMPS","local_self",0.2,NA,"batch8",8318,0.653465346534653,0.20328659942918,0.765514260658413
"CHAMPS","local_self",0.2,NA,"batch8",8319,0.636138613861386,0.206599417052957,0.746724411807718
"CHAMPS","local_self",0.2,NA,"batch8",8320,0.650990099009901,0.221499202561082,0.788145820164338
"CHAMPS","local_self",0.2,NA,"batch8",8321,0.638613861386139,0.221232688879748,0.778357404033889
"CHAMPS","local_self",0.2,NA,"batch8",8322,0.643564356435644,0.228109901566731,0.765821892298695
"CHAMPS","local_self",0.2,NA,"batch8",8323,0.655940594059406,0.252297008547009,0.80588006053971
"CHAMPS","local_self",0.2,NA,"batch8",8324,0.633663366336634,0.201461988304094,0.751014352208155
"CHAMPS","local_self",0.2,NA,"batch8",8325,0.660891089108911,0.257635142013641,0.777566662007857
"CHAMPS","local_self",0.2,NA,"batch8",8326,0.636138613861386,0.212825410299943,0.767310702859882
"CHAMPS","local_self",0.2,NA,"batch8",8327,0.631188118811881,0.235579166100467,0.80029234395409
"CHAMPS","local_self",0.2,NA,"batch8",8328,0.663366336633663,0.227824513469466,0.765963574549236
"CHAMPS","local_self",0.2,NA,"batch8",8329,0.660891089108911,0.244448218599034,0.80509497391666
"CHAMPS","local_self",0.2,NA,"batch8",8330,0.660891089108911,0.240918537729146,0.763950912080008
"CHAMPS","local_self",0.2,NA,"batch8",8331,0.668316831683168,0.233317384370016,0.753079314786706
"CHAMPS","local_self",0.2,NA,"batch8",8332,0.646039603960396,0.227041243060062,0.775784125361247
"CHAMPS","local_self",0.2,NA,"batch8",8333,0.655940594059406,0.224619155354449,0.804230910546564
"CHAMPS","local_self",0.2,NA,"batch8",8334,0.646039603960396,0.22508085008085,0.760199359488305
"CHAMPS","local_self",0.2,NA,"batch8",8335,0.643564356435644,0.234580786529812,0.785879107369264
"CHAMPS","local_self",0.2,NA,"batch8",8336,0.636138613861386,0.234009791213181,0.778993246921917
"CHAMPS","local_self",0.2,NA,"batch8",8337,0.665841584158416,0.231693404333143,0.791291147411511
"CHAMPS","local_self",0.2,NA,"batch8",8338,0.665841584158416,0.215490443562928,0.762661738501795
"CHAMPS","local_self",0.2,NA,"batch8",8339,0.668316831683168,0.23534765944124,0.770552834724556
"CHAMPS","local_self",0.2,NA,"batch8",8340,0.663366336633663,0.245950401771223,0.811728696213374
"CHAMPS","local_self",0.2,NA,"batch8",8341,0.670792079207921,0.247083425049527,0.778929149292507
"CHAMPS","local_self",0.2,NA,"batch8",8342,0.665841584158416,0.221924267494608,0.761732119981858
"CHAMPS","local_self",0.2,NA,"batch8",8343,0.663366336633663,0.240813188051031,0.819228022978433
"CHAMPS","local_self",0.2,NA,"batch8",8344,0.643564356435644,0.216627763270676,0.778818566996369
"CHAMPS","local_self",0.2,NA,"batch8",8345,0.663366336633663,0.247241043765784,0.803794820466031
"CHAMPS","local_self",0.2,NA,"batch8",8346,0.646039603960396,0.239799554534145,0.772145493013492
"CHAMPS","local_self",0.2,NA,"batch8",8347,0.643564356435644,0.215658325439628,0.760713059189472
"CHAMPS","local_self",0.2,NA,"batch8",8348,0.631188118811881,0.189213564213564,0.718733608844326
"CHAMPS","local_self",0.2,NA,"batch8",8349,0.633663366336634,0.206377542229293,0.750059401822341
"CHAMPS","local_self",0.2,NA,"batch8",8350,0.636138613861386,0.23010101010101,0.789366695802827
"CHAMPS","local_self",0.2,NA,"batch8",8351,0.660891089108911,0.223865631286921,0.771603190880144
"CHAMPS","local_self",0.2,NA,"batch8",8352,0.643564356435644,0.215737650617469,0.750823523770638
"CHAMPS","local_self",0.2,NA,"batch8",8353,0.658415841584158,0.25454948420374,0.800803261893847
"CHAMPS","local_self",0.2,NA,"batch8",8354,0.675742574257426,0.256326370989438,0.812478364401719
"CHAMPS","local_self",0.2,NA,"batch8",8355,0.616336633663366,0.203628840200048,0.755668582082553
"CHAMPS","local_self",0.2,NA,"batch8",8356,0.618811881188119,0.222420195954488,0.783688757341624
"CHAMPS","local_self",0.2,NA,"batch8",8357,0.653465346534653,0.225533717383938,0.759722555910868
"CHAMPS","local_self",0.2,NA,"batch8",8358,0.646039603960396,0.229330156950673,0.774040580018302
"CHAMPS","local_self",0.2,NA,"batch8",8359,0.665841584158416,0.243653463100142,0.790402431658425
"CHAMPS","local_self",0.2,NA,"batch8",8360,0.636138613861386,0.213320992732757,0.730110912008683
"CHAMPS","local_self",0.2,NA,"batch8",8361,0.606435643564356,0.189960083304408,0.724390062235542
"CHAMPS","local_self",0.2,NA,"batch8",8362,0.670792079207921,0.259787068790744,0.804657011554998
"CHAMPS","local_self",0.2,NA,"batch8",8363,0.653465346534653,0.219281128707358,0.774919758365009
"CHAMPS","local_self",0.2,NA,"batch8",8364,0.655940594059406,0.251542671682366,0.81623444034386
"CHAMPS","local_self",0.2,NA,"batch8",8365,0.641089108910891,0.223769577890153,0.78269131216379
"CHAMPS","local_self",0.2,NA,"batch8",8366,0.626237623762376,0.210046670270353,0.753917585364168
"CHAMPS","local_self",0.2,NA,"batch8",8367,0.641089108910891,0.268641652465182,0.799363649399184
"CHAMPS","local_self",0.2,NA,"batch8",8368,0.641089108910891,0.224115728021978,0.762649831761167
"CHAMPS","local_self",0.2,NA,"batch8",8369,0.663366336633663,0.265062335027224,0.840460075279995
"CHAMPS","local_self",0.2,NA,"batch8",8370,0.675742574257426,0.262244562168228,0.816232980500065
"CHAMPS","local_self",0.2,NA,"batch8",8371,0.673267326732673,0.267358511818119,0.770550578039432
"CHAMPS","local_self",0.2,NA,"batch8",8372,0.636138613861386,0.225216240241816,0.789030333982579
"CHAMPS","local_self",0.2,NA,"batch8",8373,0.663366336633663,0.24831424811824,0.786935109934741
"CHAMPS","local_self",0.2,NA,"batch8",8374,0.623762376237624,0.213376084699614,0.718398442041067
"CHAMPS","local_self",0.2,NA,"batch8",8375,0.688118811881188,0.24484482240906,0.788892866457446
"CHAMPS","local_self",0.2,NA,"batch8",8376,0.636138613861386,0.226569365976146,0.746248909601382
"CHAMPS","local_self",0.2,NA,"batch8",8377,0.650990099009901,0.201487445414847,0.732812467716622
"CHAMPS","local_self",0.2,NA,"batch8",8378,0.641089108910891,0.212403076274758,0.75010032329473
"CHAMPS","local_self",0.2,NA,"batch8",8379,0.643564356435644,0.240623282967033,0.812996943280088
"CHAMPS","local_self",0.2,NA,"batch8",8380,0.613861386138614,0.178068778566566,0.720253712521313
"CHAMPS","local_self",0.2,NA,"batch8",8381,0.660891089108911,0.257903660349313,0.815636225459445
"CHAMPS","local_self",0.2,NA,"batch8",8382,0.650990099009901,0.214474969474969,0.766191519289208
"CHAMPS","local_self",0.2,NA,"batch8",8383,0.601485148514851,0.205804724990772,0.736068846081281
"CHAMPS","local_self",0.2,NA,"batch8",8384,0.658415841584158,0.233342006145307,0.754797522307391
"CHAMPS","local_self",0.2,NA,"batch8",8385,0.621287128712871,0.189444444444444,0.742473108937982
"CHAMPS","local_self",0.2,NA,"batch8",8386,0.653465346534653,0.230564884355732,0.766871122056506
"CHAMPS","local_self",0.2,NA,"batch8",8387,0.594059405940594,0.17562545901587,0.715371183404671
"CHAMPS","local_self",0.2,NA,"batch8",8388,0.653465346534653,0.241944640028164,0.771515784371377
"CHAMPS","local_self",0.2,NA,"batch8",8389,0.655940594059406,0.251177536231884,0.805451070948229
"CHAMPS","local_self",0.2,NA,"batch8",8390,0.646039603960396,0.216486276174307,0.747485554090754
"CHAMPS","local_self",0.2,NA,"batch8",8391,0.638613861386139,0.198380788035663,0.734848136527674
"CHAMPS","local_self",0.2,NA,"batch8",8392,0.648514851485149,0.221747403355333,0.786279715075948
"CHAMPS","local_self",0.2,NA,"batch8",8393,0.618811881188119,0.220224056603774,0.748058225882127
"CHAMPS","local_self",0.2,NA,"batch8",8394,0.648514851485149,0.202074835644705,0.745151700303532
"CHAMPS","local_self",0.2,NA,"batch8",8395,0.665841584158416,0.222656986056152,0.752387398977741
"CHAMPS","local_self",0.2,NA,"batch8",8396,0.663366336633663,0.221611721611722,0.77435866733621
"CHAMPS","local_self",0.2,NA,"batch8",8397,0.633663366336634,0.218620705315984,0.766748210414936
"CHAMPS","local_self",0.2,NA,"batch8",8398,0.650990099009901,0.198645759087669,0.715993517097598
"CHAMPS","local_self",0.2,NA,"batch8",8399,0.648514851485149,0.219397712120445,0.748371003390752
"CHAMPS","local_self",0.2,NA,"batch8",8400,0.638613861386139,0.210176194797338,0.745556642187183
"CHAMPS","local_self",0.2,NA,"batch8",8401,0.670792079207921,0.254985738513722,0.805000818426711
"CHAMPS","local_self",0.2,NA,"batch8",8402,0.668316831683168,0.266056559927528,0.816115508101404
"CHAMPS","local_self",0.2,NA,"batch8",8403,0.636138613861386,0.213935103271467,0.753946756862113
"CHAMPS","local_self",0.2,NA,"batch8",8404,0.638613861386139,0.242656036773684,0.785818143398428
"CHAMPS","local_self",0.2,NA,"batch8",8405,0.626237623762376,0.251942717426412,0.800731418210002
"CHAMPS","local_self",0.2,NA,"batch8",8406,0.626237623762376,0.198743933771053,0.713111356774592
"CHAMPS","local_self",0.2,NA,"batch8",8407,0.646039603960396,0.238998633317322,0.798348628940671
"CHAMPS","local_self",0.2,NA,"batch8",8408,0.685643564356436,0.247526653723006,0.792820904215582
"CHAMPS","local_self",0.2,NA,"batch8",8409,0.633663366336634,0.186220615736034,0.706051952986697
"CHAMPS","local_self",0.2,NA,"batch8",8410,0.668316831683168,0.261346726190476,0.788325976979017
"CHAMPS","local_self",0.2,NA,"batch8",8411,0.606435643564356,0.184887023217247,0.737469120915118
"CHAMPS","local_self",0.2,NA,"batch8",8412,0.643564356435644,0.216048423590338,0.751904058495989
"CHAMPS","local_self",0.2,NA,"batch8",8413,0.616336633663366,0.195415567761101,0.708832174363025
"CHAMPS","local_self",0.2,NA,"batch8",8414,0.633663366336634,0.1870670995671,0.716847295589396
"CHAMPS","local_self",0.2,NA,"batch8",8415,0.660891089108911,0.237199476606256,0.767452813767175
"CHAMPS","local_self",0.2,NA,"batch8",8416,0.653465346534653,0.220564397288535,0.758514062663011
"CHAMPS","local_self",0.2,NA,"batch8",8417,0.643564356435644,0.223491379310345,0.753960734976754
"CHAMPS","local_self",0.2,NA,"batch8",8418,0.631188118811881,0.212049808429119,0.737484625628405
"CHAMPS","local_self",0.2,NA,"batch8",8419,0.668316831683168,0.269588271426507,0.80193140109907
"CHAMPS","local_self",0.2,NA,"batch8",8420,0.623762376237624,0.189088117697759,0.723420928474213
"CHAMPS","local_self",0.2,NA,"batch8",8421,0.618811881188119,0.230477657935285,0.778321316393388
"CHAMPS","local_self",0.2,NA,"batch8",8422,0.643564356435644,0.250490737332843,0.778797361376376
"CHAMPS","local_self",0.2,NA,"batch8",8423,0.653465346534653,0.21711079943899,0.759409953171216
"CHAMPS","local_self",0.2,NA,"batch8",8424,0.653465346534653,0.252820972886762,0.790146536657383
"CHAMPS","local_self",0.2,NA,"batch8",8425,0.616336633663366,0.232915185974887,0.743640672223771
"CHAMPS","local_self",0.2,NA,"batch8",8426,0.663366336633663,0.219070512820513,0.759357428305912
"CHAMPS","local_self",0.2,NA,"batch8",8427,0.638613861386139,0.216190209267564,0.738735927045901
"CHAMPS","local_self",0.2,NA,"batch8",8428,0.643564356435644,0.219480811950115,0.758123289309225
"CHAMPS","local_self",0.2,NA,"batch8",8429,0.631188118811881,0.268019636015326,0.818105487348014
"CHAMPS","local_self",0.2,NA,"batch8",8430,0.650990099009901,0.213310708445556,0.754752950477775
"CHAMPS","local_self",0.2,NA,"batch8",8431,0.650990099009901,0.226662112932605,0.744535215983047
"CHAMPS","local_self",0.2,NA,"batch8",8432,0.643564356435644,0.21023254023254,0.77981816267039
"CHAMPS","local_self",0.2,NA,"batch8",8433,0.611386138613861,0.176604001379786,0.746995289407948
"CHAMPS","local_self",0.2,NA,"batch8",8434,0.655940594059406,0.22433836722488,0.750156855347779
"CHAMPS","local_self",0.2,NA,"batch8",8435,0.663366336633663,0.230190554126724,0.749684965709835
"CHAMPS","local_self",0.2,NA,"batch8",8436,0.658415841584158,0.238615951081596,0.791455528543351
"CHAMPS","local_self",0.2,NA,"batch8",8437,0.623762376237624,0.213963004484305,0.767091421653491
"CHAMPS","local_self",0.2,NA,"batch8",8438,0.658415841584158,0.215969471168962,0.754275615020106
"CHAMPS","local_self",0.2,NA,"batch8",8439,0.641089108910891,0.234373765760292,0.780480597058527
"CHAMPS","local_self",0.2,NA,"batch8",8440,0.650990099009901,0.205716615256089,0.74731180014274
"CHAMPS","local_self",0.2,NA,"batch8",8441,0.628712871287129,0.222967118591242,0.779224284574383
"CHAMPS","local_self",0.2,NA,"batch8",8442,0.658415841584158,0.224323309100246,0.763318263382045
"CHAMPS","local_self",0.2,NA,"batch8",8443,0.611386138613861,0.182443063693064,0.728305456752001
"CHAMPS","local_self",0.2,NA,"batch8",8444,0.660891089108911,0.241663850765925,0.779989355125182
"CHAMPS","local_self",0.2,NA,"batch8",8445,0.648514851485149,0.216645622895623,0.752106323223081
"CHAMPS","local_self",0.2,NA,"batch8",8446,0.636138613861386,0.215940170940171,0.764945037839675
"CHAMPS","local_self",0.2,NA,"batch8",8447,0.621287128712871,0.205569440797289,0.749024949694052
"CHAMPS","local_self",0.2,NA,"batch8",8448,0.678217821782178,0.242895299145299,0.79406506452514
"CHAMPS","local_self",0.2,NA,"batch8",8449,0.658415841584158,0.221735443753533,0.778611442220361
"CHAMPS","local_self",0.2,NA,"batch8",8450,0.650990099009901,0.219144570707071,0.760065858004189
"CHAMPS","local_self",0.2,NA,"batch8",8451,0.633663366336634,0.203114990390775,0.736876059850901
"CHAMPS","local_self",0.2,NA,"batch8",8452,0.571782178217822,0.165682158562233,0.67992121982783
"CHAMPS","local_self",0.2,NA,"batch8",8453,0.631188118811881,0.237151302168465,0.756235853669419
"CHAMPS","local_self",0.2,NA,"batch8",8454,0.658415841584158,0.225195569828722,0.756660440061037
"CHAMPS","local_self",0.2,NA,"batch8",8455,0.626237623762376,0.185149316805184,0.750416928923458
"CHAMPS","local_self",0.2,NA,"batch8",8456,0.641089108910891,0.200862701908957,0.752407397511041
"CHAMPS","local_self",0.2,NA,"batch8",8457,0.655940594059406,0.225512335862095,0.758910759294161
"CHAMPS","local_self",0.2,NA,"batch8",8458,0.641089108910891,0.218116509789946,0.803076963128003
"CHAMPS","local_self",0.2,NA,"batch8",8459,0.638613861386139,0.226594129554656,0.762685040454434
"CHAMPS","local_self",0.2,NA,"batch8",8460,0.626237623762376,0.199564104226082,0.766093443771913
"CHAMPS","local_self",0.2,NA,"batch8",8461,0.623762376237624,0.193897591216696,0.743284045130815
"CHAMPS","local_self",0.2,NA,"batch8",8462,0.670792079207921,0.248759057021769,0.786316529649964
"CHAMPS","local_self",0.2,NA,"batch8",8463,0.636138613861386,0.225122069554417,0.764945340311049
"CHAMPS","local_self",0.2,NA,"batch8",8464,0.658415841584158,0.25141082805319,0.794127043031556
"CHAMPS","local_self",0.2,NA,"batch8",8465,0.638613861386139,0.214327463766926,0.753137350670603
"CHAMPS","local_self",0.2,NA,"batch8",8466,0.665841584158416,0.225077036888711,0.782921925426374
"CHAMPS","local_self",0.2,NA,"batch8",8467,0.675742574257426,0.252594500545852,0.799696506381728
"CHAMPS","local_self",0.2,NA,"batch8",8468,0.643564356435644,0.207240143369176,0.756043436512261
"CHAMPS","local_self",0.2,NA,"batch8",8469,0.638613861386139,0.213629271792818,0.737628776626954
"CHAMPS","local_self",0.2,NA,"batch8",8470,0.638613861386139,0.235366379310345,0.768365505097211
"CHAMPS","local_self",0.2,NA,"batch8",8471,0.655940594059406,0.210969092398057,0.742351039804246
"CHAMPS","local_self",0.2,NA,"batch8",8472,0.633663366336634,0.221418446418446,0.750763091452764
"CHAMPS","local_self",0.2,NA,"batch8",8473,0.648514851485149,0.194048516100918,0.726570087145015
"CHAMPS","local_self",0.2,NA,"batch8",8474,0.660891089108911,0.240158306448966,0.764525563809198
"CHAMPS","local_self",0.2,NA,"batch8",8475,0.680693069306931,0.278358446519525,0.79337523061521
"CHAMPS","local_self",0.2,NA,"batch8",8476,0.603960396039604,0.248098300672923,0.797542642080131
"CHAMPS","local_self",0.2,NA,"batch8",8477,0.650990099009901,0.236831920319824,0.77947526090602
"CHAMPS","local_self",0.2,NA,"batch8",8478,0.636138613861386,0.215470462278619,0.803204699667722
"CHAMPS","local_self",0.2,NA,"batch8",8479,0.638613861386139,0.21157601620136,0.750576566103747
"CHAMPS","local_self",0.2,NA,"batch8",8480,0.660891089108911,0.239911294352824,0.772720823405084
"CHAMPS","local_self",0.2,NA,"batch8",8481,0.646039603960396,0.219352285242291,0.760947047649938
"CHAMPS","local_self",0.2,NA,"batch8",8482,0.641089108910891,0.232353560893384,0.728224334877036
"CHAMPS","local_self",0.2,NA,"batch8",8483,0.668316831683168,0.232662623704699,0.77950864838767
"CHAMPS","local_self",0.2,NA,"batch8",8484,0.660891089108911,0.23052302224107,0.76078896844605
"CHAMPS","local_self",0.2,NA,"batch8",8485,0.606435643564356,0.225617523157846,0.775808380146145
"CHAMPS","local_self",0.2,NA,"batch8",8486,0.665841584158416,0.256892804775869,0.80460852314418
"CHAMPS","local_self",0.2,NA,"batch8",8487,0.655940594059406,0.263659358434075,0.786798089251276
"CHAMPS","local_self",0.2,NA,"batch8",8488,0.655940594059406,0.243006130717995,0.786436179447804
"CHAMPS","local_self",0.2,NA,"batch8",8489,0.673267326732673,0.27927302720781,0.815319979564584
"CHAMPS","local_self",0.2,NA,"batch8",8490,0.680693069306931,0.259833742312897,0.804689802329511
"CHAMPS","local_self",0.2,NA,"batch8",8491,0.670792079207921,0.227153434371524,0.774277057188335
"CHAMPS","local_self",0.2,NA,"batch8",8492,0.655940594059406,0.224389502682951,0.813675385687192
"CHAMPS","local_self",0.2,NA,"batch8",8493,0.628712871287129,0.21141592920354,0.768373408273713
"CHAMPS","local_self",0.2,NA,"batch8",8494,0.658415841584158,0.235526752059193,0.763816714446684
"CHAMPS","local_self",0.2,NA,"batch8",8495,0.641089108910891,0.210052665674936,0.762826756727196
"CHAMPS","local_self",0.2,NA,"batch8",8496,0.638613861386139,0.197757847533632,0.754957839781131
"CHAMPS","local_self",0.2,NA,"batch8",8497,0.655940594059406,0.218481552863436,0.762417256020749
"CHAMPS","local_self",0.2,NA,"batch8",8498,0.655940594059406,0.237418757209002,0.77173605361142
"CHAMPS","local_self",0.2,NA,"batch8",8499,0.636138613861386,0.2285360085444,0.747114808270035
"CHAMPS","local_self",0.2,NA,"batch8",8500,0.658415841584158,0.220133655107094,0.762459158989509
"CHAMPS","local_self",0.4,NA,"batch8",8001,0.6996699669967,0.264560185185185,0.808190552290297
"CHAMPS","local_self",0.4,NA,"batch8",8002,0.673267326732673,0.240521610250526,0.789731714138512
"CHAMPS","local_self",0.4,NA,"batch8",8003,0.673267326732673,0.238852184637068,0.784989273083842
"CHAMPS","local_self",0.4,NA,"batch8",8004,0.683168316831683,0.244411435511526,0.769109179812761
"CHAMPS","local_self",0.4,NA,"batch8",8005,0.67986798679868,0.262310434849855,0.798574700353658
"CHAMPS","local_self",0.4,NA,"batch8",8006,0.663366336633663,0.265684348546191,0.819992971795657
"CHAMPS","local_self",0.4,NA,"batch8",8007,0.62046204620462,0.214546880523153,0.757795145667747
"CHAMPS","local_self",0.4,NA,"batch8",8008,0.653465346534653,0.239284860438707,0.789071977164263
"CHAMPS","local_self",0.4,NA,"batch8",8009,0.663366336633663,0.228965880610617,0.776603391671788
"CHAMPS","local_self",0.4,NA,"batch8",8010,0.643564356435644,0.237699480641167,0.79647623241224
"CHAMPS","local_self",0.4,NA,"batch8",8011,0.617161716171617,0.211590253432661,0.756779083285359
"CHAMPS","local_self",0.4,NA,"batch8",8012,0.706270627062706,0.268337057808318,0.810831928947534
"CHAMPS","local_self",0.4,NA,"batch8",8013,0.676567656765677,0.265811128526646,0.807439891925368
"CHAMPS","local_self",0.4,NA,"batch8",8014,0.686468646864686,0.273276961706413,0.806833148146806
"CHAMPS","local_self",0.4,NA,"batch8",8015,0.656765676567657,0.239199071400416,0.80613101993992
"CHAMPS","local_self",0.4,NA,"batch8",8016,0.656765676567657,0.274285009861933,0.825766749986142
"CHAMPS","local_self",0.4,NA,"batch8",8017,0.696369636963696,0.264413631832043,0.839033978898637
"CHAMPS","local_self",0.4,NA,"batch8",8018,0.66996699669967,0.256535708583897,0.810672775610968
"CHAMPS","local_self",0.4,NA,"batch8",8019,0.65016501650165,0.244621894979562,0.791668359617708
"CHAMPS","local_self",0.4,NA,"batch8",8020,0.68976897689769,0.26332603577568,0.782384346240287
"CHAMPS","local_self",0.4,NA,"batch8",8021,0.66996699669967,0.252136176513072,0.820068506259126
"CHAMPS","local_self",0.4,NA,"batch8",8022,0.633663366336634,0.206835511982571,0.768763211940229
"CHAMPS","local_self",0.4,NA,"batch8",8023,0.610561056105611,0.23261960765295,0.817815055071096
"CHAMPS","local_self",0.4,NA,"batch8",8024,0.64026402640264,0.256963340891912,0.811059082610143
"CHAMPS","local_self",0.4,NA,"batch8",8025,0.646864686468647,0.230829831932773,0.785361726232993
"CHAMPS","local_self",0.4,NA,"batch8",8026,0.66996699669967,0.241285959463877,0.790973654365929
"CHAMPS","local_self",0.4,NA,"batch8",8027,0.656765676567657,0.25611458021944,0.828627039905099
"CHAMPS","local_self",0.4,NA,"batch8",8028,0.617161716171617,0.231029113410428,0.792622338068954
"CHAMPS","local_self",0.4,NA,"batch8",8029,0.65016501650165,0.244358191828903,0.808468170980332
"CHAMPS","local_self",0.4,NA,"batch8",8030,0.663366336633663,0.246081970800016,0.812256252934819
"CHAMPS","local_self",0.4,NA,"batch8",8031,0.663366336633663,0.235159258488778,0.783973758869259
"CHAMPS","local_self",0.4,NA,"batch8",8032,0.656765676567657,0.247668650793651,0.794071275481382
"CHAMPS","local_self",0.4,NA,"batch8",8033,0.683168316831683,0.269558681155969,0.822764341076777
"CHAMPS","local_self",0.4,NA,"batch8",8034,0.656765676567657,0.257328003875969,0.862834258798687
"CHAMPS","local_self",0.4,NA,"batch8",8035,0.653465346534653,0.254395392416226,0.811719561150716
"CHAMPS","local_self",0.4,NA,"batch8",8036,0.66996699669967,0.276486299648064,0.823193203583088
"CHAMPS","local_self",0.4,NA,"batch8",8037,0.66996699669967,0.284488795518207,0.788981748984279
"CHAMPS","local_self",0.4,NA,"batch8",8038,0.66006600660066,0.245567038268015,0.80976058078588
"CHAMPS","local_self",0.4,NA,"batch8",8039,0.65016501650165,0.2418626487195,0.804970116241104
"CHAMPS","local_self",0.4,NA,"batch8",8040,0.686468646864686,0.25255857898715,0.817193215841645
"CHAMPS","local_self",0.4,NA,"batch8",8041,0.67986798679868,0.278653955861521,0.822584130373416
"CHAMPS","local_self",0.4,NA,"batch8",8042,0.693069306930693,0.274344494711355,0.85319405482041
"CHAMPS","local_self",0.4,NA,"batch8",8043,0.643564356435644,0.218557807956055,0.766648400614994
"CHAMPS","local_self",0.4,NA,"batch8",8044,0.68976897689769,0.252521043173973,0.786872148360109
"CHAMPS","local_self",0.4,NA,"batch8",8045,0.663366336633663,0.239337287006779,0.804691661963088
"CHAMPS","local_self",0.4,NA,"batch8",8046,0.67986798679868,0.250079431438127,0.790507022868941
"CHAMPS","local_self",0.4,NA,"batch8",8047,0.666666666666667,0.262131340622961,0.823362175081756
"CHAMPS","local_self",0.4,NA,"batch8",8048,0.656765676567657,0.25109819121447,0.795939795994712
"CHAMPS","local_self",0.4,NA,"batch8",8049,0.676567656765677,0.252896152894607,0.825702848921679
"CHAMPS","local_self",0.4,NA,"batch8",8050,0.663366336633663,0.27421788482835,0.843453152979206
"CHAMPS","local_self",0.4,NA,"batch8",8051,0.653465346534653,0.262032639142614,0.815694512891209
"CHAMPS","local_self",0.4,NA,"batch8",8052,0.63036303630363,0.238576951995394,0.787409161778585
"CHAMPS","local_self",0.4,NA,"batch8",8053,0.613861386138614,0.250514505655635,0.822928834243477
"CHAMPS","local_self",0.4,NA,"batch8",8054,0.633663366336634,0.255100658149439,0.828111576437216
"CHAMPS","local_self",0.4,NA,"batch8",8055,0.663366336633663,0.286673273553986,0.820517302286279
"CHAMPS","local_self",0.4,NA,"batch8",8056,0.65016501650165,0.27829754601227,0.815843987841341
"CHAMPS","local_self",0.4,NA,"batch8",8057,0.676567656765677,0.263723412380189,0.807306530618389
"CHAMPS","local_self",0.4,NA,"batch8",8058,0.646864686468647,0.229349415204678,0.788025548552964
"CHAMPS","local_self",0.4,NA,"batch8",8059,0.66006600660066,0.229668045369265,0.769535036167936
"CHAMPS","local_self",0.4,NA,"batch8",8060,0.646864686468647,0.265598026717659,0.827136358975844
"CHAMPS","local_self",0.4,NA,"batch8",8061,0.646864686468647,0.243402592597931,0.800567679345414
"CHAMPS","local_self",0.4,NA,"batch8",8062,0.67986798679868,0.29343284030784,0.832020202687446
"CHAMPS","local_self",0.4,NA,"batch8",8063,0.663366336633663,0.261831093156133,0.799789745997682
"CHAMPS","local_self",0.4,NA,"batch8",8064,0.68976897689769,0.270530231829574,0.814107854864507
"CHAMPS","local_self",0.4,NA,"batch8",8065,0.66006600660066,0.260982099661345,0.824334792012194
"CHAMPS","local_self",0.4,NA,"batch8",8066,0.676567656765677,0.227336956521739,0.782732369065104
"CHAMPS","local_self",0.4,NA,"batch8",8067,0.656765676567657,0.238335204771564,0.789703183571251
"CHAMPS","local_self",0.4,NA,"batch8",8068,0.683168316831683,0.242011991499696,0.814236136182221
"CHAMPS","local_self",0.4,NA,"batch8",8069,0.693069306930693,0.268523430592396,0.804206853877945
"CHAMPS","local_self",0.4,NA,"batch8",8070,0.65016501650165,0.255949603618977,0.811427015451168
"CHAMPS","local_self",0.4,NA,"batch8",8071,0.68976897689769,0.266942905796879,0.808086794085359
"CHAMPS","local_self",0.4,NA,"batch8",8072,0.66006600660066,0.249588459785828,0.800926303803995
"CHAMPS","local_self",0.4,NA,"batch8",8073,0.643564356435644,0.243113326321158,0.816892218463754
"CHAMPS","local_self",0.4,NA,"batch8",8074,0.686468646864686,0.236101233165989,0.776441213678033
"CHAMPS","local_self",0.4,NA,"batch8",8075,0.696369636963696,0.266226601146981,0.819336999774771
"CHAMPS","local_self",0.4,NA,"batch8",8076,0.686468646864686,0.266822532795624,0.787506241134051
"CHAMPS","local_self",0.4,NA,"batch8",8077,0.623762376237624,0.217742954897863,0.760334043448046
"CHAMPS","local_self",0.4,NA,"batch8",8078,0.646864686468647,0.234861994730416,0.802463091338076
"CHAMPS","local_self",0.4,NA,"batch8",8079,0.663366336633663,0.264909364308575,0.804027774210841
"CHAMPS","local_self",0.4,NA,"batch8",8080,0.66996699669967,0.245148358965117,0.797460989945701
"CHAMPS","local_self",0.4,NA,"batch8",8081,0.663366336633663,0.262569573283859,0.804068485236093
"CHAMPS","local_self",0.4,NA,"batch8",8082,0.67986798679868,0.246366149456037,0.779744903202112
"CHAMPS","local_self",0.4,NA,"batch8",8083,0.646864686468647,0.251380522088353,0.804841356605029
"CHAMPS","local_self",0.4,NA,"batch8",8084,0.70957095709571,0.276135192039082,0.866624777967922
"CHAMPS","local_self",0.4,NA,"batch8",8085,0.66006600660066,0.231974263693917,0.773630820319826
"CHAMPS","local_self",0.4,NA,"batch8",8086,0.663366336633663,0.237454405444132,0.772879735668934
"CHAMPS","local_self",0.4,NA,"batch8",8087,0.6996699669967,0.255971342560013,0.805099561163797
"CHAMPS","local_self",0.4,NA,"batch8",8088,0.696369636963696,0.272302292684229,0.826491173705636
"CHAMPS","local_self",0.4,NA,"batch8",8089,0.673267326732673,0.245854949025681,0.795238870767492
"CHAMPS","local_self",0.4,NA,"batch8",8090,0.683168316831683,0.244585580855866,0.82017947716137
"CHAMPS","local_self",0.4,NA,"batch8",8091,0.656765676567657,0.244724123916501,0.790953603695205
"CHAMPS","local_self",0.4,NA,"batch8",8092,0.65016501650165,0.206567045891015,0.765586346283907
"CHAMPS","local_self",0.4,NA,"batch8",8093,0.643564356435644,0.221893451422437,0.784153851395083
"CHAMPS","local_self",0.4,NA,"batch8",8094,0.636963696369637,0.239307234751608,0.786642436257019
"CHAMPS","local_self",0.4,NA,"batch8",8095,0.643564356435644,0.244060014740162,0.797243294502578
"CHAMPS","local_self",0.4,NA,"batch8",8096,0.693069306930693,0.243595512613699,0.794472200565673
"CHAMPS","local_self",0.4,NA,"batch8",8097,0.666666666666667,0.270950866618045,0.839295759227606
"CHAMPS","local_self",0.4,NA,"batch8",8098,0.64026402640264,0.245583470872303,0.776649015363781
"CHAMPS","local_self",0.4,NA,"batch8",8099,0.653465346534653,0.259397764573155,0.839035751289885
"CHAMPS","local_self",0.4,NA,"batch8",8100,0.64026402640264,0.24095398392448,0.808451965776542
"CHAMPS","local_self",0.4,NA,"batch8",8101,0.66996699669967,0.252838396124,0.789058939953787
"CHAMPS","local_self",0.4,NA,"batch8",8102,0.67986798679868,0.262944279549254,0.809269437278393
"CHAMPS","local_self",0.4,NA,"batch8",8103,0.676567656765677,0.242821698968108,0.788019204032713
"CHAMPS","local_self",0.4,NA,"batch8",8104,0.66996699669967,0.247924938751373,0.798496602636505
"CHAMPS","local_self",0.4,NA,"batch8",8105,0.66996699669967,0.226483388326317,0.802932190489405
"CHAMPS","local_self",0.4,NA,"batch8",8106,0.653465346534653,0.264905924230867,0.80268320521795
"CHAMPS","local_self",0.4,NA,"batch8",8107,0.666666666666667,0.241908586305138,0.785341503641339
"CHAMPS","local_self",0.4,NA,"batch8",8108,0.683168316831683,0.266235058515881,0.788550760466137
"CHAMPS","local_self",0.4,NA,"batch8",8109,0.66996699669967,0.249744098266266,0.822754877094139
"CHAMPS","local_self",0.4,NA,"batch8",8110,0.653465346534653,0.249823613931081,0.816978376710887
"CHAMPS","local_self",0.4,NA,"batch8",8111,0.663366336633663,0.261523419792465,0.827534226068748
"CHAMPS","local_self",0.4,NA,"batch8",8112,0.643564356435644,0.216740207645116,0.768250737778662
"CHAMPS","local_self",0.4,NA,"batch8",8113,0.67986798679868,0.291580823661388,0.840893007985115
"CHAMPS","local_self",0.4,NA,"batch8",8114,0.68976897689769,0.254537042089563,0.784547592073651
"CHAMPS","local_self",0.4,NA,"batch8",8115,0.693069306930693,0.304145807637428,0.873526365955645
"CHAMPS","local_self",0.4,NA,"batch8",8116,0.66996699669967,0.253007325362544,0.795970333952999
"CHAMPS","local_self",0.4,NA,"batch8",8117,0.683168316831683,0.26416514041514,0.82382552365661
"CHAMPS","local_self",0.4,NA,"batch8",8118,0.643564356435644,0.24765551567974,0.808176006188828
"CHAMPS","local_self",0.4,NA,"batch8",8119,0.676567656765677,0.257483766233766,0.799671839117567
"CHAMPS","local_self",0.4,NA,"batch8",8120,0.663366336633663,0.24904118514059,0.836116393618844
"CHAMPS","local_self",0.4,NA,"batch8",8121,0.646864686468647,0.241902899967416,0.755637417743485
"CHAMPS","local_self",0.4,NA,"batch8",8122,0.673267326732673,0.267571059431525,0.810353132952658
"CHAMPS","local_self",0.4,NA,"batch8",8123,0.646864686468647,0.280732288544789,0.827976786987152
"CHAMPS","local_self",0.4,NA,"batch8",8124,0.643564356435644,0.248178417708547,0.81213424678143
"CHAMPS","local_self",0.4,NA,"batch8",8125,0.6996699669967,0.284804102186195,0.843569980104267
"CHAMPS","local_self",0.4,NA,"batch8",8126,0.676567656765677,0.272604588394062,0.820473469268915
"CHAMPS","local_self",0.4,NA,"batch8",8127,0.686468646864686,0.268476786242937,0.821606824492638
"CHAMPS","local_self",0.4,NA,"batch8",8128,0.653465346534653,0.233649447323884,0.772708479271006
"CHAMPS","local_self",0.4,NA,"batch8",8129,0.706270627062706,0.251821674615792,0.808980383185364
"CHAMPS","local_self",0.4,NA,"batch8",8130,0.66006600660066,0.240966313732905,0.801100816195142
"CHAMPS","local_self",0.4,NA,"batch8",8131,0.66996699669967,0.245307324254693,0.827046231963517
"CHAMPS","local_self",0.4,NA,"batch8",8132,0.686468646864686,0.268102104347486,0.81000368851044
"CHAMPS","local_self",0.4,NA,"batch8",8133,0.67986798679868,0.288455708370305,0.845487995712189
"CHAMPS","local_self",0.4,NA,"batch8",8134,0.683168316831683,0.286423338566196,0.844702873618399
"CHAMPS","local_self",0.4,NA,"batch8",8135,0.67986798679868,0.260069508016635,0.803144511415881
"CHAMPS","local_self",0.4,NA,"batch8",8136,0.693069306930693,0.27222132034632,0.81873794929828
"CHAMPS","local_self",0.4,NA,"batch8",8137,0.66996699669967,0.247198781512472,0.816724411823683
"CHAMPS","local_self",0.4,NA,"batch8",8138,0.67986798679868,0.247870727238264,0.79240644235735
"CHAMPS","local_self",0.4,NA,"batch8",8139,0.643564356435644,0.230847953216374,0.793688671306715
"CHAMPS","local_self",0.4,NA,"batch8",8140,0.686468646864686,0.254343702492017,0.803243626595952
"CHAMPS","local_self",0.4,NA,"batch8",8141,0.666666666666667,0.243504120148857,0.778487147401933
"CHAMPS","local_self",0.4,NA,"batch8",8142,0.663366336633663,0.238839285714286,0.794452071955428
"CHAMPS","local_self",0.4,NA,"batch8",8143,0.656765676567657,0.243607954545455,0.777118127681312
"CHAMPS","local_self",0.4,NA,"batch8",8144,0.66006600660066,0.240783298826777,0.796810412146547
"CHAMPS","local_self",0.4,NA,"batch8",8145,0.666666666666667,0.276531385281385,0.829860176706153
"CHAMPS","local_self",0.4,NA,"batch8",8146,0.67986798679868,0.267897846630422,0.825279832638682
"CHAMPS","local_self",0.4,NA,"batch8",8147,0.656765676567657,0.249109641104274,0.793152735545482
"CHAMPS","local_self",0.4,NA,"batch8",8148,0.610561056105611,0.23760846534154,0.810604205185455
"CHAMPS","local_self",0.4,NA,"batch8",8149,0.712871287128713,0.23718112244898,0.812474838234772
"CHAMPS","local_self",0.4,NA,"batch8",8150,0.663366336633663,0.257241367960238,0.781902567395535
"CHAMPS","local_self",0.4,NA,"batch8",8151,0.65016501650165,0.232785427423982,0.815669285555579
"CHAMPS","local_self",0.4,NA,"batch8",8152,0.666666666666667,0.250235304899086,0.773929702480926
"CHAMPS","local_self",0.4,NA,"batch8",8153,0.67986798679868,0.248151365145739,0.804210835206581
"CHAMPS","local_self",0.4,NA,"batch8",8154,0.646864686468647,0.255313241425784,0.809243019903867
"CHAMPS","local_self",0.4,NA,"batch8",8155,0.66006600660066,0.252184394142225,0.813915015074756
"CHAMPS","local_self",0.4,NA,"batch8",8156,0.66996699669967,0.258966406889435,0.834107319774329
"CHAMPS","local_self",0.4,NA,"batch8",8157,0.643564356435644,0.253221034548578,0.825216416038029
"CHAMPS","local_self",0.4,NA,"batch8",8158,0.663366336633663,0.258377639517345,0.812031907892126
"CHAMPS","local_self",0.4,NA,"batch8",8159,0.643564356435644,0.270332254085723,0.80681789726738
"CHAMPS","local_self",0.4,NA,"batch8",8160,0.683168316831683,0.260683098381665,0.803569760480217
"CHAMPS","local_self",0.4,NA,"batch8",8161,0.65016501650165,0.248355864084764,0.817748204185015
"CHAMPS","local_self",0.4,NA,"batch8",8162,0.66006600660066,0.265537875696994,0.817945295093638
"CHAMPS","local_self",0.4,NA,"batch8",8163,0.67986798679868,0.275766912869799,0.795695055038975
"CHAMPS","local_self",0.4,NA,"batch8",8164,0.696369636963696,0.246707345006617,0.80267320592626
"CHAMPS","local_self",0.4,NA,"batch8",8165,0.653465346534653,0.221819485909081,0.781137456996875
"CHAMPS","local_self",0.4,NA,"batch8",8166,0.66996699669967,0.249463601532567,0.782641365246765
"CHAMPS","local_self",0.4,NA,"batch8",8167,0.62046204620462,0.222713277061103,0.793864440260915
"CHAMPS","local_self",0.4,NA,"batch8",8168,0.666666666666667,0.248174334981064,0.799854489374874
"CHAMPS","local_self",0.4,NA,"batch8",8169,0.663366336633663,0.243567953497188,0.78243507217255
"CHAMPS","local_self",0.4,NA,"batch8",8170,0.65016501650165,0.244585408503314,0.787318732634355
"CHAMPS","local_self",0.4,NA,"batch8",8171,0.64026402640264,0.226504758529918,0.760530277269392
"CHAMPS","local_self",0.4,NA,"batch8",8172,0.65016501650165,0.25462885914831,0.827971682769065
"CHAMPS","local_self",0.4,NA,"batch8",8173,0.67986798679868,0.255107376283847,0.813323721421094
"CHAMPS","local_self",0.4,NA,"batch8",8174,0.693069306930693,0.269724153260246,0.807082594591395
"CHAMPS","local_self",0.4,NA,"batch8",8175,0.65016501650165,0.250417208081735,0.840245923119138
"CHAMPS","local_self",0.4,NA,"batch8",8176,0.673267326732673,0.265585950692334,0.813742915199112
"CHAMPS","local_self",0.4,NA,"batch8",8177,0.656765676567657,0.238480988732257,0.786709244809881
"CHAMPS","local_self",0.4,NA,"batch8",8178,0.686468646864686,0.262820843655381,0.824665066843228
"CHAMPS","local_self",0.4,NA,"batch8",8179,0.643564356435644,0.249559316842021,0.828881568029912
"CHAMPS","local_self",0.4,NA,"batch8",8180,0.646864686468647,0.225805871865654,0.790052133191655
"CHAMPS","local_self",0.4,NA,"batch8",8181,0.65016501650165,0.222301518696426,0.763666248261355
"CHAMPS","local_self",0.4,NA,"batch8",8182,0.67986798679868,0.263554105852867,0.820604661832278
"CHAMPS","local_self",0.4,NA,"batch8",8183,0.656765676567657,0.250014679533208,0.808705537797732
"CHAMPS","local_self",0.4,NA,"batch8",8184,0.673267326732673,0.236760425876805,0.75800735387544
"CHAMPS","local_self",0.4,NA,"batch8",8185,0.676567656765677,0.265526675786594,0.811072002295487
"CHAMPS","local_self",0.4,NA,"batch8",8186,0.68976897689769,0.26725650832283,0.821656814774878
"CHAMPS","local_self",0.4,NA,"batch8",8187,0.693069306930693,0.274001664552949,0.803918625146472
"CHAMPS","local_self",0.4,NA,"batch8",8188,0.663366336633663,0.260365672164443,0.783198484769952
"CHAMPS","local_self",0.4,NA,"batch8",8189,0.663366336633663,0.260992164023601,0.821064387760478
"CHAMPS","local_self",0.4,NA,"batch8",8190,0.63036303630363,0.226493662429583,0.778610669479909
"CHAMPS","local_self",0.4,NA,"batch8",8191,0.636963696369637,0.248346441132806,0.805339250942845
"CHAMPS","local_self",0.4,NA,"batch8",8192,0.66996699669967,0.243783151016521,0.802223303601956
"CHAMPS","local_self",0.4,NA,"batch8",8193,0.653465346534653,0.267480460431042,0.768573104053446
"CHAMPS","local_self",0.4,NA,"batch8",8194,0.712871287128713,0.304601889056309,0.850019377249553
"CHAMPS","local_self",0.4,NA,"batch8",8195,0.673267326732673,0.253968172030324,0.787669690587088
"CHAMPS","local_self",0.4,NA,"batch8",8196,0.663366336633663,0.248761785415921,0.818427793203913
"CHAMPS","local_self",0.4,NA,"batch8",8197,0.590759075907591,0.201678630509276,0.740252624437561
"CHAMPS","local_self",0.4,NA,"batch8",8198,0.66006600660066,0.25374613003096,0.7777763613747
"CHAMPS","local_self",0.4,NA,"batch8",8199,0.64026402640264,0.2239338033954,0.792098400407427
"CHAMPS","local_self",0.4,NA,"batch8",8200,0.66996699669967,0.238932617024821,0.781974230348275
"CHAMPS","local_self",0.4,NA,"batch8",8201,0.64026402640264,0.252062561094819,0.792367802689546
"CHAMPS","local_self",0.4,NA,"batch8",8202,0.633663366336634,0.246488962999539,0.792792625024433
"CHAMPS","local_self",0.4,NA,"batch8",8203,0.66996699669967,0.282826836284283,0.799408772178385
"CHAMPS","local_self",0.4,NA,"batch8",8204,0.653465346534653,0.255219183337874,0.818609942794269
"CHAMPS","local_self",0.4,NA,"batch8",8205,0.627062706270627,0.230331167230206,0.777048716864281
"CHAMPS","local_self",0.4,NA,"batch8",8206,0.673267326732673,0.276992613412631,0.816577469398541
"CHAMPS","local_self",0.4,NA,"batch8",8207,0.696369636963696,0.255212920703552,0.818383987733616
"CHAMPS","local_self",0.4,NA,"batch8",8208,0.656765676567657,0.266270711500975,0.804636173110971
"CHAMPS","local_self",0.4,NA,"batch8",8209,0.666666666666667,0.225858859947298,0.767346759595035
"CHAMPS","local_self",0.4,NA,"batch8",8210,0.706270627062706,0.279704240547894,0.842553901127298
"CHAMPS","local_self",0.4,NA,"batch8",8211,0.65016501650165,0.244451860012298,0.789706969208865
"CHAMPS","local_self",0.4,NA,"batch8",8212,0.646864686468647,0.236794370302194,0.777377759831441
"CHAMPS","local_self",0.4,NA,"batch8",8213,0.633663366336634,0.253762469900241,0.840367938714992
"CHAMPS","local_self",0.4,NA,"batch8",8214,0.656765676567657,0.239905008555275,0.804645402350242
"CHAMPS","local_self",0.4,NA,"batch8",8215,0.656765676567657,0.2577607540022,0.819844410580622
"CHAMPS","local_self",0.4,NA,"batch8",8216,0.643564356435644,0.235965525273701,0.77081657696028
"CHAMPS","local_self",0.4,NA,"batch8",8217,0.683168316831683,0.258291427203065,0.797555550475226
"CHAMPS","local_self",0.4,NA,"batch8",8218,0.666666666666667,0.250142834464324,0.800866011908886
"CHAMPS","local_self",0.4,NA,"batch8",8219,0.617161716171617,0.215220137134608,0.774270868940828
"CHAMPS","local_self",0.4,NA,"batch8",8220,0.68976897689769,0.266417198620588,0.821756493651922
"CHAMPS","local_self",0.4,NA,"batch8",8221,0.673267326732673,0.237076796036334,0.785752488812863
"CHAMPS","local_self",0.4,NA,"batch8",8222,0.666666666666667,0.252264890282132,0.784971453344654
"CHAMPS","local_self",0.4,NA,"batch8",8223,0.676567656765677,0.259249015395632,0.811470925875603
"CHAMPS","local_self",0.4,NA,"batch8",8224,0.683168316831683,0.247300653421164,0.779367381136563
"CHAMPS","local_self",0.4,NA,"batch8",8225,0.66996699669967,0.230626474150571,0.783691039459177
"CHAMPS","local_self",0.4,NA,"batch8",8226,0.68976897689769,0.262524885660479,0.815895062612558
"CHAMPS","local_self",0.4,NA,"batch8",8227,0.64026402640264,0.228592567346087,0.752172750621712
"CHAMPS","local_self",0.4,NA,"batch8",8228,0.663366336633663,0.226401091554725,0.786703744328606
"CHAMPS","local_self",0.4,NA,"batch8",8229,0.633663366336634,0.220663069114028,0.772939538085736
"CHAMPS","local_self",0.4,NA,"batch8",8230,0.64026402640264,0.21545577454238,0.81440456642874
"CHAMPS","local_self",0.4,NA,"batch8",8231,0.633663366336634,0.238759844955758,0.810695587355837
"CHAMPS","local_self",0.4,NA,"batch8",8232,0.65016501650165,0.237919013388667,0.76411002166518
"CHAMPS","local_self",0.4,NA,"batch8",8233,0.65016501650165,0.2300097127641,0.791577252231074
"CHAMPS","local_self",0.4,NA,"batch8",8234,0.643564356435644,0.214863130881095,0.789805964140206
"CHAMPS","local_self",0.4,NA,"batch8",8235,0.673267326732673,0.247772904483431,0.798380132943941
"CHAMPS","local_self",0.4,NA,"batch8",8236,0.676567656765677,0.237692262533756,0.784489371701236
"CHAMPS","local_self",0.4,NA,"batch8",8237,0.666666666666667,0.254119938079476,0.808590358728782
"CHAMPS","local_self",0.4,NA,"batch8",8238,0.663366336633663,0.266248229243656,0.818790186397369
"CHAMPS","local_self",0.4,NA,"batch8",8239,0.653465346534653,0.271871685502158,0.817961712757935
"CHAMPS","local_self",0.4,NA,"batch8",8240,0.656765676567657,0.237820823869502,0.784245374569863
"CHAMPS","local_self",0.4,NA,"batch8",8241,0.663366336633663,0.229478133740147,0.789269488688925
"CHAMPS","local_self",0.4,NA,"batch8",8242,0.663366336633663,0.284951968347095,0.834920734134773
"CHAMPS","local_self",0.4,NA,"batch8",8243,0.66996699669967,0.264892350557244,0.840764753150519
"CHAMPS","local_self",0.4,NA,"batch8",8244,0.663366336633663,0.257694513975803,0.807854686201879
"CHAMPS","local_self",0.4,NA,"batch8",8245,0.666666666666667,0.232821637426901,0.743017624262243
"CHAMPS","local_self",0.4,NA,"batch8",8246,0.666666666666667,0.246025093140478,0.804174624657874
"CHAMPS","local_self",0.4,NA,"batch8",8247,0.68976897689769,0.270767468043488,0.82694106779257
"CHAMPS","local_self",0.4,NA,"batch8",8248,0.673267326732673,0.257020834820685,0.815461619856575
"CHAMPS","local_self",0.4,NA,"batch8",8249,0.67986798679868,0.254127225602885,0.77059264365629
"CHAMPS","local_self",0.4,NA,"batch8",8250,0.666666666666667,0.239766867862332,0.809037284627543
"CHAMPS","local_self",0.4,NA,"batch8",8251,0.653465346534653,0.261970454236366,0.809290280105719
"CHAMPS","local_self",0.4,NA,"batch8",8252,0.663366336633663,0.235715906144672,0.788507637818572
"CHAMPS","local_self",0.4,NA,"batch8",8253,0.67986798679868,0.256579846665874,0.830098073616458
"CHAMPS","local_self",0.4,NA,"batch8",8254,0.6996699669967,0.261718864147746,0.817434146387028
"CHAMPS","local_self",0.4,NA,"batch8",8255,0.663366336633663,0.2458921107628,0.788070932521738
"CHAMPS","local_self",0.4,NA,"batch8",8256,0.653465346534653,0.250841107643433,0.799426930534382
"CHAMPS","local_self",0.4,NA,"batch8",8257,0.643564356435644,0.236347117794486,0.798071552321961
"CHAMPS","local_self",0.4,NA,"batch8",8258,0.666666666666667,0.244263511021435,0.795766649751293
"CHAMPS","local_self",0.4,NA,"batch8",8259,0.653465346534653,0.243384714193963,0.813157868808832
"CHAMPS","local_self",0.4,NA,"batch8",8260,0.643564356435644,0.275812940917108,0.824121287495103
"CHAMPS","local_self",0.4,NA,"batch8",8261,0.676567656765677,0.295555983582283,0.824381223578783
"CHAMPS","local_self",0.4,NA,"batch8",8262,0.646864686468647,0.240019092128304,0.80614210666063
"CHAMPS","local_self",0.4,NA,"batch8",8263,0.686468646864686,0.293853712038552,0.823865919374646
"CHAMPS","local_self",0.4,NA,"batch8",8264,0.706270627062706,0.261656437937494,0.823478865401337
"CHAMPS","local_self",0.4,NA,"batch8",8265,0.683168316831683,0.250975010833454,0.771039998828708
"CHAMPS","local_self",0.4,NA,"batch8",8266,0.686468646864686,0.267079456303594,0.80268207298243
"CHAMPS","local_self",0.4,NA,"batch8",8267,0.636963696369637,0.214760537081966,0.758504322682324
"CHAMPS","local_self",0.4,NA,"batch8",8268,0.666666666666667,0.252089317813337,0.781108172332195
"CHAMPS","local_self",0.4,NA,"batch8",8269,0.656765676567657,0.225936273718974,0.79429459628515
"CHAMPS","local_self",0.4,NA,"batch8",8270,0.66996699669967,0.248785960167199,0.794172947233302
"CHAMPS","local_self",0.4,NA,"batch8",8271,0.646864686468647,0.235045571573552,0.785842806713088
"CHAMPS","local_self",0.4,NA,"batch8",8272,0.66006600660066,0.249901062132726,0.803086774265997
"CHAMPS","local_self",0.4,NA,"batch8",8273,0.643564356435644,0.216469557158399,0.757944991610371
"CHAMPS","local_self",0.4,NA,"batch8",8274,0.67986798679868,0.259957339172455,0.8340410938847
"CHAMPS","local_self",0.4,NA,"batch8",8275,0.663366336633663,0.27001497005988,0.815869311081125
"CHAMPS","local_self",0.4,NA,"batch8",8276,0.623762376237624,0.25120230553386,0.811974603601443
"CHAMPS","local_self",0.4,NA,"batch8",8277,0.66996699669967,0.262208860640035,0.762644796231468
"CHAMPS","local_self",0.4,NA,"batch8",8278,0.646864686468647,0.229166666666667,0.807094082346232
"CHAMPS","local_self",0.4,NA,"batch8",8279,0.67986798679868,0.252697514878924,0.801112317104198
"CHAMPS","local_self",0.4,NA,"batch8",8280,0.656765676567657,0.24931610463284,0.800983167532814
"CHAMPS","local_self",0.4,NA,"batch8",8281,0.633663366336634,0.218258461921354,0.780339021217043
"CHAMPS","local_self",0.4,NA,"batch8",8282,0.646864686468647,0.241080990629183,0.783098843572391
"CHAMPS","local_self",0.4,NA,"batch8",8283,0.676567656765677,0.257888970002566,0.824792383524111
"CHAMPS","local_self",0.4,NA,"batch8",8284,0.673267326732673,0.27217974399062,0.779243887594547
"CHAMPS","local_self",0.4,NA,"batch8",8285,0.646864686468647,0.250181878306878,0.796588439325216
"CHAMPS","local_self",0.4,NA,"batch8",8286,0.65016501650165,0.227848394120849,0.779659308072547
"CHAMPS","local_self",0.4,NA,"batch8",8287,0.646864686468647,0.228105700716766,0.783822424883398
"CHAMPS","local_self",0.4,NA,"batch8",8288,0.70957095709571,0.287911821243757,0.817541551899032
"CHAMPS","local_self",0.4,NA,"batch8",8289,0.702970297029703,0.264043147791603,0.81780896178049
"CHAMPS","local_self",0.4,NA,"batch8",8290,0.66996699669967,0.287976419382215,0.810057978366257
"CHAMPS","local_self",0.4,NA,"batch8",8291,0.653465346534653,0.238521303258145,0.797260261231051
"CHAMPS","local_self",0.4,NA,"batch8",8292,0.653465346534653,0.254954053653476,0.78184628296165
"CHAMPS","local_self",0.4,NA,"batch8",8293,0.663366336633663,0.232250663998433,0.775195295756447
"CHAMPS","local_self",0.4,NA,"batch8",8294,0.636963696369637,0.245871079323449,0.770674707643263
"CHAMPS","local_self",0.4,NA,"batch8",8295,0.696369636963696,0.270039682539683,0.77901770222722
"CHAMPS","local_self",0.4,NA,"batch8",8296,0.643564356435644,0.234635747960787,0.785162791803149
"CHAMPS","local_self",0.4,NA,"batch8",8297,0.66996699669967,0.242136818228857,0.803999662728419
"CHAMPS","local_self",0.4,NA,"batch8",8298,0.66996699669967,0.286387824606215,0.819373163122888
"CHAMPS","local_self",0.4,NA,"batch8",8299,0.683168316831683,0.227455962059621,0.776171255309036
"CHAMPS","local_self",0.4,NA,"batch8",8300,0.653465346534653,0.256997863247863,0.818374316529966
"CHAMPS","local_self",0.4,NA,"batch8",8301,0.666666666666667,0.257335558042944,0.814959893806106
"CHAMPS","local_self",0.4,NA,"batch8",8302,0.66006600660066,0.238658170244723,0.784189708299361
"CHAMPS","local_self",0.4,NA,"batch8",8303,0.653465346534653,0.244872505543237,0.763158747938727
"CHAMPS","local_self",0.4,NA,"batch8",8304,0.643564356435644,0.226770743753973,0.785616614345093
"CHAMPS","local_self",0.4,NA,"batch8",8305,0.66996699669967,0.259733360064154,0.834953960002649
"CHAMPS","local_self",0.4,NA,"batch8",8306,0.67986798679868,0.259359648327744,0.829120822041299
"CHAMPS","local_self",0.4,NA,"batch8",8307,0.66006600660066,0.243392492838306,0.784198247195231
"CHAMPS","local_self",0.4,NA,"batch8",8308,0.66996699669967,0.236747198879552,0.776426729400772
"CHAMPS","local_self",0.4,NA,"batch8",8309,0.673267326732673,0.256670810269881,0.801597565144986
"CHAMPS","local_self",0.4,NA,"batch8",8310,0.686468646864686,0.267978266888151,0.799680729924943
"CHAMPS","local_self",0.4,NA,"batch8",8311,0.656765676567657,0.267659563017974,0.801863156334498
"CHAMPS","local_self",0.4,NA,"batch8",8312,0.66996699669967,0.22769538606403,0.812771957276032
"CHAMPS","local_self",0.4,NA,"batch8",8313,0.663366336633663,0.247039270253556,0.80122054297899
"CHAMPS","local_self",0.4,NA,"batch8",8314,0.666666666666667,0.245292207792208,0.76265647269923
"CHAMPS","local_self",0.4,NA,"batch8",8315,0.673267326732673,0.248175766767779,0.821189714833519
"CHAMPS","local_self",0.4,NA,"batch8",8316,0.646864686468647,0.233635048175285,0.790544278042891
"CHAMPS","local_self",0.4,NA,"batch8",8317,0.683168316831683,0.290590713166144,0.813241062367905
"CHAMPS","local_self",0.4,NA,"batch8",8318,0.65016501650165,0.23670950443787,0.775089565625146
"CHAMPS","local_self",0.4,NA,"batch8",8319,0.64026402640264,0.212192311542023,0.758398402263093
"CHAMPS","local_self",0.4,NA,"batch8",8320,0.656765676567657,0.268290532996415,0.835438291267699
"CHAMPS","local_self",0.4,NA,"batch8",8321,0.66006600660066,0.252910026079397,0.800870215520208
"CHAMPS","local_self",0.4,NA,"batch8",8322,0.666666666666667,0.27958615113202,0.831837781714956
"CHAMPS","local_self",0.4,NA,"batch8",8323,0.653465346534653,0.264387904831779,0.818991044081325
"CHAMPS","local_self",0.4,NA,"batch8",8324,0.656765676567657,0.225532258643593,0.766852059555238
"CHAMPS","local_self",0.4,NA,"batch8",8325,0.66006600660066,0.25145683135113,0.80411462788033
"CHAMPS","local_self",0.4,NA,"batch8",8326,0.663366336633663,0.284296309455078,0.813748821473851
"CHAMPS","local_self",0.4,NA,"batch8",8327,0.66996699669967,0.290588298771605,0.846750288896179
"CHAMPS","local_self",0.4,NA,"batch8",8328,0.65016501650165,0.263149239316346,0.810229378200172
"CHAMPS","local_self",0.4,NA,"batch8",8329,0.673267326732673,0.230567196531792,0.796356906467613
"CHAMPS","local_self",0.4,NA,"batch8",8330,0.663366336633663,0.239191017316017,0.781060464332432
"CHAMPS","local_self",0.4,NA,"batch8",8331,0.653465346534653,0.22641750770956,0.791617514719898
"CHAMPS","local_self",0.4,NA,"batch8",8332,0.676567656765677,0.249474789915966,0.80157053879849
"CHAMPS","local_self",0.4,NA,"batch8",8333,0.686468646864686,0.267486733352118,0.828301091391157
"CHAMPS","local_self",0.4,NA,"batch8",8334,0.653465346534653,0.246681749622926,0.774662503251435
"CHAMPS","local_self",0.4,NA,"batch8",8335,0.66006600660066,0.253628642581029,0.793324283818598
"CHAMPS","local_self",0.4,NA,"batch8",8336,0.65016501650165,0.238212386018237,0.791635532259049
"CHAMPS","local_self",0.4,NA,"batch8",8337,0.66996699669967,0.250417137314469,0.796926820717002
"CHAMPS","local_self",0.4,NA,"batch8",8338,0.666666666666667,0.248266910123222,0.797573949903122
"CHAMPS","local_self",0.4,NA,"batch8",8339,0.693069306930693,0.289139306885545,0.845916825409537
"CHAMPS","local_self",0.4,NA,"batch8",8340,0.666666666666667,0.24125,0.810122449635465
"CHAMPS","local_self",0.4,NA,"batch8",8341,0.643564356435644,0.25155779887408,0.818311631027508
"CHAMPS","local_self",0.4,NA,"batch8",8342,0.633663366336634,0.234570236076692,0.796680905062313
"CHAMPS","local_self",0.4,NA,"batch8",8343,0.66006600660066,0.242884199134199,0.826371787743011
"CHAMPS","local_self",0.4,NA,"batch8",8344,0.6996699669967,0.259737223238578,0.801684904213672
"CHAMPS","local_self",0.4,NA,"batch8",8345,0.643564356435644,0.249454449295281,0.821535768263096
"CHAMPS","local_self",0.4,NA,"batch8",8346,0.676567656765677,0.240830176767677,0.779023352961457
"CHAMPS","local_self",0.4,NA,"batch8",8347,0.65016501650165,0.243031951898231,0.785906898217115
"CHAMPS","local_self",0.4,NA,"batch8",8348,0.666666666666667,0.23187424194484,0.78233449079985
"CHAMPS","local_self",0.4,NA,"batch8",8349,0.663366336633663,0.247721114384931,0.795477065757243
"CHAMPS","local_self",0.4,NA,"batch8",8350,0.666666666666667,0.264807145247657,0.813980560185808
"CHAMPS","local_self",0.4,NA,"batch8",8351,0.67986798679868,0.267523924892538,0.801431851557802
"CHAMPS","local_self",0.4,NA,"batch8",8352,0.643564356435644,0.223248977505112,0.779666265462903
"CHAMPS","local_self",0.4,NA,"batch8",8353,0.66996699669967,0.251752557787041,0.772938963975687
"CHAMPS","local_self",0.4,NA,"batch8",8354,0.656765676567657,0.256456246789933,0.831919847817464
"CHAMPS","local_self",0.4,NA,"batch8",8355,0.643564356435644,0.272904116465863,0.818308012638202
"CHAMPS","local_self",0.4,NA,"batch8",8356,0.673267326732673,0.253205487734025,0.817903991914566
"CHAMPS","local_self",0.4,NA,"batch8",8357,0.633663366336634,0.232253086419753,0.789994396880853
"CHAMPS","local_self",0.4,NA,"batch8",8358,0.656765676567657,0.241023936170213,0.791852453333071
"CHAMPS","local_self",0.4,NA,"batch8",8359,0.646864686468647,0.26517965652581,0.837572767375551
"CHAMPS","local_self",0.4,NA,"batch8",8360,0.673267326732673,0.263383838383838,0.783643317616233
"CHAMPS","local_self",0.4,NA,"batch8",8361,0.666666666666667,0.24947474126785,0.785099336902748
"CHAMPS","local_self",0.4,NA,"batch8",8362,0.656765676567657,0.250485605435027,0.800762751016126
"CHAMPS","local_self",0.4,NA,"batch8",8363,0.66006600660066,0.24520356528157,0.795391332418194
"CHAMPS","local_self",0.4,NA,"batch8",8364,0.666666666666667,0.281678660624141,0.839745861521182
"CHAMPS","local_self",0.4,NA,"batch8",8365,0.676567656765677,0.264726112059203,0.827382553253457
"CHAMPS","local_self",0.4,NA,"batch8",8366,0.66996699669967,0.2557261208577,0.781480729568812
"CHAMPS","local_self",0.4,NA,"batch8",8367,0.706270627062706,0.2778580695699,0.830579328231581
"CHAMPS","local_self",0.4,NA,"batch8",8368,0.636963696369637,0.272553613644039,0.828848798693457
"CHAMPS","local_self",0.4,NA,"batch8",8369,0.653465346534653,0.23763686699017,0.796626980456466
"CHAMPS","local_self",0.4,NA,"batch8",8370,0.673267326732673,0.290725908458467,0.835977118271782
"CHAMPS","local_self",0.4,NA,"batch8",8371,0.673267326732673,0.271407606689457,0.83344694377029
"CHAMPS","local_self",0.4,NA,"batch8",8372,0.617161716171617,0.243975486862059,0.814387538083307
"CHAMPS","local_self",0.4,NA,"batch8",8373,0.646864686468647,0.229909433652979,0.77683678958685
"CHAMPS","local_self",0.4,NA,"batch8",8374,0.66006600660066,0.239367603550296,0.753047418272717
"CHAMPS","local_self",0.4,NA,"batch8",8375,0.673267326732673,0.24609141902375,0.802334683114199
"CHAMPS","local_self",0.4,NA,"batch8",8376,0.643564356435644,0.213984281033553,0.779363692496299
"CHAMPS","local_self",0.4,NA,"batch8",8377,0.653465346534653,0.245600327372975,0.787924043290104
"CHAMPS","local_self",0.4,NA,"batch8",8378,0.646864686468647,0.234604337969723,0.781373900870671
"CHAMPS","local_self",0.4,NA,"batch8",8379,0.613861386138614,0.258548850574713,0.829107311915221
"CHAMPS","local_self",0.4,NA,"batch8",8380,0.643564356435644,0.254220300894809,0.80758852760518
"CHAMPS","local_self",0.4,NA,"batch8",8381,0.676567656765677,0.266461824953445,0.84908224231118
"CHAMPS","local_self",0.4,NA,"batch8",8382,0.666666666666667,0.257378296455898,0.818903432574122
"CHAMPS","local_self",0.4,NA,"batch8",8383,0.63036303630363,0.235184742793438,0.794848070757343
"CHAMPS","local_self",0.4,NA,"batch8",8384,0.66006600660066,0.258110790322239,0.800404703566362
"CHAMPS","local_self",0.4,NA,"batch8",8385,0.65016501650165,0.22664272713904,0.792977463491345
"CHAMPS","local_self",0.4,NA,"batch8",8386,0.686468646864686,0.249390130353817,0.795720858651081
"CHAMPS","local_self",0.4,NA,"batch8",8387,0.627062706270627,0.243655500555192,0.818555576609932
"CHAMPS","local_self",0.4,NA,"batch8",8388,0.636963696369637,0.226269292301901,0.765932317897772
"CHAMPS","local_self",0.4,NA,"batch8",8389,0.666666666666667,0.256289130092811,0.794602018896846
"CHAMPS","local_self",0.4,NA,"batch8",8390,0.63036303630363,0.244570069875776,0.792585379724265
"CHAMPS","local_self",0.4,NA,"batch8",8391,0.653465346534653,0.247598489888909,0.798254679992735
"CHAMPS","local_self",0.4,NA,"batch8",8392,0.656765676567657,0.233397164276402,0.78294659613756
"CHAMPS","local_self",0.4,NA,"batch8",8393,0.633663366336634,0.238854771934449,0.798964709652909
"CHAMPS","local_self",0.4,NA,"batch8",8394,0.693069306930693,0.260178764401916,0.817433149643234
"CHAMPS","local_self",0.4,NA,"batch8",8395,0.653465346534653,0.256072415416031,0.791235732539737
"CHAMPS","local_self",0.4,NA,"batch8",8396,0.63036303630363,0.252640503875969,0.81496227195876
"CHAMPS","local_self",0.4,NA,"batch8",8397,0.656765676567657,0.248739847009393,0.790560257148018
"CHAMPS","local_self",0.4,NA,"batch8",8398,0.666666666666667,0.243306071733244,0.781224607434371
"CHAMPS","local_self",0.4,NA,"batch8",8399,0.656765676567657,0.248371262829094,0.7979353007552
"CHAMPS","local_self",0.4,NA,"batch8",8400,0.663366336633663,0.243168770503495,0.848598581680256
"CHAMPS","local_self",0.4,NA,"batch8",8401,0.673267326732673,0.252917996807662,0.804596270107094
"CHAMPS","local_self",0.4,NA,"batch8",8402,0.656765676567657,0.240495018334012,0.79780248428054
"CHAMPS","local_self",0.4,NA,"batch8",8403,0.673267326732673,0.249844877344877,0.793561111866568
"CHAMPS","local_self",0.4,NA,"batch8",8404,0.663366336633663,0.261610065466448,0.805801135921022
"CHAMPS","local_self",0.4,NA,"batch8",8405,0.663366336633663,0.272319399350649,0.813974368201016
"CHAMPS","local_self",0.4,NA,"batch8",8406,0.64026402640264,0.232908389736607,0.779450934826386
"CHAMPS","local_self",0.4,NA,"batch8",8407,0.63036303630363,0.228422619047619,0.772273904730154
"CHAMPS","local_self",0.4,NA,"batch8",8408,0.66996699669967,0.24111250125273,0.813261665306846
"CHAMPS","local_self",0.4,NA,"batch8",8409,0.676567656765677,0.22498493889867,0.776944151139152
"CHAMPS","local_self",0.4,NA,"batch8",8410,0.646864686468647,0.24906146179402,0.819518360704145
"CHAMPS","local_self",0.4,NA,"batch8",8411,0.64026402640264,0.249767771742294,0.804107358344623
"CHAMPS","local_self",0.4,NA,"batch8",8412,0.63036303630363,0.235903996101365,0.81880365769911
"CHAMPS","local_self",0.4,NA,"batch8",8413,0.646864686468647,0.230499571183533,0.80710322855663
"CHAMPS","local_self",0.4,NA,"batch8",8414,0.646864686468647,0.240802751138966,0.797273755671388
"CHAMPS","local_self",0.4,NA,"batch8",8415,0.646864686468647,0.243246434463307,0.816458498627376
"CHAMPS","local_self",0.4,NA,"batch8",8416,0.653465346534653,0.230602677623476,0.790344630743137
"CHAMPS","local_self",0.4,NA,"batch8",8417,0.696369636963696,0.270497829542675,0.810404817462782
"CHAMPS","local_self",0.4,NA,"batch8",8418,0.673267326732673,0.230266928682551,0.763079507836754
"CHAMPS","local_self",0.4,NA,"batch8",8419,0.633663366336634,0.226337162209106,0.763712390979254
"CHAMPS","local_self",0.4,NA,"batch8",8420,0.603960396039604,0.205434027777778,0.755033920039836
"CHAMPS","local_self",0.4,NA,"batch8",8421,0.646864686468647,0.253214947384023,0.821006309957674
"CHAMPS","local_self",0.4,NA,"batch8",8422,0.643564356435644,0.280952380952381,0.863525587495876
"CHAMPS","local_self",0.4,NA,"batch8",8423,0.663366336633663,0.233137293992557,0.769863694320028
"CHAMPS","local_self",0.4,NA,"batch8",8424,0.643564356435644,0.248979706191245,0.799077119538274
"CHAMPS","local_self",0.4,NA,"batch8",8425,0.65016501650165,0.261403788229842,0.769148304028762
"CHAMPS","local_self",0.4,NA,"batch8",8426,0.666666666666667,0.261242773290966,0.834354229923112
"CHAMPS","local_self",0.4,NA,"batch8",8427,0.656765676567657,0.247447461546249,0.825301500431032
"CHAMPS","local_self",0.4,NA,"batch8",8428,0.62046204620462,0.238907085344594,0.818701642347599
"CHAMPS","local_self",0.4,NA,"batch8",8429,0.653465346534653,0.271551724137931,0.826142052872602
"CHAMPS","local_self",0.4,NA,"batch8",8430,0.656765676567657,0.240261976047904,0.783802156010381
"CHAMPS","local_self",0.4,NA,"batch8",8431,0.656765676567657,0.213730216074869,0.795893227835966
"CHAMPS","local_self",0.4,NA,"batch8",8432,0.64026402640264,0.236979849029243,0.801971729530349
"CHAMPS","local_self",0.4,NA,"batch8",8433,0.683168316831683,0.279086867305062,0.828672960534902
"CHAMPS","local_self",0.4,NA,"batch8",8434,0.63036303630363,0.24995455290838,0.776141978768647
"CHAMPS","local_self",0.4,NA,"batch8",8435,0.656765676567657,0.246080182072829,0.803248138187611
"CHAMPS","local_self",0.4,NA,"batch8",8436,0.656765676567657,0.231122835497835,0.780775901468233
"CHAMPS","local_self",0.4,NA,"batch8",8437,0.646864686468647,0.21868183845738,0.740532155972318
"CHAMPS","local_self",0.4,NA,"batch8",8438,0.633663366336634,0.222718509918587,0.783829239007466
"CHAMPS","local_self",0.4,NA,"batch8",8439,0.636963696369637,0.242159966396197,0.808326205051712
"CHAMPS","local_self",0.4,NA,"batch8",8440,0.683168316831683,0.24849710982659,0.794153932526692
"CHAMPS","local_self",0.4,NA,"batch8",8441,0.653465346534653,0.248103374167204,0.786208021349099
"CHAMPS","local_self",0.4,NA,"batch8",8442,0.646864686468647,0.242834359682186,0.783360159548104
"CHAMPS","local_self",0.4,NA,"batch8",8443,0.636963696369637,0.217137011277213,0.791115545531754
"CHAMPS","local_self",0.4,NA,"batch8",8444,0.686468646864686,0.258690958164642,0.807291262300912
"CHAMPS","local_self",0.4,NA,"batch8",8445,0.627062706270627,0.238643790849673,0.803178184245287
"CHAMPS","local_self",0.4,NA,"batch8",8446,0.65016501650165,0.251692875481386,0.818774743738645
"CHAMPS","local_self",0.4,NA,"batch8",8447,0.643564356435644,0.231450892857143,0.773479511772159
"CHAMPS","local_self",0.4,NA,"batch8",8448,0.6996699669967,0.253822093502102,0.814486894779955
"CHAMPS","local_self",0.4,NA,"batch8",8449,0.62046204620462,0.207551254119882,0.76897966343579
"CHAMPS","local_self",0.4,NA,"batch8",8450,0.64026402640264,0.255101327742837,0.816788666870669
"CHAMPS","local_self",0.4,NA,"batch8",8451,0.67986798679868,0.268573158914729,0.826056927786894
"CHAMPS","local_self",0.4,NA,"batch8",8452,0.653465346534653,0.234956188389923,0.797275935575208
"CHAMPS","local_self",0.4,NA,"batch8",8453,0.643564356435644,0.222881455953168,0.770014909142589
"CHAMPS","local_self",0.4,NA,"batch8",8454,0.656765676567657,0.237578784063966,0.774269872337287
"CHAMPS","local_self",0.4,NA,"batch8",8455,0.663366336633663,0.243426916221034,0.794568777630841
"CHAMPS","local_self",0.4,NA,"batch8",8456,0.66006600660066,0.232424995129554,0.783989581787565
"CHAMPS","local_self",0.4,NA,"batch8",8457,0.666666666666667,0.246140064654521,0.827032416645319
"CHAMPS","local_self",0.4,NA,"batch8",8458,0.663366336633663,0.228246124031008,0.805833160656157
"CHAMPS","local_self",0.4,NA,"batch8",8459,0.66006600660066,0.239657866070405,0.800181194460859
"CHAMPS","local_self",0.4,NA,"batch8",8460,0.656765676567657,0.230818044734858,0.800668241236762
"CHAMPS","local_self",0.4,NA,"batch8",8461,0.64026402640264,0.231459563710108,0.806573484650868
"CHAMPS","local_self",0.4,NA,"batch8",8462,0.66996699669967,0.248475883091268,0.802537197774072
"CHAMPS","local_self",0.4,NA,"batch8",8463,0.666666666666667,0.253837719298246,0.805665335397697
"CHAMPS","local_self",0.4,NA,"batch8",8464,0.68976897689769,0.295397578918031,0.836533384276738
"CHAMPS","local_self",0.4,NA,"batch8",8465,0.64026402640264,0.260685805422648,0.807792047980653
"CHAMPS","local_self",0.4,NA,"batch8",8466,0.613861386138614,0.223588127134226,0.779391200457202
"CHAMPS","local_self",0.4,NA,"batch8",8467,0.656765676567657,0.257606693064951,0.796550411583424
"CHAMPS","local_self",0.4,NA,"batch8",8468,0.613861386138614,0.233092759289568,0.781475346301383
"CHAMPS","local_self",0.4,NA,"batch8",8469,0.633663366336634,0.226835494676913,0.815860044388832
"CHAMPS","local_self",0.4,NA,"batch8",8470,0.66996699669967,0.253877532723687,0.781309415140187
"CHAMPS","local_self",0.4,NA,"batch8",8471,0.683168316831683,0.255032433725431,0.795293200877634
"CHAMPS","local_self",0.4,NA,"batch8",8472,0.65016501650165,0.261493904437783,0.821865034024651
"CHAMPS","local_self",0.4,NA,"batch8",8473,0.663366336633663,0.239640728086106,0.793941429357192
"CHAMPS","local_self",0.4,NA,"batch8",8474,0.686468646864686,0.253562466059125,0.824026159243817
"CHAMPS","local_self",0.4,NA,"batch8",8475,0.633663366336634,0.25119270356462,0.80443361440935
"CHAMPS","local_self",0.4,NA,"batch8",8476,0.656765676567657,0.256061390532544,0.81304959009499
"CHAMPS","local_self",0.4,NA,"batch8",8477,0.627062706270627,0.241330937738484,0.812599115237501
"CHAMPS","local_self",0.4,NA,"batch8",8478,0.663366336633663,0.239621255239711,0.815914494345979
"CHAMPS","local_self",0.4,NA,"batch8",8479,0.66996699669967,0.254159550019614,0.804150269431438
"CHAMPS","local_self",0.4,NA,"batch8",8480,0.653465346534653,0.222307740638351,0.814078105748391
"CHAMPS","local_self",0.4,NA,"batch8",8481,0.65016501650165,0.242535927414444,0.784871183992127
"CHAMPS","local_self",0.4,NA,"batch8",8482,0.67986798679868,0.267624200720153,0.820963745101271
"CHAMPS","local_self",0.4,NA,"batch8",8483,0.66006600660066,0.250055611729019,0.78710336161389
"CHAMPS","local_self",0.4,NA,"batch8",8484,0.627062706270627,0.228341024293048,0.771190249455553
"CHAMPS","local_self",0.4,NA,"batch8",8485,0.646864686468647,0.245694319407429,0.80813641158152
"CHAMPS","local_self",0.4,NA,"batch8",8486,0.643564356435644,0.254401576246334,0.794143902190859
"CHAMPS","local_self",0.4,NA,"batch8",8487,0.66996699669967,0.258625730994152,0.779653162099403
"CHAMPS","local_self",0.4,NA,"batch8",8488,0.633663366336634,0.272130146984798,0.813815460127397
"CHAMPS","local_self",0.4,NA,"batch8",8489,0.696369636963696,0.303530106374534,0.828287088702954
"CHAMPS","local_self",0.4,NA,"batch8",8490,0.666666666666667,0.232244174265451,0.772359092887797
"CHAMPS","local_self",0.4,NA,"batch8",8491,0.66006600660066,0.24428520921548,0.806815948843744
"CHAMPS","local_self",0.4,NA,"batch8",8492,0.656765676567657,0.224507938338523,0.786376348914855
"CHAMPS","local_self",0.4,NA,"batch8",8493,0.663366336633663,0.253774801587302,0.806906701763028
"CHAMPS","local_self",0.4,NA,"batch8",8494,0.663366336633663,0.266872738007606,0.814424285651929
"CHAMPS","local_self",0.4,NA,"batch8",8495,0.683168316831683,0.2362895256917,0.784008082459216
"CHAMPS","local_self",0.4,NA,"batch8",8496,0.683168316831683,0.266163296225545,0.799257461157535
"CHAMPS","local_self",0.4,NA,"batch8",8497,0.683168316831683,0.245982722924252,0.783785610717935
"CHAMPS","local_self",0.4,NA,"batch8",8498,0.66996699669967,0.252238420096799,0.802105922137382
"CHAMPS","local_self",0.4,NA,"batch8",8499,0.676567656765677,0.253636813458684,0.804498145166952
"CHAMPS","local_self",0.4,NA,"batch8",8500,0.66006600660066,0.249157458039037,0.794710597711802
"CHAMPS","lcva_multi",0,NA,"batch8",8001,0.64950495049505,0.239474606604697,0.804381110631421
"CHAMPS","lcva_multi",0,NA,"batch8",8002,0.64950495049505,0.239474606604697,0.804381110631421
"CHAMPS","lcva_multi",0,NA,"batch8",8003,0.64950495049505,0.239474606604697,0.804381110631421
"CHAMPS","lcva_multi",0,NA,"batch8",8004,0.64950495049505,0.239474606604697,0.804381110631421
"CHAMPS","lcva_multi",0,NA,"batch8",8005,0.64950495049505,0.239474606604697,0.804381110631421
"CHAMPS","lcva_multi",0,NA,"batch8",8006,0.64950495049505,0.239474606604697,0.804381110631421
"CHAMPS","lcva_multi",0,NA,"batch8",8007,0.64950495049505,0.239474606604697,0.804381110631421
"CHAMPS","lcva_multi",0,NA,"batch8",8008,0.64950495049505,0.239474606604697,0.804381110631421
"CHAMPS","lcva_multi",0,NA,"batch8",8009,0.64950495049505,0.239474606604697,0.804381110631421
"CHAMPS","lcva_multi",0,NA,"batch8",8010,0.64950495049505,0.239474606604697,0.804381110631421
"CHAMPS","lcva_multi",0,NA,"batch8",8011,0.64950495049505,0.239474606604697,0.804381110631421
"CHAMPS","lcva_multi",0,NA,"batch8",8012,0.64950495049505,0.239474606604697,0.804381110631421
"CHAMPS","lcva_multi",0,NA,"batch8",8013,0.64950495049505,0.239474606604697,0.804381110631421
"CHAMPS","lcva_multi",0,NA,"batch8",8014,0.64950495049505,0.239474606604697,0.804381110631421
"CHAMPS","lcva_multi",0,NA,"batch8",8015,0.64950495049505,0.239474606604697,0.804381110631421
"CHAMPS","lcva_multi",0,NA,"batch8",8016,0.64950495049505,0.239474606604697,0.804381110631421
"CHAMPS","lcva_multi",0,NA,"batch8",8017,0.64950495049505,0.239474606604697,0.804381110631421
"CHAMPS","lcva_multi",0,NA,"batch8",8018,0.64950495049505,0.239474606604697,0.804381110631421
"CHAMPS","lcva_multi",0,NA,"batch8",8019,0.64950495049505,0.239474606604697,0.804381110631421
"CHAMPS","lcva_multi",0,NA,"batch8",8020,0.64950495049505,0.239474606604697,0.804381110631421
"CHAMPS","lcva_multi",0,NA,"batch8",8021,0.64950495049505,0.239474606604697,0.804381110631421
"CHAMPS","lcva_multi",0,NA,"batch8",8022,0.64950495049505,0.239474606604697,0.804381110631421
"CHAMPS","lcva_multi",0,NA,"batch8",8023,0.64950495049505,0.239474606604697,0.804381110631421
"CHAMPS","lcva_multi",0,NA,"batch8",8024,0.64950495049505,0.239474606604697,0.804381110631421
"CHAMPS","lcva_multi",0,NA,"batch8",8025,0.64950495049505,0.239474606604697,0.804381110631421
"CHAMPS","lcva_multi",0,NA,"batch8",8026,0.64950495049505,0.239474606604697,0.804381110631421
"CHAMPS","lcva_multi",0,NA,"batch8",8027,0.64950495049505,0.239474606604697,0.804381110631421
"CHAMPS","lcva_multi",0,NA,"batch8",8028,0.64950495049505,0.239474606604697,0.804381110631421
"CHAMPS","lcva_multi",0,NA,"batch8",8029,0.64950495049505,0.239474606604697,0.804381110631421
"CHAMPS","lcva_multi",0,NA,"batch8",8030,0.64950495049505,0.239474606604697,0.804381110631421
"CHAMPS","lcva_multi",0,NA,"batch8",8031,0.64950495049505,0.239474606604697,0.804381110631421
"CHAMPS","lcva_multi",0,NA,"batch8",8032,0.64950495049505,0.239474606604697,0.804381110631421
"CHAMPS","lcva_multi",0,NA,"batch8",8033,0.64950495049505,0.239474606604697,0.804381110631421
"CHAMPS","lcva_multi",0,NA,"batch8",8034,0.64950495049505,0.239474606604697,0.804381110631421
"CHAMPS","lcva_multi",0,NA,"batch8",8035,0.64950495049505,0.239474606604697,0.804381110631421
"CHAMPS","lcva_multi",0,NA,"batch8",8036,0.64950495049505,0.239474606604697,0.804381110631421
"CHAMPS","lcva_multi",0,NA,"batch8",8037,0.64950495049505,0.239474606604697,0.804381110631421
"CHAMPS","lcva_multi",0,NA,"batch8",8038,0.64950495049505,0.239474606604697,0.804381110631421
"CHAMPS","lcva_multi",0,NA,"batch8",8039,0.64950495049505,0.239474606604697,0.804381110631421
"CHAMPS","lcva_multi",0,NA,"batch8",8040,0.64950495049505,0.239474606604697,0.804381110631421
"CHAMPS","lcva_multi",0,NA,"batch8",8041,0.64950495049505,0.239474606604697,0.804381110631421
"CHAMPS","lcva_multi",0,NA,"batch8",8042,0.64950495049505,0.239474606604697,0.804381110631421
"CHAMPS","lcva_multi",0,NA,"batch8",8043,0.64950495049505,0.239474606604697,0.804381110631421
"CHAMPS","lcva_multi",0,NA,"batch8",8044,0.64950495049505,0.239474606604697,0.804381110631421
"CHAMPS","lcva_multi",0,NA,"batch8",8045,0.64950495049505,0.239474606604697,0.804381110631421
"CHAMPS","lcva_multi",0,NA,"batch8",8046,0.64950495049505,0.239474606604697,0.804381110631421
"CHAMPS","lcva_multi",0,NA,"batch8",8047,0.64950495049505,0.239474606604697,0.804381110631421
"CHAMPS","lcva_multi",0,NA,"batch8",8048,0.64950495049505,0.239474606604697,0.804381110631421
"CHAMPS","lcva_multi",0,NA,"batch8",8049,0.64950495049505,0.239474606604697,0.804381110631421
"CHAMPS","lcva_multi",0,NA,"batch8",8050,0.64950495049505,0.239474606604697,0.804381110631421
"CHAMPS","lcva_multi",0,NA,"batch8",8051,0.64950495049505,0.239474606604697,0.804381110631421
"CHAMPS","lcva_multi",0,NA,"batch8",8052,0.64950495049505,0.239474606604697,0.804381110631421
"CHAMPS","lcva_multi",0,NA,"batch8",8053,0.64950495049505,0.239474606604697,0.804381110631421
"CHAMPS","lcva_multi",0,NA,"batch8",8054,0.64950495049505,0.239474606604697,0.804381110631421
"CHAMPS","lcva_multi",0,NA,"batch8",8055,0.64950495049505,0.239474606604697,0.804381110631421
"CHAMPS","lcva_multi",0,NA,"batch8",8056,0.64950495049505,0.239474606604697,0.804381110631421
"CHAMPS","lcva_multi",0,NA,"batch8",8057,0.64950495049505,0.239474606604697,0.804381110631421
"CHAMPS","lcva_multi",0,NA,"batch8",8058,0.64950495049505,0.239474606604697,0.804381110631421
"CHAMPS","lcva_multi",0,NA,"batch8",8059,0.64950495049505,0.239474606604697,0.804381110631421
"CHAMPS","lcva_multi",0,NA,"batch8",8060,0.64950495049505,0.239474606604697,0.804381110631421
"CHAMPS","lcva_multi",0,NA,"batch8",8061,0.64950495049505,0.239474606604697,0.804381110631421
"CHAMPS","lcva_multi",0,NA,"batch8",8062,0.64950495049505,0.239474606604697,0.804381110631421
"CHAMPS","lcva_multi",0,NA,"batch8",8063,0.64950495049505,0.239474606604697,0.804381110631421
"CHAMPS","lcva_multi",0,NA,"batch8",8064,0.64950495049505,0.239474606604697,0.804381110631421
"CHAMPS","lcva_multi",0,NA,"batch8",8065,0.64950495049505,0.239474606604697,0.804381110631421
"CHAMPS","lcva_multi",0,NA,"batch8",8066,0.64950495049505,0.239474606604697,0.804381110631421
"CHAMPS","lcva_multi",0,NA,"batch8",8067,0.64950495049505,0.239474606604697,0.804381110631421
"CHAMPS","lcva_multi",0,NA,"batch8",8068,0.64950495049505,0.239474606604697,0.804381110631421
"CHAMPS","lcva_multi",0,NA,"batch8",8069,0.64950495049505,0.239474606604697,0.804381110631421
"CHAMPS","lcva_multi",0,NA,"batch8",8070,0.64950495049505,0.239474606604697,0.804381110631421
"CHAMPS","lcva_multi",0,NA,"batch8",8071,0.64950495049505,0.239474606604697,0.804381110631421
"CHAMPS","lcva_multi",0,NA,"batch8",8072,0.64950495049505,0.239474606604697,0.804381110631421
"CHAMPS","lcva_multi",0,NA,"batch8",8073,0.64950495049505,0.239474606604697,0.804381110631421
"CHAMPS","lcva_multi",0,NA,"batch8",8074,0.64950495049505,0.239474606604697,0.804381110631421
"CHAMPS","lcva_multi",0,NA,"batch8",8075,0.64950495049505,0.239474606604697,0.804381110631421
"CHAMPS","lcva_multi",0,NA,"batch8",8076,0.64950495049505,0.239474606604697,0.804381110631421
"CHAMPS","lcva_multi",0,NA,"batch8",8077,0.64950495049505,0.239474606604697,0.804381110631421
"CHAMPS","lcva_multi",0,NA,"batch8",8078,0.64950495049505,0.239474606604697,0.804381110631421
"CHAMPS","lcva_multi",0,NA,"batch8",8079,0.64950495049505,0.239474606604697,0.804381110631421
"CHAMPS","lcva_multi",0,NA,"batch8",8080,0.64950495049505,0.239474606604697,0.804381110631421
"CHAMPS","lcva_multi",0,NA,"batch8",8081,0.64950495049505,0.239474606604697,0.804381110631421
"CHAMPS","lcva_multi",0,NA,"batch8",8082,0.64950495049505,0.239474606604697,0.804381110631421
"CHAMPS","lcva_multi",0,NA,"batch8",8083,0.64950495049505,0.239474606604697,0.804381110631421
"CHAMPS","lcva_multi",0,NA,"batch8",8084,0.64950495049505,0.239474606604697,0.804381110631421
"CHAMPS","lcva_multi",0,NA,"batch8",8085,0.64950495049505,0.239474606604697,0.804381110631421
"CHAMPS","lcva_multi",0,NA,"batch8",8086,0.64950495049505,0.239474606604697,0.804381110631421
"CHAMPS","lcva_multi",0,NA,"batch8",8087,0.64950495049505,0.239474606604697,0.804381110631421
"CHAMPS","lcva_multi",0,NA,"batch8",8088,0.64950495049505,0.239474606604697,0.804381110631421
"CHAMPS","lcva_multi",0,NA,"batch8",8089,0.64950495049505,0.239474606604697,0.804381110631421
"CHAMPS","lcva_multi",0,NA,"batch8",8090,0.64950495049505,0.239474606604697,0.804381110631421
"CHAMPS","lcva_multi",0,NA,"batch8",8091,0.64950495049505,0.239474606604697,0.804381110631421
"CHAMPS","lcva_multi",0,NA,"batch8",8092,0.64950495049505,0.239474606604697,0.804381110631421
"CHAMPS","lcva_multi",0,NA,"batch8",8093,0.64950495049505,0.239474606604697,0.804381110631421
"CHAMPS","lcva_multi",0,NA,"batch8",8094,0.64950495049505,0.239474606604697,0.804381110631421
"CHAMPS","lcva_multi",0,NA,"batch8",8095,0.64950495049505,0.239474606604697,0.804381110631421
"CHAMPS","lcva_multi",0,NA,"batch8",8096,0.64950495049505,0.239474606604697,0.804381110631421
"CHAMPS","lcva_multi",0,NA,"batch8",8097,0.64950495049505,0.239474606604697,0.804381110631421
"CHAMPS","lcva_multi",0,NA,"batch8",8098,0.64950495049505,0.239474606604697,0.804381110631421
"CHAMPS","lcva_multi",0,NA,"batch8",8099,0.64950495049505,0.239474606604697,0.804381110631421
"CHAMPS","lcva_multi",0,NA,"batch8",8100,0.64950495049505,0.239474606604697,0.804381110631421
"CHAMPS","lcva_multi",0,NA,"batch8",8101,0.64950495049505,0.239474606604697,0.804381110631421
"CHAMPS","lcva_multi",0,NA,"batch8",8102,0.64950495049505,0.239474606604697,0.804381110631421
"CHAMPS","lcva_multi",0,NA,"batch8",8103,0.64950495049505,0.239474606604697,0.804381110631421
"CHAMPS","lcva_multi",0,NA,"batch8",8104,0.64950495049505,0.239474606604697,0.804381110631421
"CHAMPS","lcva_multi",0,NA,"batch8",8105,0.64950495049505,0.239474606604697,0.804381110631421
"CHAMPS","lcva_multi",0,NA,"batch8",8106,0.64950495049505,0.239474606604697,0.804381110631421
"CHAMPS","lcva_multi",0,NA,"batch8",8107,0.64950495049505,0.239474606604697,0.804381110631421
"CHAMPS","lcva_multi",0,NA,"batch8",8108,0.64950495049505,0.239474606604697,0.804381110631421
"CHAMPS","lcva_multi",0,NA,"batch8",8109,0.64950495049505,0.239474606604697,0.804381110631421
"CHAMPS","lcva_multi",0,NA,"batch8",8110,0.64950495049505,0.239474606604697,0.804381110631421
"CHAMPS","lcva_multi",0,NA,"batch8",8111,0.64950495049505,0.239474606604697,0.804381110631421
"CHAMPS","lcva_multi",0,NA,"batch8",8112,0.64950495049505,0.239474606604697,0.804381110631421
"CHAMPS","lcva_multi",0,NA,"batch8",8113,0.64950495049505,0.239474606604697,0.804381110631421
"CHAMPS","lcva_multi",0,NA,"batch8",8114,0.64950495049505,0.239474606604697,0.804381110631421
"CHAMPS","lcva_multi",0,NA,"batch8",8115,0.64950495049505,0.239474606604697,0.804381110631421
"CHAMPS","lcva_multi",0,NA,"batch8",8116,0.64950495049505,0.239474606604697,0.804381110631421
"CHAMPS","lcva_multi",0,NA,"batch8",8117,0.64950495049505,0.239474606604697,0.804381110631421
"CHAMPS","lcva_multi",0,NA,"batch8",8118,0.64950495049505,0.239474606604697,0.804381110631421
"CHAMPS","lcva_multi",0,NA,"batch8",8119,0.64950495049505,0.239474606604697,0.804381110631421
"CHAMPS","lcva_multi",0,NA,"batch8",8120,0.64950495049505,0.239474606604697,0.804381110631421
"CHAMPS","lcva_multi",0,NA,"batch8",8121,0.64950495049505,0.239474606604697,0.804381110631421
"CHAMPS","lcva_multi",0,NA,"batch8",8122,0.64950495049505,0.239474606604697,0.804381110631421
"CHAMPS","lcva_multi",0,NA,"batch8",8123,0.64950495049505,0.239474606604697,0.804381110631421
"CHAMPS","lcva_multi",0,NA,"batch8",8124,0.64950495049505,0.239474606604697,0.804381110631421
"CHAMPS","lcva_multi",0,NA,"batch8",8125,0.64950495049505,0.239474606604697,0.804381110631421
"CHAMPS","lcva_multi",0,NA,"batch8",8126,0.64950495049505,0.239474606604697,0.804381110631421
"CHAMPS","lcva_multi",0,NA,"batch8",8127,0.64950495049505,0.239474606604697,0.804381110631421
"CHAMPS","lcva_multi",0,NA,"batch8",8128,0.64950495049505,0.239474606604697,0.804381110631421
"CHAMPS","lcva_multi",0,NA,"batch8",8129,0.64950495049505,0.239474606604697,0.804381110631421
"CHAMPS","lcva_multi",0,NA,"batch8",8130,0.64950495049505,0.239474606604697,0.804381110631421
"CHAMPS","lcva_multi",0,NA,"batch8",8131,0.64950495049505,0.239474606604697,0.804381110631421
"CHAMPS","lcva_multi",0,NA,"batch8",8132,0.64950495049505,0.239474606604697,0.804381110631421
"CHAMPS","lcva_multi",0,NA,"batch8",8133,0.64950495049505,0.239474606604697,0.804381110631421
"CHAMPS","lcva_multi",0,NA,"batch8",8134,0.64950495049505,0.239474606604697,0.804381110631421
"CHAMPS","lcva_multi",0,NA,"batch8",8135,0.64950495049505,0.239474606604697,0.804381110631421
"CHAMPS","lcva_multi",0,NA,"batch8",8136,0.64950495049505,0.239474606604697,0.804381110631421
"CHAMPS","lcva_multi",0,NA,"batch8",8137,0.64950495049505,0.239474606604697,0.804381110631421
"CHAMPS","lcva_multi",0,NA,"batch8",8138,0.64950495049505,0.239474606604697,0.804381110631421
"CHAMPS","lcva_multi",0,NA,"batch8",8139,0.64950495049505,0.239474606604697,0.804381110631421
"CHAMPS","lcva_multi",0,NA,"batch8",8140,0.64950495049505,0.239474606604697,0.804381110631421
"CHAMPS","lcva_multi",0,NA,"batch8",8141,0.64950495049505,0.239474606604697,0.804381110631421
"CHAMPS","lcva_multi",0,NA,"batch8",8142,0.64950495049505,0.239474606604697,0.804381110631421
"CHAMPS","lcva_multi",0,NA,"batch8",8143,0.64950495049505,0.239474606604697,0.804381110631421
"CHAMPS","lcva_multi",0,NA,"batch8",8144,0.64950495049505,0.239474606604697,0.804381110631421
"CHAMPS","lcva_multi",0,NA,"batch8",8145,0.64950495049505,0.239474606604697,0.804381110631421
"CHAMPS","lcva_multi",0,NA,"batch8",8146,0.64950495049505,0.239474606604697,0.804381110631421
"CHAMPS","lcva_multi",0,NA,"batch8",8147,0.64950495049505,0.239474606604697,0.804381110631421
"CHAMPS","lcva_multi",0,NA,"batch8",8148,0.64950495049505,0.239474606604697,0.804381110631421
"CHAMPS","lcva_multi",0,NA,"batch8",8149,0.64950495049505,0.239474606604697,0.804381110631421
"CHAMPS","lcva_multi",0,NA,"batch8",8150,0.64950495049505,0.239474606604697,0.804381110631421
"CHAMPS","lcva_multi",0,NA,"batch8",8151,0.64950495049505,0.239474606604697,0.804381110631421
"CHAMPS","lcva_multi",0,NA,"batch8",8152,0.64950495049505,0.239474606604697,0.804381110631421
"CHAMPS","lcva_multi",0,NA,"batch8",8153,0.64950495049505,0.239474606604697,0.804381110631421
"CHAMPS","lcva_multi",0,NA,"batch8",8154,0.64950495049505,0.239474606604697,0.804381110631421
"CHAMPS","lcva_multi",0,NA,"batch8",8155,0.64950495049505,0.239474606604697,0.804381110631421
"CHAMPS","lcva_multi",0,NA,"batch8",8156,0.64950495049505,0.239474606604697,0.804381110631421
"CHAMPS","lcva_multi",0,NA,"batch8",8157,0.64950495049505,0.239474606604697,0.804381110631421
"CHAMPS","lcva_multi",0,NA,"batch8",8158,0.64950495049505,0.239474606604697,0.804381110631421
"CHAMPS","lcva_multi",0,NA,"batch8",8159,0.64950495049505,0.239474606604697,0.804381110631421
"CHAMPS","lcva_multi",0,NA,"batch8",8160,0.64950495049505,0.239474606604697,0.804381110631421
"CHAMPS","lcva_multi",0,NA,"batch8",8161,0.64950495049505,0.239474606604697,0.804381110631421
"CHAMPS","lcva_multi",0,NA,"batch8",8162,0.64950495049505,0.239474606604697,0.804381110631421
"CHAMPS","lcva_multi",0,NA,"batch8",8163,0.64950495049505,0.239474606604697,0.804381110631421
"CHAMPS","lcva_multi",0,NA,"batch8",8164,0.64950495049505,0.239474606604697,0.804381110631421
"CHAMPS","lcva_multi",0,NA,"batch8",8165,0.64950495049505,0.239474606604697,0.804381110631421
"CHAMPS","lcva_multi",0,NA,"batch8",8166,0.64950495049505,0.239474606604697,0.804381110631421
"CHAMPS","lcva_multi",0,NA,"batch8",8167,0.64950495049505,0.239474606604697,0.804381110631421
"CHAMPS","lcva_multi",0,NA,"batch8",8168,0.64950495049505,0.239474606604697,0.804381110631421
"CHAMPS","lcva_multi",0,NA,"batch8",8169,0.64950495049505,0.239474606604697,0.804381110631421
"CHAMPS","lcva_multi",0,NA,"batch8",8170,0.64950495049505,0.239474606604697,0.804381110631421
"CHAMPS","lcva_multi",0,NA,"batch8",8171,0.64950495049505,0.239474606604697,0.804381110631421
"CHAMPS","lcva_multi",0,NA,"batch8",8172,0.64950495049505,0.239474606604697,0.804381110631421
"CHAMPS","lcva_multi",0,NA,"batch8",8173,0.64950495049505,0.239474606604697,0.804381110631421
"CHAMPS","lcva_multi",0,NA,"batch8",8174,0.64950495049505,0.239474606604697,0.804381110631421
"CHAMPS","lcva_multi",0,NA,"batch8",8175,0.64950495049505,0.239474606604697,0.804381110631421
"CHAMPS","lcva_multi",0,NA,"batch8",8176,0.64950495049505,0.239474606604697,0.804381110631421
"CHAMPS","lcva_multi",0,NA,"batch8",8177,0.64950495049505,0.239474606604697,0.804381110631421
"CHAMPS","lcva_multi",0,NA,"batch8",8178,0.64950495049505,0.239474606604697,0.804381110631421
"CHAMPS","lcva_multi",0,NA,"batch8",8179,0.64950495049505,0.239474606604697,0.804381110631421
"CHAMPS","lcva_multi",0,NA,"batch8",8180,0.64950495049505,0.239474606604697,0.804381110631421
"CHAMPS","lcva_multi",0,NA,"batch8",8181,0.64950495049505,0.239474606604697,0.804381110631421
"CHAMPS","lcva_multi",0,NA,"batch8",8182,0.64950495049505,0.239474606604697,0.804381110631421
"CHAMPS","lcva_multi",0,NA,"batch8",8183,0.64950495049505,0.239474606604697,0.804381110631421
"CHAMPS","lcva_multi",0,NA,"batch8",8184,0.64950495049505,0.239474606604697,0.804381110631421
"CHAMPS","lcva_multi",0,NA,"batch8",8185,0.64950495049505,0.239474606604697,0.804381110631421
"CHAMPS","lcva_multi",0,NA,"batch8",8186,0.64950495049505,0.239474606604697,0.804381110631421
"CHAMPS","lcva_multi",0,NA,"batch8",8187,0.64950495049505,0.239474606604697,0.804381110631421
"CHAMPS","lcva_multi",0,NA,"batch8",8188,0.64950495049505,0.239474606604697,0.804381110631421
"CHAMPS","lcva_multi",0,NA,"batch8",8189,0.64950495049505,0.239474606604697,0.804381110631421
"CHAMPS","lcva_multi",0,NA,"batch8",8190,0.64950495049505,0.239474606604697,0.804381110631421
"CHAMPS","lcva_multi",0,NA,"batch8",8191,0.64950495049505,0.239474606604697,0.804381110631421
"CHAMPS","lcva_multi",0,NA,"batch8",8192,0.64950495049505,0.239474606604697,0.804381110631421
"CHAMPS","lcva_multi",0,NA,"batch8",8193,0.64950495049505,0.239474606604697,0.804381110631421
"CHAMPS","lcva_multi",0,NA,"batch8",8194,0.64950495049505,0.239474606604697,0.804381110631421
"CHAMPS","lcva_multi",0,NA,"batch8",8195,0.64950495049505,0.239474606604697,0.804381110631421
"CHAMPS","lcva_multi",0,NA,"batch8",8196,0.64950495049505,0.239474606604697,0.804381110631421
"CHAMPS","lcva_multi",0,NA,"batch8",8197,0.64950495049505,0.239474606604697,0.804381110631421
"CHAMPS","lcva_multi",0,NA,"batch8",8198,0.64950495049505,0.239474606604697,0.804381110631421
"CHAMPS","lcva_multi",0,NA,"batch8",8199,0.64950495049505,0.239474606604697,0.804381110631421
"CHAMPS","lcva_multi",0,NA,"batch8",8200,0.64950495049505,0.239474606604697,0.804381110631421
"CHAMPS","lcva_multi",0,NA,"batch8",8201,0.64950495049505,0.239474606604697,0.804381110631421
"CHAMPS","lcva_multi",0,NA,"batch8",8202,0.64950495049505,0.239474606604697,0.804381110631421
"CHAMPS","lcva_multi",0,NA,"batch8",8203,0.64950495049505,0.239474606604697,0.804381110631421
"CHAMPS","lcva_multi",0,NA,"batch8",8204,0.64950495049505,0.239474606604697,0.804381110631421
"CHAMPS","lcva_multi",0,NA,"batch8",8205,0.64950495049505,0.239474606604697,0.804381110631421
"CHAMPS","lcva_multi",0,NA,"batch8",8206,0.64950495049505,0.239474606604697,0.804381110631421
"CHAMPS","lcva_multi",0,NA,"batch8",8207,0.64950495049505,0.239474606604697,0.804381110631421
"CHAMPS","lcva_multi",0,NA,"batch8",8208,0.64950495049505,0.239474606604697,0.804381110631421
"CHAMPS","lcva_multi",0,NA,"batch8",8209,0.64950495049505,0.239474606604697,0.804381110631421
"CHAMPS","lcva_multi",0,NA,"batch8",8210,0.64950495049505,0.239474606604697,0.804381110631421
"CHAMPS","lcva_multi",0,NA,"batch8",8211,0.64950495049505,0.239474606604697,0.804381110631421
"CHAMPS","lcva_multi",0,NA,"batch8",8212,0.64950495049505,0.239474606604697,0.804381110631421
"CHAMPS","lcva_multi",0,NA,"batch8",8213,0.64950495049505,0.239474606604697,0.804381110631421
"CHAMPS","lcva_multi",0,NA,"batch8",8214,0.64950495049505,0.239474606604697,0.804381110631421
"CHAMPS","lcva_multi",0,NA,"batch8",8215,0.64950495049505,0.239474606604697,0.804381110631421
"CHAMPS","lcva_multi",0,NA,"batch8",8216,0.64950495049505,0.239474606604697,0.804381110631421
"CHAMPS","lcva_multi",0,NA,"batch8",8217,0.64950495049505,0.239474606604697,0.804381110631421
"CHAMPS","lcva_multi",0,NA,"batch8",8218,0.64950495049505,0.239474606604697,0.804381110631421
"CHAMPS","lcva_multi",0,NA,"batch8",8219,0.64950495049505,0.239474606604697,0.804381110631421
"CHAMPS","lcva_multi",0,NA,"batch8",8220,0.64950495049505,0.239474606604697,0.804381110631421
"CHAMPS","lcva_multi",0,NA,"batch8",8221,0.64950495049505,0.239474606604697,0.804381110631421
"CHAMPS","lcva_multi",0,NA,"batch8",8222,0.64950495049505,0.239474606604697,0.804381110631421
"CHAMPS","lcva_multi",0,NA,"batch8",8223,0.64950495049505,0.239474606604697,0.804381110631421
"CHAMPS","lcva_multi",0,NA,"batch8",8224,0.64950495049505,0.239474606604697,0.804381110631421
"CHAMPS","lcva_multi",0,NA,"batch8",8225,0.64950495049505,0.239474606604697,0.804381110631421
"CHAMPS","lcva_multi",0,NA,"batch8",8226,0.64950495049505,0.239474606604697,0.804381110631421
"CHAMPS","lcva_multi",0,NA,"batch8",8227,0.64950495049505,0.239474606604697,0.804381110631421
"CHAMPS","lcva_multi",0,NA,"batch8",8228,0.64950495049505,0.239474606604697,0.804381110631421
"CHAMPS","lcva_multi",0,NA,"batch8",8229,0.64950495049505,0.239474606604697,0.804381110631421
"CHAMPS","lcva_multi",0,NA,"batch8",8230,0.64950495049505,0.239474606604697,0.804381110631421
"CHAMPS","lcva_multi",0,NA,"batch8",8231,0.64950495049505,0.239474606604697,0.804381110631421
"CHAMPS","lcva_multi",0,NA,"batch8",8232,0.64950495049505,0.239474606604697,0.804381110631421
"CHAMPS","lcva_multi",0,NA,"batch8",8233,0.64950495049505,0.239474606604697,0.804381110631421
"CHAMPS","lcva_multi",0,NA,"batch8",8234,0.64950495049505,0.239474606604697,0.804381110631421
"CHAMPS","lcva_multi",0,NA,"batch8",8235,0.64950495049505,0.239474606604697,0.804381110631421
"CHAMPS","lcva_multi",0,NA,"batch8",8236,0.64950495049505,0.239474606604697,0.804381110631421
"CHAMPS","lcva_multi",0,NA,"batch8",8237,0.64950495049505,0.239474606604697,0.804381110631421
"CHAMPS","lcva_multi",0,NA,"batch8",8238,0.64950495049505,0.239474606604697,0.804381110631421
"CHAMPS","lcva_multi",0,NA,"batch8",8239,0.64950495049505,0.239474606604697,0.804381110631421
"CHAMPS","lcva_multi",0,NA,"batch8",8240,0.64950495049505,0.239474606604697,0.804381110631421
"CHAMPS","lcva_multi",0,NA,"batch8",8241,0.64950495049505,0.239474606604697,0.804381110631421
"CHAMPS","lcva_multi",0,NA,"batch8",8242,0.64950495049505,0.239474606604697,0.804381110631421
"CHAMPS","lcva_multi",0,NA,"batch8",8243,0.64950495049505,0.239474606604697,0.804381110631421
"CHAMPS","lcva_multi",0,NA,"batch8",8244,0.64950495049505,0.239474606604697,0.804381110631421
"CHAMPS","lcva_multi",0,NA,"batch8",8245,0.64950495049505,0.239474606604697,0.804381110631421
"CHAMPS","lcva_multi",0,NA,"batch8",8246,0.64950495049505,0.239474606604697,0.804381110631421
"CHAMPS","lcva_multi",0,NA,"batch8",8247,0.64950495049505,0.239474606604697,0.804381110631421
"CHAMPS","lcva_multi",0,NA,"batch8",8248,0.64950495049505,0.239474606604697,0.804381110631421
"CHAMPS","lcva_multi",0,NA,"batch8",8249,0.64950495049505,0.239474606604697,0.804381110631421
"CHAMPS","lcva_multi",0,NA,"batch8",8250,0.64950495049505,0.239474606604697,0.804381110631421
"CHAMPS","lcva_multi",0,NA,"batch8",8251,0.64950495049505,0.239474606604697,0.804381110631421
"CHAMPS","lcva_multi",0,NA,"batch8",8252,0.64950495049505,0.239474606604697,0.804381110631421
"CHAMPS","lcva_multi",0,NA,"batch8",8253,0.64950495049505,0.239474606604697,0.804381110631421
"CHAMPS","lcva_multi",0,NA,"batch8",8254,0.64950495049505,0.239474606604697,0.804381110631421
"CHAMPS","lcva_multi",0,NA,"batch8",8255,0.64950495049505,0.239474606604697,0.804381110631421
"CHAMPS","lcva_multi",0,NA,"batch8",8256,0.64950495049505,0.239474606604697,0.804381110631421
"CHAMPS","lcva_multi",0,NA,"batch8",8257,0.64950495049505,0.239474606604697,0.804381110631421
"CHAMPS","lcva_multi",0,NA,"batch8",8258,0.64950495049505,0.239474606604697,0.804381110631421
"CHAMPS","lcva_multi",0,NA,"batch8",8259,0.64950495049505,0.239474606604697,0.804381110631421
"CHAMPS","lcva_multi",0,NA,"batch8",8260,0.64950495049505,0.239474606604697,0.804381110631421
"CHAMPS","lcva_multi",0,NA,"batch8",8261,0.64950495049505,0.239474606604697,0.804381110631421
"CHAMPS","lcva_multi",0,NA,"batch8",8262,0.64950495049505,0.239474606604697,0.804381110631421
"CHAMPS","lcva_multi",0,NA,"batch8",8263,0.64950495049505,0.239474606604697,0.804381110631421
"CHAMPS","lcva_multi",0,NA,"batch8",8264,0.64950495049505,0.239474606604697,0.804381110631421
"CHAMPS","lcva_multi",0,NA,"batch8",8265,0.64950495049505,0.239474606604697,0.804381110631421
"CHAMPS","lcva_multi",0,NA,"batch8",8266,0.64950495049505,0.239474606604697,0.804381110631421
"CHAMPS","lcva_multi",0,NA,"batch8",8267,0.64950495049505,0.239474606604697,0.804381110631421
"CHAMPS","lcva_multi",0,NA,"batch8",8268,0.64950495049505,0.239474606604697,0.804381110631421
"CHAMPS","lcva_multi",0,NA,"batch8",8269,0.64950495049505,0.239474606604697,0.804381110631421
"CHAMPS","lcva_multi",0,NA,"batch8",8270,0.64950495049505,0.239474606604697,0.804381110631421
"CHAMPS","lcva_multi",0,NA,"batch8",8271,0.64950495049505,0.239474606604697,0.804381110631421
"CHAMPS","lcva_multi",0,NA,"batch8",8272,0.64950495049505,0.239474606604697,0.804381110631421
"CHAMPS","lcva_multi",0,NA,"batch8",8273,0.64950495049505,0.239474606604697,0.804381110631421
"CHAMPS","lcva_multi",0,NA,"batch8",8274,0.64950495049505,0.239474606604697,0.804381110631421
"CHAMPS","lcva_multi",0,NA,"batch8",8275,0.64950495049505,0.239474606604697,0.804381110631421
"CHAMPS","lcva_multi",0,NA,"batch8",8276,0.64950495049505,0.239474606604697,0.804381110631421
"CHAMPS","lcva_multi",0,NA,"batch8",8277,0.64950495049505,0.239474606604697,0.804381110631421
"CHAMPS","lcva_multi",0,NA,"batch8",8278,0.64950495049505,0.239474606604697,0.804381110631421
"CHAMPS","lcva_multi",0,NA,"batch8",8279,0.64950495049505,0.239474606604697,0.804381110631421
"CHAMPS","lcva_multi",0,NA,"batch8",8280,0.64950495049505,0.239474606604697,0.804381110631421
"CHAMPS","lcva_multi",0,NA,"batch8",8281,0.64950495049505,0.239474606604697,0.804381110631421
"CHAMPS","lcva_multi",0,NA,"batch8",8282,0.64950495049505,0.239474606604697,0.804381110631421
"CHAMPS","lcva_multi",0,NA,"batch8",8283,0.64950495049505,0.239474606604697,0.804381110631421
"CHAMPS","lcva_multi",0,NA,"batch8",8284,0.64950495049505,0.239474606604697,0.804381110631421
"CHAMPS","lcva_multi",0,NA,"batch8",8285,0.64950495049505,0.239474606604697,0.804381110631421
"CHAMPS","lcva_multi",0,NA,"batch8",8286,0.64950495049505,0.239474606604697,0.804381110631421
"CHAMPS","lcva_multi",0,NA,"batch8",8287,0.64950495049505,0.239474606604697,0.804381110631421
"CHAMPS","lcva_multi",0,NA,"batch8",8288,0.64950495049505,0.239474606604697,0.804381110631421
"CHAMPS","lcva_multi",0,NA,"batch8",8289,0.64950495049505,0.239474606604697,0.804381110631421
"CHAMPS","lcva_multi",0,NA,"batch8",8290,0.64950495049505,0.239474606604697,0.804381110631421
"CHAMPS","lcva_multi",0,NA,"batch8",8291,0.64950495049505,0.239474606604697,0.804381110631421
"CHAMPS","lcva_multi",0,NA,"batch8",8292,0.64950495049505,0.239474606604697,0.804381110631421
"CHAMPS","lcva_multi",0,NA,"batch8",8293,0.64950495049505,0.239474606604697,0.804381110631421
"CHAMPS","lcva_multi",0,NA,"batch8",8294,0.64950495049505,0.239474606604697,0.804381110631421
"CHAMPS","lcva_multi",0,NA,"batch8",8295,0.64950495049505,0.239474606604697,0.804381110631421
"CHAMPS","lcva_multi",0,NA,"batch8",8296,0.64950495049505,0.239474606604697,0.804381110631421
"CHAMPS","lcva_multi",0,NA,"batch8",8297,0.64950495049505,0.239474606604697,0.804381110631421
"CHAMPS","lcva_multi",0,NA,"batch8",8298,0.64950495049505,0.239474606604697,0.804381110631421
"CHAMPS","lcva_multi",0,NA,"batch8",8299,0.64950495049505,0.239474606604697,0.804381110631421
"CHAMPS","lcva_multi",0,NA,"batch8",8300,0.64950495049505,0.239474606604697,0.804381110631421
"CHAMPS","lcva_multi",0,NA,"batch8",8301,0.64950495049505,0.239474606604697,0.804381110631421
"CHAMPS","lcva_multi",0,NA,"batch8",8302,0.64950495049505,0.239474606604697,0.804381110631421
"CHAMPS","lcva_multi",0,NA,"batch8",8303,0.64950495049505,0.239474606604697,0.804381110631421
"CHAMPS","lcva_multi",0,NA,"batch8",8304,0.64950495049505,0.239474606604697,0.804381110631421
"CHAMPS","lcva_multi",0,NA,"batch8",8305,0.64950495049505,0.239474606604697,0.804381110631421
"CHAMPS","lcva_multi",0,NA,"batch8",8306,0.64950495049505,0.239474606604697,0.804381110631421
"CHAMPS","lcva_multi",0,NA,"batch8",8307,0.64950495049505,0.239474606604697,0.804381110631421
"CHAMPS","lcva_multi",0,NA,"batch8",8308,0.64950495049505,0.239474606604697,0.804381110631421
"CHAMPS","lcva_multi",0,NA,"batch8",8309,0.64950495049505,0.239474606604697,0.804381110631421
"CHAMPS","lcva_multi",0,NA,"batch8",8310,0.64950495049505,0.239474606604697,0.804381110631421
"CHAMPS","lcva_multi",0,NA,"batch8",8311,0.64950495049505,0.239474606604697,0.804381110631421
"CHAMPS","lcva_multi",0,NA,"batch8",8312,0.64950495049505,0.239474606604697,0.804381110631421
"CHAMPS","lcva_multi",0,NA,"batch8",8313,0.64950495049505,0.239474606604697,0.804381110631421
"CHAMPS","lcva_multi",0,NA,"batch8",8314,0.64950495049505,0.239474606604697,0.804381110631421
"CHAMPS","lcva_multi",0,NA,"batch8",8315,0.64950495049505,0.239474606604697,0.804381110631421
"CHAMPS","lcva_multi",0,NA,"batch8",8316,0.64950495049505,0.239474606604697,0.804381110631421
"CHAMPS","lcva_multi",0,NA,"batch8",8317,0.64950495049505,0.239474606604697,0.804381110631421
"CHAMPS","lcva_multi",0,NA,"batch8",8318,0.64950495049505,0.239474606604697,0.804381110631421
"CHAMPS","lcva_multi",0,NA,"batch8",8319,0.64950495049505,0.239474606604697,0.804381110631421
"CHAMPS","lcva_multi",0,NA,"batch8",8320,0.64950495049505,0.239474606604697,0.804381110631421
"CHAMPS","lcva_multi",0,NA,"batch8",8321,0.64950495049505,0.239474606604697,0.804381110631421
"CHAMPS","lcva_multi",0,NA,"batch8",8322,0.64950495049505,0.239474606604697,0.804381110631421
"CHAMPS","lcva_multi",0,NA,"batch8",8323,0.64950495049505,0.239474606604697,0.804381110631421
"CHAMPS","lcva_multi",0,NA,"batch8",8324,0.64950495049505,0.239474606604697,0.804381110631421
"CHAMPS","lcva_multi",0,NA,"batch8",8325,0.64950495049505,0.239474606604697,0.804381110631421
"CHAMPS","lcva_multi",0,NA,"batch8",8326,0.64950495049505,0.239474606604697,0.804381110631421
"CHAMPS","lcva_multi",0,NA,"batch8",8327,0.64950495049505,0.239474606604697,0.804381110631421
"CHAMPS","lcva_multi",0,NA,"batch8",8328,0.64950495049505,0.239474606604697,0.804381110631421
"CHAMPS","lcva_multi",0,NA,"batch8",8329,0.64950495049505,0.239474606604697,0.804381110631421
"CHAMPS","lcva_multi",0,NA,"batch8",8330,0.64950495049505,0.239474606604697,0.804381110631421
"CHAMPS","lcva_multi",0,NA,"batch8",8331,0.64950495049505,0.239474606604697,0.804381110631421
"CHAMPS","lcva_multi",0,NA,"batch8",8332,0.64950495049505,0.239474606604697,0.804381110631421
"CHAMPS","lcva_multi",0,NA,"batch8",8333,0.64950495049505,0.239474606604697,0.804381110631421
"CHAMPS","lcva_multi",0,NA,"batch8",8334,0.64950495049505,0.239474606604697,0.804381110631421
"CHAMPS","lcva_multi",0,NA,"batch8",8335,0.64950495049505,0.239474606604697,0.804381110631421
"CHAMPS","lcva_multi",0,NA,"batch8",8336,0.64950495049505,0.239474606604697,0.804381110631421
"CHAMPS","lcva_multi",0,NA,"batch8",8337,0.64950495049505,0.239474606604697,0.804381110631421
"CHAMPS","lcva_multi",0,NA,"batch8",8338,0.64950495049505,0.239474606604697,0.804381110631421
"CHAMPS","lcva_multi",0,NA,"batch8",8339,0.64950495049505,0.239474606604697,0.804381110631421
"CHAMPS","lcva_multi",0,NA,"batch8",8340,0.64950495049505,0.239474606604697,0.804381110631421
"CHAMPS","lcva_multi",0,NA,"batch8",8341,0.64950495049505,0.239474606604697,0.804381110631421
"CHAMPS","lcva_multi",0,NA,"batch8",8342,0.64950495049505,0.239474606604697,0.804381110631421
"CHAMPS","lcva_multi",0,NA,"batch8",8343,0.64950495049505,0.239474606604697,0.804381110631421
"CHAMPS","lcva_multi",0,NA,"batch8",8344,0.64950495049505,0.239474606604697,0.804381110631421
"CHAMPS","lcva_multi",0,NA,"batch8",8345,0.64950495049505,0.239474606604697,0.804381110631421
"CHAMPS","lcva_multi",0,NA,"batch8",8346,0.64950495049505,0.239474606604697,0.804381110631421
"CHAMPS","lcva_multi",0,NA,"batch8",8347,0.64950495049505,0.239474606604697,0.804381110631421
"CHAMPS","lcva_multi",0,NA,"batch8",8348,0.64950495049505,0.239474606604697,0.804381110631421
"CHAMPS","lcva_multi",0,NA,"batch8",8349,0.64950495049505,0.239474606604697,0.804381110631421
"CHAMPS","lcva_multi",0,NA,"batch8",8350,0.64950495049505,0.239474606604697,0.804381110631421
"CHAMPS","lcva_multi",0,NA,"batch8",8351,0.64950495049505,0.239474606604697,0.804381110631421
"CHAMPS","lcva_multi",0,NA,"batch8",8352,0.64950495049505,0.239474606604697,0.804381110631421
"CHAMPS","lcva_multi",0,NA,"batch8",8353,0.64950495049505,0.239474606604697,0.804381110631421
"CHAMPS","lcva_multi",0,NA,"batch8",8354,0.64950495049505,0.239474606604697,0.804381110631421
"CHAMPS","lcva_multi",0,NA,"batch8",8355,0.64950495049505,0.239474606604697,0.804381110631421
"CHAMPS","lcva_multi",0,NA,"batch8",8356,0.64950495049505,0.239474606604697,0.804381110631421
"CHAMPS","lcva_multi",0,NA,"batch8",8357,0.64950495049505,0.239474606604697,0.804381110631421
"CHAMPS","lcva_multi",0,NA,"batch8",8358,0.64950495049505,0.239474606604697,0.804381110631421
"CHAMPS","lcva_multi",0,NA,"batch8",8359,0.64950495049505,0.239474606604697,0.804381110631421
"CHAMPS","lcva_multi",0,NA,"batch8",8360,0.64950495049505,0.239474606604697,0.804381110631421
"CHAMPS","lcva_multi",0,NA,"batch8",8361,0.64950495049505,0.239474606604697,0.804381110631421
"CHAMPS","lcva_multi",0,NA,"batch8",8362,0.64950495049505,0.239474606604697,0.804381110631421
"CHAMPS","lcva_multi",0,NA,"batch8",8363,0.64950495049505,0.239474606604697,0.804381110631421
"CHAMPS","lcva_multi",0,NA,"batch8",8364,0.64950495049505,0.239474606604697,0.804381110631421
"CHAMPS","lcva_multi",0,NA,"batch8",8365,0.64950495049505,0.239474606604697,0.804381110631421
"CHAMPS","lcva_multi",0,NA,"batch8",8366,0.64950495049505,0.239474606604697,0.804381110631421
"CHAMPS","lcva_multi",0,NA,"batch8",8367,0.64950495049505,0.239474606604697,0.804381110631421
"CHAMPS","lcva_multi",0,NA,"batch8",8368,0.64950495049505,0.239474606604697,0.804381110631421
"CHAMPS","lcva_multi",0,NA,"batch8",8369,0.64950495049505,0.239474606604697,0.804381110631421
"CHAMPS","lcva_multi",0,NA,"batch8",8370,0.64950495049505,0.239474606604697,0.804381110631421
"CHAMPS","lcva_multi",0,NA,"batch8",8371,0.64950495049505,0.239474606604697,0.804381110631421
"CHAMPS","lcva_multi",0,NA,"batch8",8372,0.64950495049505,0.239474606604697,0.804381110631421
"CHAMPS","lcva_multi",0,NA,"batch8",8373,0.64950495049505,0.239474606604697,0.804381110631421
"CHAMPS","lcva_multi",0,NA,"batch8",8374,0.64950495049505,0.239474606604697,0.804381110631421
"CHAMPS","lcva_multi",0,NA,"batch8",8375,0.64950495049505,0.239474606604697,0.804381110631421
"CHAMPS","lcva_multi",0,NA,"batch8",8376,0.64950495049505,0.239474606604697,0.804381110631421
"CHAMPS","lcva_multi",0,NA,"batch8",8377,0.64950495049505,0.239474606604697,0.804381110631421
"CHAMPS","lcva_multi",0,NA,"batch8",8378,0.64950495049505,0.239474606604697,0.804381110631421
"CHAMPS","lcva_multi",0,NA,"batch8",8379,0.64950495049505,0.239474606604697,0.804381110631421
"CHAMPS","lcva_multi",0,NA,"batch8",8380,0.64950495049505,0.239474606604697,0.804381110631421
"CHAMPS","lcva_multi",0,NA,"batch8",8381,0.64950495049505,0.239474606604697,0.804381110631421
"CHAMPS","lcva_multi",0,NA,"batch8",8382,0.64950495049505,0.239474606604697,0.804381110631421
"CHAMPS","lcva_multi",0,NA,"batch8",8383,0.64950495049505,0.239474606604697,0.804381110631421
"CHAMPS","lcva_multi",0,NA,"batch8",8384,0.64950495049505,0.239474606604697,0.804381110631421
"CHAMPS","lcva_multi",0,NA,"batch8",8385,0.64950495049505,0.239474606604697,0.804381110631421
"CHAMPS","lcva_multi",0,NA,"batch8",8386,0.64950495049505,0.239474606604697,0.804381110631421
"CHAMPS","lcva_multi",0,NA,"batch8",8387,0.64950495049505,0.239474606604697,0.804381110631421
"CHAMPS","lcva_multi",0,NA,"batch8",8388,0.64950495049505,0.239474606604697,0.804381110631421
"CHAMPS","lcva_multi",0,NA,"batch8",8389,0.64950495049505,0.239474606604697,0.804381110631421
"CHAMPS","lcva_multi",0,NA,"batch8",8390,0.64950495049505,0.239474606604697,0.804381110631421
"CHAMPS","lcva_multi",0,NA,"batch8",8391,0.64950495049505,0.239474606604697,0.804381110631421
"CHAMPS","lcva_multi",0,NA,"batch8",8392,0.64950495049505,0.239474606604697,0.804381110631421
"CHAMPS","lcva_multi",0,NA,"batch8",8393,0.64950495049505,0.239474606604697,0.804381110631421
"CHAMPS","lcva_multi",0,NA,"batch8",8394,0.64950495049505,0.239474606604697,0.804381110631421
"CHAMPS","lcva_multi",0,NA,"batch8",8395,0.64950495049505,0.239474606604697,0.804381110631421
"CHAMPS","lcva_multi",0,NA,"batch8",8396,0.64950495049505,0.239474606604697,0.804381110631421
"CHAMPS","lcva_multi",0,NA,"batch8",8397,0.64950495049505,0.239474606604697,0.804381110631421
"CHAMPS","lcva_multi",0,NA,"batch8",8398,0.64950495049505,0.239474606604697,0.804381110631421
"CHAMPS","lcva_multi",0,NA,"batch8",8399,0.64950495049505,0.239474606604697,0.804381110631421
"CHAMPS","lcva_multi",0,NA,"batch8",8400,0.64950495049505,0.239474606604697,0.804381110631421
"CHAMPS","lcva_multi",0,NA,"batch8",8401,0.64950495049505,0.239474606604697,0.804381110631421
"CHAMPS","lcva_multi",0,NA,"batch8",8402,0.64950495049505,0.239474606604697,0.804381110631421
"CHAMPS","lcva_multi",0,NA,"batch8",8403,0.64950495049505,0.239474606604697,0.804381110631421
"CHAMPS","lcva_multi",0,NA,"batch8",8404,0.64950495049505,0.239474606604697,0.804381110631421
"CHAMPS","lcva_multi",0,NA,"batch8",8405,0.64950495049505,0.239474606604697,0.804381110631421
"CHAMPS","lcva_multi",0,NA,"batch8",8406,0.64950495049505,0.239474606604697,0.804381110631421
"CHAMPS","lcva_multi",0,NA,"batch8",8407,0.64950495049505,0.239474606604697,0.804381110631421
"CHAMPS","lcva_multi",0,NA,"batch8",8408,0.64950495049505,0.239474606604697,0.804381110631421
"CHAMPS","lcva_multi",0,NA,"batch8",8409,0.64950495049505,0.239474606604697,0.804381110631421
"CHAMPS","lcva_multi",0,NA,"batch8",8410,0.64950495049505,0.239474606604697,0.804381110631421
"CHAMPS","lcva_multi",0,NA,"batch8",8411,0.64950495049505,0.239474606604697,0.804381110631421
"CHAMPS","lcva_multi",0,NA,"batch8",8412,0.64950495049505,0.239474606604697,0.804381110631421
"CHAMPS","lcva_multi",0,NA,"batch8",8413,0.64950495049505,0.239474606604697,0.804381110631421
"CHAMPS","lcva_multi",0,NA,"batch8",8414,0.64950495049505,0.239474606604697,0.804381110631421
"CHAMPS","lcva_multi",0,NA,"batch8",8415,0.64950495049505,0.239474606604697,0.804381110631421
"CHAMPS","lcva_multi",0,NA,"batch8",8416,0.64950495049505,0.239474606604697,0.804381110631421
"CHAMPS","lcva_multi",0,NA,"batch8",8417,0.64950495049505,0.239474606604697,0.804381110631421
"CHAMPS","lcva_multi",0,NA,"batch8",8418,0.64950495049505,0.239474606604697,0.804381110631421
"CHAMPS","lcva_multi",0,NA,"batch8",8419,0.64950495049505,0.239474606604697,0.804381110631421
"CHAMPS","lcva_multi",0,NA,"batch8",8420,0.64950495049505,0.239474606604697,0.804381110631421
"CHAMPS","lcva_multi",0,NA,"batch8",8421,0.64950495049505,0.239474606604697,0.804381110631421
"CHAMPS","lcva_multi",0,NA,"batch8",8422,0.64950495049505,0.239474606604697,0.804381110631421
"CHAMPS","lcva_multi",0,NA,"batch8",8423,0.64950495049505,0.239474606604697,0.804381110631421
"CHAMPS","lcva_multi",0,NA,"batch8",8424,0.64950495049505,0.239474606604697,0.804381110631421
"CHAMPS","lcva_multi",0,NA,"batch8",8425,0.64950495049505,0.239474606604697,0.804381110631421
"CHAMPS","lcva_multi",0,NA,"batch8",8426,0.64950495049505,0.239474606604697,0.804381110631421
"CHAMPS","lcva_multi",0,NA,"batch8",8427,0.64950495049505,0.239474606604697,0.804381110631421
"CHAMPS","lcva_multi",0,NA,"batch8",8428,0.64950495049505,0.239474606604697,0.804381110631421
"CHAMPS","lcva_multi",0,NA,"batch8",8429,0.64950495049505,0.239474606604697,0.804381110631421
"CHAMPS","lcva_multi",0,NA,"batch8",8430,0.64950495049505,0.239474606604697,0.804381110631421
"CHAMPS","lcva_multi",0,NA,"batch8",8431,0.64950495049505,0.239474606604697,0.804381110631421
"CHAMPS","lcva_multi",0,NA,"batch8",8432,0.64950495049505,0.239474606604697,0.804381110631421
"CHAMPS","lcva_multi",0,NA,"batch8",8433,0.64950495049505,0.239474606604697,0.804381110631421
"CHAMPS","lcva_multi",0,NA,"batch8",8434,0.64950495049505,0.239474606604697,0.804381110631421
"CHAMPS","lcva_multi",0,NA,"batch8",8435,0.64950495049505,0.239474606604697,0.804381110631421
"CHAMPS","lcva_multi",0,NA,"batch8",8436,0.64950495049505,0.239474606604697,0.804381110631421
"CHAMPS","lcva_multi",0,NA,"batch8",8437,0.64950495049505,0.239474606604697,0.804381110631421
"CHAMPS","lcva_multi",0,NA,"batch8",8438,0.64950495049505,0.239474606604697,0.804381110631421
"CHAMPS","lcva_multi",0,NA,"batch8",8439,0.64950495049505,0.239474606604697,0.804381110631421
"CHAMPS","lcva_multi",0,NA,"batch8",8440,0.64950495049505,0.239474606604697,0.804381110631421
"CHAMPS","lcva_multi",0,NA,"batch8",8441,0.64950495049505,0.239474606604697,0.804381110631421
"CHAMPS","lcva_multi",0,NA,"batch8",8442,0.64950495049505,0.239474606604697,0.804381110631421
"CHAMPS","lcva_multi",0,NA,"batch8",8443,0.64950495049505,0.239474606604697,0.804381110631421
"CHAMPS","lcva_multi",0,NA,"batch8",8444,0.64950495049505,0.239474606604697,0.804381110631421
"CHAMPS","lcva_multi",0,NA,"batch8",8445,0.64950495049505,0.239474606604697,0.804381110631421
"CHAMPS","lcva_multi",0,NA,"batch8",8446,0.64950495049505,0.239474606604697,0.804381110631421
"CHAMPS","lcva_multi",0,NA,"batch8",8447,0.64950495049505,0.239474606604697,0.804381110631421
"CHAMPS","lcva_multi",0,NA,"batch8",8448,0.64950495049505,0.239474606604697,0.804381110631421
"CHAMPS","lcva_multi",0,NA,"batch8",8449,0.64950495049505,0.239474606604697,0.804381110631421
"CHAMPS","lcva_multi",0,NA,"batch8",8450,0.64950495049505,0.239474606604697,0.804381110631421
"CHAMPS","lcva_multi",0,NA,"batch8",8451,0.64950495049505,0.239474606604697,0.804381110631421
"CHAMPS","lcva_multi",0,NA,"batch8",8452,0.64950495049505,0.239474606604697,0.804381110631421
"CHAMPS","lcva_multi",0,NA,"batch8",8453,0.64950495049505,0.239474606604697,0.804381110631421
"CHAMPS","lcva_multi",0,NA,"batch8",8454,0.64950495049505,0.239474606604697,0.804381110631421
"CHAMPS","lcva_multi",0,NA,"batch8",8455,0.64950495049505,0.239474606604697,0.804381110631421
"CHAMPS","lcva_multi",0,NA,"batch8",8456,0.64950495049505,0.239474606604697,0.804381110631421
"CHAMPS","lcva_multi",0,NA,"batch8",8457,0.64950495049505,0.239474606604697,0.804381110631421
"CHAMPS","lcva_multi",0,NA,"batch8",8458,0.64950495049505,0.239474606604697,0.804381110631421
"CHAMPS","lcva_multi",0,NA,"batch8",8459,0.64950495049505,0.239474606604697,0.804381110631421
"CHAMPS","lcva_multi",0,NA,"batch8",8460,0.64950495049505,0.239474606604697,0.804381110631421
"CHAMPS","lcva_multi",0,NA,"batch8",8461,0.64950495049505,0.239474606604697,0.804381110631421
"CHAMPS","lcva_multi",0,NA,"batch8",8462,0.64950495049505,0.239474606604697,0.804381110631421
"CHAMPS","lcva_multi",0,NA,"batch8",8463,0.64950495049505,0.239474606604697,0.804381110631421
"CHAMPS","lcva_multi",0,NA,"batch8",8464,0.64950495049505,0.239474606604697,0.804381110631421
"CHAMPS","lcva_multi",0,NA,"batch8",8465,0.64950495049505,0.239474606604697,0.804381110631421
"CHAMPS","lcva_multi",0,NA,"batch8",8466,0.64950495049505,0.239474606604697,0.804381110631421
"CHAMPS","lcva_multi",0,NA,"batch8",8467,0.64950495049505,0.239474606604697,0.804381110631421
"CHAMPS","lcva_multi",0,NA,"batch8",8468,0.64950495049505,0.239474606604697,0.804381110631421
"CHAMPS","lcva_multi",0,NA,"batch8",8469,0.64950495049505,0.239474606604697,0.804381110631421
"CHAMPS","lcva_multi",0,NA,"batch8",8470,0.64950495049505,0.239474606604697,0.804381110631421
"CHAMPS","lcva_multi",0,NA,"batch8",8471,0.64950495049505,0.239474606604697,0.804381110631421
"CHAMPS","lcva_multi",0,NA,"batch8",8472,0.64950495049505,0.239474606604697,0.804381110631421
"CHAMPS","lcva_multi",0,NA,"batch8",8473,0.64950495049505,0.239474606604697,0.804381110631421
"CHAMPS","lcva_multi",0,NA,"batch8",8474,0.64950495049505,0.239474606604697,0.804381110631421
"CHAMPS","lcva_multi",0,NA,"batch8",8475,0.64950495049505,0.239474606604697,0.804381110631421
"CHAMPS","lcva_multi",0,NA,"batch8",8476,0.64950495049505,0.239474606604697,0.804381110631421
"CHAMPS","lcva_multi",0,NA,"batch8",8477,0.64950495049505,0.239474606604697,0.804381110631421
"CHAMPS","lcva_multi",0,NA,"batch8",8478,0.64950495049505,0.239474606604697,0.804381110631421
"CHAMPS","lcva_multi",0,NA,"batch8",8479,0.64950495049505,0.239474606604697,0.804381110631421
"CHAMPS","lcva_multi",0,NA,"batch8",8480,0.64950495049505,0.239474606604697,0.804381110631421
"CHAMPS","lcva_multi",0,NA,"batch8",8481,0.64950495049505,0.239474606604697,0.804381110631421
"CHAMPS","lcva_multi",0,NA,"batch8",8482,0.64950495049505,0.239474606604697,0.804381110631421
"CHAMPS","lcva_multi",0,NA,"batch8",8483,0.64950495049505,0.239474606604697,0.804381110631421
"CHAMPS","lcva_multi",0,NA,"batch8",8484,0.64950495049505,0.239474606604697,0.804381110631421
"CHAMPS","lcva_multi",0,NA,"batch8",8485,0.64950495049505,0.239474606604697,0.804381110631421
"CHAMPS","lcva_multi",0,NA,"batch8",8486,0.64950495049505,0.239474606604697,0.804381110631421
"CHAMPS","lcva_multi",0,NA,"batch8",8487,0.64950495049505,0.239474606604697,0.804381110631421
"CHAMPS","lcva_multi",0,NA,"batch8",8488,0.64950495049505,0.239474606604697,0.804381110631421
"CHAMPS","lcva_multi",0,NA,"batch8",8489,0.64950495049505,0.239474606604697,0.804381110631421
"CHAMPS","lcva_multi",0,NA,"batch8",8490,0.64950495049505,0.239474606604697,0.804381110631421
"CHAMPS","lcva_multi",0,NA,"batch8",8491,0.64950495049505,0.239474606604697,0.804381110631421
"CHAMPS","lcva_multi",0,NA,"batch8",8492,0.64950495049505,0.239474606604697,0.804381110631421
"CHAMPS","lcva_multi",0,NA,"batch8",8493,0.64950495049505,0.239474606604697,0.804381110631421
"CHAMPS","lcva_multi",0,NA,"batch8",8494,0.64950495049505,0.239474606604697,0.804381110631421
"CHAMPS","lcva_multi",0,NA,"batch8",8495,0.64950495049505,0.239474606604697,0.804381110631421
"CHAMPS","lcva_multi",0,NA,"batch8",8496,0.64950495049505,0.239474606604697,0.804381110631421
"CHAMPS","lcva_multi",0,NA,"batch8",8497,0.64950495049505,0.239474606604697,0.804381110631421
"CHAMPS","lcva_multi",0,NA,"batch8",8498,0.64950495049505,0.239474606604697,0.804381110631421
"CHAMPS","lcva_multi",0,NA,"batch8",8499,0.64950495049505,0.239474606604697,0.804381110631421
"CHAMPS","lcva_multi",0,NA,"batch8",8500,0.64950495049505,0.239474606604697,0.804381110631421
"CHAMPS","lcva_multi",0.2,NA,"batch8",8001,0.646039603960396,0.230368185763893,0.85559294470705
"CHAMPS","lcva_multi",0.2,NA,"batch8",8002,0.638613861386139,0.251301098945603,0.83983171079436
"CHAMPS","lcva_multi",0.2,NA,"batch8",8003,0.655940594059406,0.236539696992368,0.859566065168574
"CHAMPS","lcva_multi",0.2,NA,"batch8",8004,0.653465346534653,0.250559090032774,0.853579698609263
"CHAMPS","lcva_multi",0.2,NA,"batch8",8005,0.658415841584158,0.253317737374942,0.866707542552315
"CHAMPS","lcva_multi",0.2,NA,"batch8",8006,0.658415841584158,0.23456554162099,0.850947783237575
"CHAMPS","lcva_multi",0.2,NA,"batch8",8007,0.655940594059406,0.229196341293115,0.86668387122946
"CHAMPS","lcva_multi",0.2,NA,"batch8",8008,0.648514851485149,0.249935852069568,0.859875528430492
"CHAMPS","lcva_multi",0.2,NA,"batch8",8009,0.658415841584158,0.254843960278945,0.848053961003676
"CHAMPS","lcva_multi",0.2,NA,"batch8",8010,0.650990099009901,0.250466585006059,0.855865669533139
"CHAMPS","lcva_multi",0.2,NA,"batch8",8011,0.650990099009901,0.243483439201452,0.850153311847355
"CHAMPS","lcva_multi",0.2,NA,"batch8",8012,0.660891089108911,0.222936277423353,0.857570384028662
"CHAMPS","lcva_multi",0.2,NA,"batch8",8013,0.663366336633663,0.237526440772669,0.867167717492752
"CHAMPS","lcva_multi",0.2,NA,"batch8",8014,0.665841584158416,0.25530018841186,0.869465119199944
"CHAMPS","lcva_multi",0.2,NA,"batch8",8015,0.660891089108911,0.239274326490864,0.858010421812077
"CHAMPS","lcva_multi",0.2,NA,"batch8",8016,0.641089108910891,0.24108575001232,0.845712056123104
"CHAMPS","lcva_multi",0.2,NA,"batch8",8017,0.641089108910891,0.215770574534161,0.862043139256904
"CHAMPS","lcva_multi",0.2,NA,"batch8",8018,0.638613861386139,0.22346827313195,0.850342077165194
"CHAMPS","lcva_multi",0.2,NA,"batch8",8019,0.643564356435644,0.240454429083461,0.844554714010374
"CHAMPS","lcva_multi",0.2,NA,"batch8",8020,0.663366336633663,0.236056816589603,0.877537572696576
"CHAMPS","lcva_multi",0.2,NA,"batch8",8021,0.646039603960396,0.250746485823578,0.858883270188138
"CHAMPS","lcva_multi",0.2,NA,"batch8",8022,0.638613861386139,0.239945211038961,0.848852935931126
"CHAMPS","lcva_multi",0.2,NA,"batch8",8023,0.646039603960396,0.249389225656711,0.841519830660659
"CHAMPS","lcva_multi",0.2,NA,"batch8",8024,0.641089108910891,0.255591898527472,0.84779148398242
"CHAMPS","lcva_multi",0.2,NA,"batch8",8025,0.650990099009901,0.23087119899347,0.854802052239686
"CHAMPS","lcva_multi",0.2,NA,"batch8",8026,0.646039603960396,0.234130036630037,0.851748782077787
"CHAMPS","lcva_multi",0.2,NA,"batch8",8027,0.636138613861386,0.213909911927153,0.855422959563223
"CHAMPS","lcva_multi",0.2,NA,"batch8",8028,0.638613861386139,0.241890521224102,0.850609526877337
"CHAMPS","lcva_multi",0.2,NA,"batch8",8029,0.655940594059406,0.226983993795703,0.864526347991437
"CHAMPS","lcva_multi",0.2,NA,"batch8",8030,0.650990099009901,0.233714518195942,0.857504890701426
"CHAMPS","lcva_multi",0.2,NA,"batch8",8031,0.650990099009901,0.244987967041932,0.856960635675314
"CHAMPS","lcva_multi",0.2,NA,"batch8",8032,0.641089108910891,0.242016271104131,0.846620741138339
"CHAMPS","lcva_multi",0.2,NA,"batch8",8033,0.663366336633663,0.239714954163484,0.868736082412447
"CHAMPS","lcva_multi",0.2,NA,"batch8",8034,0.641089108910891,0.228268849206349,0.849009101233713
"CHAMPS","lcva_multi",0.2,NA,"batch8",8035,0.641089108910891,0.246991609276092,0.846328147282857
"CHAMPS","lcva_multi",0.2,NA,"batch8",8036,0.658415841584158,0.249677537709743,0.864915058684828
"CHAMPS","lcva_multi",0.2,NA,"batch8",8037,0.650990099009901,0.258169175356675,0.851866380523068
"CHAMPS","lcva_multi",0.2,NA,"batch8",8038,0.631188118811881,0.224436586375441,0.849137598226146
"CHAMPS","lcva_multi",0.2,NA,"batch8",8039,0.623762376237624,0.222785493054164,0.847423851089401
"CHAMPS","lcva_multi",0.2,NA,"batch8",8040,0.650990099009901,0.24665854978355,0.848275745671261
"CHAMPS","lcva_multi",0.2,NA,"batch8",8041,0.665841584158416,0.256153576193569,0.87049457662632
"CHAMPS","lcva_multi",0.2,NA,"batch8",8042,0.650990099009901,0.250643365660528,0.848441404034151
"CHAMPS","lcva_multi",0.2,NA,"batch8",8043,0.650990099009901,0.225884480205553,0.846926492742033
"CHAMPS","lcva_multi",0.2,NA,"batch8",8044,0.665841584158416,0.251398984174859,0.872215461965969
"CHAMPS","lcva_multi",0.2,NA,"batch8",8045,0.663366336633663,0.248757280812445,0.867866354239074
"CHAMPS","lcva_multi",0.2,NA,"batch8",8046,0.655940594059406,0.253216970885937,0.865931994713993
"CHAMPS","lcva_multi",0.2,NA,"batch8",8047,0.660891089108911,0.225406296601949,0.856530757128818
"CHAMPS","lcva_multi",0.2,NA,"batch8",8048,0.643564356435644,0.222705504489186,0.855926730264299
"CHAMPS","lcva_multi",0.2,NA,"batch8",8049,0.653465346534653,0.226085190718458,0.865958585606711
"CHAMPS","lcva_multi",0.2,NA,"batch8",8050,0.646039603960396,0.251663717288717,0.843924221703728
"CHAMPS","lcva_multi",0.2,NA,"batch8",8051,0.653465346534653,0.253680555555556,0.854972319447088
"CHAMPS","lcva_multi",0.2,NA,"batch8",8052,0.648514851485149,0.254673423423423,0.853512331099728
"CHAMPS","lcva_multi",0.2,NA,"batch8",8053,0.641089108910891,0.230826686736676,0.857321456203787
"CHAMPS","lcva_multi",0.2,NA,"batch8",8054,0.653465346534653,0.249209810679076,0.863325352867537
"CHAMPS","lcva_multi",0.2,NA,"batch8",8055,0.665841584158416,0.248867243867244,0.86395834229795
"CHAMPS","lcva_multi",0.2,NA,"batch8",8056,0.638613861386139,0.252922916097352,0.836222413522823
"CHAMPS","lcva_multi",0.2,NA,"batch8",8057,0.643564356435644,0.248640832851359,0.846658191488291
"CHAMPS","lcva_multi",0.2,NA,"batch8",8058,0.650990099009901,0.252793970735147,0.852517640533207
"CHAMPS","lcva_multi",0.2,NA,"batch8",8059,0.653465346534653,0.236702538056404,0.861234616278796
"CHAMPS","lcva_multi",0.2,NA,"batch8",8060,0.638613861386139,0.227284143129931,0.856575979833349
"CHAMPS","lcva_multi",0.2,NA,"batch8",8061,0.643564356435644,0.240187909435697,0.84216712084032
"CHAMPS","lcva_multi",0.2,NA,"batch8",8062,0.665841584158416,0.239412044030688,0.863734818677366
"CHAMPS","lcva_multi",0.2,NA,"batch8",8063,0.668316831683168,0.261239211910567,0.869806962291771
"CHAMPS","lcva_multi",0.2,NA,"batch8",8064,0.646039603960396,0.236801242236025,0.849261002959375
"CHAMPS","lcva_multi",0.2,NA,"batch8",8065,0.660891089108911,0.255937108189959,0.8632952826196
"CHAMPS","lcva_multi",0.2,NA,"batch8",8066,0.670792079207921,0.227439060730675,0.872430393599771
"CHAMPS","lcva_multi",0.2,NA,"batch8",8067,0.641089108910891,0.215425871391915,0.850312326557937
"CHAMPS","lcva_multi",0.2,NA,"batch8",8068,0.665841584158416,0.253173426740569,0.866276557881482
"CHAMPS","lcva_multi",0.2,NA,"batch8",8069,0.653465346534653,0.247771703333377,0.847815119740475
"CHAMPS","lcva_multi",0.2,NA,"batch8",8070,0.650990099009901,0.247784239903375,0.85868815741327
"CHAMPS","lcva_multi",0.2,NA,"batch8",8071,0.655940594059406,0.24646405909198,0.853889098009584
"CHAMPS","lcva_multi",0.2,NA,"batch8",8072,0.650990099009901,0.253781137539361,0.84587707960026
"CHAMPS","lcva_multi",0.2,NA,"batch8",8073,0.670792079207921,0.256287057885355,0.861698917905018
"CHAMPS","lcva_multi",0.2,NA,"batch8",8074,0.660891089108911,0.245106088412376,0.863120447027082
"CHAMPS","lcva_multi",0.2,NA,"batch8",8075,0.663366336633663,0.237851271069356,0.868028306922736
"CHAMPS","lcva_multi",0.2,NA,"batch8",8076,0.655940594059406,0.238836056416702,0.854927590355192
"CHAMPS","lcva_multi",0.2,NA,"batch8",8077,0.618811881188119,0.222506926194623,0.847079143392615
"CHAMPS","lcva_multi",0.2,NA,"batch8",8078,0.641089108910891,0.249666630803878,0.849745370375285
"CHAMPS","lcva_multi",0.2,NA,"batch8",8079,0.636138613861386,0.248420517603533,0.851791996341434
"CHAMPS","lcva_multi",0.2,NA,"batch8",8080,0.643564356435644,0.245628424461376,0.85625956520446
"CHAMPS","lcva_multi",0.2,NA,"batch8",8081,0.655940594059406,0.251434140907825,0.859734090209986
"CHAMPS","lcva_multi",0.2,NA,"batch8",8082,0.636138613861386,0.245155633541271,0.850625240629536
"CHAMPS","lcva_multi",0.2,NA,"batch8",8083,0.628712871287129,0.220300029145368,0.84393491306618
"CHAMPS","lcva_multi",0.2,NA,"batch8",8084,0.646039603960396,0.243526756570235,0.860163863299654
"CHAMPS","lcva_multi",0.2,NA,"batch8",8085,0.650990099009901,0.215287392189073,0.858209393823878
"CHAMPS","lcva_multi",0.2,NA,"batch8",8086,0.648514851485149,0.244411676286676,0.849838339343146
"CHAMPS","lcva_multi",0.2,NA,"batch8",8087,0.638613861386139,0.23703007518797,0.858553161236331
"CHAMPS","lcva_multi",0.2,NA,"batch8",8088,0.653465346534653,0.226491339086508,0.853713798588637
"CHAMPS","lcva_multi",0.2,NA,"batch8",8089,0.643564356435644,0.25126076418054,0.844340149536042
"CHAMPS","lcva_multi",0.2,NA,"batch8",8090,0.658415841584158,0.246298998078102,0.866549254205729
"CHAMPS","lcva_multi",0.2,NA,"batch8",8091,0.650990099009901,0.258532626500893,0.854806622866909
"CHAMPS","lcva_multi",0.2,NA,"batch8",8092,0.650990099009901,0.254485458117849,0.840899599604269
"CHAMPS","lcva_multi",0.2,NA,"batch8",8093,0.631188118811881,0.239647056374998,0.842487217993389
"CHAMPS","lcva_multi",0.2,NA,"batch8",8094,0.665841584158416,0.256826415783131,0.857915578173366
"CHAMPS","lcva_multi",0.2,NA,"batch8",8095,0.646039603960396,0.22319082346246,0.84748116562789
"CHAMPS","lcva_multi",0.2,NA,"batch8",8096,0.643564356435644,0.244327326788487,0.838792672225232
"CHAMPS","lcva_multi",0.2,NA,"batch8",8097,0.641089108910891,0.254619310869311,0.851051785266097
"CHAMPS","lcva_multi",0.2,NA,"batch8",8098,0.643564356435644,0.233424293024904,0.839087663265534
"CHAMPS","lcva_multi",0.2,NA,"batch8",8099,0.643564356435644,0.250763603105601,0.844322300733596
"CHAMPS","lcva_multi",0.2,NA,"batch8",8100,0.658415841584158,0.250898598435415,0.862002760577656
"CHAMPS","lcva_multi",0.2,NA,"batch8",8101,0.660891089108911,0.253273442701914,0.859546857038266
"CHAMPS","lcva_multi",0.2,NA,"batch8",8102,0.655940594059406,0.25570193014092,0.858406996340651
"CHAMPS","lcva_multi",0.2,NA,"batch8",8103,0.653465346534653,0.232334205769631,0.845725569173267
"CHAMPS","lcva_multi",0.2,NA,"batch8",8104,0.648514851485149,0.23038673831595,0.858673266318946
"CHAMPS","lcva_multi",0.2,NA,"batch8",8105,0.663366336633663,0.237786891047761,0.877104568378747
"CHAMPS","lcva_multi",0.2,NA,"batch8",8106,0.655940594059406,0.255994148450984,0.863460671148647
"CHAMPS","lcva_multi",0.2,NA,"batch8",8107,0.650990099009901,0.248484227437418,0.852025451819802
"CHAMPS","lcva_multi",0.2,NA,"batch8",8108,0.668316831683168,0.25290471140881,0.863786142674438
"CHAMPS","lcva_multi",0.2,NA,"batch8",8109,0.648514851485149,0.243663847117794,0.850700459721451
"CHAMPS","lcva_multi",0.2,NA,"batch8",8110,0.655940594059406,0.23860066603734,0.862889134856029
"CHAMPS","lcva_multi",0.2,NA,"batch8",8111,0.646039603960396,0.248765265682817,0.855726655620518
"CHAMPS","lcva_multi",0.2,NA,"batch8",8112,0.648514851485149,0.25503289582237,0.857362323451725
"CHAMPS","lcva_multi",0.2,NA,"batch8",8113,0.655940594059406,0.247948990661425,0.851030727657477
"CHAMPS","lcva_multi",0.2,NA,"batch8",8114,0.655940594059406,0.224274284588696,0.864448856626109
"CHAMPS","lcva_multi",0.2,NA,"batch8",8115,0.641089108910891,0.21572616469543,0.855881753519026
"CHAMPS","lcva_multi",0.2,NA,"batch8",8116,0.653465346534653,0.24526566329845,0.858308706087668
"CHAMPS","lcva_multi",0.2,NA,"batch8",8117,0.653465346534653,0.236823398343507,0.856253244205788
"CHAMPS","lcva_multi",0.2,NA,"batch8",8118,0.646039603960396,0.237547653704859,0.859323357983959
"CHAMPS","lcva_multi",0.2,NA,"batch8",8119,0.650990099009901,0.246404344566109,0.865172080745659
"CHAMPS","lcva_multi",0.2,NA,"batch8",8120,0.655940594059406,0.256595004693072,0.857258926241891
"CHAMPS","lcva_multi",0.2,NA,"batch8",8121,0.646039603960396,0.251986995268245,0.851421044769702
"CHAMPS","lcva_multi",0.2,NA,"batch8",8122,0.655940594059406,0.255057657859382,0.864825198672334
"CHAMPS","lcva_multi",0.2,NA,"batch8",8123,0.668316831683168,0.238201235252269,0.877288082654947
"CHAMPS","lcva_multi",0.2,NA,"batch8",8124,0.653465346534653,0.253984328036052,0.867007914814131
"CHAMPS","lcva_multi",0.2,NA,"batch8",8125,0.648514851485149,0.246753488289643,0.85902064514216
"CHAMPS","lcva_multi",0.2,NA,"batch8",8126,0.665841584158416,0.245960626273155,0.864016818525357
"CHAMPS","lcva_multi",0.2,NA,"batch8",8127,0.655940594059406,0.228816322566323,0.850224834720231
"CHAMPS","lcva_multi",0.2,NA,"batch8",8128,0.660891089108911,0.242171460385196,0.860431142776794
"CHAMPS","lcva_multi",0.2,NA,"batch8",8129,0.665841584158416,0.237487361870586,0.867706722364041
"CHAMPS","lcva_multi",0.2,NA,"batch8",8130,0.641089108910891,0.244386602980353,0.857987795933132
"CHAMPS","lcva_multi",0.2,NA,"batch8",8131,0.650990099009901,0.223646401907271,0.872656896601644
"CHAMPS","lcva_multi",0.2,NA,"batch8",8132,0.646039603960396,0.249913931163931,0.848321959791424
"CHAMPS","lcva_multi",0.2,NA,"batch8",8133,0.650990099009901,0.213364986462813,0.860750898968584
"CHAMPS","lcva_multi",0.2,NA,"batch8",8134,0.636138613861386,0.232156386887848,0.841684944606106
"CHAMPS","lcva_multi",0.2,NA,"batch8",8135,0.665841584158416,0.229627282555615,0.863831917875677
"CHAMPS","lcva_multi",0.2,NA,"batch8",8136,0.663366336633663,0.228997714009725,0.878461119789967
"CHAMPS","lcva_multi",0.2,NA,"batch8",8137,0.650990099009901,0.237143339117023,0.852774188785144
"CHAMPS","lcva_multi",0.2,NA,"batch8",8138,0.650990099009901,0.230752089232109,0.862363334803998
"CHAMPS","lcva_multi",0.2,NA,"batch8",8139,0.633663366336634,0.226849036018465,0.842108503745794
"CHAMPS","lcva_multi",0.2,NA,"batch8",8140,0.665841584158416,0.25932100692739,0.869253319926566
"CHAMPS","lcva_multi",0.2,NA,"batch8",8141,0.670792079207921,0.266019433465086,0.860933032828609
"CHAMPS","lcva_multi",0.2,NA,"batch8",8142,0.643564356435644,0.248360233516484,0.850421771264825
"CHAMPS","lcva_multi",0.2,NA,"batch8",8143,0.646039603960396,0.244895948624551,0.861376786525251
"CHAMPS","lcva_multi",0.2,NA,"batch8",8144,0.646039603960396,0.250724684990333,0.843189854321329
"CHAMPS","lcva_multi",0.2,NA,"batch8",8145,0.650990099009901,0.25138775639796,0.8486343833637
"CHAMPS","lcva_multi",0.2,NA,"batch8",8146,0.646039603960396,0.226730505343563,0.851203480107534
"CHAMPS","lcva_multi",0.2,NA,"batch8",8147,0.633663366336634,0.245563904068002,0.844532676721391
"CHAMPS","lcva_multi",0.2,NA,"batch8",8148,0.643564356435644,0.251853287841191,0.853733886036495
"CHAMPS","lcva_multi",0.2,NA,"batch8",8149,0.673267326732673,0.257280838860561,0.880506631072483
"CHAMPS","lcva_multi",0.2,NA,"batch8",8150,0.663366336633663,0.25521262306092,0.854426906203108
"CHAMPS","lcva_multi",0.2,NA,"batch8",8151,0.641089108910891,0.226814408809635,0.846951709283708
"CHAMPS","lcva_multi",0.2,NA,"batch8",8152,0.653465346534653,0.252681198918824,0.857808511892232
"CHAMPS","lcva_multi",0.2,NA,"batch8",8153,0.648514851485149,0.237418056204872,0.84810372769799
"CHAMPS","lcva_multi",0.2,NA,"batch8",8154,0.648514851485149,0.251131044523072,0.852135228313707
"CHAMPS","lcva_multi",0.2,NA,"batch8",8155,0.650990099009901,0.245676140497872,0.869843415931681
"CHAMPS","lcva_multi",0.2,NA,"batch8",8156,0.663366336633663,0.231659647917872,0.871122902791191
"CHAMPS","lcva_multi",0.2,NA,"batch8",8157,0.641089108910891,0.245833333333333,0.854170923500039
"CHAMPS","lcva_multi",0.2,NA,"batch8",8158,0.641089108910891,0.233241459627329,0.849571154023451
"CHAMPS","lcva_multi",0.2,NA,"batch8",8159,0.650990099009901,0.245424501703783,0.860371278552242
"CHAMPS","lcva_multi",0.2,NA,"batch8",8160,0.658415841584158,0.260231743102808,0.867790092596595
"CHAMPS","lcva_multi",0.2,NA,"batch8",8161,0.636138613861386,0.234370952905436,0.844396273290281
"CHAMPS","lcva_multi",0.2,NA,"batch8",8162,0.636138613861386,0.24124219079376,0.842610898421814
"CHAMPS","lcva_multi",0.2,NA,"batch8",8163,0.633663366336634,0.244301435763216,0.830514025898257
"CHAMPS","lcva_multi",0.2,NA,"batch8",8164,0.665841584158416,0.237409752083665,0.865440639604738
"CHAMPS","lcva_multi",0.2,NA,"batch8",8165,0.655940594059406,0.226696129957,0.860690435181602
"CHAMPS","lcva_multi",0.2,NA,"batch8",8166,0.631188118811881,0.233021375705409,0.83885965924511
"CHAMPS","lcva_multi",0.2,NA,"batch8",8167,0.653465346534653,0.252499444999445,0.852821916415892
"CHAMPS","lcva_multi",0.2,NA,"batch8",8168,0.653465346534653,0.249125373611393,0.859465686133166
"CHAMPS","lcva_multi",0.2,NA,"batch8",8169,0.660891089108911,0.229403346444961,0.863575651226122
"CHAMPS","lcva_multi",0.2,NA,"batch8",8170,0.655940594059406,0.245840106000972,0.849985778474731
"CHAMPS","lcva_multi",0.2,NA,"batch8",8171,0.643564356435644,0.241757386337032,0.857082901477205
"CHAMPS","lcva_multi",0.2,NA,"batch8",8172,0.638613861386139,0.251319726084859,0.844706277329025
"CHAMPS","lcva_multi",0.2,NA,"batch8",8173,0.663366336633663,0.25506378494128,0.864812170598015
"CHAMPS","lcva_multi",0.2,NA,"batch8",8174,0.633663366336634,0.218532666424674,0.84906597844154
"CHAMPS","lcva_multi",0.2,NA,"batch8",8175,0.658415841584158,0.238132760180446,0.864170983289675
"CHAMPS","lcva_multi",0.2,NA,"batch8",8176,0.650990099009901,0.226944313909774,0.856657908463733
"CHAMPS","lcva_multi",0.2,NA,"batch8",8177,0.643564356435644,0.241666666666667,0.844973696255296
"CHAMPS","lcva_multi",0.2,NA,"batch8",8178,0.650990099009901,0.246228448275862,0.846173964521126
"CHAMPS","lcva_multi",0.2,NA,"batch8",8179,0.628712871287129,0.237043377869539,0.831316851325494
"CHAMPS","lcva_multi",0.2,NA,"batch8",8180,0.653465346534653,0.226482921504108,0.861151803226762
"CHAMPS","lcva_multi",0.2,NA,"batch8",8181,0.655940594059406,0.236031635501974,0.851816053518225
"CHAMPS","lcva_multi",0.2,NA,"batch8",8182,0.643564356435644,0.248296373357079,0.856284091927117
"CHAMPS","lcva_multi",0.2,NA,"batch8",8183,0.646039603960396,0.253014304299662,0.855182968788201
"CHAMPS","lcva_multi",0.2,NA,"batch8",8184,0.655940594059406,0.253182933956161,0.83954115260802
"CHAMPS","lcva_multi",0.2,NA,"batch8",8185,0.643564356435644,0.221534391534392,0.847700914170357
"CHAMPS","lcva_multi",0.2,NA,"batch8",8186,0.650990099009901,0.232758110101802,0.848877429534023
"CHAMPS","lcva_multi",0.2,NA,"batch8",8187,0.646039603960396,0.250663506063534,0.848082983813803
"CHAMPS","lcva_multi",0.2,NA,"batch8",8188,0.653465346534653,0.23458820662768,0.856098452716464
"CHAMPS","lcva_multi",0.2,NA,"batch8",8189,0.663366336633663,0.25558391846918,0.860677735581355
"CHAMPS","lcva_multi",0.2,NA,"batch8",8190,0.643564356435644,0.226222557595913,0.860721021638117
"CHAMPS","lcva_multi",0.2,NA,"batch8",8191,0.643564356435644,0.231392717905876,0.852929746003735
"CHAMPS","lcva_multi",0.2,NA,"batch8",8192,0.653465346534653,0.232216639791368,0.861146563640397
"CHAMPS","lcva_multi",0.2,NA,"batch8",8193,0.663366336633663,0.25874731221058,0.868714024435483
"CHAMPS","lcva_multi",0.2,NA,"batch8",8194,0.633663366336634,0.242464972689323,0.850360900695766
"CHAMPS","lcva_multi",0.2,NA,"batch8",8195,0.663366336633663,0.256553476121272,0.866266397134677
"CHAMPS","lcva_multi",0.2,NA,"batch8",8196,0.678217821782178,0.256405115012107,0.887179026946245
"CHAMPS","lcva_multi",0.2,NA,"batch8",8197,0.638613861386139,0.227358842358842,0.847425123400766
"CHAMPS","lcva_multi",0.2,NA,"batch8",8198,0.650990099009901,0.228615292085942,0.846156000089869
"CHAMPS","lcva_multi",0.2,NA,"batch8",8199,0.650990099009901,0.225902693992668,0.85548875373027
"CHAMPS","lcva_multi",0.2,NA,"batch8",8200,0.636138613861386,0.241879483363858,0.857438816363342
"CHAMPS","lcva_multi",0.2,NA,"batch8",8201,0.646039603960396,0.225871971595656,0.854694910854075
"CHAMPS","lcva_multi",0.2,NA,"batch8",8202,0.646039603960396,0.228752636438297,0.854692039580801
"CHAMPS","lcva_multi",0.2,NA,"batch8",8203,0.648514851485149,0.230910042093768,0.865309207980863
"CHAMPS","lcva_multi",0.2,NA,"batch8",8204,0.643564356435644,0.221331331270356,0.837121075963972
"CHAMPS","lcva_multi",0.2,NA,"batch8",8205,0.623762376237624,0.242979369389373,0.831641306006578
"CHAMPS","lcva_multi",0.2,NA,"batch8",8206,0.643564356435644,0.229958791208791,0.862148467568705
"CHAMPS","lcva_multi",0.2,NA,"batch8",8207,0.680693069306931,0.2577883755174,0.875786930082869
"CHAMPS","lcva_multi",0.2,NA,"batch8",8208,0.668316831683168,0.252948471779117,0.869352560126094
"CHAMPS","lcva_multi",0.2,NA,"batch8",8209,0.650990099009901,0.226255283068934,0.861010456404436
"CHAMPS","lcva_multi",0.2,NA,"batch8",8210,0.668316831683168,0.242358841636004,0.873829477268317
"CHAMPS","lcva_multi",0.2,NA,"batch8",8211,0.653465346534653,0.246986074471405,0.859767033909017
"CHAMPS","lcva_multi",0.2,NA,"batch8",8212,0.648514851485149,0.252451789615467,0.851423082356024
"CHAMPS","lcva_multi",0.2,NA,"batch8",8213,0.643564356435644,0.254085479205364,0.846436868772853
"CHAMPS","lcva_multi",0.2,NA,"batch8",8214,0.641089108910891,0.24292966042966,0.845106695300912
"CHAMPS","lcva_multi",0.2,NA,"batch8",8215,0.628712871287129,0.249812242334675,0.841796146000044
"CHAMPS","lcva_multi",0.2,NA,"batch8",8216,0.643564356435644,0.233798919823981,0.852994044237443
"CHAMPS","lcva_multi",0.2,NA,"batch8",8217,0.638613861386139,0.244989992341966,0.846894053919197
"CHAMPS","lcva_multi",0.2,NA,"batch8",8218,0.648514851485149,0.251806978171288,0.845924223686149
"CHAMPS","lcva_multi",0.2,NA,"batch8",8219,0.663366336633663,0.237258395818178,0.867656256606897
"CHAMPS","lcva_multi",0.2,NA,"batch8",8220,0.660891089108911,0.24190922472772,0.856598850482127
"CHAMPS","lcva_multi",0.2,NA,"batch8",8221,0.648514851485149,0.247744326691695,0.853811744729863
"CHAMPS","lcva_multi",0.2,NA,"batch8",8222,0.650990099009901,0.235202119118573,0.863115279586074
"CHAMPS","lcva_multi",0.2,NA,"batch8",8223,0.643564356435644,0.250199995957636,0.849784248731866
"CHAMPS","lcva_multi",0.2,NA,"batch8",8224,0.638613861386139,0.23159915186517,0.850297963441543
"CHAMPS","lcva_multi",0.2,NA,"batch8",8225,0.658415841584158,0.250650244579209,0.856024830900131
"CHAMPS","lcva_multi",0.2,NA,"batch8",8226,0.636138613861386,0.224577379419378,0.845664946398528
"CHAMPS","lcva_multi",0.2,NA,"batch8",8227,0.618811881188119,0.213766891891892,0.829056971732119
"CHAMPS","lcva_multi",0.2,NA,"batch8",8228,0.660891089108911,0.248227339514156,0.85416887993067
"CHAMPS","lcva_multi",0.2,NA,"batch8",8229,0.648514851485149,0.257013510934961,0.849526940853413
"CHAMPS","lcva_multi",0.2,NA,"batch8",8230,0.675742574257426,0.257894463612549,0.876264916743971
"CHAMPS","lcva_multi",0.2,NA,"batch8",8231,0.660891089108911,0.231587101367744,0.874085383152013
"CHAMPS","lcva_multi",0.2,NA,"batch8",8232,0.665841584158416,0.248048243048243,0.863951369785088
"CHAMPS","lcva_multi",0.2,NA,"batch8",8233,0.648514851485149,0.245565431519425,0.858052532732756
"CHAMPS","lcva_multi",0.2,NA,"batch8",8234,0.643564356435644,0.25062831354809,0.852484825102544
"CHAMPS","lcva_multi",0.2,NA,"batch8",8235,0.653465346534653,0.237795452970125,0.869380396216764
"CHAMPS","lcva_multi",0.2,NA,"batch8",8236,0.646039603960396,0.252257955167438,0.842486071882283
"CHAMPS","lcva_multi",0.2,NA,"batch8",8237,0.650990099009901,0.232638396156309,0.860312174568846
"CHAMPS","lcva_multi",0.2,NA,"batch8",8238,0.650990099009901,0.248266985895965,0.865355056799316
"CHAMPS","lcva_multi",0.2,NA,"batch8",8239,0.646039603960396,0.252918035091948,0.853386787345774
"CHAMPS","lcva_multi",0.2,NA,"batch8",8240,0.665841584158416,0.227661346760059,0.865336887658293
"CHAMPS","lcva_multi",0.2,NA,"batch8",8241,0.655940594059406,0.253717475771441,0.853402942325997
"CHAMPS","lcva_multi",0.2,NA,"batch8",8242,0.660891089108911,0.247556387809447,0.861885870774837
"CHAMPS","lcva_multi",0.2,NA,"batch8",8243,0.653465346534653,0.254460162354415,0.856246571832728
"CHAMPS","lcva_multi",0.2,NA,"batch8",8244,0.633663366336634,0.221285254288795,0.853223131026928
"CHAMPS","lcva_multi",0.2,NA,"batch8",8245,0.650990099009901,0.256321801853338,0.848319156874118
"CHAMPS","lcva_multi",0.2,NA,"batch8",8246,0.653465346534653,0.246622670807453,0.8451124450856
"CHAMPS","lcva_multi",0.2,NA,"batch8",8247,0.653465346534653,0.246025399578258,0.862812855484481
"CHAMPS","lcva_multi",0.2,NA,"batch8",8248,0.650990099009901,0.250663748347058,0.85358732554634
"CHAMPS","lcva_multi",0.2,NA,"batch8",8249,0.668316831683168,0.241197646826665,0.857260614916484
"CHAMPS","lcva_multi",0.2,NA,"batch8",8250,0.668316831683168,0.256577779396854,0.87118276949444
"CHAMPS","lcva_multi",0.2,NA,"batch8",8251,0.653465346534653,0.252725959887115,0.862776339087066
"CHAMPS","lcva_multi",0.2,NA,"batch8",8252,0.631188118811881,0.219885651629073,0.847614136096716
"CHAMPS","lcva_multi",0.2,NA,"batch8",8253,0.648514851485149,0.250646635441412,0.853897513078032
"CHAMPS","lcva_multi",0.2,NA,"batch8",8254,0.655940594059406,0.253344006258119,0.859644410587248
"CHAMPS","lcva_multi",0.2,NA,"batch8",8255,0.660891089108911,0.256481451473511,0.869881125148589
"CHAMPS","lcva_multi",0.2,NA,"batch8",8256,0.658415841584158,0.252866576877625,0.864438537320049
"CHAMPS","lcva_multi",0.2,NA,"batch8",8257,0.636138613861386,0.251308463362769,0.843593153086033
"CHAMPS","lcva_multi",0.2,NA,"batch8",8258,0.675742574257426,0.258916936585658,0.862702899690866
"CHAMPS","lcva_multi",0.2,NA,"batch8",8259,0.626237623762376,0.238388959376371,0.839099439142861
"CHAMPS","lcva_multi",0.2,NA,"batch8",8260,0.670792079207921,0.260463357914016,0.86199096740477
"CHAMPS","lcva_multi",0.2,NA,"batch8",8261,0.638613861386139,0.246943836794219,0.841700146086887
"CHAMPS","lcva_multi",0.2,NA,"batch8",8262,0.658415841584158,0.257617861275067,0.865239130234733
"CHAMPS","lcva_multi",0.2,NA,"batch8",8263,0.648514851485149,0.231795605253664,0.849202168230692
"CHAMPS","lcva_multi",0.2,NA,"batch8",8264,0.660891089108911,0.240890005826411,0.876953432510481
"CHAMPS","lcva_multi",0.2,NA,"batch8",8265,0.646039603960396,0.252217628862366,0.849569128988496
"CHAMPS","lcva_multi",0.2,NA,"batch8",8266,0.658415841584158,0.207638992503291,0.86249168894009
"CHAMPS","lcva_multi",0.2,NA,"batch8",8267,0.641089108910891,0.232682132189921,0.846536609966287
"CHAMPS","lcva_multi",0.2,NA,"batch8",8268,0.636138613861386,0.239687311159085,0.841209581297644
"CHAMPS","lcva_multi",0.2,NA,"batch8",8269,0.653465346534653,0.232259066070541,0.864582986956846
"CHAMPS","lcva_multi",0.2,NA,"batch8",8270,0.663366336633663,0.255587562347073,0.853855790370671
"CHAMPS","lcva_multi",0.2,NA,"batch8",8271,0.641089108910891,0.231334238373712,0.848210819113771
"CHAMPS","lcva_multi",0.2,NA,"batch8",8272,0.633663366336634,0.224758229397967,0.844926269713454
"CHAMPS","lcva_multi",0.2,NA,"batch8",8273,0.650990099009901,0.253178973498357,0.857371463862175
"CHAMPS","lcva_multi",0.2,NA,"batch8",8274,0.655940594059406,0.256942326356043,0.857839361902462
"CHAMPS","lcva_multi",0.2,NA,"batch8",8275,0.663366336633663,0.253268444716943,0.867511116285135
"CHAMPS","lcva_multi",0.2,NA,"batch8",8276,0.648514851485149,0.236201978375891,0.855883659233276
"CHAMPS","lcva_multi",0.2,NA,"batch8",8277,0.650990099009901,0.257411309106391,0.860648450943878
"CHAMPS","lcva_multi",0.2,NA,"batch8",8278,0.653465346534653,0.242573953395407,0.856572326987834
"CHAMPS","lcva_multi",0.2,NA,"batch8",8279,0.638613861386139,0.224107554592139,0.853248972066103
"CHAMPS","lcva_multi",0.2,NA,"batch8",8280,0.638613861386139,0.239038709762394,0.847889103839836
"CHAMPS","lcva_multi",0.2,NA,"batch8",8281,0.653465346534653,0.232101763510439,0.84577088282551
"CHAMPS","lcva_multi",0.2,NA,"batch8",8282,0.633663366336634,0.247293422659057,0.847185862094978
"CHAMPS","lcva_multi",0.2,NA,"batch8",8283,0.665841584158416,0.235492856816386,0.866561154982191
"CHAMPS","lcva_multi",0.2,NA,"batch8",8284,0.636138613861386,0.228778715886339,0.84168940309924
"CHAMPS","lcva_multi",0.2,NA,"batch8",8285,0.643564356435644,0.252521929319403,0.863000154288592
"CHAMPS","lcva_multi",0.2,NA,"batch8",8286,0.633663366336634,0.248157917678466,0.837571595166531
"CHAMPS","lcva_multi",0.2,NA,"batch8",8287,0.658415841584158,0.251691794795243,0.861607373314818
"CHAMPS","lcva_multi",0.2,NA,"batch8",8288,0.668316831683168,0.247396955095453,0.872358566373916
"CHAMPS","lcva_multi",0.2,NA,"batch8",8289,0.663366336633663,0.253262967162454,0.865240513753115
"CHAMPS","lcva_multi",0.2,NA,"batch8",8290,0.663366336633663,0.236859255351818,0.85859878006883
"CHAMPS","lcva_multi",0.2,NA,"batch8",8291,0.641089108910891,0.239401178646245,0.855248226382477
"CHAMPS","lcva_multi",0.2,NA,"batch8",8292,0.655940594059406,0.251591034978968,0.852977185195422
"CHAMPS","lcva_multi",0.2,NA,"batch8",8293,0.655940594059406,0.243344844685831,0.866919105015117
"CHAMPS","lcva_multi",0.2,NA,"batch8",8294,0.648514851485149,0.240457017014154,0.858786719809194
"CHAMPS","lcva_multi",0.2,NA,"batch8",8295,0.658415841584158,0.2409115117869,0.868400585286518
"CHAMPS","lcva_multi",0.2,NA,"batch8",8296,0.648514851485149,0.249112118531623,0.861196665905917
"CHAMPS","lcva_multi",0.2,NA,"batch8",8297,0.650990099009901,0.252973180846111,0.849418231305133
"CHAMPS","lcva_multi",0.2,NA,"batch8",8298,0.650990099009901,0.231089020074607,0.856208634525666
"CHAMPS","lcva_multi",0.2,NA,"batch8",8299,0.646039603960396,0.247465953880428,0.843354121254994
"CHAMPS","lcva_multi",0.2,NA,"batch8",8300,0.665841584158416,0.253347036122911,0.868580563163469
"CHAMPS","lcva_multi",0.2,NA,"batch8",8301,0.653465346534653,0.231673943755452,0.872085719751526
"CHAMPS","lcva_multi",0.2,NA,"batch8",8302,0.633663366336634,0.245733399000222,0.835939350860969
"CHAMPS","lcva_multi",0.2,NA,"batch8",8303,0.646039603960396,0.250001054634331,0.842972642226965
"CHAMPS","lcva_multi",0.2,NA,"batch8",8304,0.650990099009901,0.24810632575051,0.847019844748838
"CHAMPS","lcva_multi",0.2,NA,"batch8",8305,0.633663366336634,0.232163672452342,0.847564553277421
"CHAMPS","lcva_multi",0.2,NA,"batch8",8306,0.655940594059406,0.23396507573281,0.858271570828518
"CHAMPS","lcva_multi",0.2,NA,"batch8",8307,0.638613861386139,0.242835205335205,0.843756016793379
"CHAMPS","lcva_multi",0.2,NA,"batch8",8308,0.653465346534653,0.247974310784397,0.858289522917999
"CHAMPS","lcva_multi",0.2,NA,"batch8",8309,0.658415841584158,0.236449861628826,0.854613777663018
"CHAMPS","lcva_multi",0.2,NA,"batch8",8310,0.643564356435644,0.240419037458511,0.848779289969148
"CHAMPS","lcva_multi",0.2,NA,"batch8",8311,0.643564356435644,0.246709496195202,0.860757734061661
"CHAMPS","lcva_multi",0.2,NA,"batch8",8312,0.650990099009901,0.24593785091129,0.852641725569961
"CHAMPS","lcva_multi",0.2,NA,"batch8",8313,0.643564356435644,0.248976370547094,0.856485693747359
"CHAMPS","lcva_multi",0.2,NA,"batch8",8314,0.660891089108911,0.234472058754846,0.868937495574031
"CHAMPS","lcva_multi",0.2,NA,"batch8",8315,0.643564356435644,0.234157012054109,0.851039041867267
"CHAMPS","lcva_multi",0.2,NA,"batch8",8316,0.660891089108911,0.250164445307108,0.848045208140584
"CHAMPS","lcva_multi",0.2,NA,"batch8",8317,0.650990099009901,0.232416529830323,0.865639237132828
"CHAMPS","lcva_multi",0.2,NA,"batch8",8318,0.650990099009901,0.205463503843043,0.854959347449146
"CHAMPS","lcva_multi",0.2,NA,"batch8",8319,0.643564356435644,0.244700348406101,0.849778991851491
"CHAMPS","lcva_multi",0.2,NA,"batch8",8320,0.655940594059406,0.244727065610321,0.856725501098898
"CHAMPS","lcva_multi",0.2,NA,"batch8",8321,0.648514851485149,0.255755592446769,0.839902237643633
"CHAMPS","lcva_multi",0.2,NA,"batch8",8322,0.660891089108911,0.258807683779282,0.871719566385586
"CHAMPS","lcva_multi",0.2,NA,"batch8",8323,0.668316831683168,0.253922466422466,0.864405113469159
"CHAMPS","lcva_multi",0.2,NA,"batch8",8324,0.638613861386139,0.220269423558897,0.846338256063684
"CHAMPS","lcva_multi",0.2,NA,"batch8",8325,0.655940594059406,0.247370814609056,0.867728760759687
"CHAMPS","lcva_multi",0.2,NA,"batch8",8326,0.643564356435644,0.22848564062486,0.856290958356022
"CHAMPS","lcva_multi",0.2,NA,"batch8",8327,0.643564356435644,0.234615701341184,0.851931325590284
"CHAMPS","lcva_multi",0.2,NA,"batch8",8328,0.646039603960396,0.243922648150431,0.853714012614488
"CHAMPS","lcva_multi",0.2,NA,"batch8",8329,0.660891089108911,0.253417227398206,0.868221280488486
"CHAMPS","lcva_multi",0.2,NA,"batch8",8330,0.648514851485149,0.250046696523795,0.858367512643466
"CHAMPS","lcva_multi",0.2,NA,"batch8",8331,0.641089108910891,0.235405559352928,0.846529129686776
"CHAMPS","lcva_multi",0.2,NA,"batch8",8332,0.663366336633663,0.241332727290923,0.852590392708475
"CHAMPS","lcva_multi",0.2,NA,"batch8",8333,0.665841584158416,0.257287312360842,0.875655461864078
"CHAMPS","lcva_multi",0.2,NA,"batch8",8334,0.641089108910891,0.251037438537439,0.849748941150509
"CHAMPS","lcva_multi",0.2,NA,"batch8",8335,0.643564356435644,0.230110331946914,0.85686127242843
"CHAMPS","lcva_multi",0.2,NA,"batch8",8336,0.653465346534653,0.250799204718696,0.861538689147269
"CHAMPS","lcva_multi",0.2,NA,"batch8",8337,0.668316831683168,0.256681441591759,0.86321461565026
"CHAMPS","lcva_multi",0.2,NA,"batch8",8338,0.665841584158416,0.247042164881765,0.861490632226049
"CHAMPS","lcva_multi",0.2,NA,"batch8",8339,0.650990099009901,0.247691865592407,0.873202053661869
"CHAMPS","lcva_multi",0.2,NA,"batch8",8340,0.643564356435644,0.223864629367797,0.853095819514907
"CHAMPS","lcva_multi",0.2,NA,"batch8",8341,0.655940594059406,0.250150643847678,0.850389040893925
"CHAMPS","lcva_multi",0.2,NA,"batch8",8342,0.658415841584158,0.238491579677982,0.860534228512648
"CHAMPS","lcva_multi",0.2,NA,"batch8",8343,0.668316831683168,0.22295284087043,0.877800452243175
"CHAMPS","lcva_multi",0.2,NA,"batch8",8344,0.660891089108911,0.256570460871868,0.852896240035949
"CHAMPS","lcva_multi",0.2,NA,"batch8",8345,0.678217821782178,0.244170582849506,0.884981193326846
"CHAMPS","lcva_multi",0.2,NA,"batch8",8346,0.665841584158416,0.257819273951263,0.865943581274726
"CHAMPS","lcva_multi",0.2,NA,"batch8",8347,0.648514851485149,0.217525623166169,0.858950136002925
"CHAMPS","lcva_multi",0.2,NA,"batch8",8348,0.660891089108911,0.228643055816969,0.858272268463139
"CHAMPS","lcva_multi",0.2,NA,"batch8",8349,0.646039603960396,0.236161019005811,0.851109582044805
"CHAMPS","lcva_multi",0.2,NA,"batch8",8350,0.643564356435644,0.24403305028305,0.855124958812612
"CHAMPS","lcva_multi",0.2,NA,"batch8",8351,0.658415841584158,0.234214997614548,0.860316635710457
"CHAMPS","lcva_multi",0.2,NA,"batch8",8352,0.638613861386139,0.230155877164933,0.844266440420288
"CHAMPS","lcva_multi",0.2,NA,"batch8",8353,0.668316831683168,0.254765529898509,0.869244279092816
"CHAMPS","lcva_multi",0.2,NA,"batch8",8354,0.673267326732673,0.253894486535274,0.863593706452902
"CHAMPS","lcva_multi",0.2,NA,"batch8",8355,0.641089108910891,0.251699152240948,0.848803530285609
"CHAMPS","lcva_multi",0.2,NA,"batch8",8356,0.658415841584158,0.254132092772522,0.846015428219273
"CHAMPS","lcva_multi",0.2,NA,"batch8",8357,0.653465346534653,0.252530718244838,0.861825545527981
"CHAMPS","lcva_multi",0.2,NA,"batch8",8358,0.633663366336634,0.225800687852257,0.844584531150385
"CHAMPS","lcva_multi",0.2,NA,"batch8",8359,0.648514851485149,0.224216681483689,0.848538262120898
"CHAMPS","lcva_multi",0.2,NA,"batch8",8360,0.643564356435644,0.237751933523992,0.846302604234644
"CHAMPS","lcva_multi",0.2,NA,"batch8",8361,0.621287128712871,0.242879789217307,0.832682082316517
"CHAMPS","lcva_multi",0.2,NA,"batch8",8362,0.665841584158416,0.239542742543968,0.874832448263753
"CHAMPS","lcva_multi",0.2,NA,"batch8",8363,0.653465346534653,0.230227388731487,0.857537608602257
"CHAMPS","lcva_multi",0.2,NA,"batch8",8364,0.646039603960396,0.236151982054631,0.847763745458487
"CHAMPS","lcva_multi",0.2,NA,"batch8",8365,0.650990099009901,0.244945304818092,0.84674171175336
"CHAMPS","lcva_multi",0.2,NA,"batch8",8366,0.638613861386139,0.24789521283303,0.844391271176541
"CHAMPS","lcva_multi",0.2,NA,"batch8",8367,0.660891089108911,0.258389404712934,0.86868110733071
"CHAMPS","lcva_multi",0.2,NA,"batch8",8368,0.653465346534653,0.239440852552266,0.849353939994514
"CHAMPS","lcva_multi",0.2,NA,"batch8",8369,0.658415841584158,0.235545642791014,0.859304143043498
"CHAMPS","lcva_multi",0.2,NA,"batch8",8370,0.670792079207921,0.252398979584497,0.86096649543429
"CHAMPS","lcva_multi",0.2,NA,"batch8",8371,0.653465346534653,0.252902307542046,0.859113905321494
"CHAMPS","lcva_multi",0.2,NA,"batch8",8372,0.643564356435644,0.232060866795522,0.849892351853643
"CHAMPS","lcva_multi",0.2,NA,"batch8",8373,0.643564356435644,0.225552534600111,0.866199358809592
"CHAMPS","lcva_multi",0.2,NA,"batch8",8374,0.631188118811881,0.236056957748134,0.834094437709628
"CHAMPS","lcva_multi",0.2,NA,"batch8",8375,0.668316831683168,0.253492575865281,0.869259678765273
"CHAMPS","lcva_multi",0.2,NA,"batch8",8376,0.633663366336634,0.212691613480602,0.845133728397003
"CHAMPS","lcva_multi",0.2,NA,"batch8",8377,0.665841584158416,0.24018368878665,0.856297116205177
"CHAMPS","lcva_multi",0.2,NA,"batch8",8378,0.648514851485149,0.232616413822166,0.848505220988426
"CHAMPS","lcva_multi",0.2,NA,"batch8",8379,0.646039603960396,0.251678113553114,0.855236928579418
"CHAMPS","lcva_multi",0.2,NA,"batch8",8380,0.653465346534653,0.237807404260595,0.851187006943476
"CHAMPS","lcva_multi",0.2,NA,"batch8",8381,0.655940594059406,0.229356120932208,0.870729067483235
"CHAMPS","lcva_multi",0.2,NA,"batch8",8382,0.648514851485149,0.248882060921535,0.851110654258817
"CHAMPS","lcva_multi",0.2,NA,"batch8",8383,0.621287128712871,0.243710813812228,0.827033396910004
"CHAMPS","lcva_multi",0.2,NA,"batch8",8384,0.643564356435644,0.246136949166303,0.848493871510107
"CHAMPS","lcva_multi",0.2,NA,"batch8",8385,0.643564356435644,0.246878306878307,0.852268830462786
"CHAMPS","lcva_multi",0.2,NA,"batch8",8386,0.646039603960396,0.230141403883066,0.847122773702774
"CHAMPS","lcva_multi",0.2,NA,"batch8",8387,0.648514851485149,0.254366329066672,0.835882127479944
"CHAMPS","lcva_multi",0.2,NA,"batch8",8388,0.665841584158416,0.241484957167165,0.846990466900182
"CHAMPS","lcva_multi",0.2,NA,"batch8",8389,0.650990099009901,0.248779330572809,0.869386947685918
"CHAMPS","lcva_multi",0.2,NA,"batch8",8390,0.653465346534653,0.253372314073715,0.856710490844573
"CHAMPS","lcva_multi",0.2,NA,"batch8",8391,0.653465346534653,0.251938093183779,0.848911151057241
"CHAMPS","lcva_multi",0.2,NA,"batch8",8392,0.648514851485149,0.249930595166182,0.8443351718548
"CHAMPS","lcva_multi",0.2,NA,"batch8",8393,0.643564356435644,0.234113797605776,0.862800956210582
"CHAMPS","lcva_multi",0.2,NA,"batch8",8394,0.650990099009901,0.22833184876106,0.865507532582891
"CHAMPS","lcva_multi",0.2,NA,"batch8",8395,0.660891089108911,0.238175993970228,0.867140254837404
"CHAMPS","lcva_multi",0.2,NA,"batch8",8396,0.668316831683168,0.259520450309924,0.8629985171636
"CHAMPS","lcva_multi",0.2,NA,"batch8",8397,0.653465346534653,0.251575370637741,0.859434418662966
"CHAMPS","lcva_multi",0.2,NA,"batch8",8398,0.650990099009901,0.23169052799497,0.867146167875934
"CHAMPS","lcva_multi",0.2,NA,"batch8",8399,0.646039603960396,0.25619600937655,0.858683195275127
"CHAMPS","lcva_multi",0.2,NA,"batch8",8400,0.646039603960396,0.249408400885261,0.849798704538731
"CHAMPS","lcva_multi",0.2,NA,"batch8",8401,0.663366336633663,0.234099767303976,0.862937927186172
"CHAMPS","lcva_multi",0.2,NA,"batch8",8402,0.668316831683168,0.252360300989333,0.868370140858088
"CHAMPS","lcva_multi",0.2,NA,"batch8",8403,0.648514851485149,0.250546899448737,0.852422604896542
"CHAMPS","lcva_multi",0.2,NA,"batch8",8404,0.641089108910891,0.250377446547121,0.841768637472953
"CHAMPS","lcva_multi",0.2,NA,"batch8",8405,0.653465346534653,0.255858572646148,0.861532499122578
"CHAMPS","lcva_multi",0.2,NA,"batch8",8406,0.646039603960396,0.224316158181253,0.845344397561921
"CHAMPS","lcva_multi",0.2,NA,"batch8",8407,0.660891089108911,0.247068569130344,0.866294301052766
"CHAMPS","lcva_multi",0.2,NA,"batch8",8408,0.660891089108911,0.248188313236596,0.864367826484619
"CHAMPS","lcva_multi",0.2,NA,"batch8",8409,0.655940594059406,0.251767353652557,0.854685088170325
"CHAMPS","lcva_multi",0.2,NA,"batch8",8410,0.643564356435644,0.232743818681319,0.843769676715359
"CHAMPS","lcva_multi",0.2,NA,"batch8",8411,0.646039603960396,0.231731110411148,0.852419272843379
"CHAMPS","lcva_multi",0.2,NA,"batch8",8412,0.641089108910891,0.241340042253932,0.843080069939575
"CHAMPS","lcva_multi",0.2,NA,"batch8",8413,0.643564356435644,0.24225965832021,0.84738759772129
"CHAMPS","lcva_multi",0.2,NA,"batch8",8414,0.673267326732673,0.25788961038961,0.851936288114249
"CHAMPS","lcva_multi",0.2,NA,"batch8",8415,0.658415841584158,0.241147603965401,0.87044855919865
"CHAMPS","lcva_multi",0.2,NA,"batch8",8416,0.643564356435644,0.240696049640015,0.854426770675631
"CHAMPS","lcva_multi",0.2,NA,"batch8",8417,0.650990099009901,0.232286540463518,0.872014406188386
"CHAMPS","lcva_multi",0.2,NA,"batch8",8418,0.638613861386139,0.245567759878105,0.845809420724988
"CHAMPS","lcva_multi",0.2,NA,"batch8",8419,0.665841584158416,0.252574647795236,0.870357409725486
"CHAMPS","lcva_multi",0.2,NA,"batch8",8420,0.650990099009901,0.243389290103611,0.862463347988094
"CHAMPS","lcva_multi",0.2,NA,"batch8",8421,0.648514851485149,0.240594443221562,0.865134160264702
"CHAMPS","lcva_multi",0.2,NA,"batch8",8422,0.648514851485149,0.252971217379112,0.862784679911746
"CHAMPS","lcva_multi",0.2,NA,"batch8",8423,0.653465346534653,0.247779753556401,0.863951283276442
"CHAMPS","lcva_multi",0.2,NA,"batch8",8424,0.653465346534653,0.235705741626794,0.851164556992726
"CHAMPS","lcva_multi",0.2,NA,"batch8",8425,0.646039603960396,0.226268540662197,0.841165357444329
"CHAMPS","lcva_multi",0.2,NA,"batch8",8426,0.668316831683168,0.238345241419198,0.864460103762566
"CHAMPS","lcva_multi",0.2,NA,"batch8",8427,0.643564356435644,0.254647462678999,0.84334749588986
"CHAMPS","lcva_multi",0.2,NA,"batch8",8428,0.653465346534653,0.254432211471135,0.849920478134017
"CHAMPS","lcva_multi",0.2,NA,"batch8",8429,0.658415841584158,0.253087370005473,0.871457334138526
"CHAMPS","lcva_multi",0.2,NA,"batch8",8430,0.650990099009901,0.242898335974249,0.84632323335334
"CHAMPS","lcva_multi",0.2,NA,"batch8",8431,0.658415841584158,0.258131875474412,0.862360148595475
"CHAMPS","lcva_multi",0.2,NA,"batch8",8432,0.650990099009901,0.250576455576456,0.863794460338225
"CHAMPS","lcva_multi",0.2,NA,"batch8",8433,0.650990099009901,0.251798582246811,0.84315494850588
"CHAMPS","lcva_multi",0.2,NA,"batch8",8434,0.655940594059406,0.254349282104216,0.84556101486031
"CHAMPS","lcva_multi",0.2,NA,"batch8",8435,0.658415841584158,0.252361045309674,0.862673615114442
"CHAMPS","lcva_multi",0.2,NA,"batch8",8436,0.655940594059406,0.242989567580599,0.861307735579023
"CHAMPS","lcva_multi",0.2,NA,"batch8",8437,0.641089108910891,0.250887582208592,0.837429946711771
"CHAMPS","lcva_multi",0.2,NA,"batch8",8438,0.653465346534653,0.249809861928171,0.857289917115096
"CHAMPS","lcva_multi",0.2,NA,"batch8",8439,0.631188118811881,0.211643695340813,0.8392187264644
"CHAMPS","lcva_multi",0.2,NA,"batch8",8440,0.658415841584158,0.236142573313626,0.851372159271655
"CHAMPS","lcva_multi",0.2,NA,"batch8",8441,0.643564356435644,0.251927352827107,0.855620818886627
"CHAMPS","lcva_multi",0.2,NA,"batch8",8442,0.641089108910891,0.22347713758884,0.851136940899036
"CHAMPS","lcva_multi",0.2,NA,"batch8",8443,0.650990099009901,0.253960088335088,0.843288012288038
"CHAMPS","lcva_multi",0.2,NA,"batch8",8444,0.653465346534653,0.248371870779076,0.863346953697709
"CHAMPS","lcva_multi",0.2,NA,"batch8",8445,0.628712871287129,0.242338894512808,0.851560557449864
"CHAMPS","lcva_multi",0.2,NA,"batch8",8446,0.641089108910891,0.226934523809524,0.853945528563438
"CHAMPS","lcva_multi",0.2,NA,"batch8",8447,0.643564356435644,0.232351251710613,0.839946699735507
"CHAMPS","lcva_multi",0.2,NA,"batch8",8448,0.660891089108911,0.238487484737485,0.879085247589408
"CHAMPS","lcva_multi",0.2,NA,"batch8",8449,0.650990099009901,0.212739884573999,0.868691945867476
"CHAMPS","lcva_multi",0.2,NA,"batch8",8450,0.650990099009901,0.253577441077441,0.856899315840896
"CHAMPS","lcva_multi",0.2,NA,"batch8",8451,0.648514851485149,0.232656319763943,0.849091111031444
"CHAMPS","lcva_multi",0.2,NA,"batch8",8452,0.641089108910891,0.224011195756743,0.854605873974994
"CHAMPS","lcva_multi",0.2,NA,"batch8",8453,0.653465346534653,0.255347031877352,0.858485121552482
"CHAMPS","lcva_multi",0.2,NA,"batch8",8454,0.670792079207921,0.239194840485601,0.870074954093281
"CHAMPS","lcva_multi",0.2,NA,"batch8",8455,0.653465346534653,0.25043701195712,0.856251606693422
"CHAMPS","lcva_multi",0.2,NA,"batch8",8456,0.653465346534653,0.238888190471296,0.847780949087212
"CHAMPS","lcva_multi",0.2,NA,"batch8",8457,0.653465346534653,0.248832704718895,0.868931880482461
"CHAMPS","lcva_multi",0.2,NA,"batch8",8458,0.648514851485149,0.242381196954905,0.857264563550387
"CHAMPS","lcva_multi",0.2,NA,"batch8",8459,0.633663366336634,0.241379234800287,0.848076226729894
"CHAMPS","lcva_multi",0.2,NA,"batch8",8460,0.655940594059406,0.249523323394694,0.850006343417843
"CHAMPS","lcva_multi",0.2,NA,"batch8",8461,0.653465346534653,0.252314940010151,0.86301763396014
"CHAMPS","lcva_multi",0.2,NA,"batch8",8462,0.658415841584158,0.247877170546662,0.857647716072916
"CHAMPS","lcva_multi",0.2,NA,"batch8",8463,0.631188118811881,0.239190356976512,0.849954579489027
"CHAMPS","lcva_multi",0.2,NA,"batch8",8464,0.668316831683168,0.243340940362466,0.876171699232173
"CHAMPS","lcva_multi",0.2,NA,"batch8",8465,0.636138613861386,0.240860627912197,0.842784537366058
"CHAMPS","lcva_multi",0.2,NA,"batch8",8466,0.658415841584158,0.256558001877385,0.86063879397758
"CHAMPS","lcva_multi",0.2,NA,"batch8",8467,0.648514851485149,0.245455154567523,0.856913799218335
"CHAMPS","lcva_multi",0.2,NA,"batch8",8468,0.643564356435644,0.247461597542243,0.845272545486726
"CHAMPS","lcva_multi",0.2,NA,"batch8",8469,0.655940594059406,0.236806212149651,0.853563609144436
"CHAMPS","lcva_multi",0.2,NA,"batch8",8470,0.648514851485149,0.244848730745963,0.848436420879327
"CHAMPS","lcva_multi",0.2,NA,"batch8",8471,0.663366336633663,0.260830600931749,0.866399658328181
"CHAMPS","lcva_multi",0.2,NA,"batch8",8472,0.643564356435644,0.232408582408582,0.84363613478291
"CHAMPS","lcva_multi",0.2,NA,"batch8",8473,0.650990099009901,0.228835851243056,0.865966117936808
"CHAMPS","lcva_multi",0.2,NA,"batch8",8474,0.643564356435644,0.23842174284065,0.85536908925531
"CHAMPS","lcva_multi",0.2,NA,"batch8",8475,0.663366336633663,0.262235225159673,0.860977475296486
"CHAMPS","lcva_multi",0.2,NA,"batch8",8476,0.646039603960396,0.246898744027625,0.855497240778498
"CHAMPS","lcva_multi",0.2,NA,"batch8",8477,0.646039603960396,0.253173446177478,0.851531473092507
"CHAMPS","lcva_multi",0.2,NA,"batch8",8478,0.665841584158416,0.252509359014295,0.87877640533253
"CHAMPS","lcva_multi",0.2,NA,"batch8",8479,0.641089108910891,0.236232693431649,0.852459471639808
"CHAMPS","lcva_multi",0.2,NA,"batch8",8480,0.641089108910891,0.212731580638252,0.854685603296098
"CHAMPS","lcva_multi",0.2,NA,"batch8",8481,0.653465346534653,0.238805499749883,0.856790678243094
"CHAMPS","lcva_multi",0.2,NA,"batch8",8482,0.646039603960396,0.255367620788215,0.837500560244175
"CHAMPS","lcva_multi",0.2,NA,"batch8",8483,0.663366336633663,0.252398785618337,0.866267299729628
"CHAMPS","lcva_multi",0.2,NA,"batch8",8484,0.655940594059406,0.239373996255978,0.850284463458775
"CHAMPS","lcva_multi",0.2,NA,"batch8",8485,0.658415841584158,0.234844353674999,0.861071869163154
"CHAMPS","lcva_multi",0.2,NA,"batch8",8486,0.655940594059406,0.231934996949853,0.857624882096203
"CHAMPS","lcva_multi",0.2,NA,"batch8",8487,0.653465346534653,0.231370543541788,0.860575367050168
"CHAMPS","lcva_multi",0.2,NA,"batch8",8488,0.653465346534653,0.25062784829734,0.863419452557978
"CHAMPS","lcva_multi",0.2,NA,"batch8",8489,0.665841584158416,0.240362227373097,0.870138163546088
"CHAMPS","lcva_multi",0.2,NA,"batch8",8490,0.660891089108911,0.252489803041315,0.859976011941204
"CHAMPS","lcva_multi",0.2,NA,"batch8",8491,0.668316831683168,0.238766783517256,0.8693661422333
"CHAMPS","lcva_multi",0.2,NA,"batch8",8492,0.678217821782178,0.264764594392416,0.873936346654503
"CHAMPS","lcva_multi",0.2,NA,"batch8",8493,0.658415841584158,0.236866620111846,0.853217878236574
"CHAMPS","lcva_multi",0.2,NA,"batch8",8494,0.655940594059406,0.239577514719302,0.866045113483595
"CHAMPS","lcva_multi",0.2,NA,"batch8",8495,0.653465346534653,0.248257579510221,0.852730005151009
"CHAMPS","lcva_multi",0.2,NA,"batch8",8496,0.643564356435644,0.251858779643769,0.859264964798959
"CHAMPS","lcva_multi",0.2,NA,"batch8",8497,0.658415841584158,0.249437785163625,0.853988811986028
"CHAMPS","lcva_multi",0.2,NA,"batch8",8498,0.660891089108911,0.253736912493763,0.85847587463156
"CHAMPS","lcva_multi",0.2,NA,"batch8",8499,0.650990099009901,0.254856608537567,0.85808543013509
"CHAMPS","lcva_multi",0.2,NA,"batch8",8500,0.655940594059406,0.217689910647931,0.85790990290269
"CHAMPS","lcva_multi",0.4,NA,"batch8",8001,0.663366336633663,0.220503848003848,0.903361015259804
"CHAMPS","lcva_multi",0.4,NA,"batch8",8002,0.663366336633663,0.276340189819105,0.900648806505368
"CHAMPS","lcva_multi",0.4,NA,"batch8",8003,0.673267326732673,0.240504854749041,0.907217695337044
"CHAMPS","lcva_multi",0.4,NA,"batch8",8004,0.66996699669967,0.246638447005779,0.918413516040762
"CHAMPS","lcva_multi",0.4,NA,"batch8",8005,0.65016501650165,0.264292952323048,0.890144571974132
"CHAMPS","lcva_multi",0.4,NA,"batch8",8006,0.653465346534653,0.218690204167178,0.899137350529972
"CHAMPS","lcva_multi",0.4,NA,"batch8",8007,0.633663366336634,0.236611681005485,0.88491276129504
"CHAMPS","lcva_multi",0.4,NA,"batch8",8008,0.64026402640264,0.263258976600323,0.89130953637947
"CHAMPS","lcva_multi",0.4,NA,"batch8",8009,0.636963696369637,0.225204583428268,0.88597302929078
"CHAMPS","lcva_multi",0.4,NA,"batch8",8010,0.646864686468647,0.270198310165226,0.886054312586744
"CHAMPS","lcva_multi",0.4,NA,"batch8",8011,0.62046204620462,0.254352146022008,0.864111514427671
"CHAMPS","lcva_multi",0.4,NA,"batch8",8012,0.676567656765677,0.227683531081422,0.915544355399396
"CHAMPS","lcva_multi",0.4,NA,"batch8",8013,0.653465346534653,0.240738309822362,0.902706791801838
"CHAMPS","lcva_multi",0.4,NA,"batch8",8014,0.666666666666667,0.257342723769202,0.909473168981328
"CHAMPS","lcva_multi",0.4,NA,"batch8",8015,0.653465346534653,0.244437913080146,0.893256855695012
"CHAMPS","lcva_multi",0.4,NA,"batch8",8016,0.636963696369637,0.22491617357002,0.88715808945812
"CHAMPS","lcva_multi",0.4,NA,"batch8",8017,0.653465346534653,0.215075522110621,0.907251777419753
"CHAMPS","lcva_multi",0.4,NA,"batch8",8018,0.673267326732673,0.234484225446072,0.899177024794259
"CHAMPS","lcva_multi",0.4,NA,"batch8",8019,0.646864686468647,0.235585674108235,0.891945400856371
"CHAMPS","lcva_multi",0.4,NA,"batch8",8020,0.66006600660066,0.210494780637285,0.899639437939523
"CHAMPS","lcva_multi",0.4,NA,"batch8",8021,0.653465346534653,0.238298846839039,0.908237499770027
"CHAMPS","lcva_multi",0.4,NA,"batch8",8022,0.66996699669967,0.270392156862745,0.892689238138243
"CHAMPS","lcva_multi",0.4,NA,"batch8",8023,0.617161716171617,0.265231814749818,0.881820584263246
"CHAMPS","lcva_multi",0.4,NA,"batch8",8024,0.65016501650165,0.284532331451099,0.894007352288509
"CHAMPS","lcva_multi",0.4,NA,"batch8",8025,0.643564356435644,0.207358193277311,0.896025807199916
"CHAMPS","lcva_multi",0.4,NA,"batch8",8026,0.666666666666667,0.255150784570121,0.909786442783915
"CHAMPS","lcva_multi",0.4,NA,"batch8",8027,0.636963696369637,0.237499308023605,0.894564966020607
"CHAMPS","lcva_multi",0.4,NA,"batch8",8028,0.613861386138614,0.247923767498478,0.865287739709174
"CHAMPS","lcva_multi",0.4,NA,"batch8",8029,0.636963696369637,0.242696541142909,0.89177067952327
"CHAMPS","lcva_multi",0.4,NA,"batch8",8030,0.64026402640264,0.238873970640888,0.904312778983545
"CHAMPS","lcva_multi",0.4,NA,"batch8",8031,0.643564356435644,0.228360839516446,0.894352206747385
"CHAMPS","lcva_multi",0.4,NA,"batch8",8032,0.63036303630363,0.226835317460317,0.884526109443772
"CHAMPS","lcva_multi",0.4,NA,"batch8",8033,0.663366336633663,0.219328963762939,0.905223370873316
"CHAMPS","lcva_multi",0.4,NA,"batch8",8034,0.676567656765677,0.261948386912905,0.904196017709804
"CHAMPS","lcva_multi",0.4,NA,"batch8",8035,0.627062706270627,0.26640037593985,0.884718362109432
"CHAMPS","lcva_multi",0.4,NA,"batch8",8036,0.646864686468647,0.24304513640814,0.90268492273141
"CHAMPS","lcva_multi",0.4,NA,"batch8",8037,0.653465346534653,0.250516456582633,0.905479783845461
"CHAMPS","lcva_multi",0.4,NA,"batch8",8038,0.633663366336634,0.237666037714075,0.888631586667573
"CHAMPS","lcva_multi",0.4,NA,"batch8",8039,0.643564356435644,0.248658373664045,0.886723929388241
"CHAMPS","lcva_multi",0.4,NA,"batch8",8040,0.663366336633663,0.259616402116402,0.902388107384368
"CHAMPS","lcva_multi",0.4,NA,"batch8",8041,0.653465346534653,0.229154728252857,0.901691710983315
"CHAMPS","lcva_multi",0.4,NA,"batch8",8042,0.663366336633663,0.269050569299166,0.914325791186951
"CHAMPS","lcva_multi",0.4,NA,"batch8",8043,0.64026402640264,0.23190309392166,0.890940164561712
"CHAMPS","lcva_multi",0.4,NA,"batch8",8044,0.666666666666667,0.237072043315837,0.914387712901485
"CHAMPS","lcva_multi",0.4,NA,"batch8",8045,0.65016501650165,0.250140255225001,0.893468005662625
"CHAMPS","lcva_multi",0.4,NA,"batch8",8046,0.65016501650165,0.255529891304348,0.897233334438813
"CHAMPS","lcva_multi",0.4,NA,"batch8",8047,0.66006600660066,0.230880644288466,0.90021689934824
"CHAMPS","lcva_multi",0.4,NA,"batch8",8048,0.643564356435644,0.232445090439276,0.888331062267109
"CHAMPS","lcva_multi",0.4,NA,"batch8",8049,0.646864686468647,0.235897039419429,0.903192301241896
"CHAMPS","lcva_multi",0.4,NA,"batch8",8050,0.66996699669967,0.26953409270685,0.89084376294815
"CHAMPS","lcva_multi",0.4,NA,"batch8",8051,0.666666666666667,0.277803005260075,0.906535978373252
"CHAMPS","lcva_multi",0.4,NA,"batch8",8052,0.633663366336634,0.268124972250306,0.880984918087884
"CHAMPS","lcva_multi",0.4,NA,"batch8",8053,0.617161716171617,0.242790811339198,0.882689095288141
"CHAMPS","lcva_multi",0.4,NA,"batch8",8054,0.643564356435644,0.243591066079834,0.898870471586629
"CHAMPS","lcva_multi",0.4,NA,"batch8",8055,0.64026402640264,0.241286736703406,0.900150194265679
"CHAMPS","lcva_multi",0.4,NA,"batch8",8056,0.613861386138614,0.239103125912942,0.881380678694922
"CHAMPS","lcva_multi",0.4,NA,"batch8",8057,0.666666666666667,0.25358192996525,0.896972436925114
"CHAMPS","lcva_multi",0.4,NA,"batch8",8058,0.66006600660066,0.258698830409357,0.906140426711773
"CHAMPS","lcva_multi",0.4,NA,"batch8",8059,0.653465346534653,0.250501378702598,0.893298793643251
"CHAMPS","lcva_multi",0.4,NA,"batch8",8060,0.62046204620462,0.208977189244354,0.880142815594634
"CHAMPS","lcva_multi",0.4,NA,"batch8",8061,0.646864686468647,0.228324108374053,0.895228431570519
"CHAMPS","lcva_multi",0.4,NA,"batch8",8062,0.66996699669967,0.231533102010076,0.904621937545257
"CHAMPS","lcva_multi",0.4,NA,"batch8",8063,0.646864686468647,0.278606842608674,0.890209700165348
"CHAMPS","lcva_multi",0.4,NA,"batch8",8064,0.66006600660066,0.239854323308271,0.915338985124017
"CHAMPS","lcva_multi",0.4,NA,"batch8",8065,0.676567656765677,0.29204456344333,0.896911105731079
"CHAMPS","lcva_multi",0.4,NA,"batch8",8066,0.686468646864686,0.236026570048309,0.908017950996552
"CHAMPS","lcva_multi",0.4,NA,"batch8",8067,0.653465346534653,0.225911018142889,0.902557158742988
"CHAMPS","lcva_multi",0.4,NA,"batch8",8068,0.67986798679868,0.240442172998525,0.90559594512429
"CHAMPS","lcva_multi",0.4,NA,"batch8",8069,0.66006600660066,0.242164014146773,0.903666403425541
"CHAMPS","lcva_multi",0.4,NA,"batch8",8070,0.643564356435644,0.255028862048739,0.899773939930338
"CHAMPS","lcva_multi",0.4,NA,"batch8",8071,0.666666666666667,0.256707983130806,0.90584271394188
"CHAMPS","lcva_multi",0.4,NA,"batch8",8072,0.646864686468647,0.243313776866408,0.907237384116587
"CHAMPS","lcva_multi",0.4,NA,"batch8",8073,0.65016501650165,0.241455106138841,0.894950870420302
"CHAMPS","lcva_multi",0.4,NA,"batch8",8074,0.653465346534653,0.241671149095545,0.903275057763359
"CHAMPS","lcva_multi",0.4,NA,"batch8",8075,0.67986798679868,0.229405545255612,0.921828300248029
"CHAMPS","lcva_multi",0.4,NA,"batch8",8076,0.653465346534653,0.261949543410745,0.888325526675631
"CHAMPS","lcva_multi",0.4,NA,"batch8",8077,0.62046204620462,0.203234026326434,0.877718258550994
"CHAMPS","lcva_multi",0.4,NA,"batch8",8078,0.673267326732673,0.282100168002424,0.909422127557815
"CHAMPS","lcva_multi",0.4,NA,"batch8",8079,0.636963696369637,0.260414137512416,0.883504606904439
"CHAMPS","lcva_multi",0.4,NA,"batch8",8080,0.643564356435644,0.210356216708719,0.896485209649111
"CHAMPS","lcva_multi",0.4,NA,"batch8",8081,0.64026402640264,0.26134567463349,0.88374725355859
"CHAMPS","lcva_multi",0.4,NA,"batch8",8082,0.663366336633663,0.243298726866143,0.9101744826714
"CHAMPS","lcva_multi",0.4,NA,"batch8",8083,0.633663366336634,0.226504547602173,0.887397939110837
"CHAMPS","lcva_multi",0.4,NA,"batch8",8084,0.686468646864686,0.25516568671603,0.913422692399088
"CHAMPS","lcva_multi",0.4,NA,"batch8",8085,0.65016501650165,0.220962358932012,0.89508658934332
"CHAMPS","lcva_multi",0.4,NA,"batch8",8086,0.63036303630363,0.224335073995723,0.886590123161233
"CHAMPS","lcva_multi",0.4,NA,"batch8",8087,0.673267326732673,0.260973297364923,0.905430033575923
"CHAMPS","lcva_multi",0.4,NA,"batch8",8088,0.676567656765677,0.233694832007722,0.90470275325571
"CHAMPS","lcva_multi",0.4,NA,"batch8",8089,0.66006600660066,0.232324170860756,0.894369939720963
"CHAMPS","lcva_multi",0.4,NA,"batch8",8090,0.666666666666667,0.203169850098386,0.906320202786594
"CHAMPS","lcva_multi",0.4,NA,"batch8",8091,0.646864686468647,0.265170942267131,0.896811930436431
"CHAMPS","lcva_multi",0.4,NA,"batch8",8092,0.656765676567657,0.270031355741164,0.905842451504775
"CHAMPS","lcva_multi",0.4,NA,"batch8",8093,0.656765676567657,0.249449812130972,0.89526242267697
"CHAMPS","lcva_multi",0.4,NA,"batch8",8094,0.646864686468647,0.26513456172983,0.878799202995636
"CHAMPS","lcva_multi",0.4,NA,"batch8",8095,0.64026402640264,0.219347196920726,0.890034288762674
"CHAMPS","lcva_multi",0.4,NA,"batch8",8096,0.673267326732673,0.250600827517504,0.905702203010442
"CHAMPS","lcva_multi",0.4,NA,"batch8",8097,0.653465346534653,0.253683126689262,0.889468496723302
"CHAMPS","lcva_multi",0.4,NA,"batch8",8098,0.627062706270627,0.241940531026274,0.87231755599781
"CHAMPS","lcva_multi",0.4,NA,"batch8",8099,0.636963696369637,0.236167362024216,0.882526569088532
"CHAMPS","lcva_multi",0.4,NA,"batch8",8100,0.65016501650165,0.277632845891744,0.892512810263463
"CHAMPS","lcva_multi",0.4,NA,"batch8",8101,0.65016501650165,0.271303425676491,0.890267861908421
"CHAMPS","lcva_multi",0.4,NA,"batch8",8102,0.656765676567657,0.265990282129669,0.893747239435147
"CHAMPS","lcva_multi",0.4,NA,"batch8",8103,0.66996699669967,0.228734397380806,0.905359703591352
"CHAMPS","lcva_multi",0.4,NA,"batch8",8104,0.656765676567657,0.239297620289985,0.910555159423047
"CHAMPS","lcva_multi",0.4,NA,"batch8",8105,0.67986798679868,0.251224660560549,0.914081398161365
"CHAMPS","lcva_multi",0.4,NA,"batch8",8106,0.666666666666667,0.282120302239231,0.911153008014376
"CHAMPS","lcva_multi",0.4,NA,"batch8",8107,0.66996699669967,0.237801478534237,0.906454456935807
"CHAMPS","lcva_multi",0.4,NA,"batch8",8108,0.66006600660066,0.269924290540487,0.90477604319549
"CHAMPS","lcva_multi",0.4,NA,"batch8",8109,0.66006600660066,0.267344539696756,0.91045949715376
"CHAMPS","lcva_multi",0.4,NA,"batch8",8110,0.636963696369637,0.239012359604789,0.898446805118396
"CHAMPS","lcva_multi",0.4,NA,"batch8",8111,0.67986798679868,0.285360054067865,0.914453426650485
"CHAMPS","lcva_multi",0.4,NA,"batch8",8112,0.656765676567657,0.285901221094856,0.881943507036376
"CHAMPS","lcva_multi",0.4,NA,"batch8",8113,0.66006600660066,0.221033783492255,0.90409002539529
"CHAMPS","lcva_multi",0.4,NA,"batch8",8114,0.66006600660066,0.23655712284914,0.898811729057784
"CHAMPS","lcva_multi",0.4,NA,"batch8",8115,0.67986798679868,0.235023620079486,0.917808713379624
"CHAMPS","lcva_multi",0.4,NA,"batch8",8116,0.643564356435644,0.257640223570776,0.889915882662327
"CHAMPS","lcva_multi",0.4,NA,"batch8",8117,0.653465346534653,0.240706654456654,0.902678012104784
"CHAMPS","lcva_multi",0.4,NA,"batch8",8118,0.66006600660066,0.260566557008175,0.883659680165352
"CHAMPS","lcva_multi",0.4,NA,"batch8",8119,0.666666666666667,0.248089410589411,0.898808639400383
"CHAMPS","lcva_multi",0.4,NA,"batch8",8120,0.67986798679868,0.277855611922864,0.895119450695501
"CHAMPS","lcva_multi",0.4,NA,"batch8",8121,0.627062706270627,0.258703975236233,0.865810573598309
"CHAMPS","lcva_multi",0.4,NA,"batch8",8122,0.65016501650165,0.270321287429701,0.907776334725666
"CHAMPS","lcva_multi",0.4,NA,"batch8",8123,0.653465346534653,0.242378975191475,0.904451617199744
"CHAMPS","lcva_multi",0.4,NA,"batch8",8124,0.65016501650165,0.271122412379586,0.887372695638627
"CHAMPS","lcva_multi",0.4,NA,"batch8",8125,0.666666666666667,0.258727380659953,0.906168516210162
"CHAMPS","lcva_multi",0.4,NA,"batch8",8126,0.643564356435644,0.19625895359701,0.895890802219796
"CHAMPS","lcva_multi",0.4,NA,"batch8",8127,0.673267326732673,0.25130355694813,0.901368198282879
"CHAMPS","lcva_multi",0.4,NA,"batch8",8128,0.66006600660066,0.261020136979056,0.88518207288576
"CHAMPS","lcva_multi",0.4,NA,"batch8",8129,0.706270627062706,0.225483571807101,0.926862115764761
"CHAMPS","lcva_multi",0.4,NA,"batch8",8130,0.636963696369637,0.231599692730913,0.891401163702365
"CHAMPS","lcva_multi",0.4,NA,"batch8",8131,0.663366336633663,0.245058952378031,0.917422966485751
"CHAMPS","lcva_multi",0.4,NA,"batch8",8132,0.66006600660066,0.23920548583418,0.902376428810898
"CHAMPS","lcva_multi",0.4,NA,"batch8",8133,0.673267326732673,0.217594030365769,0.907221238922334
"CHAMPS","lcva_multi",0.4,NA,"batch8",8134,0.66996699669967,0.236741234955521,0.894433119070079
"CHAMPS","lcva_multi",0.4,NA,"batch8",8135,0.656765676567657,0.242032261251914,0.896296506448566
"CHAMPS","lcva_multi",0.4,NA,"batch8",8136,0.683168316831683,0.249007034632035,0.917501962570534
"CHAMPS","lcva_multi",0.4,NA,"batch8",8137,0.663366336633663,0.247454609542973,0.907707643024177
"CHAMPS","lcva_multi",0.4,NA,"batch8",8138,0.636963696369637,0.206193793306796,0.904767887274802
"CHAMPS","lcva_multi",0.4,NA,"batch8",8139,0.65016501650165,0.238420192638459,0.889245253204359
"CHAMPS","lcva_multi",0.4,NA,"batch8",8140,0.683168316831683,0.261944690889095,0.917572312860345
"CHAMPS","lcva_multi",0.4,NA,"batch8",8141,0.653465346534653,0.266815328204647,0.898911239223982
"CHAMPS","lcva_multi",0.4,NA,"batch8",8142,0.636963696369637,0.214570203081232,0.895189441864071
"CHAMPS","lcva_multi",0.4,NA,"batch8",8143,0.663366336633663,0.247837752525253,0.901604481355998
"CHAMPS","lcva_multi",0.4,NA,"batch8",8144,0.656765676567657,0.245011343273643,0.892122884360441
"CHAMPS","lcva_multi",0.4,NA,"batch8",8145,0.63036303630363,0.241200343773873,0.884210831867604
"CHAMPS","lcva_multi",0.4,NA,"batch8",8146,0.663366336633663,0.244323135162506,0.897391343367036
"CHAMPS","lcva_multi",0.4,NA,"batch8",8147,0.62046204620462,0.23029612009934,0.885199092080479
"CHAMPS","lcva_multi",0.4,NA,"batch8",8148,0.603960396039604,0.241235427847526,0.883715830543477
"CHAMPS","lcva_multi",0.4,NA,"batch8",8149,0.68976897689769,0.257362528344671,0.921712536085291
"CHAMPS","lcva_multi",0.4,NA,"batch8",8150,0.656765676567657,0.260210877412418,0.885865087410642
"CHAMPS","lcva_multi",0.4,NA,"batch8",8151,0.633663366336634,0.231910499139415,0.884564212411443
"CHAMPS","lcva_multi",0.4,NA,"batch8",8152,0.636963696369637,0.278175088767178,0.891815565861141
"CHAMPS","lcva_multi",0.4,NA,"batch8",8153,0.66996699669967,0.233152075244069,0.907800702652992
"CHAMPS","lcva_multi",0.4,NA,"batch8",8154,0.627062706270627,0.216008321517317,0.880726086407614
"CHAMPS","lcva_multi",0.4,NA,"batch8",8155,0.643564356435644,0.269650753084488,0.892971661594955
"CHAMPS","lcva_multi",0.4,NA,"batch8",8156,0.636963696369637,0.209576023391813,0.887626712245252
"CHAMPS","lcva_multi",0.4,NA,"batch8",8157,0.633663366336634,0.258018122627304,0.87564793877114
"CHAMPS","lcva_multi",0.4,NA,"batch8",8158,0.656765676567657,0.273932611506141,0.899710348182719
"CHAMPS","lcva_multi",0.4,NA,"batch8",8159,0.613861386138614,0.237833627778976,0.890528357935648
"CHAMPS","lcva_multi",0.4,NA,"batch8",8160,0.676567656765677,0.278576886650308,0.899264021009196
"CHAMPS","lcva_multi",0.4,NA,"batch8",8161,0.646864686468647,0.247687362988674,0.898184402716877
"CHAMPS","lcva_multi",0.4,NA,"batch8",8162,0.64026402640264,0.238385583237915,0.900213238510633
"CHAMPS","lcva_multi",0.4,NA,"batch8",8163,0.663366336633663,0.259615641314665,0.892915859882279
"CHAMPS","lcva_multi",0.4,NA,"batch8",8164,0.65016501650165,0.215960469052224,0.907400042833512
"CHAMPS","lcva_multi",0.4,NA,"batch8",8165,0.643564356435644,0.241589648309301,0.89921746851393
"CHAMPS","lcva_multi",0.4,NA,"batch8",8166,0.663366336633663,0.229098104456544,0.900316019709322
"CHAMPS","lcva_multi",0.4,NA,"batch8",8167,0.63036303630363,0.217724093539311,0.889709151360684
"CHAMPS","lcva_multi",0.4,NA,"batch8",8168,0.633663366336634,0.234501131534585,0.896411052494432
"CHAMPS","lcva_multi",0.4,NA,"batch8",8169,0.666666666666667,0.259724021187422,0.899231702710792
"CHAMPS","lcva_multi",0.4,NA,"batch8",8170,0.643564356435644,0.269367106082304,0.892273650936287
"CHAMPS","lcva_multi",0.4,NA,"batch8",8171,0.646864686468647,0.262130876446964,0.885053412881562
"CHAMPS","lcva_multi",0.4,NA,"batch8",8172,0.627062706270627,0.258554798557659,0.875072940497309
"CHAMPS","lcva_multi",0.4,NA,"batch8",8173,0.67986798679868,0.269563492063492,0.911661897455032
"CHAMPS","lcva_multi",0.4,NA,"batch8",8174,0.643564356435644,0.2095919792498,0.909254117376004
"CHAMPS","lcva_multi",0.4,NA,"batch8",8175,0.673267326732673,0.220950427611744,0.911409591342979
"CHAMPS","lcva_multi",0.4,NA,"batch8",8176,0.656765676567657,0.233062455600974,0.898657510304179
"CHAMPS","lcva_multi",0.4,NA,"batch8",8177,0.656765676567657,0.271387798156188,0.900710773680523
"CHAMPS","lcva_multi",0.4,NA,"batch8",8178,0.673267326732673,0.220922647719974,0.896692237708978
"CHAMPS","lcva_multi",0.4,NA,"batch8",8179,0.617161716171617,0.216292746483901,0.886797779961548
"CHAMPS","lcva_multi",0.4,NA,"batch8",8180,0.63036303630363,0.211949332873246,0.884326622163633
"CHAMPS","lcva_multi",0.4,NA,"batch8",8181,0.653465346534653,0.245304476893453,0.890056788643576
"CHAMPS","lcva_multi",0.4,NA,"batch8",8182,0.66996699669967,0.271786437246964,0.918925140268274
"CHAMPS","lcva_multi",0.4,NA,"batch8",8183,0.666666666666667,0.28491396022676,0.905821173716467
"CHAMPS","lcva_multi",0.4,NA,"batch8",8184,0.686468646864686,0.271939470969643,0.903652045160852
"CHAMPS","lcva_multi",0.4,NA,"batch8",8185,0.643564356435644,0.201668186654507,0.88521367232551
"CHAMPS","lcva_multi",0.4,NA,"batch8",8186,0.66006600660066,0.218576220266019,0.906006613325234
"CHAMPS","lcva_multi",0.4,NA,"batch8",8187,0.65016501650165,0.265730553794124,0.895471296260885
"CHAMPS","lcva_multi",0.4,NA,"batch8",8188,0.636963696369637,0.235529379836818,0.875405058803773
"CHAMPS","lcva_multi",0.4,NA,"batch8",8189,0.633663366336634,0.222493748766204,0.87859282034589
"CHAMPS","lcva_multi",0.4,NA,"batch8",8190,0.617161716171617,0.208533601762242,0.892020562898039
"CHAMPS","lcva_multi",0.4,NA,"batch8",8191,0.627062706270627,0.249069899825683,0.894890851350825
"CHAMPS","lcva_multi",0.4,NA,"batch8",8192,0.656765676567657,0.241046289133843,0.906867936328346
"CHAMPS","lcva_multi",0.4,NA,"batch8",8193,0.676567656765677,0.254304827924014,0.899045383593946
"CHAMPS","lcva_multi",0.4,NA,"batch8",8194,0.676567656765677,0.272048904901115,0.930028608753354
"CHAMPS","lcva_multi",0.4,NA,"batch8",8195,0.66006600660066,0.276464596610204,0.895700370457361
"CHAMPS","lcva_multi",0.4,NA,"batch8",8196,0.666666666666667,0.252048275450531,0.914666911410769
"CHAMPS","lcva_multi",0.4,NA,"batch8",8197,0.603960396039604,0.214654230178424,0.864041577480324
"CHAMPS","lcva_multi",0.4,NA,"batch8",8198,0.666666666666667,0.247891296869625,0.893730009411273
"CHAMPS","lcva_multi",0.4,NA,"batch8",8199,0.653465346534653,0.23764757456399,0.889939768524927
"CHAMPS","lcva_multi",0.4,NA,"batch8",8200,0.653465346534653,0.228036922399016,0.892402347713811
"CHAMPS","lcva_multi",0.4,NA,"batch8",8201,0.646864686468647,0.243426197458456,0.880254114149467
"CHAMPS","lcva_multi",0.4,NA,"batch8",8202,0.63036303630363,0.245203105323594,0.893240172545952
"CHAMPS","lcva_multi",0.4,NA,"batch8",8203,0.633663366336634,0.234611044983385,0.894767121578034
"CHAMPS","lcva_multi",0.4,NA,"batch8",8204,0.627062706270627,0.205534934335173,0.886032547981118
"CHAMPS","lcva_multi",0.4,NA,"batch8",8205,0.656765676567657,0.275436238001422,0.896889196625632
"CHAMPS","lcva_multi",0.4,NA,"batch8",8206,0.653465346534653,0.248616266616427,0.893178008599451
"CHAMPS","lcva_multi",0.4,NA,"batch8",8207,0.6996699669967,0.27998097299983,0.917453369354746
"CHAMPS","lcva_multi",0.4,NA,"batch8",8208,0.633663366336634,0.2395772417154,0.897230259490616
"CHAMPS","lcva_multi",0.4,NA,"batch8",8209,0.656765676567657,0.236231715246417,0.893987627466087
"CHAMPS","lcva_multi",0.4,NA,"batch8",8210,0.676567656765677,0.250053928269873,0.912524848982111
"CHAMPS","lcva_multi",0.4,NA,"batch8",8211,0.653465346534653,0.240197017831523,0.893852485055475
"CHAMPS","lcva_multi",0.4,NA,"batch8",8212,0.646864686468647,0.269599850985033,0.887077523860098
"CHAMPS","lcva_multi",0.4,NA,"batch8",8213,0.666666666666667,0.256192641530296,0.889392693904226
"CHAMPS","lcva_multi",0.4,NA,"batch8",8214,0.656765676567657,0.243325800972078,0.903734496997724
"CHAMPS","lcva_multi",0.4,NA,"batch8",8215,0.65016501650165,0.277223932237566,0.909467894641172
"CHAMPS","lcva_multi",0.4,NA,"batch8",8216,0.62046204620462,0.211152239110179,0.873400848160082
"CHAMPS","lcva_multi",0.4,NA,"batch8",8217,0.663366336633663,0.236536159003831,0.899133257854821
"CHAMPS","lcva_multi",0.4,NA,"batch8",8218,0.66006600660066,0.23231616660502,0.904495169043974
"CHAMPS","lcva_multi",0.4,NA,"batch8",8219,0.623762376237624,0.202755151140211,0.891303942931006
"CHAMPS","lcva_multi",0.4,NA,"batch8",8220,0.65016501650165,0.228715378616281,0.897500847450492
"CHAMPS","lcva_multi",0.4,NA,"batch8",8221,0.66996699669967,0.256155811312964,0.899017057527337
"CHAMPS","lcva_multi",0.4,NA,"batch8",8222,0.643564356435644,0.242332810867294,0.886609607111823
"CHAMPS","lcva_multi",0.4,NA,"batch8",8223,0.666666666666667,0.251135577037833,0.897180936275086
"CHAMPS","lcva_multi",0.4,NA,"batch8",8224,0.666666666666667,0.244598972620381,0.909371207127907
"CHAMPS","lcva_multi",0.4,NA,"batch8",8225,0.656765676567657,0.241455106138841,0.901373802551427
"CHAMPS","lcva_multi",0.4,NA,"batch8",8226,0.66996699669967,0.238223029324724,0.912681846437263
"CHAMPS","lcva_multi",0.4,NA,"batch8",8227,0.633663366336634,0.222781639251445,0.882339831517482
"CHAMPS","lcva_multi",0.4,NA,"batch8",8228,0.686468646864686,0.23545478033997,0.90555464732025
"CHAMPS","lcva_multi",0.4,NA,"batch8",8229,0.65016501650165,0.25948228953999,0.883194400051697
"CHAMPS","lcva_multi",0.4,NA,"batch8",8230,0.673267326732673,0.261774472288724,0.894658753393291
"CHAMPS","lcva_multi",0.4,NA,"batch8",8231,0.63036303630363,0.221509122820458,0.889696214744818
"CHAMPS","lcva_multi",0.4,NA,"batch8",8232,0.666666666666667,0.255364421224248,0.886647107297244
"CHAMPS","lcva_multi",0.4,NA,"batch8",8233,0.636963696369637,0.213360234415925,0.881160492933312
"CHAMPS","lcva_multi",0.4,NA,"batch8",8234,0.656765676567657,0.250186056458512,0.899857126711735
"CHAMPS","lcva_multi",0.4,NA,"batch8",8235,0.653465346534653,0.240939685815847,0.895977458031683
"CHAMPS","lcva_multi",0.4,NA,"batch8",8236,0.673267326732673,0.284108163762972,0.907213230552789
"CHAMPS","lcva_multi",0.4,NA,"batch8",8237,0.66996699669967,0.244428593778305,0.893024088690716
"CHAMPS","lcva_multi",0.4,NA,"batch8",8238,0.663366336633663,0.273503050980185,0.904322441194678
"CHAMPS","lcva_multi",0.4,NA,"batch8",8239,0.633663366336634,0.252853851819449,0.881102874556033
"CHAMPS","lcva_multi",0.4,NA,"batch8",8240,0.643564356435644,0.235438519512699,0.893439048129735
"CHAMPS","lcva_multi",0.4,NA,"batch8",8241,0.66006600660066,0.242412629282416,0.891284984340482
"CHAMPS","lcva_multi",0.4,NA,"batch8",8242,0.666666666666667,0.264555944879038,0.907524705082118
"CHAMPS","lcva_multi",0.4,NA,"batch8",8243,0.666666666666667,0.269308510638298,0.905459678641866
"CHAMPS","lcva_multi",0.4,NA,"batch8",8244,0.646864686468647,0.243608306984608,0.907913984108098
"CHAMPS","lcva_multi",0.4,NA,"batch8",8245,0.66996699669967,0.238937621832359,0.896495231501849
"CHAMPS","lcva_multi",0.4,NA,"batch8",8246,0.65016501650165,0.259727701073855,0.889232181344235
"CHAMPS","lcva_multi",0.4,NA,"batch8",8247,0.653465346534653,0.23372270347433,0.901392139273163
"CHAMPS","lcva_multi",0.4,NA,"batch8",8248,0.663366336633663,0.272932435297503,0.902021990583689
"CHAMPS","lcva_multi",0.4,NA,"batch8",8249,0.64026402640264,0.210315246788371,0.8871949496784
"CHAMPS","lcva_multi",0.4,NA,"batch8",8250,0.65016501650165,0.241982332184525,0.894685736754961
"CHAMPS","lcva_multi",0.4,NA,"batch8",8251,0.64026402640264,0.24234581123351,0.886600536591376
"CHAMPS","lcva_multi",0.4,NA,"batch8",8252,0.643564356435644,0.229871913980353,0.891954489599225
"CHAMPS","lcva_multi",0.4,NA,"batch8",8253,0.66996699669967,0.233831074923729,0.910897864315741
"CHAMPS","lcva_multi",0.4,NA,"batch8",8254,0.676567656765677,0.244245172920137,0.914837763672944
"CHAMPS","lcva_multi",0.4,NA,"batch8",8255,0.656765676567657,0.265539399537244,0.902723893295185
"CHAMPS","lcva_multi",0.4,NA,"batch8",8256,0.66996699669967,0.275384045325906,0.90929661204851
"CHAMPS","lcva_multi",0.4,NA,"batch8",8257,0.643564356435644,0.267947994987469,0.901348094775001
"CHAMPS","lcva_multi",0.4,NA,"batch8",8258,0.65016501650165,0.259598028697164,0.881832411514703
"CHAMPS","lcva_multi",0.4,NA,"batch8",8259,0.63036303630363,0.239416349829475,0.886469312180862
"CHAMPS","lcva_multi",0.4,NA,"batch8",8260,0.64026402640264,0.229976851851852,0.87845158506204
"CHAMPS","lcva_multi",0.4,NA,"batch8",8261,0.617161716171617,0.234364935587762,0.884766997753243
"CHAMPS","lcva_multi",0.4,NA,"batch8",8262,0.67986798679868,0.27942853830285,0.900266171630328
"CHAMPS","lcva_multi",0.4,NA,"batch8",8263,0.676567656765677,0.232921610747409,0.915259096498002
"CHAMPS","lcva_multi",0.4,NA,"batch8",8264,0.666666666666667,0.224712702109829,0.910907527805756
"CHAMPS","lcva_multi",0.4,NA,"batch8",8265,0.66006600660066,0.243769560402523,0.890474804913533
"CHAMPS","lcva_multi",0.4,NA,"batch8",8266,0.663366336633663,0.225128064783237,0.903179261896837
"CHAMPS","lcva_multi",0.4,NA,"batch8",8267,0.643564356435644,0.242374143713429,0.891241984182869
"CHAMPS","lcva_multi",0.4,NA,"batch8",8268,0.64026402640264,0.231317958726914,0.894556105537577
"CHAMPS","lcva_multi",0.4,NA,"batch8",8269,0.663366336633663,0.215912093592378,0.912739311565454
"CHAMPS","lcva_multi",0.4,NA,"batch8",8270,0.643564356435644,0.256681829358249,0.88817965286888
"CHAMPS","lcva_multi",0.4,NA,"batch8",8271,0.636963696369637,0.212781289516644,0.895733322999145
"CHAMPS","lcva_multi",0.4,NA,"batch8",8272,0.636963696369637,0.243266080991668,0.887551023887913
"CHAMPS","lcva_multi",0.4,NA,"batch8",8273,0.636963696369637,0.252713865495427,0.887280263604748
"CHAMPS","lcva_multi",0.4,NA,"batch8",8274,0.66996699669967,0.273389155256888,0.891445231086426
"CHAMPS","lcva_multi",0.4,NA,"batch8",8275,0.663366336633663,0.277601624843619,0.883787059173121
"CHAMPS","lcva_multi",0.4,NA,"batch8",8276,0.65016501650165,0.253244778558824,0.900790797412442
"CHAMPS","lcva_multi",0.4,NA,"batch8",8277,0.636963696369637,0.27266984424641,0.887952854424564
"CHAMPS","lcva_multi",0.4,NA,"batch8",8278,0.643564356435644,0.214664264828739,0.897809951090734
"CHAMPS","lcva_multi",0.4,NA,"batch8",8279,0.66006600660066,0.242393859888238,0.906871925142377
"CHAMPS","lcva_multi",0.4,NA,"batch8",8280,0.627062706270627,0.224383323869502,0.885573304483961
"CHAMPS","lcva_multi",0.4,NA,"batch8",8281,0.627062706270627,0.222412049005283,0.87642688720679
"CHAMPS","lcva_multi",0.4,NA,"batch8",8282,0.627062706270627,0.231245816599732,0.882984807668211
"CHAMPS","lcva_multi",0.4,NA,"batch8",8283,0.653465346534653,0.247609922330329,0.904085563257871
"CHAMPS","lcva_multi",0.4,NA,"batch8",8284,0.676567656765677,0.242532652595922,0.89600420583127
"CHAMPS","lcva_multi",0.4,NA,"batch8",8285,0.633663366336634,0.23515361952862,0.884385810124908
"CHAMPS","lcva_multi",0.4,NA,"batch8",8286,0.65016501650165,0.235928472209187,0.88722040633303
"CHAMPS","lcva_multi",0.4,NA,"batch8",8287,0.643564356435644,0.243151412252915,0.884669636052337
"CHAMPS","lcva_multi",0.4,NA,"batch8",8288,0.686468646864686,0.220340723278231,0.926708716968357
"CHAMPS","lcva_multi",0.4,NA,"batch8",8289,0.663366336633663,0.23212496527678,0.910999698131108
"CHAMPS","lcva_multi",0.4,NA,"batch8",8290,0.66006600660066,0.255883941380021,0.895356818515792
"CHAMPS","lcva_multi",0.4,NA,"batch8",8291,0.643564356435644,0.254822994987469,0.890012290635999
"CHAMPS","lcva_multi",0.4,NA,"batch8",8292,0.666666666666667,0.241738457833111,0.898171422516895
"CHAMPS","lcva_multi",0.4,NA,"batch8",8293,0.663366336633663,0.267901729980382,0.898319556329018
"CHAMPS","lcva_multi",0.4,NA,"batch8",8294,0.62046204620462,0.250716443131057,0.876316455565117
"CHAMPS","lcva_multi",0.4,NA,"batch8",8295,0.653465346534653,0.23540404040404,0.899550944547994
"CHAMPS","lcva_multi",0.4,NA,"batch8",8296,0.623762376237624,0.211683849345345,0.888387227787583
"CHAMPS","lcva_multi",0.4,NA,"batch8",8297,0.653465346534653,0.241882516903583,0.893137609639325
"CHAMPS","lcva_multi",0.4,NA,"batch8",8298,0.64026402640264,0.250298759350483,0.881975662491766
"CHAMPS","lcva_multi",0.4,NA,"batch8",8299,0.67986798679868,0.244275067750678,0.899602789733206
"CHAMPS","lcva_multi",0.4,NA,"batch8",8300,0.627062706270627,0.241668150522317,0.892886278786197
"CHAMPS","lcva_multi",0.4,NA,"batch8",8301,0.673267326732673,0.253130646301721,0.911402495869733
"CHAMPS","lcva_multi",0.4,NA,"batch8",8302,0.653465346534653,0.24779407984268,0.89438155483153
"CHAMPS","lcva_multi",0.4,NA,"batch8",8303,0.63036303630363,0.237519632298596,0.877961763151699
"CHAMPS","lcva_multi",0.4,NA,"batch8",8304,0.64026402640264,0.270883284625414,0.883411107876617
"CHAMPS","lcva_multi",0.4,NA,"batch8",8305,0.65016501650165,0.209310384137617,0.908421376760275
"CHAMPS","lcva_multi",0.4,NA,"batch8",8306,0.66006600660066,0.20309125653343,0.912203787961405
"CHAMPS","lcva_multi",0.4,NA,"batch8",8307,0.646864686468647,0.27025231200108,0.882157015799237
"CHAMPS","lcva_multi",0.4,NA,"batch8",8308,0.66006600660066,0.240983893557423,0.901901041125001
"CHAMPS","lcva_multi",0.4,NA,"batch8",8309,0.66996699669967,0.221148794446008,0.895152475305203
"CHAMPS","lcva_multi",0.4,NA,"batch8",8310,0.646864686468647,0.235517208719473,0.888887879641139
"CHAMPS","lcva_multi",0.4,NA,"batch8",8311,0.613861386138614,0.228511462705844,0.871051227124679
"CHAMPS","lcva_multi",0.4,NA,"batch8",8312,0.676567656765677,0.251783727101524,0.908447550035056
"CHAMPS","lcva_multi",0.4,NA,"batch8",8313,0.646864686468647,0.254955163883735,0.89526133281544
"CHAMPS","lcva_multi",0.4,NA,"batch8",8314,0.65016501650165,0.213470157293687,0.882600749869259
"CHAMPS","lcva_multi",0.4,NA,"batch8",8315,0.66006600660066,0.222171244803955,0.902721347139732
"CHAMPS","lcva_multi",0.4,NA,"batch8",8316,0.646864686468647,0.228872820745974,0.88756310273665
"CHAMPS","lcva_multi",0.4,NA,"batch8",8317,0.663366336633663,0.231974921630094,0.890329007053949
"CHAMPS","lcva_multi",0.4,NA,"batch8",8318,0.62046204620462,0.212284710481826,0.884486457664327
"CHAMPS","lcva_multi",0.4,NA,"batch8",8319,0.636963696369637,0.25131776941748,0.886175745300579
"CHAMPS","lcva_multi",0.4,NA,"batch8",8320,0.656765676567657,0.261593308652132,0.903030695136746
"CHAMPS","lcva_multi",0.4,NA,"batch8",8321,0.686468646864686,0.261094149258449,0.906566223382854
"CHAMPS","lcva_multi",0.4,NA,"batch8",8322,0.673267326732673,0.25747877462511,0.90774291282028
"CHAMPS","lcva_multi",0.4,NA,"batch8",8323,0.673267326732673,0.249999126576529,0.900837640790225
"CHAMPS","lcva_multi",0.4,NA,"batch8",8324,0.656765676567657,0.219211275864958,0.88772905020517
"CHAMPS","lcva_multi",0.4,NA,"batch8",8325,0.633663366336634,0.209238013032312,0.894972589568286
"CHAMPS","lcva_multi",0.4,NA,"batch8",8326,0.66006600660066,0.227859288403551,0.890337392074454
"CHAMPS","lcva_multi",0.4,NA,"batch8",8327,0.64026402640264,0.242042334370485,0.896494295163453
"CHAMPS","lcva_multi",0.4,NA,"batch8",8328,0.63036303630363,0.239720901758912,0.893207176543826
"CHAMPS","lcva_multi",0.4,NA,"batch8",8329,0.67986798679868,0.278789739884393,0.906762935645359
"CHAMPS","lcva_multi",0.4,NA,"batch8",8330,0.66006600660066,0.245441017316017,0.907850331567406
"CHAMPS","lcva_multi",0.4,NA,"batch8",8331,0.666666666666667,0.271451850294365,0.903736609180553
"CHAMPS","lcva_multi",0.4,NA,"batch8",8332,0.65016501650165,0.227080415499533,0.890345833275299
"CHAMPS","lcva_multi",0.4,NA,"batch8",8333,0.643564356435644,0.234311336303095,0.895280153190029
"CHAMPS","lcva_multi",0.4,NA,"batch8",8334,0.643564356435644,0.246323529411765,0.885525695114964
"CHAMPS","lcva_multi",0.4,NA,"batch8",8335,0.656765676567657,0.24049955396967,0.894027181360795
"CHAMPS","lcva_multi",0.4,NA,"batch8",8336,0.65016501650165,0.235158242497292,0.882851861835087
"CHAMPS","lcva_multi",0.4,NA,"batch8",8337,0.673267326732673,0.264402750716918,0.904834850767013
"CHAMPS","lcva_multi",0.4,NA,"batch8",8338,0.66996699669967,0.269343947204205,0.897195750601148
"CHAMPS","lcva_multi",0.4,NA,"batch8",8339,0.673267326732673,0.257225262197902,0.910177983030346
"CHAMPS","lcva_multi",0.4,NA,"batch8",8340,0.633663366336634,0.203184523809524,0.897340607045938
"CHAMPS","lcva_multi",0.4,NA,"batch8",8341,0.627062706270627,0.239986895611499,0.885569685430892
"CHAMPS","lcva_multi",0.4,NA,"batch8",8342,0.597359735973597,0.212584688346883,0.877164046623715
"CHAMPS","lcva_multi",0.4,NA,"batch8",8343,0.65016501650165,0.219176136363636,0.904871071848606
"CHAMPS","lcva_multi",0.4,NA,"batch8",8344,0.683168316831683,0.274775571113613,0.910497797145403
"CHAMPS","lcva_multi",0.4,NA,"batch8",8345,0.623762376237624,0.239525982294446,0.895491086436722
"CHAMPS","lcva_multi",0.4,NA,"batch8",8346,0.676567656765677,0.274111652236652,0.90636365927706
"CHAMPS","lcva_multi",0.4,NA,"batch8",8347,0.65016501650165,0.211537219240708,0.876946203209838
"CHAMPS","lcva_multi",0.4,NA,"batch8",8348,0.66006600660066,0.214254758751046,0.900045215239173
"CHAMPS","lcva_multi",0.4,NA,"batch8",8349,0.666666666666667,0.227338453270396,0.895606917611914
"CHAMPS","lcva_multi",0.4,NA,"batch8",8350,0.643564356435644,0.24041687583668,0.887296741397361
"CHAMPS","lcva_multi",0.4,NA,"batch8",8351,0.656765676567657,0.247624089958564,0.899825389298586
"CHAMPS","lcva_multi",0.4,NA,"batch8",8352,0.627062706270627,0.236130063605197,0.891053006507301
"CHAMPS","lcva_multi",0.4,NA,"batch8",8353,0.676567656765677,0.269160150194633,0.908388781427706
"CHAMPS","lcva_multi",0.4,NA,"batch8",8354,0.66996699669967,0.279025653019297,0.908664652020888
"CHAMPS","lcva_multi",0.4,NA,"batch8",8355,0.643564356435644,0.268512201648375,0.89488083767446
"CHAMPS","lcva_multi",0.4,NA,"batch8",8356,0.67986798679868,0.277520024321411,0.902860818518143
"CHAMPS","lcva_multi",0.4,NA,"batch8",8357,0.65016501650165,0.277866609606806,0.891334532978885
"CHAMPS","lcva_multi",0.4,NA,"batch8",8358,0.64026402640264,0.232763702252084,0.896209757478296
"CHAMPS","lcva_multi",0.4,NA,"batch8",8359,0.63036303630363,0.234537342109458,0.893680953358168
"CHAMPS","lcva_multi",0.4,NA,"batch8",8360,0.65016501650165,0.233486652236652,0.892871728370973
"CHAMPS","lcva_multi",0.4,NA,"batch8",8361,0.633663366336634,0.256371929734097,0.894766447182386
"CHAMPS","lcva_multi",0.4,NA,"batch8",8362,0.65016501650165,0.215226428196081,0.89505253749115
"CHAMPS","lcva_multi",0.4,NA,"batch8",8363,0.653465346534653,0.232647394792489,0.897791764156305
"CHAMPS","lcva_multi",0.4,NA,"batch8",8364,0.63036303630363,0.234133839850303,0.887841647404919
"CHAMPS","lcva_multi",0.4,NA,"batch8",8365,0.656765676567657,0.233007703472145,0.890046862122097
"CHAMPS","lcva_multi",0.4,NA,"batch8",8366,0.653465346534653,0.252777777777778,0.90525794083604
"CHAMPS","lcva_multi",0.4,NA,"batch8",8367,0.68976897689769,0.281966077941788,0.909306151687681
"CHAMPS","lcva_multi",0.4,NA,"batch8",8368,0.663366336633663,0.262411409599301,0.903159584276784
"CHAMPS","lcva_multi",0.4,NA,"batch8",8369,0.653465346534653,0.254196373024761,0.895559851621554
"CHAMPS","lcva_multi",0.4,NA,"batch8",8370,0.65016501650165,0.244543715328599,0.89736927740118
"CHAMPS","lcva_multi",0.4,NA,"batch8",8371,0.66006600660066,0.228083195908967,0.896660398608452
"CHAMPS","lcva_multi",0.4,NA,"batch8",8372,0.623762376237624,0.211611102855445,0.883640813912093
"CHAMPS","lcva_multi",0.4,NA,"batch8",8373,0.633663366336634,0.218295631505614,0.893699480848156
"CHAMPS","lcva_multi",0.4,NA,"batch8",8374,0.636963696369637,0.220646533212445,0.869871996680056
"CHAMPS","lcva_multi",0.4,NA,"batch8",8375,0.646864686468647,0.229608246807495,0.902743974798927
"CHAMPS","lcva_multi",0.4,NA,"batch8",8376,0.646864686468647,0.20668267956354,0.897409806608806
"CHAMPS","lcva_multi",0.4,NA,"batch8",8377,0.633663366336634,0.220734259932866,0.886653347128867
"CHAMPS","lcva_multi",0.4,NA,"batch8",8378,0.643564356435644,0.240964924498578,0.891285241824204
"CHAMPS","lcva_multi",0.4,NA,"batch8",8379,0.646864686468647,0.243684691745037,0.885963338160742
"CHAMPS","lcva_multi",0.4,NA,"batch8",8380,0.65016501650165,0.252925699152949,0.890943517864689
"CHAMPS","lcva_multi",0.4,NA,"batch8",8381,0.686468646864686,0.24873060211049,0.916995052974439
"CHAMPS","lcva_multi",0.4,NA,"batch8",8382,0.65016501650165,0.26790598094305,0.903377405138164
"CHAMPS","lcva_multi",0.4,NA,"batch8",8383,0.633663366336634,0.245562589584329,0.873565341761144
"CHAMPS","lcva_multi",0.4,NA,"batch8",8384,0.65016501650165,0.26259192513621,0.886703118268916
"CHAMPS","lcva_multi",0.4,NA,"batch8",8385,0.633663366336634,0.233990524454223,0.88615870806245
"CHAMPS","lcva_multi",0.4,NA,"batch8",8386,0.683168316831683,0.257360917132216,0.913351088702627
"CHAMPS","lcva_multi",0.4,NA,"batch8",8387,0.63036303630363,0.233346612343567,0.876586156667512
"CHAMPS","lcva_multi",0.4,NA,"batch8",8388,0.653465346534653,0.252604754846603,0.881327512752771
"CHAMPS","lcva_multi",0.4,NA,"batch8",8389,0.646864686468647,0.276171056278418,0.890637452588571
"CHAMPS","lcva_multi",0.4,NA,"batch8",8390,0.623762376237624,0.265924236542443,0.883891632456589
"CHAMPS","lcva_multi",0.4,NA,"batch8",8391,0.64026402640264,0.24205780358475,0.887859713658809
"CHAMPS","lcva_multi",0.4,NA,"batch8",8392,0.643564356435644,0.254301119078661,0.906194374507033
"CHAMPS","lcva_multi",0.4,NA,"batch8",8393,0.63036303630363,0.216004272682493,0.879264282340312
"CHAMPS","lcva_multi",0.4,NA,"batch8",8394,0.666666666666667,0.231903778816001,0.912196783511924
"CHAMPS","lcva_multi",0.4,NA,"batch8",8395,0.636963696369637,0.23605863754716,0.880996715770461
"CHAMPS","lcva_multi",0.4,NA,"batch8",8396,0.65016501650165,0.249508582502769,0.889881623755973
"CHAMPS","lcva_multi",0.4,NA,"batch8",8397,0.646864686468647,0.236085243253095,0.899343678787648
"CHAMPS","lcva_multi",0.4,NA,"batch8",8398,0.62046204620462,0.217698558411533,0.897832957137325
"CHAMPS","lcva_multi",0.4,NA,"batch8",8399,0.623762376237624,0.236237808376363,0.887619945456203
"CHAMPS","lcva_multi",0.4,NA,"batch8",8400,0.686468646864686,0.281873541832223,0.916678896984912
"CHAMPS","lcva_multi",0.4,NA,"batch8",8401,0.66006600660066,0.23927434788691,0.901766509491457
"CHAMPS","lcva_multi",0.4,NA,"batch8",8402,0.656765676567657,0.237283582519517,0.896594206807011
"CHAMPS","lcva_multi",0.4,NA,"batch8",8403,0.666666666666667,0.268378427128427,0.890192956657398
"CHAMPS","lcva_multi",0.4,NA,"batch8",8404,0.653465346534653,0.272054051233459,0.890388306457942
"CHAMPS","lcva_multi",0.4,NA,"batch8",8405,0.66006600660066,0.255104426823177,0.904175584103974
"CHAMPS","lcva_multi",0.4,NA,"batch8",8406,0.656765676567657,0.243920548018004,0.888360372764934
"CHAMPS","lcva_multi",0.4,NA,"batch8",8407,0.646864686468647,0.263977832512315,0.889845280119014
"CHAMPS","lcva_multi",0.4,NA,"batch8",8408,0.676567656765677,0.260388174347357,0.913391767431677
"CHAMPS","lcva_multi",0.4,NA,"batch8",8409,0.66006600660066,0.251456986772997,0.905474608819968
"CHAMPS","lcva_multi",0.4,NA,"batch8",8410,0.656765676567657,0.242387873754153,0.890358272154534
"CHAMPS","lcva_multi",0.4,NA,"batch8",8411,0.627062706270627,0.208263098072015,0.879370720319489
"CHAMPS","lcva_multi",0.4,NA,"batch8",8412,0.64026402640264,0.270207419590643,0.883958948768242
"CHAMPS","lcva_multi",0.4,NA,"batch8",8413,0.633663366336634,0.230431675242996,0.895529503252835
"CHAMPS","lcva_multi",0.4,NA,"batch8",8414,0.646864686468647,0.274455278260213,0.88576421094585
"CHAMPS","lcva_multi",0.4,NA,"batch8",8415,0.646864686468647,0.245954234009537,0.899361183667897
"CHAMPS","lcva_multi",0.4,NA,"batch8",8416,0.643564356435644,0.246972681177399,0.893531580342802
"CHAMPS","lcva_multi",0.4,NA,"batch8",8417,0.666666666666667,0.256858474314157,0.920223346012413
"CHAMPS","lcva_multi",0.4,NA,"batch8",8418,0.656765676567657,0.251880168672726,0.906618801670079
"CHAMPS","lcva_multi",0.4,NA,"batch8",8419,0.646864686468647,0.222862175723284,0.884874173722
"CHAMPS","lcva_multi",0.4,NA,"batch8",8420,0.627062706270627,0.266163194444444,0.86651213092128
"CHAMPS","lcva_multi",0.4,NA,"batch8",8421,0.62046204620462,0.222678363586431,0.900883636778821
"CHAMPS","lcva_multi",0.4,NA,"batch8",8422,0.65016501650165,0.263690476190476,0.896304981917059
"CHAMPS","lcva_multi",0.4,NA,"batch8",8423,0.643564356435644,0.232347066310882,0.883064342373164
"CHAMPS","lcva_multi",0.4,NA,"batch8",8424,0.633663366336634,0.237950297565682,0.88150541590836
"CHAMPS","lcva_multi",0.4,NA,"batch8",8425,0.643564356435644,0.236788775983053,0.880986643986394
"CHAMPS","lcva_multi",0.4,NA,"batch8",8426,0.65016501650165,0.241271031118657,0.898692768086769
"CHAMPS","lcva_multi",0.4,NA,"batch8",8427,0.656765676567657,0.269716566363875,0.899139265676977
"CHAMPS","lcva_multi",0.4,NA,"batch8",8428,0.65016501650165,0.248988689591359,0.903199051903892
"CHAMPS","lcva_multi",0.4,NA,"batch8",8429,0.666666666666667,0.277815105927428,0.904021413318629
"CHAMPS","lcva_multi",0.4,NA,"batch8",8430,0.643564356435644,0.26090631237525,0.886144094187892
"CHAMPS","lcva_multi",0.4,NA,"batch8",8431,0.673267326732673,0.272242120836774,0.910605821860369
"CHAMPS","lcva_multi",0.4,NA,"batch8",8432,0.65016501650165,0.259146634744811,0.901638177377918
"CHAMPS","lcva_multi",0.4,NA,"batch8",8433,0.656765676567657,0.244793091655267,0.893134538038725
"CHAMPS","lcva_multi",0.4,NA,"batch8",8434,0.617161716171617,0.230834516979778,0.871817356165243
"CHAMPS","lcva_multi",0.4,NA,"batch8",8435,0.633663366336634,0.230509453781513,0.890290607487492
"CHAMPS","lcva_multi",0.4,NA,"batch8",8436,0.63036303630363,0.253766040507112,0.884507674442607
"CHAMPS","lcva_multi",0.4,NA,"batch8",8437,0.656765676567657,0.263862805581072,0.891040629365608
"CHAMPS","lcva_multi",0.4,NA,"batch8",8438,0.656765676567657,0.270421355676774,0.894957030603507
"CHAMPS","lcva_multi",0.4,NA,"batch8",8439,0.63036303630363,0.229866997528244,0.884622451120279
"CHAMPS","lcva_multi",0.4,NA,"batch8",8440,0.683168316831683,0.226294690644402,0.915436158663425
"CHAMPS","lcva_multi",0.4,NA,"batch8",8441,0.623762376237624,0.258400830109607,0.890503092231187
"CHAMPS","lcva_multi",0.4,NA,"batch8",8442,0.643564356435644,0.250727209083187,0.891271153492854
"CHAMPS","lcva_multi",0.4,NA,"batch8",8443,0.656765676567657,0.273152446514951,0.892399832197914
"CHAMPS","lcva_multi",0.4,NA,"batch8",8444,0.643564356435644,0.20419028340081,0.903856679602636
"CHAMPS","lcva_multi",0.4,NA,"batch8",8445,0.623762376237624,0.248980908152735,0.891513522815342
"CHAMPS","lcva_multi",0.4,NA,"batch8",8446,0.646864686468647,0.243210806095915,0.906479416280221
"CHAMPS","lcva_multi",0.4,NA,"batch8",8447,0.617161716171617,0.24578125,0.876525095835947
"CHAMPS","lcva_multi",0.4,NA,"batch8",8448,0.666666666666667,0.216355387340394,0.905057248783305
"CHAMPS","lcva_multi",0.4,NA,"batch8",8449,0.64026402640264,0.222704475308642,0.885762452220625
"CHAMPS","lcva_multi",0.4,NA,"batch8",8450,0.666666666666667,0.278389664542203,0.901522340193035
"CHAMPS","lcva_multi",0.4,NA,"batch8",8451,0.646864686468647,0.228781838316722,0.90867198750876
"CHAMPS","lcva_multi",0.4,NA,"batch8",8452,0.636963696369637,0.234657721796276,0.900758896949134
"CHAMPS","lcva_multi",0.4,NA,"batch8",8453,0.656765676567657,0.246910523625425,0.897348255764273
"CHAMPS","lcva_multi",0.4,NA,"batch8",8454,0.656765676567657,0.254675092054397,0.898458059453061
"CHAMPS","lcva_multi",0.4,NA,"batch8",8455,0.663366336633663,0.273232323232323,0.886482578749475
"CHAMPS","lcva_multi",0.4,NA,"batch8",8456,0.663366336633663,0.244182049159036,0.899070315064356
"CHAMPS","lcva_multi",0.4,NA,"batch8",8457,0.666666666666667,0.251195872609444,0.920240827813815
"CHAMPS","lcva_multi",0.4,NA,"batch8",8458,0.663366336633663,0.265225290697674,0.912311665730771
"CHAMPS","lcva_multi",0.4,NA,"batch8",8459,0.636963696369637,0.233148255647288,0.896673350705562
"CHAMPS","lcva_multi",0.4,NA,"batch8",8460,0.656765676567657,0.239593804976125,0.897303005536591
"CHAMPS","lcva_multi",0.4,NA,"batch8",8461,0.653465346534653,0.281402817414889,0.89162345478366
"CHAMPS","lcva_multi",0.4,NA,"batch8",8462,0.653465346534653,0.222718307333692,0.903671582890725
"CHAMPS","lcva_multi",0.4,NA,"batch8",8463,0.653465346534653,0.238173558897243,0.898578096433118
"CHAMPS","lcva_multi",0.4,NA,"batch8",8464,0.653465346534653,0.23690151381799,0.896391118860749
"CHAMPS","lcva_multi",0.4,NA,"batch8",8465,0.636963696369637,0.242176861998594,0.887328259770875
"CHAMPS","lcva_multi",0.4,NA,"batch8",8466,0.63036303630363,0.251502358949167,0.883139607655773
"CHAMPS","lcva_multi",0.4,NA,"batch8",8467,0.65016501650165,0.270237767878421,0.894547500711228
"CHAMPS","lcva_multi",0.4,NA,"batch8",8468,0.597359735973597,0.23325841440868,0.867111121265409
"CHAMPS","lcva_multi",0.4,NA,"batch8",8469,0.63036303630363,0.229919542667366,0.882297667715548
"CHAMPS","lcva_multi",0.4,NA,"batch8",8470,0.643564356435644,0.245717816096228,0.884662659713523
"CHAMPS","lcva_multi",0.4,NA,"batch8",8471,0.66006600660066,0.244208780710493,0.901541967950575
"CHAMPS","lcva_multi",0.4,NA,"batch8",8472,0.65016501650165,0.2452546381576,0.891698505090424
"CHAMPS","lcva_multi",0.4,NA,"batch8",8473,0.64026402640264,0.216307163891198,0.898772626154839
"CHAMPS","lcva_multi",0.4,NA,"batch8",8474,0.67986798679868,0.260927688965822,0.916579059695429
"CHAMPS","lcva_multi",0.4,NA,"batch8",8475,0.603960396039604,0.259767762281994,0.866826359389932
"CHAMPS","lcva_multi",0.4,NA,"batch8",8476,0.663366336633663,0.277009985207101,0.907136582408991
"CHAMPS","lcva_multi",0.4,NA,"batch8",8477,0.656765676567657,0.250360380257816,0.887129355625921
"CHAMPS","lcva_multi",0.4,NA,"batch8",8478,0.66996699669967,0.250916346589578,0.900181422399086
"CHAMPS","lcva_multi",0.4,NA,"batch8",8479,0.646864686468647,0.23865714945306,0.902671294082032
"CHAMPS","lcva_multi",0.4,NA,"batch8",8480,0.65016501650165,0.220773443591677,0.906033979585926
"CHAMPS","lcva_multi",0.4,NA,"batch8",8481,0.627062706270627,0.241161247107539,0.877300022827525
"CHAMPS","lcva_multi",0.4,NA,"batch8",8482,0.656765676567657,0.252568954964448,0.906316217613975
"CHAMPS","lcva_multi",0.4,NA,"batch8",8483,0.676567656765677,0.28334695539827,0.896115325865406
"CHAMPS","lcva_multi",0.4,NA,"batch8",8484,0.623762376237624,0.223574251835121,0.879980228379846
"CHAMPS","lcva_multi",0.4,NA,"batch8",8485,0.64026402640264,0.250107370894948,0.889864329399966
"CHAMPS","lcva_multi",0.4,NA,"batch8",8486,0.633663366336634,0.211331561583578,0.885728706714399
"CHAMPS","lcva_multi",0.4,NA,"batch8",8487,0.653465346534653,0.236035491026417,0.897125357564066
"CHAMPS","lcva_multi",0.4,NA,"batch8",8488,0.633663366336634,0.247347855632739,0.894958958966684
"CHAMPS","lcva_multi",0.4,NA,"batch8",8489,0.673267326732673,0.248423731840915,0.912181413530813
"CHAMPS","lcva_multi",0.4,NA,"batch8",8490,0.646864686468647,0.248303750032473,0.887223247969141
"CHAMPS","lcva_multi",0.4,NA,"batch8",8491,0.65016501650165,0.25147173471107,0.907517981295745
"CHAMPS","lcva_multi",0.4,NA,"batch8",8492,0.663366336633663,0.283352048266282,0.90322391763918
"CHAMPS","lcva_multi",0.4,NA,"batch8",8493,0.656765676567657,0.221044973544974,0.897609255727238
"CHAMPS","lcva_multi",0.4,NA,"batch8",8494,0.64026402640264,0.230535363759048,0.898717826777246
"CHAMPS","lcva_multi",0.4,NA,"batch8",8495,0.66996699669967,0.26189917419537,0.900511868849829
"CHAMPS","lcva_multi",0.4,NA,"batch8",8496,0.656765676567657,0.264766916705092,0.905163730575648
"CHAMPS","lcva_multi",0.4,NA,"batch8",8497,0.673267326732673,0.251833547511958,0.900608109610832
"CHAMPS","lcva_multi",0.4,NA,"batch8",8498,0.646864686468647,0.268412639622708,0.893879007075551
"CHAMPS","lcva_multi",0.4,NA,"batch8",8499,0.66996699669967,0.2443600397187,0.905270043523949
"CHAMPS","lcva_multi",0.4,NA,"batch8",8500,0.656765676567657,0.218567578821662,0.890330528346455
